timestamp,SOC_bat_kWh,SOC_h2_kg,SOC_tes_kWh,T_in_C,u_P_bat_ch,u_P_bat_dis,u_P_elz,u_P_fc,u_P_hp,u_P_eboiler,u_Q_tes_ch,u_Q_tes_dis,u_vent,u_P_grid,P_pv_kW,P_load_kW,price_EUR_kWh,T_out_C,G_Wm2,grid_cost_EUR,elec_residual_kW,Q_air_kW,T_violation_C
2023-06-01 00:00:00+00:00,500.0,60.0,1600.0,19.0,2.194708581000133e-05,1.9342924121152162e-05,1.209570202588599e-06,5.022463857932567e-05,5.249176379600945e-06,-3.0592164381122988e-06,1.9264426611167346e-05,51.10001299788763,1.0188535908575566e-07,119.99995577905325,0.0,120.0,0.0701,15.04,0.0,11.411995794587963,0.0,51.10004423420108,0.0
2023-06-01 01:00:00+00:00,500.0000009203231,59.999997009809285,1540.9000062665389,16.000000441890204,4.187104887913295e-05,1.2588751871652864e-05,1.4409110379864276e-06,2.9502951091029707e-05,7.306956420403068e-06,-2.870622145386303e-06,1.6033702963979284e-05,121.30000697033398,8.059053164358779e-08,120.00000565659123,0.0,120.0,0.06651,14.82,0.0,10.981200517634663,0.0,121.30003432112832,0.0
2023-06-01 02:00:00+00:00,500.00002800324677,59.99999526755576,1411.8955152985752,16.000000438945705,3.3368342989381285e-05,1.4174098602380672e-05,1.3664593388595663e-06,3.4133276444779964e-05,6.736841404678079e-06,-2.9256654874488593e-06,1.6533991476370174e-05,130.7500055346254,6.336942121844912e-08,119.9999902386032,0.0,120.0,0.06766,14.55,0.0,11.119199095508971,0.0,130.7500335764635,0.0
2023-06-01 03:00:00+00:00,500.00004527217,59.99999324600297,1274.0860487214486,16.000000436012442,7.647616853387846e-06,86.25455279741293,7.653799482066275e-07,0.00015188459379827582,2.3475134793482778e-06,-3.4950529278820326e-06,4.255500158142448e-05,144.74996405256013,4.7230919215217975e-08,33.74530258345063,0.0,120.0,0.0798,14.15,0.0,3.5365077107456258,0.0,144.750032572969,0.0
2023-06-01 04:00:00+00:00,410.15156011657706,59.999984146942346,1122.9656969802827,16.00000043309464,7.605650737635381e-06,116.21521172189547,7.77040997808656e-07,0.0001266921087077389,2.52998377312191e-06,-3.476448904528384e-06,3.642957703108722e-05,141.39397394172508,3.725118887977715e-08,-0.30033097777757667,4.085,120.0,0.09589,13.77,20.82,-0.02879873745909183,0.0,158.05003160988295,0.0
2023-06-01 05:00:00+00:00,289.094055207694,59.99997655980941,975.9569309832332,16.00000043018486,7.625008710545452e-06,102.38574776893788,8.123058506871018e-07,8.3089186430236e-05,3.1622284430913156e-06,-3.4210906267171144e-06,2.5651639218968226e-05,81.6199787880773,4.790916364118459e-08,-4.170822679671926,21.785,120.0,0.10445,14.22,75.85,-0.4356424288917327,0.0,142.3000189797884,0.0
2023-06-01 06:00:00+00:00,182.44224193505875,59.99997158980119,889.4571931918789,16.000000194978668,7.657617342531036e-06,79.14454655884984,8.170743375324496e-07,6.103464505886022e-05,2.848663092708776e-06,-3.446942731420981e-06,3.4886125104501436e-05,1.1805303975553912e-05,0.9516743187306009,-0.6450094876363739,84.63,163.12959022944648,0.0990699999999999,15.53,234.93,-0.06390108994013549,0.0,187.94402620127792,0.0
2023-06-01 07:00:00+00:00,100.00001328756949,59.999967943290784,885.0099303067407,16.008273385135933,1.841841899553975e-05,2.6153030000815836e-05,1.951750665837065e-06,9.825837271009114e-06,8.268821180001708e-06,-2.703072714326959e-06,2.08200525534586e-05,1.16929725951851e-05,0.9993296277456382,-29.95899098026892,166.23,136.2710190626802,0.0873,16.99,415.23,-2.615419912577477,0.0,332.1840240158383,0.0
2023-06-01 08:00:00+00:00,100.00000372651215,59.99996739174453,880.5848897822868,17.89626538074047,2.991051482387647e-05,1.987084202440657e-05,4.659044439604512e-06,3.575159444497632e-06,1.6382802476712464e-05,-1.6606390707138636e-06,4.391074556129665e-05,1.0158307643279214e-05,0.9999679858151295,-110.99895509159857,247.26999999999998,136.2710190626802,0.06819,18.52,610.76,-7.569018747696107,0.0,488.6080244459497,0.0
2023-06-01 09:00:00+00:00,100.0000117418126,59.999967268073966,876.1819990858133,20.0664108975697,2.2420852335262704e-05,2.993181324301737e-05,7.16621196204352e-06,2.553309008467017e-06,2.3241512619215996e-05,-1.0027856732813365e-06,6.677039432167416e-05,9.844090710603938e-06,0.9999982216803853,-190.24396159665076,326.515,136.2710190626802,0.05992,19.98,818.94,-11.399418178871313,0.0,655.1520252135492,0.0
2023-06-01 10:00:00+00:00,100.00000208685871,59.999967254615214,871.8011460166879,22.235191091868515,7.56136711329816e-05,1.6772990923992968e-05,53.12651572360294,9.98457741125138e-07,174.9999397507919,3.0939910993238096e-06,612.4997776237424,5.657595471404157e-06,0.9999998883004301,-2.41746452671141,366.815,136.2710190626802,0.0354,21.19,935.78,-0.08557824424558391,0.0,748.6240209235963,0.0
2023-06-01 11:00:00+00:00,100.00005720411745,61.036037858378386,1479.9419122527513,23.888627605047425,5.0990798640196095e-05,2.047325874891444e-05,249.99988508278702,8.866140693153887e-07,174.9999548516292,3.7881947455080837e-06,612.4998421270853,-3.900114320916813e-06,1.0000000011799293,166.49089241621695,394.78,136.2710190626802,0.00934,22.0,1020.5,5.71729724557289,0.0,816.4000003244453,1.0322335167975325
2023-06-01 12:00:00+00:00,100.00008482897294,65.91152311282133,2085.042048718687,25.032233516797533,333.3333408075299,1.1895759059008308e-05,249.99997328766975,6.743462584750395e-07,174.99994233721694,5.995469242301577e-06,612.4998001899178,-3.7378369405398677e-06,1.0000000007001983,524.7542689204607,369.85,136.2710190626802,0.00297,22.61,956.62,14.677376901705287,0.0,765.2960006600616,1.485931720614719
2023-06-01 13:00:00+00:00,420.00007961278595,70.78701010016884,2687.116642402848,25.48593172061472,499.99992568136616,8.650002530331781e-06,249.9999811097755,5.881715664534338e-07,174.99996706676538,8.09914687470285e-06,612.4998887604999,-3.733016427906758e-06,1.0000000007784542,688.37589178156,372.895,136.2710190626802,0.0001,23.09,965.57,17.278234883717154,0.0,772.4560006700382,1.9917768510660494
2023-06-01 14:00:00+00:00,899.9999992564782,75.66249724523368,3286.18095168435,25.99177685106605,2.6216684598450264e-05,2.6424334451969242e-05,8.863674631162938e-06,2.2560840485921705e-06,1.577482550545236e-05,-7.73246063987029e-07,5.1855097879850645e-05,-3.5925811940779375e-06,0.9999999963364634,-124.0589595357996,260.33,136.2710190626802,0.0556,23.38,662.11,-6.897678150190457,0.0,529.6880005779554,1.3504235299761902
2023-06-01 15:00:00+00:00,899.999996899147,75.66249728271404,3269.7501023736077,25.35042352997619,2.657164768487194e-05,2.1029411982094156e-05,3.7110886185206736e-06,4.478219720572545e-06,9.011105727337266e-06,-2.059232235982367e-06,2.8404217291785718e-05,-3.299217007889029e-06,0.9999999811979184,-5.427708012106903,145.965,140.537280260915,0.07199,23.45,373.78,-0.39074069979157594,0.0,299.02400093154966,0.4608775046542277
2023-06-01 16:00:00+00:00,900.0000005022913,75.66249708636745,3253.4013835651735,24.460877504654228,1.2364451096648923e-05,4.2392923540856187e-05,9.589187147791078e-07,4.227397054306532e-05,2.9395339074648142e-06,-3.3604443202676873e-06,2.1407309316403667e-05,1.9496120940251087e-05,0.8730151938361385,77.64498336683468,86.425,164.07005513126936,0.0761,23.39,229.15,7.849907818386987,0.0,183.3200346421198,0.0
2023-06-01 17:00:00+00:00,899.999968212869,75.66249456837633,3237.1343785585364,23.935182956625116,7.227645359453013e-06,129.60521653526584,4.83866845961053e-07,0.008269804371579372,9.019679613688595e-07,-3.817560007265442e-06,0.005757310334858518,1.936696553192154e-05,0.1383396684351165,1.9607726530960434,47.74499999999995,179.31925419681326,0.08794,22.97,135.43,0.22144966344066716,0.0,108.34405029719423,0.0
2023-06-01 18:00:00+00:00,764.9945412605066,75.6619983399266,3220.954444609113,23.550255010362957,5.35545100703895e-06,499.9999182514033,3.4851713357677203e-07,199.9999143538275,8.232576210286506e-07,-3.8711382756841715e-06,139.99990816535447,1.8679792760144414e-05,0.7907325688037893,-516.4267327696297,11.00999999999995,194.5830971795136,0.1142,21.89,41.62,-58.97593288229171,0.0,33.29604961109232,0.0
2023-06-01 19:00:00+00:00,244.16129822319442,63.66080336599564,3344.8495618716292,21.83338109637796,7.217497955958824e-06,137.32967703508697,4.720274583886401e-07,60.780529818138284,9.06223218363395e-07,-3.8167460293407565e-06,42.5463394970485,1.8941892713094975e-05,0.988546552066604,-0.37164487606312235,1.555,199.2935571981595,0.10343,20.12,12.67,-0.03843922953120874,0.0,10.136049710743704,0.0
2023-06-01 20:00:00+00:00,101.1095582404435,60.01360686646193,3370.6716346174267,19.985235645268713,7.397508404454149e-06,1.0561252942742525,5.132302341352951e-07,199.98971946692467,2.1403346554928225e-06,-3.643390156367727e-06,139.9927925085005,5.932790441051798e-06,0.9993169012634961,0.30925695988534585,0.0,201.3550953134011,0.09541,18.45,0.0,0.037237630539794495,0.0,2.0935352250803367e-05,0.0
2023-06-01 21:00:00+00:00,100.00943482718256,48.0130236501328,3493.8110630200495,18.262215407667355,7.505621838233343e-06,0.006994184808220244,5.260649167869735e-07,151.05181456972855,2.163834829736437e-06,-3.6396366826951008e-06,105.73625914543219,5.987586344126874e-06,0.9999562942869554,50.29629311474929,0.0,201.3550953134011,0.08653,17.36,0.0,5.609545571087988,0.0,2.1011145729112547e-05,0.0
2023-06-01 22:00:00+00:00,100.0021564234043,38.94900838468081,3582.0782608627947,17.120758634897687,1.0995875188241023e-05,6.282397282632728e-05,6.951027207972689e-07,0.00011831071467562289,3.2435235668337575e-06,-3.4923490728652905e-06,7.706566974123221e-05,7.182145576588243e-06,0.999996830108791,119.99983030746492,0.0,120.0,0.08359,16.57,0.0,13.030781573087616,0.0,2.082888301007357e-05,0.0
2023-06-01 23:00:00+00:00,100.00210153780613,38.94900129888385,3564.167939442005,16.30214588628888,1.5598771280622986e-05,3.068478921042456e-05,8.948307649015898e-07,6.714938301199372e-05,6.550984758270636e-06,-3.245165235117234e-06,2.603913233536793e-05,75.10527961653378,1.724013348991616e-06,119.99992196524936,0.0,120.0,0.0794,15.96,0.0,12.527991853172033,0.0,75.10532029770262,0.0
2023-06-02 00:00:00+00:00,100.00208454930446,38.948997286968876,3471.2418461673938,16.00000022334097,2.276978521063186e-05,1.9828732603467193e-05,9.263517491074307e-07,4.65840443491869e-05,7.747799956411792e-06,-3.2145522009535363e-06,2.171986131826987e-05,100.29998553080328,1.0900776170833456e-07,119.99996181660775,0.0,120.0,0.0795,15.42,0.0,12.53999600983551,0.0,100.30002035466617,0.0
2023-06-02 01:00:00+00:00,100.00208575336846,38.94899450971235,3353.5856731256144,16.000000221421452,3.516596960174458e-05,1.2481921617870156e-05,1.0802583329641807e-06,2.986624012848717e-05,1.0007604394643424e-05,-3.0947670518352905e-06,2.0116248702077116e-05,119.199986387371,5.133022338946763e-08,120.00000081090353,0.0,120.0,0.07662,14.88,0.0,12.194400082404016,0.0,119.20001914028639,0.0
2023-06-02 02:00:00+00:00,100.0021065106976,38.94899273862587,3217.617778488864,16.000000219497213,1.8965517798601443e-05,2.0549052467886704e-05,8.93222874196411e-07,5.384304642097404e-05,7.2592223517098875e-06,-3.2415436736604538e-06,2.3005639230531687e-05,137.74998106413216,3.142833010137726e-08,119.99994948432047,0.0,120.0,0.0800999999999999,14.35,0.0,12.611994690802069,0.0,137.75001794677542,0.0
2023-06-02 03:00:00+00:00,100.0021033123317,38.94898952513958,3063.779731537927,16.000000217581203,8.013316073777915e-06,0.00020503913114362852,4.972606421403939e-07,116.05479355306151,2.4033650669899328e-06,-3.6484923178759365e-06,0.00019901122237064392,79.61185521821439,1.944813866505216e-08,3.945008673256808,0.0,120.0,0.08874,13.69,0.0,0.44870528649622937,0.0,160.8500164939054,0.0
2023-06-02 04:00:00+00:00,100.00189742268685,31.985005523252283,2968.8491766732454,16.00000021567414,8.004437771807626e-06,0.00020283519144383323,5.017430648115139e-07,114.76185579983056,2.435164084106106e-06,-3.6433386119792174e-06,0.00019821339502393688,83.01490933898185,1.3025575221249607e-08,-0.06205133701570276,5.3,120.0,0.1015,13.06,24.44,-0.00629821070709383,0.0,182.90001510163728,0.0
2023-06-02 05:00:00+00:00,100.00169382028935,25.09860554504862,2870.9902196642925,16.000000213775696,7.95458688150498e-06,0.0002098702497636912,5.078023857084099e-07,105.60489217744247,2.467558295337461e-06,-3.6381544707266013e-06,0.00021014389032732135,34.724788819290595,2.007444214344152e-08,-0.22509475589914985,14.62,120.0,0.10334,13.76,62.19,-0.023261292074618144,0.0,158.4000082342911,0.0
2023-06-02 06:00:00+00:00,100.00148284184925,18.76167833158287,2821.9106898905707,16.00000006617196,7.553684482443369e-06,0.0014279705012269991,4.911411168680031e-07,71.31255852264331,2.1914298316663157e-06,-3.673822017261928e-06,49.918780763215736,5.357394291653248e-06,0.9985208842036317,0.46432069724974667,86.375,158.15330062796087,0.0959,16.71,249.79,0.056136372297494366,0.0,199.83201959294948,0.0
2023-06-02 07:00:00+00:00,100.00000262411425,14.482496911659531,2857.719911846939,17.12105649903733,2.6165221186469013e-05,1.732929393935476e-05,2.397398516506827e-06,6.702552582550593e-06,1.5445525557217045e-05,-2.4571192879330736e-06,4.514737518345214e-05,5.325914691965439e-06,0.9999476699599679,-40.94647097929749,176.195,135.24851150152307,0.08437,18.53,454.24,-3.454653756523329,0.0,363.39201649711765,0.0
2023-06-02 08:00:00+00:00,100.00000969137874,14.482496556220104,2843.431352109165,19.523027048558056,3.3187525825995314e-05,1.641183643380111e-05,4.152185864419045e-06,3.7378783544330755e-06,2.882307071624524e-05,-1.7695803547330696e-06,8.961788473344061e-05,5.064523050566295e-06,0.9999975850296597,-118.47644425498966,253.72499999999997,135.24851150152307,0.07209,20.37,656.57,-8.540966866342204,0.0,525.2560171920161,0.0
2023-06-02 09:00:00+00:00,100.00002445574057,14.482496412900694,2829.2142799019807,22.041445816294683,7.205106922744526e-05,1.2853010584498288e-05,6.496850601239226e-06,2.601672653659786e-06,7.10024926028005e-05,-1.0704070108961263e-06,0.0002382344464455649,3.005472440885901e-06,0.9999998588262229,-166.21635547315475,301.465,135.24851150152307,0.06315,21.78,789.6,-10.496562848129722,0.0,631.6800140412181,0.0
2023-06-02 10:00:00+00:00,100.00008023621434,14.48249638348598,2815.068443731445,23.95769457993758,212.05878815845162,9.422749610815212e-06,8.800055683845154e-06,2.133083296060063e-06,0.0005100173090597168,-5.415528302315676e-07,0.001782169049562043,-4.197642721757494e-06,1.00000000000787,-1.592193620046282,348.9,135.24851150152307,0.05606,22.8,925.8,-0.08925837433979457,0.0,740.6399996509103,1.4765809904706053
2023-06-02 11:00:00+00:00,303.5765070529637,14.48249642710643,2800.99488787948,25.476580990470605,244.29617416215424,9.364059711289385e-06,8.786951494006627e-06,2.1406423179341464e-06,0.0007636566122708396,-5.361353282666833e-07,0.002669919908965203,-4.20285561314068e-06,1.000000001090306,0.2354460664037399,379.31,135.24851150152307,0.04261,23.42,1006.42,0.015918508549556856,0.0,805.135999643054,2.421881835660969
2023-06-02 12:00:00+00:00,538.1008244944029,14.482496470017736,2786.992587562847,26.42188183566097,245.619542111166,9.361089579231046e-06,8.774416157212302e-06,2.1480976164096697e-06,0.0015295517445213008,-5.306244786183602e-07,0.005350564929643576,-4.206808337710832e-06,1.00000000117114,0.9595798990380122,379.91,135.24851150152307,0.03682,23.59,995.5,0.05932122935852992,0.0,796.3999996377179,2.620869852133186
2023-06-02 13:00:00+00:00,773.8955751699873,14.482496512237216,2773.0629793967705,26.620869852133186,131.3587596017079,1.04636345817795e-05,1.8482673343291176e-05,1.5727117699756384e-06,86.65110158941718,6.984722547948582e-07,303.27885328695476,-4.019956883580434e-06,1.000000000445575,-1.3366201625526237,354.595,135.24851150152307,0.0448999999999999,23.22,912.57,-0.06001424529861267,0.0,730.0560000484343,2.037879303127397
2023-06-02 14:00:00+00:00,899.9999734880075,14.482496778313248,3062.4765218066987,26.037879303127397,3.376410683112347e-05,1.0138803431580712e-05,7.279434425407218e-06,2.6277851819362797e-06,1.2107352644265243e-05,-1.0969721415839594e-06,3.868124212829635e-05,-3.1771789432393806e-06,0.9999999988842705,-198.66644921114383,333.915,135.24851150152307,0.05827,22.59,847.85,-11.576293995533351,0.0,678.2800012707604,1.2093256834022377
2023-06-02 15:00:00+00:00,899.9999953402966,14.482496762593536,3047.164181056086,25.209325683402238,2.0057137765672494e-05,2.4855790164579138e-05,2.9272456910068702e-06,6.274996405476156e-06,8.122001843557748e-06,-2.2946716509911375e-06,1.5755281167118722e-05,2.5412054755941097e-05,0.854409683776104,-82.59149081754984,217.84,135.24851150152307,0.07662,21.84,546.63,-6.328160026440668,0.0,437.3040402045526,0.0
2023-06-02 16:00:00+00:00,899.9999887037008,14.482496443143098,3031.928350494032,23.725617696189822,2.342072572355573e-05,1.5722744599655e-05,2.0042772510753836e-06,1.054035593505092e-05,6.400493843474483e-06,-2.698849995453788e-06,1.3299241886151431e-05,2.5422092799567816e-05,0.24111641076906506,-30.911485634930624,166.16,135.24851150152307,0.0852,20.96,423.39,-2.633658576096089,0.0,338.71203923096704,0.0
2023-06-02 17:00:00+00:00,899.9999948097385,14.48249584974581,3016.768696618711,23.999970818648528,7.3746014811863475e-06,81.40278748250475,5.229458220155808e-07,0.0006027323093275511,8.51596953455188e-07,-3.8032127344775886e-06,0.00038354723860764154,2.7161815040635988e-05,9.209361882061927e-07,-0.0987738764989911,80.58,161.88461139238356,0.0987,19.92,225.32,-0.009748981610450421,0.0,180.2560647426017,0.0
2023-06-02 18:00:00+00:00,815.2054315950801,14.482459692388957,3001.685209521041,23.237997235791653,7.257519511453952e-06,169.5579973645412,5.218012562789659e-07,0.000622973698089696,8.398732016592649e-07,-3.805557063961502e-06,0.0003927017603096679,3.1383751299892796e-05,1.0161274580614342e-06,-1.4408428881234312,18.75,186.86777263647895,0.1077399999999999,18.67,61.48,-0.15523641276641834,0.0,49.184073935634366,0.0
2023-06-02 19:00:00+00:00,638.5825246409017,14.482422320404998,2986.677144791445,19.82254535142743,7.2325975537572025e-06,188.4985885786577,5.238523986091962e-07,0.0006508291878101345,8.656953153330974e-07,-3.800360332794206e-06,0.00039650756091941784,4.447356602359668e-05,1.0358990893582246e-05,-0.3024152312398537,4.595,192.7918193548207,0.10109,16.74,22.63,-0.03057115572603681,0.0,18.104102814013444,0.0
2023-06-02 20:00:00+00:00,442.2298351480936,14.482383276964507,2971.7441111014823,16.78161871181815,7.214187712276561e-06,195.79414843516312,5.293649246592697e-07,0.0209419887546598,9.689601714167252e-07,-3.7803348161106358e-06,0.00019333165813018195,86.80187919258061,2.2045230601359852e-07,0.42747201587556316,0.0,196.24255750761537,0.09256,15.34,0.0,0.050253610186331205,0.0,86.81634490187987,0.0
2023-06-02 21:00:00+00:00,238.27760412041889,14.481126642298376,2870.0837046850525,16.000000697881006,7.306405577091756e-06,132.72777168965,5.168781692582711e-07,55.06794340653604,9.710481674803543e-07,-3.7799835920157353e-06,0.00019545072319143586,95.0026868032699,8.889618370046006e-08,8.44684742577764,0.0,196.24255750761537,0.08506,14.47,0.0,0.9296600276810871,0.0,133.55005139360676,0.0
2023-06-02 22:00:00+00:00,100.01951562451615,11.176719607281836,2760.7307948090806,16.000000693681493,7.5120663266418245e-06,0.01835473842497739,5.19537410789933e-07,52.93917438671253,9.916194863687085e-07,-3.7757477792929026e-06,0.00019017716103733395,118.89281681227605,5.8167044321176915e-08,67.04247612233794,0.0,120.0,0.08495,13.83,0.0,7.371320249651056,0.0,155.95004843849168,0.0
2023-06-02 23:00:00+00:00,100.00040331690714,8.000051487398075,2628.03451419992,16.000000674251062,1.1206563015707504e-05,4.992304622564456e-05,7.34508583411902e-07,0.00011824381495171809,1.8564202851747523e-06,-3.562175995496036e-06,3.3109714992495193e-05,170.29999503540432,4.7068925938175865e-08,119.99984206845473,0.0,120.0,0.0803,13.42,0.0,12.635983369808283,0.0,170.30004766727654,0.0
2023-06-03 00:00:00+00:00,100.00036207203448,8.000044406383994,2444.594379703231,16.000000670327193,1.3764580850097052e-05,3.3196246128681745e-05,8.53069280944318e-07,7.985971228327397e-05,2.1338931353524875e-06,-3.4719081853071567e-06,2.3122068370743352e-05,183.25000983959484,3.9677641446212914e-08,119.99990022367668,0.0,120.0,0.07779,13.05,0.0,12.334789743991726,0.0,183.25004665076193,0.0
2023-06-03 01:00:00+00:00,100.00034070660905,8.000039630958565,2249.121421087188,16.000000666377876,1.742486887376776e-05,2.368162584171345e-05,9.780934495986997e-07,5.494316676973467e-05,3.2331478642431476e-06,-3.3151766909154385e-06,1.7232404006346908e-05,195.85001639453836,3.406744912477335e-08,119.99993969614088,0.0,120.0,0.0752,12.69,0.0,12.023993957553317,0.0,195.8500456563437,0.0
2023-06-03 02:00:00+00:00,100.00033276612292,8.000036353113597,2042.0258148196178,16.000000662445853,9.304973814018484e-06,0.0001050800979972065,7.203637986518447e-07,0.00014429498238612362,1.8480517859338136e-06,-3.5823188299747985e-06,4.003972678116793e-05,201.44998117466767,3.18387491592631e-08,119.99975891599018,0.0,120.0,0.0803499999999999,12.53,0.0,12.641974601799554,0.0,201.45004506311417,0.0
2023-06-03 03:00:00+00:00,100.00023224046237,8.000027708597296,1830.3657446105788,16.000000658530865,1.005195409224656e-05,7.284989861742165e-05,8.227528309547807e-07,8.422449268663839e-05,2.2675411991878896e-06,-3.478105137984388e-06,2.432831459019285e-05,207.40000532917367,2.9697978980085953e-08,119.99985258975168,0.0,120.0,0.07851,12.36,0.0,12.421184741565195,0.0,207.40004445107408,0.0
2023-06-03 04:00:00+00:00,100.00016600502724,8.000022670667622,1613.8139348866669,16.00000065463286,9.610213412999298e-06,9.056119460182453e-05,8.653572527109851e-07,7.230652863080026e-05,2.579501718822066e-06,-3.4300734549346746e-06,2.1359640791551138e-05,207.97600905281595,2.8251009672004172e-08,119.9998467572757,0.0,120.0,0.07764,12.24,4.53,12.316784271166778,0.0,211.6000439402285,0.0
2023-06-03 05:00:00+00:00,100.0000808962544,8.000018348718175,1397.7688775190584,16.00000065075194,2.3146784593815852e-05,4.807364965372197e-05,1.0666571500290006e-06,3.693292566071054e-05,4.621543299736133e-06,-3.20778589477564e-06,1.3964654531981785e-05,175.986020082438,3.602889989774831e-08,117.37994062062383,2.62,120.0,0.07363,12.89,16.08,11.57718354341213,0.0,188.85004497052495,0.0
2023-06-03 06:00:00+00:00,100.00005304044922,8.00001615332291,1214.7940270136796,16.000000646887344,1.4693888458979626e-05,6.625669557539394e-05,1.2630390513240705e-06,2.7013808682260743e-05,5.4530643349962776e-06,-3.047139625947946e-06,1.2447313138862118e-05,26.580007718257054,7.004443311521036e-08,117.0221802463291,53.64,170.6622551539811,0.07,14.22,144.65,11.117107123401267,0.0,142.30003024966695,0.0
2023-06-03 07:00:00+00:00,99.99999812919091,8.000014556964015,1182.1400616076673,16.000000336549203,2.6966846036147612e-05,2.3543315361048685e-05,6.5407095422254116e-06,4.105005839220457e-06,1.3408009488261999e-05,-1.1843107945249461e-06,3.094633465462496e-05,2.0362246136549885e-05,0.26116827590026676,-15.39971279246992,152.645,137.24526912459703,0.0599699999999999,15.2,379.04,-0.9235207761644195,0.0,303.23203804498115,0.0
2023-06-03 08:00:00+00:00,99.99999949307627,8.000014438195624,1176.2293718837175,17.41990743911007,5.268762655125957e-05,2.0037241769990968e-05,114.19344992324902,1.111082349482338e-06,5.130337652314041e-05,2.923983135479281e-06,0.00015631713059284118,2.0213493907831237e-05,0.4509085829217159,-0.5444627189868605,248.995,134.25700159110204,0.02736,16.32,609.55,-0.014896499991480502,0.0,487.64004713068204,0.0
2023-06-03 09:00:00+00:00,100.00002920107093,10.22700934452467,1170.3483611279357,19.26870142282061,2.9786717570435508e-05,2.5368293493650456e-05,249.99994343183803,9.159147615613051e-07,9.032639196768094e-05,4.247419593600403e-06,0.0002920560819908409,2.0081540450792693e-05,0.577549854218618,50.292043099261,333.965,134.25700159110204,0.005,17.34,827.45,1.5087612929778302,0.0,661.9600490139161,0.0
2023-06-03 10:00:00+00:00,100.00003137101407,15.102495735129686,1164.4968912968375,20.970963763912973,3.062201115430895e-05,2.671018673182714e-05,249.99997675013216,7.258250292146406e-07,9.515068249632712,6.703019050959258e-06,33.30271415592503,1.9810294112536705e-05,0.6248438026197445,60.46705647988533,333.305,134.25700159110204,-1e-05,18.02,829.91,1.5110717414323345,0.0,663.9280516721499,0.0
2023-06-03 11:00:00+00:00,100.0000329450336,19.97798278691294,1191.977101185984,21.589684673728357,333.33783460290977,1.3402937965875559e-05,249.9999894025353,5.53703226207451e-07,174.9999774917483,2.3132239202964377e-05,612.4999116643127,1.8178482514513822e-05,0.661026347424916,533.5848122638935,359.01,134.25700159110204,-0.01,18.27,899.39,8.003772183958404,0.0,719.512051023798,0.0
2023-06-03 12:00:00+00:00,420.0043402024332,24.85347009577107,1798.5171091658844,22.038758849361688,499.9954149611552,1.2849808119403436e-05,249.9999888071525,6.298029593011189e-07,174.99997945091818,2.323431418434937e-05,612.499919907192,1.738789780474986e-05,0.5600538339060587,811.1823945650309,248.06999999999996,134.25700159110204,-0.01005,18.11,613.87,12.127176798747213,0.0,491.09604900175265,0.0
2023-06-03 13:00:00+00:00,899.9999251799254,29.728957388451633,2402.024426139349,21.04692296220348,4.0414191932835466e-05,-1.3713045310796892e-06,249.99997921533972,8.981510151949654e-07,174.9999398479724,1.0071054297252792e-05,612.4997680548303,1.7651444586476104e-05,0.5312749263172811,297.0219716128138,262.235,134.25700159110204,-0.0038,17.73,647.92,6.296865798191653,0.0,518.3360496635671,0.0
2023-06-03 14:00:00+00:00,899.9999654059919,34.604444477970645,3002.514054412038,20.86063036108384,5.937978348848169e-05,2.3752838226120763e-05,249.99996330411412,1.0571753478828352e-06,0.00018837066282742659,6.45540296073047e-06,0.0006329811299620907,2.2560090675338366e-05,0.3174703843573352,90.82219429105187,293.435,134.25700159110204,1e-05,17.59,722.79,2.2714630792192074,0.0,578.2320560071522,0.0
2023-06-03 15:00:00+00:00,899.9999976680442,39.479931247647315,2987.502094561017,22.336354484335804,3.327059044652372e-05,2.3996816404330263e-05,1.195539242424854e-05,2.721819067309765e-06,1.4531870738794786e-05,2.0199859907587513e-07,2.783213792097376e-05,5.3517878668800665e-05,0.02317597611535108,-59.597965167681195,193.855,134.25700159110204,0.04566,17.29,475.76,-2.7212430895563235,0.0,380.6080786525403,0.0
2023-06-03 16:00:00+00:00,900.0000046111272,39.479931317475305,2972.5645584024714,23.99994438643244,8.079740519978437e-06,73.17876016901921,8.656114791701021e-07,0.0006511071771835263,8.967699550586472e-07,-3.5857375244434306e-06,0.0003820449842791597,5.66544696537042e-05,1.3102393028826827e-06,1.3500788419563965,85.45,159.97948386176836,0.075,16.78,219.58,0.13500788419563964,0.0,175.66412997332412,0.0
2023-06-03 17:00:00+00:00,823.7721371916164,39.47989226401875,2957.7020610009736,21.187375816368892,8.013785162966854e-06,117.2904302634352,8.656127661988338e-07,0.000667079169899182,8.98055601445753e-07,-3.5854345852985723e-06,0.00038489943689028156,6.295105689291258e-05,8.621245909129705e-07,0.12616400339493503,53.245,170.6622551539811,0.08348,16.23,144.65,0.013686271088282551,0.0,115.72014460065331,0.0
2023-06-03 18:00:00+00:00,701.5946133604385,39.47985225214682,2942.913872644349,18.719523191388163,7.935908385815217e-06,169.91908770066095,8.656108994264198e-07,0.0007076088090568253,9.010450004265076e-07,-3.584732825927504e-06,0.0003772771533864383,8.911846767987335e-05,1.3311512167604443e-06,-1.046010197153981,13.799999999999999,182.67377899448456,0.09408,15.58,60.4,-0.09840863934824653,0.0,48.32020677225264,0.0
2023-06-03 19:00:00+00:00,524.5955712907221,39.4798098082533,2928.1995914398126,16.184061715343436,7.911676308503586e-06,186.43994881132775,8.656070547356397e-07,0.02002173258132114,9.49690685897557e-07,-3.573464848660458e-06,0.00019113725657191562,101.221702301488,2.575163708555115e-07,-0.9554737228791138,3.2,188.70449066752076,0.09368,14.87,18.1,-0.08950877835931538,0.0,115.71552616322555,0.0
2023-06-03 20:00:00+00:00,330.3872988741316,39.478608401037036,2812.3370823183823,16.000001558819704,7.904291399126916e-06,191.42209224850922,8.655958101926204e-07,0.04047292896820161,9.505867569848439e-07,-3.5732624278381903e-06,0.00018406945678871252,141.5719640452941,1.610125062398999e-07,-0.17755107475562887,0.0,191.28500795551025,0.08723,14.24,0.0,-0.015487780250933506,0.0,141.60011081563889,0.0
2023-06-03 21:00:00+00:00,130.98929370338755,39.47617979931789,2656.703616930953,16.00000155130622,8.110131860273174e-06,29.69246283561396,8.0652379073459e-07,161.20952833124025,9.325553683166261e-07,-3.5883771208293196e-06,0.0002090573137629021,38.903649223287125,1.3617956523094994e-07,0.3830230494899354,0.0,191.28500795551025,0.08117,13.95,0.0,0.040665557164346444,0.0,151.75010970929196,0.0
2023-06-03 22:00:00+00:00,100.05965270201625,29.802640761266886,2604.5166586803252,16.000001543782226,7.698642177580945e-06,0.05703419846834642,5.901578038706635e-07,48.944949442979365,7.035569418272877e-07,-3.7759761904674946e-06,0.00018829272623779509,127.63883356217987,1.1750242153874934e-07,70.99802157493302,0.0,120.0,0.08112,13.66,0.0,7.534310049531893,0.0,161.90010860377205,0.0
2023-06-03 23:00:00+00:00,100.00024946930822,26.865650107130786,2463.85543011747,16.000001536263863,1.3143092104067895e-05,3.786681347634439e-05,9.528404838894101e-07,5.317111033862038e-05,2.2787401253795144e-06,-3.4023667215988973e-06,1.527666388478452e-05,167.15008123579153,1.0930063116107351e-07,119.99992193438219,0.0,120.0,0.0749,13.51,0.0,11.98799220124478,0.0,167.15010778615226,0.0
2023-06-04 00:00:00+00:00,100.00022264207927,26.865646935127355,2284.3860870077547,16.00000152883406,1.6083563344351922e-05,2.9146120705280022e-05,1.0868728442187669e-06,3.874378589968825e-05,2.959162088157345e-06,-3.2773625735112282e-06,1.1933273967355213e-05,173.10008462933564,1.011903343523959e-07,119.99994896232909,0.0,120.0,0.07251,13.34,0.0,11.70119502331671,0.0,173.10010692919016,0.0
2023-06-04 01:00:00+00:00,100.00020772175768,26.865644631463855,2099.8640838766546,16.000001521431837,1.5875833968921142e-05,3.015348984965368e-05,1.1370747272482025e-06,3.5228755992217926e-05,3.204322514426503e-06,-3.2336172277421984e-06,1.1234808645726367e-05,177.30008473497065,9.592762264388663e-08,119.99995160136815,0.0,120.0,0.07161,13.22,0.0,11.593195324208178,0.0,177.30010617413896,0.0
2023-06-04 02:00:00+00:00,100.00019155267302,26.865642539702275,1912.064689957109,16.000001514056983,1.1872002464470235e-05,5.3967803592484134e-05,1.0567121250294331e-06,4.181091696399557e-05,2.796908036658852e-06,-3.304424082775929e-06,1.2607117052453498e-05,183.60008212267599,8.90527268720606e-08,119.99991664247797,0.0,120.0,0.073,13.04,0.0,11.75999183096284,0.0,183.6001053009991,0.0
2023-06-04 03:00:00+00:00,100.00014673333331,26.865640051404313,1718.9042969917646,16.000001506709467,1.1317605299374034e-05,6.562611595142636e-05,1.1055100559869768e-06,3.7991142210168394e-05,3.0350700720652014e-06,-3.2608580500778695e-06,1.1806085220357066e-05,188.50008232755448,8.41671344296631e-08,119.9999085800692,0.0,120.0,0.07211,12.9,0.0,11.653191122210519,0.0,188.50010450976458,0.0
2023-06-04 04:00:00+00:00,100.00008923769694,26.865637793267414,1521.8097049853363,16.000001499389192,1.2263190233927507e-05,5.0352583590228234e-05,1.3295694167174286e-06,2.2708481709631158e-05,4.2693982708327935e-06,-3.0850845429763134e-06,9.028768800132984e-06,189.80408500460155,8.026239726015732e-08,119.99994171600808,0.0,120.0,0.06897,12.78,3.62,11.27639452305328,0.0,192.70010376043018,0.0
2023-06-04 05:00:00+00:00,100.00004855975166,26.865636456551442,1324.3965804845768,16.00000149209607,1.2896392671354679e-05,4.841261661357978e-05,1.627281406738586e-06,1.506948753096169e-05,5.38868611518334e-06,-2.898860100724607e-06,8.49307115735745e-06,155.71208580689793,8.910152989418413e-08,111.62995353139601,8.369999999999951,120.0,0.06477,13.08,33.11,10.021020928513419,0.0,182.20010385299796,0.0
2023-06-04 06:00:00+00:00,100.00001051047964,26.865635584026926,1162.0625202683273,16.00000148483008,1.9181606009509862e-05,2.917032881191955e-05,3.026155537605357e-06,6.050458418212396e-06,8.226343551521687e-06,-2.2576018848750145e-06,1.0464105394943829e-05,108.81808383904719,1.0478596288917452e-07,152.332210651205,24.34,176.67221769548905,0.05081,13.49,73.79,11.548304889467852,0.0,167.85010416743927,0.0
2023-06-04 07:00:00+00:00,99.99999853906223,26.86563527997905,1047.4341342920438,16.000001477590715,3.218207615474018e-05,2.42737204134927e-05,1.595831370905137e-05,1.7507137526888893e-06,1.7296466188913396e-05,1.4579817394730165e-07,2.414992439966336e-05,42.44403192635013,1.1471916044825187e-07,111.20189095171442,55.659999999999954,166.86185139349433,0.0219299999999999,13.7,147.57,5.218704742363947,0.0,160.5000696838972,0.0
2023-06-04 08:00:00+00:00,100.00000414872991,26.865635486143958,999.7529558441579,16.000000854260364,4.296341330321567e-05,2.4041256539598242e-05,249.9999655816948,6.313951022902443e-07,2.651123129853334e-05,3.535022370340385e-06,6.062187011483226e-05,4.9119939359105016e-05,0.12387943379299349,210.02679665386157,173.27,133.29678273515148,0.00511,14.26,419.17,6.3239068472477715,0.0,335.3360852290275,0.0
2023-06-04 09:00:00+00:00,100.00002035063112,31.741122325787266,994.7542025668679,17.87727979372055,2.830070221260695e-05,3.9320687429886306e-05,249.99998345321805,4.1310012103737054e-07,3.535369347126404e-05,5.575160034324895e-06,8.732787444598092e-05,4.887004906016581e-05,0.10730164616705035,310.5464630981091,94.33499999999995,154.88145014912283,0.0,14.61,237.67,7.763661577452727,0.0,190.13609108868027,0.0
2023-06-04 10:00:00+00:00,100.00000656025584,36.61660952705914,989.7804700118588,16.915550212097205,3.564957263912833e-05,3.8368000447533194e-05,249.99999388198304,5.968714353239757e-08,70.14624253439374,2.4028374966805175e-05,245.51179733997105,4.4605081360677456e-05,0.11012548544569664,374.7881940199364,98.85,153.4919363532995,-0.01443,14.51,248.12,3.9615112107907278,0.0,198.49611996536063,0.0
2023-06-04 11:00:00+00:00,100.00000081717845,41.49209695291917,1230.3433203966893,16.675619682661686,499.9999994900927,-5.751831569878856e-07,250.00000006619678,-7.336028521108715e-07,174.9999977242696,600.0000019742944,799.9999326682654,3.7167653544795374e-05,0.2588575745509934,1537.1539215006867,131.39999999999998,143.5539209370473,-0.08154,13.97,322.86,-86.91068272164883,0.0,664.7880979753612,0.0
2023-06-04 12:00:00+00:00,580.0000009268165,46.36758454698558,2024.1914992953177,19.928422739897492,333.3333418061103,1.8233895800234873e-05,249.99999814054644,-3.556652760939951e-07,174.99998680484566,599.9999910549647,799.9999334991143,3.749543970188941e-05,0.050142610733746124,1412.8511375949208,99.01,153.52783766668443,-0.0402299999999999,14.15,247.85,-21.5177228255705,0.0,604.7800487087344,0.0
2023-06-04 13:00:00+00:00,899.9999900670409,51.24307208081954,2814.0704378025157,23.94571333190025,4.837555569602619e-05,3.4329323678497785e-05,249.999996345187,-1.523770786196367e-07,145.9068561159762,490.5584405711918,799.9999336599154,3.754625568738303e-05,0.0005279569668194344,913.0736226708093,120.43999999999996,147.0483154398451,-0.025,13.96,296.58,0.0,0.0,433.59095635107286,0.0
2023-06-04 14:00:00+00:00,900.0000007478621,56.11855956744197,3599.999981727163,23.999997256107807,3.5228346734987777e-05,2.995106039179404e-05,249.9999835025763,4.4239270810094505e-07,5.142895901676857,6.695525787475552e-06,18.00007734737736,4.246343459861869e-05,4.279851636955767e-08,314.86934108379535,95.155,154.88145014912283,0.0,13.48,237.67,7.871733527094884,0.0,190.13610771017164,0.0
2023-06-04 15:00:00+00:00,900.0000033680537,60.9940467679187,3600.00001670247,19.37795821004738,2.6428408779439296e-05,2.430675566713762e-05,7.606873438380829e-06,2.5043842375817274e-06,5.1428701025463015,-6.651322917529912e-07,18.00001493096115,1.9605045928715146e-05,2.709423422009915e-08,112.84947079569402,58.4,166.1065941341377,0.0345,13.02,153.25,6.714543512343795,0.0,122.60005112758482,0.0
2023-06-04 16:00:00+00:00,900.000003419789,60.99404676598948,3600.0000119448728,16.155358152481426,7.680269978074076e-06,124.0485375372802,9.371643681636412e-07,0.00134141620743753,2.0156305659808036e-05,-3.042068230033741e-06,0.00015236550634023377,121.80052457122244,4.7965916675816706e-09,29.245003345641166,23.62999999999995,176.92485656745697,0.0782099999999999,13.07,71.89,3.018376795303622,0.0,179.31337873248356,0.0
2023-06-04 17:00:00+00:00,770.7827841915146,60.99396629124426,3460.1996396794325,16.00000007340377,7.675274120795577e-06,129.06364822568472,9.37141455649876e-07,0.0017260005291442,2.064392051369924e-05,-3.039609780052083e-06,0.0001625432894402429,104.38688962873374,3.0739072348721613e-09,0.9698598092058168,41.305,171.34020781869336,0.082,12.7,113.89,0.10377499958502241,0.0,195.50000453032283,0.0
2023-06-04 18:00:00+00:00,636.3414913246895,60.99386273913156,3338.5119143955912,16.000000072193238,7.622356198555944e-06,166.68047060452588,9.371359071662564e-07,0.0025450940880905504,2.1119695422759907e-05,-3.0373087431938017e-06,0.00016092978744902531,170.25831217671694,1.7301204194098757e-09,-0.2734536147045067,13.785,180.19453544203068,0.094,12.34,47.3,-0.025704639782223627,0.0,208.10000372478947,0.0
2023-06-04 19:00:00+00:00,462.7160084291037,60.99371003649016,3151.5612035766835,16.00000007096777,7.598306351334276e-06,183.88585832186243,9.37135254046061e-07,0.0050089031322593505,2.16357810505587e-05,-3.0349109509605172e-06,0.0001618804339055075,218.58258534766293,5.0603263719887314e-12,-1.112629508359229,1.9,184.67821058032376,0.1,11.73,13.58,-0.11126295083592291,0.0,229.45000242009345,0.0
2023-06-04 20:00:00+00:00,271.16824663820444,60.99340949052176,2917.220974091571,16.00000006974807,7.2842982787901544e-06,164.31423351352666,7.219146440018878e-07,22.21523340674847,1.2570145084686681e-05,-3.260609081011311e-06,0.00016854447652785723,231.3994657278985,-1.0876931541235683e-09,-0.04553592876888857,0.0,186.48391367575732,0.09766,11.23,0.0,-0.004447038803569657,0.0,246.9500013356507,0.0
2023-06-04 21:00:00+00:00,100.00759372120714,59.660362195464685,2671.235572037691,16.00000006853244,7.718788200796274e-06,0.005748272861171587,6.228890403360772e-07,179.79319902767236,1.1550480654198588e-05,-3.323705731751286e-06,0.00018571218168698267,139.9949092950644,-2.0812845455747834e-09,6.684982943675948,0.0,186.48391367575732,0.08698,10.69,0.0,0.7485843900328326,0.0,265.850000038467,0.0
2023-06-04 22:00:00+00:00,100.00161334701343,48.87169139887102,2517.88467059462,16.000000065848663,2.1964143936121626e-05,1.7951969206447075e-05,1.1140628958174052e-06,2.147993044771448e-05,6.635603597803213e-05,-2.978061895283462e-06,7.627034644818954e-05,277.39983116410133,-2.614666870423903e-09,120.00004702428124,0.0,120.0,0.0787099999999999,10.36,0.0,12.445204876888198,0.0,277.39999922755084,0.0
2023-06-04 23:00:00+00:00,100.00161573262369,48.8716901316727,2227.8954923478923,16.000000063559565,0.0003068080285348997,8.265977530727427e-06,1.610768933589871e-06,1.0535541369797187e-05,29.04731028216753,-2.6973147991140623e-06,0.00017656552092160124,186.58458429747316,-3.0338141962038378e-09,149.0475972021313,0.0,120.0,0.0711,10.05,0.0,14.323474091124817,0.0,288.2499984240759,0.0
2023-06-05 00:00:00+00:00,100.00190165793782,48.87168953089014,2030.171607154201,16.000000060151745,196.75835909590268,7.038663783786891e-06,1.6892864874293323e-06,9.721957859193286e-06,83.45712226191795,-2.6615345786568e-06,0.0004165970851552036,0.0004831859630550738,-3.0862147247535007e-09,400.2154636249509,0.0,120.0,0.07007,9.94,0.0,38.048484126824086,0.0,292.099998676042,0.0
2023-06-05 01:00:00+00:00,288.8899190580629,48.87168898045871,2020.020682529552,16.000000065725896,0.00023246970110134144,7.96858723345512e-06,1.6166007535702859e-06,1.046007971629329e-05,87.25704170273876,-2.6949016078369565e-06,0.0003322502093115069,0.0006792730649623419,-3.5592193565487035e-09,207.25725466547206,0.0,120.0,0.07103,9.56,0.0,19.90291416552528,0.0,305.3999976365445,0.0
2023-06-05 02:00:00+00:00,288.89013392836426,48.87168838431803,2009.9202320940487,16.000000064300455,5.232921749526507e-05,1.0648994721351431e-05,1.406839482918042e-06,1.3289477085808425e-05,0.0010261190874652798,-2.799393939309258e-06,0.00014892417539518282,305.39654798392195,-3.7254449511154736e-09,120.00105311727872,0.0,120.0,0.07407,9.56,0.0,11.888504332328802,0.0,305.3999970077866,0.0
2023-06-05 03:00:00+00:00,288.89017307171025,48.87168761430577,1694.474231873832,16.000000056341836,2.7982893988782637e-05,1.4597360775247568e-05,1.2198109782050683e-06,1.764303652573874e-05,0.00017169573820061143,-2.9040608608226873e-06,0.00011550280001308688,306.44950209881114,-3.786228482556316e-09,120.000165753985,0.0,120.0,0.077,9.53,0.0,12.240016906906469,0.0,306.44999700620014,0.0
2023-06-05 04:00:00+00:00,288.89018472970434,48.8716865794064,1379.5524741184518,16.000000055152857,1.0378916737676869e-05,5.625824571005266e-05,7.943402254153563e-07,7.944440054286047e-05,4.55046647833577e-05,-3.161095463449513e-06,6.861453685235504e-05,304.92585368378144,-3.87074544909893e-09,119.99991781418004,0.0,120.0,0.0849,9.47,4.53,13.187990967778386,0.0,308.5499968171672,0.0
2023-06-05 05:00:00+00:00,288.89013609112516,48.87168182775684,1067.7289266786147,16.000000054114246,7.139950261146367e-06,116.77014395536867,6.263881565614131e-07,0.004685656663457145,1.5360630808058463e-05,-3.3297585921384077e-06,0.00015163598702300614,283.3728185961122,-3.5793839160496945e-09,0.2651901851785086,2.96,120.0,0.09791,9.8,17.03,0.032594525660290495,0.0,296.99999738553646,0.0
2023-06-05 06:00:00+00:00,167.2545763253017,48.87140067245607,779.0176150850964,16.00000005286005,7.208017988524225e-06,64.56426528625317,6.052057848481856e-07,99.36530926081403,1.568072814143046e-05,-3.3275898535165555e-06,0.0001797443921782978,169.87841028264054,-2.8627090444923912e-09,0.09352688199797399,12.435,176.4580812627031,0.09995,10.45,43.52,0.01168618390564685,0.0,274.2499986090527,0.0
2023-06-05 07:00:00+00:00,100.00014023848524,42.90888587712921,605.2442964714226,16.000000051723777,1.1343408956717506e-05,6.675184289622474e-05,8.601841591777201e-07,5.3234304778311555e-05,6.80735063126882e-05,-3.1103415331994783e-06,8.44818083653139e-05,200.20781187471343,-1.8558629417852163e-09,154.6854838510184,19.55,174.2355266704082,0.08355,11.16,61.49,16.791109272028045,0.0,249.39999983495238,0.0
2023-06-05 08:00:00+00:00,100.00008159498816,42.90888269952675,402.0103475961604,16.00000004851952,2.3840389534875092e-05,1.8060567540881702e-05,1.3495429639202048e-06,1.4355770797578555e-05,40.613682443416366,-2.826116457600151e-06,0.00040136182559034146,0.0005060693756776208,-1.1484179154954423e-09,163.78778281336596,43.925,167.09911042247185,0.075,11.5,119.19,16.378778281336597,0.0,237.50000051069165,0.0
2023-06-05 09:00:00+00:00,100.00008566867092,42.908881864413075,400.0001911506295,16.000000045762825,3.7030307905265435e-05,1.3496167758775046e-05,1.6990851787535976e-06,9.480383633093379e-06,47.33596418552704,-2.661885085203086e-06,2.0001017059685178,0.00021906969708141281,-1.912471978493548e-09,168.77883254914377,45.305,166.7478552726601,0.07008,10.82,122.03,16.04749139877259,0.0,261.29999601407553,1.8827664760578955e-08
2023-06-05 10:00:00+00:00,100.00010715925842,42.90888132866864,400.0000728311478,15.999999981172335,0.00025992874291927166,8.375431370216064e-06,2.28218093734415e-06,6.20003463588606e-06,66.25070598899862,-2.4125163236232437e-06,231.87746244454496,1.8912348516876877e-06,3.4119623757043286e-08,0.7690902898193506,197.85,132.36813907787922,0.06835,10.8,470.92,0.07179457855463638,0.0,376.7360123598181,0.0
2023-06-05 11:00:00+00:00,100.00034796644394,42.908881001136336,629.877533020302,18.054972461973534,499.9990930804284,6.931525415918599e-06,2.4615345580453724e-06,5.745241852747959e-06,174.99989698439308,-2.304843119349833e-06,612.499626860173,4.900541782407094e-06,1.3661816271068775e-08,702.8596724182696,118.22,146.08069487352392,0.06175,11.79,289.13,60.97307658228489,0.0,231.3040192256193,0.0
2023-06-05 12:00:00+00:00,579.9994701033162,42.908880704392075,1239.2277673148317,16.837598777161695,333.3334603350978,7.307878770560042e-06,2.4346442771364934e-06,5.836196994319468e-06,174.99990607217225,-2.312094319159301e-06,572.257764981198,0.0001246929584290446,4.563872178104209e-09,608.062347002763,62.104999999999954,161.83399361701868,0.062,12.94,161.76,52.90142418924038,0.0,169.65003276072778,0.0
2023-06-05 13:00:00+00:00,899.9995844126364,42.90888040166555,1805.289268766497,16.000000080450864,0.0001487864796900412,8.886836746108703e-06,2.229581110365773e-06,6.444214018644984e-06,174.99972950069395,-2.420567480162179e-06,600.0691740731289,0.00012205616241925738,7.356667356713104e-10,215.97143738953585,108.075,149.04657462439937,0.064,11.87,265.15,19.22145792766869,0.0,224.5500033500503,0.0
2023-06-05 14:00:00+00:00,899.9997179905353,42.90888005845522,2396.3318744396306,16.000000079136406,0.00011391745230390391,9.808602627327927e-06,2.105291437940048e-06,6.9039749392755366e-06,29.427512737331963,-2.485143166444658e-06,91.70649441219615,0.0001962001807404829,-1.3147327986303284e-10,60.948177517060024,115.51,147.03056795470508,0.0653,11.53,281.45,5.50362042979052,0.0,236.44999874113714,0.0
2023-06-05 15:00:00+00:00,899.9998171339951,42.908879685232584,2476.056513279448,16.000000009086854,0.00016565094234101372,1.0610072078709e-05,2.0627898343485085e-06,7.10047850415977e-06,68.80447951856156,-2.5029591300627285e-06,240.81566644138314,5.284378026071255e-06,5.952856388259323e-09,-0.28723390333674403,201.46,132.36813907787922,0.0817099999999999,11.53,476.62,-0.023469882241645326,0.0,381.2960196503658,0.0
2023-06-05 16:00:00+00:00,899.9999651067412,42.90887929938969,2704.491891870056,18.594256921119534,2.0384575372660496e-05,1.951164539571514e-05,1.2777991649059094e-06,1.5383989907374504e-05,8.338958423846187e-05,-2.8933056740277123e-06,9.464238024140845e-05,92.41877996716588,7.621236201749625e-10,140.48927389169577,30.47,170.95920662867798,0.07612,12.09,87.98,14.206275375928275,0.0,162.8029850927508,0.0
2023-06-05 17:00:00+00:00,899.9999643513029,42.90887840117756,2598.55074708592,16.000000066031525,1.2561959109221145e-05,3.486966368824703e-05,7.975185495705874e-07,6.572322183624136e-05,3.267284488660752e-05,-3.1788255253952007e-06,5.9226467130845844e-05,50.893904678902224,5.415034311496846e-10,76.09388788910668,79.765,155.8589456284952,0.0849,12.03,210.07,8.362718279012824,0.0,218.9500026666102,0.0
2023-06-05 18:00:00+00:00,899.9999400882173,42.90887447294304,2534.6641478980555,16.000000064698146,6.688218209709917e-06,267.99982188781775,3.7733065128631845e-07,199.9999479261583,8.139353987686692e-06,-3.5220259573266374e-06,0.0001970933046598139,87.83820985953929,-9.172746354139778e-10,-290.3915989980939,2.3599999999999497,179.96815913300523,0.119,11.43,15.14,-34.556600280773175,0.0,239.9500013154787,0.0
2023-06-05 19:00:00+00:00,620.8334653757632,30.9076774850327,2434.15281439233,16.000000062717834,5.6173563962639986e-06,499.9998531971863,3.2308062919918505e-07,199.99996278537589,7.58912820407826e-06,-3.5606597926000795e-06,0.00019445177786710764,99.42219790375998,-1.7294868772128763e-09,-524.4766071146664,3.855,179.37819889899038,0.1205,10.99,19.91,-63.1994311573173,0.0,255.35000043864073,0.0
2023-06-05 20:00:00+00:00,100.00029035468958,18.90647960442216,2322.560046868387,16.000000062296266,9.912897542915352e-06,5.8026677788619084e-05,5.495111833121045e-07,181.75384928695922,1.0815027961094835e-05,-3.3925394102607283e-06,0.00018477450497296453,144.57245519068502,-2.4724194749320677e-09,0.08680596065639179,0.0,181.8406953893961,0.10102,10.52,0.0,0.010939287161918493,0.0,271.79999941103534,0.0
2023-06-05 21:00:00+00:00,100.0002394266152,8.00015802576221,2166.3749762178645,16.00000006122948,1.0249126117782299e-05,4.804295290284474e-05,6.608794271537764e-07,0.0002547786183041547,1.8151802826719268e-05,-3.3003673335435743e-06,7.620950844611528e-05,286.4998361291206,-3.0292216267347186e-09,181.84041832926596,0.0,181.8406953893961,0.088,10.1,0.0,20.547967271207053,0.0,286.49999852859116,0.0
2023-06-05 22:00:00+00:00,100.00019922103365,8.000142750404724,1869.043341417163,16.000000060513795,2.1186523471404038e-05,1.6488220105742374e-05,1.0505952339929648e-06,2.2502289089860766e-05,7.883038942473877e-05,-3.0144926256090513e-06,8.503442340235045e-05,280.89979480779294,-2.9734691000929004e-09,120.00005906250631,0.0,120.0,0.08023,10.26,0.0,12.627606215147537,0.0,280.8999984469872,0.0
2023-06-05 23:00:00+00:00,100.00020238486691,8.000141420621008,1578.7984149367076,16.000000055902692,2.552766815355849e-05,1.671747673064311e-05,1.1139154693424145e-06,2.024504514315122e-05,8.207308247114218e-05,-2.9817176229504217e-06,8.657889726046326e-05,282.9997867076298,-2.9865429738732754e-09,120.0000687704266,0.0,120.0,0.07912,10.2,0.0,12.494407160376817,0.0,282.9999986041524,0.0
2023-06-06 00:00:00+00:00,100.00020947739009,8.00014022752034,1287.9047227332912,16.00000005790773,2.360803142353251e-05,1.803528739838794e-05,1.1471566139453504e-06,1.8722831937510175e-05,9.748048935180813e-05,-2.9623750442034928e-06,9.454806256578418e-05,286.8497414055877,-3.1590505849250527e-09,120.00008251518301,0.0,120.0,0.07862,10.09,0.0,12.434408550223264,0.0,286.8499982124689,0.0
2023-06-06 01:00:00+00:00,100.00021335434255,8.000139126409866,994.6155522620996,16.000000056469453,1.469184139307657e-05,2.889283201074534e-05,1.0118247674829946e-06,2.5684043852454545e-05,7.468459823243366e-05,-3.0377583420539016e-06,8.238315806237952e-05,288.2498037798496,-3.246604823412752e-09,120.00003277363018,0.0,120.0,0.081,10.05,0.0,12.7200034740048,0.0,288.2499977642353,0.0
2023-06-06 02:00:00+00:00,100.00019736181027,8.000137604945673,701.3927531040977,16.00000005022344,499.999938559967,4.983105967782673e-06,2.1640154392617253e-06,6.880225048854114e-06,174.99996644339242,-2.3758968219655415e-06,324.2500398707075,0.00015396532196832203,-3.038513460817297e-09,794.9998929281469,0.0,120.0,0.065,10.05,0.0,71.54999036353323,0.0,288.2499991105077,0.0
2023-06-06 03:00:00+00:00,580.0001331886432,8.000137234293407,1022.1356752439627,16.00000006757004,1.5857826945572776e-05,2.5510390606835527e-05,1.1064723585231453e-06,2.06204699149169e-05,0.00011604993567962814,-2.9788402941786757e-06,0.00010316110656001489,284.39968305541623,-3.1945648758177277e-09,120.00008390453418,0.0,120.0,0.07934,10.16,0.0,12.520808754599095,0.0,284.3999975543616,0.0
2023-06-06 04:00:00+00:00,580.0001218388335,8.000136018519845,732.6254169734334,16.000000048238615,4.9541186143354276e-05,1.1029233876413486e-05,1.569218945538594e-06,9.832794353457547e-06,77.8714823118359,-2.7480615262977287e-06,0.0024366264569256517,0.00024294902277268983,-3.2654726274351e-09,192.47150981215123,5.4,120.0,0.0726,9.94,24.44,18.78521935766596,0.0,292.0999985763666,0.0
2023-06-06 05:00:00+00:00,580.0001579095868,8.000135459096011,728.9644835660004,16.000000063386697,7.263662783621212e-06,93.44093673002979,7.498622638647948e-07,6.460288160941912e-05,4.751794614770167e-05,-3.2066124922418685e-06,7.007253532406221e-05,214.01185962138115,-3.1110157033250086e-09,-1.1409490080527023,27.7,120.0,0.1087,10.3,81.86,-0.12402115717532874,0.0,279.49999790912807,0.0
2023-06-06 06:00:00+00:00,482.66585578892204,8.000131597159235,511.30787159932447,16.00000004972374,6.978765508584677e-06,313.90622318647013,7.493860001836791e-07,6.699014103620567e-05,5.071166713013466e-05,-3.2039449110926056e-06,7.760049024804156e-05,63.59585625342945,-1.888405300734e-09,-249.4369068738451,86.345,150.81432806689236,0.1118,11.18,231.38,-27.88704618849588,0.0,248.69999986496742,0.0
2023-06-06 07:00:00+00:00,155.6802133359639,8.000127591963281,445.15555358838867,16.00000004873973,7.316755762723971e-06,53.45300420351678,7.666843207933038e-07,4.766042445860528e-05,5.237598598100439e-05,-3.196338516764296e-06,7.844336459058374e-05,42.929860478542544,-1.3195585182070024e-09,0.3760450175627934,96.18,150.00903961841652,0.0949,11.61,238.4,0.045087797605778926,0.0,233.64999554905089,4.078147597397219e-08
2023-06-06 08:00:00+00:00,100.0000076480528,8.000124747003662,399.99999378526877,15.999999959218524,6.325309401219793e-05,1.1276067820830737e-05,2.9424251524498704e-06,4.015254189668896e-06,0.5728145707951405,-2.2386342450213855e-06,2.0048421609619558,1.06436530524689e-06,0.15783507435761462,-140.925791343758,272.97,131.471345419884,0.08438,12.28,641.92,-11.891318273586299,0.0,513.5360104956163,0.0
2023-06-06 09:00:00+00:00,100.00005662511907,8.000124563447345,400.00483491293915,18.127070636929194,2.9023189016910345e-05,1.7817922001047903e-05,2.902739076902859e-06,4.088523920191641e-06,158.94002778888483,-2.2504040572962395e-06,556.2900884938236,7.948216650992368e-07,0.23501828469837302,-1.29861902215306,291.71,131.471345419884,0.08205,12.89,688.39,-0.10655169076765857,0.0,550.7120101961616,0.0
2023-06-06 10:00:00+00:00,100.00006592704511,8.00012437472045,954.2948984373764,18.528220711499245,50.963532768224,8.471251191233088e-06,4.770480010849676e-06,4.155124287037249e-06,174.99997945783645,-1.519877532564026e-06,612.4999201530209,7.292825298255347e-07,0.3208151597113836,-3.390151729828544,360.825,131.471345419884,0.07436,13.19,856.39,-0.25209168263005055,0.0,685.1120100825975,0.0
2023-06-06 11:00:00+00:00,148.92504856032014,8.000124218421723,1562.023343368928,19.15955532717092,499.9999713775749,4.265729101816885e-06,6.378596297475238e-06,2.247135796002565e-06,174.9999886818629,-8.164809458271266e-07,612.4999518456582,6.877449511928183e-07,0.30811763497295613,472.30130452857225,334.17,131.471345419884,0.0431,13.54,794.15,32.163718838395766,0.0,635.3200099932859,0.0
2023-06-06 12:00:00+00:00,628.9250166393242,8.000124207975158,2166.7131778099965,19.264604569133795,1.5532286736079077e-05,3.487362942426678e-05,2.7291901255887562e-06,4.404451415509764e-06,136.9495688509813,-2.3075934159145064e-06,479.3234825190181,7.014207191929799e-07,0.21035991234571821,1.0108909466678369,267.41,131.471345419884,0.0645699999999999,14.66,637.13,0.09054550209303805,0.0,509.70400995943567,0.0
2023-06-06 13:00:00+00:00,628.9249952236221,8.000123996906174,2635.203093738544,20.028791954839814,282.3697780696739,8.111504830443783e-06,4.5090044906808226e-06,2.9080908629371486e-06,174.99998200264824,-1.4867508010410958e-06,612.4999283623117,6.052322200573618e-07,0.03554847271922751,298.87109749486416,289.97,131.471345419884,0.04987,14.75,690.31,22.376479069440478,0.0,552.2480098159697,0.0
2023-06-06 14:00:00+00:00,899.9999737210247,8.000123910337653,3234.5270060269304,23.99999736816858,3.327966382018326e-05,1.5035029562845537e-05,2.6173796030819605e-06,4.638101850810071e-06,109.0415652855034,-2.345121746943716e-06,381.6454686080156,2.1155731277393803e-06,3.336876569473355e-08,110.2982392235144,137.655,138.91166005922074,0.06184,14.46,335.14,9.57829909416999,0.0,268.1120129318202,0.0
2023-06-06 15:00:00+00:00,899.9999900080129,8.000123683067716,3599.999837489238,21.38887006317189,1.244863194012786e-05,3.76545402183022e-05,1.1459789189982015e-06,1.5389786938952937e-05,3.2193321915344094e-05,-3.0468550266011568e-06,0.00010771682833829422,5.45363544893957e-06,1.8000519665258716e-08,88.41890674839574,68.645,157.06391705164515,0.07983,13.61,176.9,9.268953994434325,0.0,141.5200181698982,0.0
2023-06-06 16:00:00+00:00,899.9999627352203,8.000122781936977,3581.999940564985,17.614414269904564,7.1051663842246765e-06,89.80262313060916,6.311304142764015e-07,9.651932594147383e-05,1.8879996992131068e-05,-3.3326868925001973e-06,5.086997896351843e-05,19.29029559886426,3.324173775914942e-09,1.5577931051663203,66.355,157.71548947149455,0.09197,12.86,171.22,0.18221505951130448,0.0,156.2663750730429,0.0
2023-06-06 17:00:00+00:00,806.4555704617954,8.00011700250652,3544.799696133275,16.000000064629376,2.8112471348805094e-05,1.4372624946350317e-05,1.2327783979056751e-06,1.330274072388066e-05,7.238501977925148e-05,-2.961367909871536e-06,8.247406332947987e-05,185.39582594840877,1.3750022571023998e-09,167.3962303627928,6.705,174.10115926925684,0.0782399999999999,12.34,28.38,17.281986822654712,0.0,208.10000320207897,0.0
2023-06-06 18:00:00+00:00,806.4555824782836,8.000116228303837,3341.679954178263,16.00000006343921,1.1817907450527096e-05,3.97255465676132e-05,8.63470078175522e-07,2.9518568283586354e-05,3.882923586413704e-05,-3.1690193787689592e-06,5.560743641523719e-05,201.4299045993163,3.3120531445496915e-10,169.5687330050966,5.074999999999999,174.6437539076174,0.0849,11.99,23.65,18.635603757260117,0.0,220.35000241987404,0.0
2023-06-06 19:00:00+00:00,806.4555524426971,8.00011447385196,3123.541705415492,16.00000006225488,6.9899902027489015e-06,180.11115274124364,6.281399475845073e-07,0.00010813296967590599,2.1337841922262124e-05,-3.3302348108387894e-06,5.364127260722752e-05,208.35390942073482,9.932649744208791e-10,-3.16977085325593,0.0,176.94146439522012,0.11441,12.25,3.62,-0.36265348332101094,0.0,211.25000285805524,0.0
2023-06-06 20:00:00+00:00,618.8397750476256,8.00010799747487,2899.570141108952,16.00000006107612,6.993895270370604e-06,177.06332677456479,6.820915131550691e-07,4.029941110832825e-05,2.8175740664582696e-05,-3.3101379782952966e-06,4.597183778843909e-05,226.64992432082033,-2.0946670527912877e-10,0.2933925670335385,0.0,177.35672709941994,0.09897,11.81,0.0,0.03637187653514777,0.0,226.65000189662604,0.0
2023-06-06 21:00:00+00:00,434.3988163715934,8.000105592570499,2658.4224120544245,16.000000059902895,7.095608692719844e-06,97.29630146539071,6.90027858720003e-07,3.658171994283093e-05,2.939455963072398e-05,-3.307345348904414e-06,4.637311641791342e-05,239.5999222348101,-1.048047987282265e-09,80.06042292516011,0.0,177.35672709941994,0.08999,11.44,0.0,9.206148032164162,0.0,239.60000107558446,0.0
2023-06-06 22:00:00+00:00,333.0485091569291,8.000103410904678,2405.5304241324584,16.000000058735186,7.4421332732495115e-06,0.0006859734828050754,7.10969032920853e-07,3.084734280681465e-05,3.1618052166449926e-05,-3.2954152820537514e-06,4.750664107995811e-05,246.24991912772018,-1.4483236315989054e-09,119.99931965491356,0.0,120.0,0.0896599999999999,11.25,0.0,13.759121991632378,0.0,246.25000061494052,0.0
2023-06-06 23:00:00+00:00,333.0478017456657,8.00010157374429,2147.252900390717,16.000000057573093,2.754833998140484e-05,1.4570865398435614e-05,1.3738192317326694e-06,7.957274588171696e-06,0.00010978141251970582,-2.953023348268218e-06,9.983331623952861e-05,254.29971289854117,-1.8833401858844973e-09,120.00011322240839,0.0,120.0,0.07836,11.02,0.0,12.40321170266813,0.0,254.29999994676785,0.0
2023-06-07 00:00:00+00:00,333.0478130140873,8.00010112305222,1882.2170228235386,16.000000054125625,0.000215273480775858,7.939943814564835e-06,1.8201162436188328e-06,5.677215234540509e-06,76.05712435235382,-2.7413845907725838e-06,0.0004177382669788422,0.00048109386603202776,-2.3129614336366117e-09,196.0573250874072,0.0,120.0,0.0724,10.68,0.0,19.095983463513463,0.0,266.19999984891734,0.0
2023-06-07 01:00:00+00:00,333.048011405854,8.000100817881055,1872.805874353822,16.00000006156762,8.086350567825198e-06,0.00018003510411981785,7.92982660749767e-07,2.1857664373390704e-05,3.816062497362566e-05,-3.2641536528033756e-06,5.2267384135484367e-05,271.09990546029724,-2.669442125525835e-09,119.99984188303604,0.0,120.0,0.08876,10.54,0.0,13.651182012614182,0.0,271.09999882395346,0.0
2023-06-07 02:00:00+00:00,333.0478316321838,8.000099521754741,1592.3419917891397,16.00000005411898,2.1877829064840947e-05,1.740960824850831e-05,1.275633532481256e-06,9.449188724639219e-06,0.00010860693110380015,-2.996516119531455e-06,9.79682781652248e-05,281.2497124922601,-3.0733543323668214e-09,120.00010190508063,0.0,120.0,0.07986,10.25,0.0,12.583210685766755,0.0,281.24999829612193,0.0
2023-06-07 03:00:00+00:00,333.0478344998911,8.000098979624058,1303.1306673062122,16.000000052978354,2.0869914844072204e-05,1.8161988860327204e-05,1.2524761676719838e-06,9.765589948646176e-06,0.00011198494157769211,-3.005184783880084e-06,9.90807952747998e-05,286.84970117008766,-3.293986592212679e-09,120.000103174569,0.0,120.0,0.08019,10.09,0.0,12.622810852932915,0.0,286.8499978973679,0.0
2023-06-07 04:00:00+00:00,333.04783561627096,8.000098418055789,1009.7654118803887,16.00000005184315,4.439086134881002e-05,1.1238473584865595e-05,1.527935100975399e-06,7.544901081685679e-06,15.210438165512064,-2.8575373607568944e-06,0.0001713080621633218,215.50963309528893,-3.326935571674144e-09,130.4304624433965,4.78,120.0,0.076,10.09,22.63,13.173476706783045,0.0,286.84999781898773,0.0
2023-06-07 05:00:00+00:00,333.04786652475457,8.000097995114164,789.20712303376,16.000000050713275,7.1001578633563175e-06,92.66506428207225,7.258912665011923e-07,2.6436139218329917e-05,3.9900487302334946e-05,-3.2912722940841873e-06,5.597980993924631e-05,205.43189960208798,-2.890595969078384e-09,0.4699537170526796,26.865,120.0,0.0972,10.48,84.71,0.05742834422383744,0.0,273.19999852092144,0.0
2023-06-07 06:00:00+00:00,236.52176471374753,8.000096422943473,579.8292437963132,16.00000004958805,7.050934578417467e-06,131.0517701501242,7.246024628261997e-07,2.690102875945746e-05,4.152974927700675e-05,-3.2894068001402758e-06,5.8221120791444166e-05,176.92989216747992,-2.046551091829807e-09,-0.9765591247357419,33.025,163.10019191053772,0.11125,11.09,93.65,-0.10864220262685129,0.0,251.849994874689,3.729874897828722e-08
2023-06-07 07:00:00+00:00,100.00951090959867,8.000094822851487,400.00026363097254,15.999999962701251,32.56880723878156,7.179392182744163e-06,1.8927101257249872e-06,5.88064579310753e-06,0.5718080513570137,-2.7064992793349307e-06,2.0013213600323865,-2.3653179940762563e-08,0.06543971783652756,-1.4777314468513976,165.22499999999997,130.60666713683716,0.09422,12.5,401.75,-0.13923185692233866,0.0,321.40000823308173,0.0
2023-06-07 08:00:00+00:00,131.27555838029545,8.00009450688899,400.0015836965032,17.060517277934785,87.07959163062176,7.108666408777956e-06,1.882129433585448e-06,5.788142006397344e-06,0.5714328045419522,-2.7064941665249127e-06,2.000007931419062,-2.3640578444185415e-08,0.06859283222457077,-0.7873221491722698,219.045,130.60666713683716,0.0916,13.44,524.62,-0.07211870886417991,0.0,419.6960082331074,0.0
2023-06-07 09:00:00+00:00,214.8719589408315,8.000094196270933,400.0015837330803,19.408542237479562,119.17953356059022,7.0674340391656684e-06,1.898388615973074e-06,5.590336103897178e-06,0.5714327515767585,-2.706493167673651e-06,2.0000076075724715,-2.3635672239451567e-08,0.017274071708967883,-0.14738001687054317,250.50499999999997,130.60666713683716,0.08569,14.27,602.02,-0.012628993645636844,0.0,481.61600823311755,0.0
2023-06-07 10:00:00+00:00,329.28430379708766,8.000093897839502,400.001583445623,22.849606404659916,94.49464206984062,7.099353955122776e-06,1.8749073816721857e-06,5.858997992042393e-06,2.198761442936448,-2.7065174322921408e-06,7.695658215327848,-2.5608916562563325e-08,0.0041330263204202,0.3300568596522576,226.97,130.60666713683716,0.07995,14.67,547.76,0.03463946742050444,0.0,438.2080082311872,0.0
2023-06-07 11:00:00+00:00,419.9991527889743,8.000093582828816,405.69723376933166,23.999633742649884,499.9998032073259,6.008033124381335e-06,1.9608872675779664e-06,5.7095148348506984e-06,174.99985559706914,-2.647963017308925e-06,612.4994877412992,-2.6068700853647614e-07,6.382637022575292e-06,700.1165200490474,117.05,142.16687364927594,0.0703,15.37,291.01,66.72110436067422,0.0,232.8080079629328,0.0
2023-06-07 12:00:00+00:00,899.9989576096393,8.00009327846479,1016.1682356024711,21.326736244735777,0.00019065455987058336,8.042181643272384e-06,1.7828164278133669e-06,6.325739396343294e-06,31.25203145839992,-2.739982821562888e-06,109.38210362333744,-1.1659943626670318e-07,2.228409052942636e-06,2.5828632967849217,160.14999999999998,131.48065650891252,0.0732,15.52,391.76,0.25363717574427935,0.0,313.40800807989746,0.0
2023-06-07 13:00:00+00:00,899.9991322607442,8.000092933650865,1120.4694981643956,21.86708389967848,0.0007025539180214797,7.665073877100247e-06,1.7869224415227777e-06,6.3710076298913075e-06,174.9996161448655,-2.728842626383393e-06,612.4986500709617,-2.866690701084474e-07,1.6922696398846975e-06,270.6717606533059,60.405,156.07645693252417,0.07226,15.82,159.87,26.325535441140538,0.0,127.89600790754965,0.0
2023-06-07 14:00:00+00:00,899.9997987280535,8.000092586200651,1727.3658010312045,18.934194659213787,3.573667035267368e-05,3.7285059381243134e-05,1.3239928748461793e-06,9.840451666855037e-06,8.217352256994444e-05,-2.973499455665653e-06,0.00028352085791413827,-2.077537351780792e-08,9.109036032920297e-07,90.57813535655467,64.49499999999999,155.07306622137935,0.0788,15.84,169.33,9.402010450010374,0.0,135.46400801024743,0.0
2023-06-07 15:00:00+00:00,899.9997941966536,8.000092021534945,1718.7292555676818,17.9879284555113,0.0001075047295852909,1.6314731034363286e-05,1.571596218872643e-06,7.634175938043075e-06,0.00034206994350386805,-2.840144022849628e-06,0.0011913232058178567,2.1623773738631847e-07,1.5922011994528048e-07,3.3663024887131017,134.63999999999996,138.00587813149474,0.0757,15.14,330.24,0.3389866606134094,0.0,264.1920086700148,0.0
2023-06-07 16:00:00+00:00,899.9998804066826,8.00009159408777,1710.1368003968114,19.50161873316433,8.770908805164415e-06,9.55200359179685e-05,6.483058545898183e-07,3.6162711763046915e-05,2.3092461042195573e-05,-3.356343505805749e-06,9.423300236332689e-05,1.0119234998825903e-06,4.110156317275566e-08,0.6643755758689994,136.70499999999998,137.36947810328448,0.097,14.13,336.24,0.08105382025601793,0.0,268.992009593653,0.0
2023-06-07 17:00:00+00:00,899.9997893267176,8.000089436751296,1701.586209615906,19.51926606984701,6.825032758029877e-06,122.99678847172147,5.104747224920379e-07,7.44073544225459e-05,1.7080821666040568e-05,-3.4556581892104242e-06,9.684199568048013e-05,4.330333821732677e-06,3.626167259282591e-08,0.7337259311987439,37.994999999999955,161.72556784960364,0.09993,13.82,106.61,0.09166438058465907,0.0,85.28801593526046,0.0
2023-06-07 18:00:00+00:00,771.8781412207059,8.000084981818794,1693.078371079488,16.041302261745304,6.80972338511492e-06,135.52683013199868,5.09238026299785e-07,0.00013609089593957224,2.260259020920644e-05,-3.4270705300083198e-06,6.307592499586825e-05,99.05543321547279,4.6351343089358994e-09,-1.53596646611182,29.525,163.51597326230174,0.1178,13.38,89.73,-0.18093684970797239,0.0,170.83954111944087,0.0
2023-06-07 19:00:00+00:00,630.7043663705417,8.000076825479546,1585.557609084543,16.00000004436402,6.7643431263762805e-06,172.67464159917455,4.968181938570113e-07,0.00014589151987717938,2.3792550132021357e-05,-3.4259761116163437e-06,6.439765219311084e-05,179.9278855141016,2.718514798566263e-09,-0.43388687524881575,0.11999999999995,172.36087298771022,0.1123,13.0,6.34,-0.04872549609044201,0.0,185.00000312272243,0.0
2023-06-07 20:00:00+00:00,450.83495453183764,8.00006808080184,1397.701999922671,16.000000043269203,6.764162072741342e-06,172.83464205090357,5.069572991388461e-07,0.00015638911776829977,2.4830386174942865e-05,-3.42432797209345e-06,6.669192066997657e-05,198.29987599044338,1.2331210513442776e-09,0.19856592134191817,0.0,173.03333568418572,0.10489,12.62,0.0,0.02579172752310175,0.0,198.30000228717208,0.0
2023-06-07 21:00:00+00:00,270.79887555574203,8.000058706403001,1192.413680624535,16.000000042179533,6.77488425338472e-06,163.96632023465492,5.012548839923329e-07,9.330105919717511e-05,2.8975317602859742e-05,-3.4107172831091228e-06,5.863271783272963e-05,206.6998970169594,4.368144659615836e-10,9.06695498921104,0.0,173.03333568418572,0.0949,12.38,0.0,1.0871279032064036,0.0,206.7000017319845,0.0
2023-06-07 22:00:00+00:00,100.00063181519869,8.000053117555035,979.7517738371706,16.000000041095007,7.500010168483373e-06,0.0004599953941262146,5.400133843810003e-07,0.00010487644015170967,3.2501097878606397e-05,-3.387222808342885e-06,6.40157180910572e-05,218.24988119886487,-4.821582011332607e-10,119.99947228206436,0.0,120.0,0.09393,12.05,0.0,14.271537238505914,0.0,218.25000099714688,0.0
2023-06-07 23:00:00+00:00,100.00015985333957,8.000046834870618,756.603197784838,16.000000040015482,1.5294248982781678e-05,4.727241406887615e-05,7.524245731547311e-07,2.7081220893702036e-05,6.852513843217492e-05,-3.2529322807102363e-06,8.047804054422484e-05,218.24982582627706,-5.289639824509752e-10,120.00000696524475,0.0,120.0,0.08926,12.05,0.0,13.711200795848866,0.0,218.25000092267268,0.0
2023-06-08 00:00:00+00:00,100.0001252937206,8.000045224508607,534.5704364476774,16.000000038941078,2.5604841559458195e-06,2.0420499723246596e-05,1.2231960218265352e-06,1.3441232153582171e-05,24.672143044330287,-3.033762302705206e-06,0.00018739577329200503,131.8976805685039,-5.755458346240091e-10,144.6721099325163,0.0,120.0,0.082,12.05,0.0,15.479915762779243,0.0,218.25000023332444,0.0
2023-06-08 01:00:00+00:00,100.00010648043151,8.00004444180873,400.0000910927083,16.000000026852742,0.00017910829403099666,8.032986532322514e-06,1.6061190681686463e-06,8.81851401011874e-06,144.14807182821232,-2.7586975590830627e-06,286.2684115569881,0.0001596271092329873,2.982338231123979e-10,264.1482329324273,0.0,120.0,0.07292,12.05,0.0,25.86539496874328,0.0,218.2500029107135,0.0
2023-06-08 02:00:00+00:00,100.00027005669948,8.000043943967428,684.2683425671237,16.000000057932077,216.80157764529392,6.964286565043593e-06,1.8428653449693098e-06,7.060508320189213e-06,174.99990980744005,-2.661350181976033e-06,392.1498290289697,0.00014474026179596522,1.0455620063677762e-10,511.80147260945427,0.0,120.0,0.07098,11.99,0.0,49.12270534105542,0.0,220.3500023449515,0.0
2023-06-08 03:00:00+00:00,308.1297773417165,8.00004355623403,1072.996685142996,16.000000062113713,1.7854772983519107e-05,2.1371127754913425e-05,1.1695827347501623e-06,1.2440928797987847e-05,0.0001299163033350056,-3.0230142388347733e-06,0.00011099251655547551,214.74965209309352,1.4370361319154485e-10,120.00011210558824,0.0,120.0,0.08094,12.15,0.0,12.712811876466018,0.0,214.7500015235047,0.0
2023-06-08 04:00:00+00:00,308.12977222070714,8.000042832512793,852.8821606167039,16.00000004848159,1.3094262902083492e-05,3.286582449462916e-05,1.1390415924368055e-06,1.536370980130924e-05,9.202144272421943e-05,-3.1018092783395853e-06,9.425765730015963e-05,211.50376616626852,9.059948071621334e-11,120.00005492340362,0.0,120.0,0.08356,12.16,3.62,13.027205962484697,0.0,214.40000166746643,0.0
2023-06-08 05:00:00+00:00,308.1297505559657,8.000041932811547,637.1140779050093,16.000000046708998,7.102577887068964e-06,108.23355319803659,7.155817545683312e-07,1.9551866377667985e-05,5.0151489898203054e-05,-3.270971244232878e-06,6.538422069990935e-05,172.98788163334711,9.852505598352154e-10,1.9914819487753117,9.775,120.0,0.0909,12.5,36.89,0.23081275786305863,0.0,202.500002227386,0.0
2023-06-08 06:00:00+00:00,195.38647279315236,8.000040773537481,460.9406912663577,16.000000044969816,7.1240877487132815e-06,91.57090832055496,8.50940714580997e-07,1.3635767935345447e-05,5.4572200508910485e-05,-3.267783077182869e-06,7.116830116373096e-05,56.625872328113836,2.783067922946783e-09,1.6390293583363797,60.019999999999996,153.2298920352134,0.0914,13.01,160.03,0.1907830173103546,0.0,184.64999847244675,4.0387281075027204e-08
2023-06-08 07:00:00+00:00,100.00011679836518,8.000039971904586,402.0101866502133,15.999999959612719,1.58182549459277e-05,5.1169610512989966e-05,1.1760439202625566e-06,7.999686710863057e-06,5.884852602670439e-05,-3.12122896817467e-06,0.00020090285328074883,-3.902505960913117e-07,0.03277579530895735,45.35110150104723,99.12,144.4710879487485,0.08377,13.61,249.64,4.932839310268908,0.0,199.7120071865012,0.0
2023-06-08 08:00:00+00:00,100.0000786822123,8.000039514810531,400.0003370100661,16.32690605918555,4.9948486686173455e-06,1.738641734615567e-05,4.1363194616623514e-07,8.637687644610475e-06,0.5713448530283001,-2.814370530462062e-06,1.9997022596960838,-2.759376716461461e-07,0.08360729854836495,25.613942273065977,115.68,140.7226208500326,0.07464,13.92,287.99,2.552173208088294,0.0,230.39200771011983,0.0
2023-06-08 09:00:00+00:00,100.00006536641563,8.000039004564071,400.00003786064957,16.68392331274773,0.0005772712441711534,7.899726644341744e-06,2.814883109442771e-06,3.0551625073423746e-06,113.3777084721412,-2.46759941267406e-06,396.821970491905,3.7804501246971237e-07,0.2770239473497945,1.002635236733934,242.15,129.77436010095403,0.0685,14.33,590.17,0.09374639463462284,0.0,472.13600923432455,0.0
2023-06-08 10:00:00+00:00,100.0006113179281,8.000038876131699,794.8220077852063,18.29605109050658,0.003982327296598139,7.681112344608959e-06,2.514664368409816e-06,4.974588659161905e-06,174.99980383584946,-2.4222309818089935e-06,612.4993056989855,2.557997705492661e-07,0.3895736675819358,10.4731337008325,294.305,129.77436010095403,0.06422,15.05,721.49,0.9344129887882757,0.0,577.1920090664909,0.0
2023-06-08 11:00:00+00:00,100.00442635097414,8.000038626667388,1403.347203189466,19.27299990389151,499.9997053570928,6.517791289586121e-06,2.2260474285101955e-06,6.0716318431579e-06,174.9999098227236,-2.3653773553674327e-06,612.4996775220303,2.1656741947959285e-07,0.3760254201225908,567.6039625520175,237.17,129.77436010095403,0.0633,15.54,579.35,50.119429893343145,0.0,463.4800089824885,0.0
2023-06-08 12:00:00+00:00,580.0041367044173,8.00003830574531,2008.8301444789813,19.05996650763826,333.3287200971962,7.19235177011533e-06,2.8794897972882193e-06,3.0932251634304704e-06,174.99989725732067,-2.4015287371552787e-06,612.499631466955,1.7753824025381796e-07,0.24816249619278946,321.242967647855,316.86,129.77436010095403,0.06406,15.92,775.38,28.609898698717966,0.0,620.3040088989497,0.0
2023-06-08 13:00:00+00:00,899.9997005056925,8.000038176288905,2611.285625046003,21.663281620568338,9.790438993486557e-05,1.861743808319618e-05,2.562785892437171e-06,4.323387491594359e-06,104.64056680337848,-2.5390915819156213e-06,366.24197564763614,2.2901757332256556e-07,0.025551506576055292,2.090001891591213,232.32499999999996,129.77436010095403,0.06793,15.96,563.96,0.19422387578557143,0.0,451.1680089058767,0.0
2023-06-08 14:00:00+00:00,899.9997751007422,8.000037966839036,2964.4711723393916,23.999992672356203,0.00017246184868049277,1.012410564653439e-05,2.5002295255199635e-06,3.5625165928215345e-06,7.9575901902933115,-2.556741211549974e-06,27.851556495596423,7.781332163586301e-07,1.0562977442058529e-07,0.92868600649858,141.89,134.8609370974905,0.07117,15.22,347.96,0.08931173324496844,0.0,278.3680099111512,0.0
2023-06-08 15:00:00+00:00,899.9999301181736,8.000037801826014,2977.500372195158,22.048973963880176,3.475675551700441e-05,2.1145242318584586e-05,1.6728336188535592e-06,5.5190657881475085e-06,5.317511733197212e-05,-2.91014528035094e-06,0.00017755563898604203,1.6412419097676934e-06,4.453265062708884e-08,20.193025404078146,119.735,139.92796537382506,0.0761,15.1,296.12,2.0415148683523006,0.0,236.89601118081583,0.0
2023-06-08 16:00:00+00:00,899.9999414583647,8.000037503272468,2962.6130462485794,20.502977683102138,1.3966662663160964e-05,3.0589845311727945e-05,1.0418480157585035e-06,9.513656029770895e-06,2.52165371717576e-05,-3.215379416130698e-06,7.966985219387826e-05,5.191389569319938e-06,3.392356335299979e-08,110.9715539528759,45.695,156.6665570467088,0.08565,14.75,124.87,12.27900244488572,0.0,99.89601725575109,0.0
2023-06-08 17:00:00+00:00,899.9999230019386,8.000036952714087,2947.8000554957994,17.25297973740383,6.81695756716994e-06,122.00308290244786,5.86209165276576e-07,2.5346826980659222e-05,2.3176593346856226e-05,-3.4325550557724e-06,3.769529991186648e-05,33.410205752463426,1.344132280659634e-08,0.7622556875555586,36.12,158.88533678962537,0.09994,14.25,102.17,0.09523622560319149,0.0,115.14626351978961,0.0
2023-06-08 18:00:00+00:00,772.9133848561679,8.000035443184593,2899.650887161157,16.0000000599028,6.802207282405798e-06,134.09208217355933,5.852984487917897e-07,2.5458514796505875e-05,2.360821194324605e-05,-3.431305585998122e-06,3.78737459705903e-05,92.99794651660918,8.142611386564498e-09,-0.5838261298660095,27.329999999999952,160.838253937796,0.1138199999999999,13.75,82.19,-0.06645109010134913,0.0,158.75000569557284,0.0
2023-06-08 19:00:00+00:00,633.2341391221626,8.0000339269354,2792.1547240824875,16.00000005873503,6.76065667196616e-06,168.1371292921975,5.902212613972127e-07,2.390097661686247e-05,2.4208991456596678e-05,-3.4296053288311058e-06,3.7652631498144106e-05,175.0559440207042,4.302962020747535e-09,0.20392768837821296,0.0,168.3410527512883,0.10502,13.16,5.43,0.026514678042935252,0.0,179.40000443491715,0.0
2023-06-08 20:00:00+00:00,458.0913025996872,8.000032504243848,2603.138044094002,16.000000057572798,6.761897155904174e-06,167.06420956623788,6.074243126837227e-07,2.0182851708516266e-05,2.5209533795542313e-05,-3.426917815210968e-06,3.782862898779686e-05,195.49994229455785,2.248762643207571e-09,1.8075999076179605,0.0,168.8718005047701,0.09658,12.7,0.0,0.21976799676819164,0.0,195.5000034346447,0.0
2023-06-08 21:00:00+00:00,284.066090792944,8.000031304997595,2394.622449407603,16.000000056416024,1.0174639026462542e-05,5.1651660467605e-05,7.786304813243097e-07,1.2769033294118938e-05,3.320391369181589e-05,-3.3231738423887055e-06,4.5688153896727996e-05,201.44992684082968,1.591464988246665e-09,168.8717769180857,0.0,168.8718005047701,0.091,12.53,0.0,19.58912612249794,0.0,201.4500030147549,0.0
2023-06-08 22:00:00+00:00,284.0660467567845,8.00003055396379,2181.1994560078892,16.000000055264692,6.9800140847483984e-06,0.012575381034235911,6.125420615461679e-07,1.9734835129705778e-05,2.654755925422617e-05,-3.423235072552667e-06,3.9289880813160774e-05,208.09993850328587,9.357399048309605e-10,119.98743560101096,0.0,120.0,0.095,12.34,0.0,14.398492272121315,0.0,208.10000255524432,0.0
2023-06-08 23:00:00+00:00,284.052954102354,8.000029381701026,1962.1935595144448,16.000000054118754,1.1614878501248578e-05,3.779955838356354e-05,8.939994824298355e-07,1.5907962836235503e-05,3.788240128313532e-05,-3.286436729757052e-06,5.149588471849554e-05,214.39991314158547,3.719218858183969e-10,119.99999339732133,0.0,120.0,0.0897,12.16,0.0,13.763999242672757,0.0,214.40000211610686,0.0
2023-06-09 00:00:00+00:00,284.05292587809737,8.000028444562531,1737.9827300711718,16.00000005297812,5.6036238374039275e-05,9.888191982915577e-06,1.3785400337626042e-06,7.794111863675771e-06,0.00012416843657019164,-2.989951537068197e-06,0.00010765155029961831,221.74967218355425,-2.1419461932442336e-10,120.0001609109596,0.0,120.0,0.07973,11.95,0.0,12.567616852204797,0.0,221.75000161735824,0.0
2023-06-09 01:00:00+00:00,284.0529693726862,8.000028003753268,1507.543251888812,16.000000051842985,202.85044697569109,6.718440167828973e-06,1.6145236644296916e-06,7.073709931401358e-06,28.230208623551146,-2.8575503710235607e-06,0.00018847240378525514,126.79445746836939,-5.197635605788962e-10,351.08064056406545,0.0,120.0,0.076,11.84,0.0,35.45914469697061,0.0,225.60000130101668,0.0
2023-06-09 02:00:00+00:00,478.78939147097446,8.000027610774586,1373.2112666334024,16.000000050391442,0.0008723397624352652,7.134271068102418e-06,1.6316735132752784e-06,6.218026382643382e-06,66.45625526682122,-2.865605869910229e-06,0.0002376575909851371,0.0033436216540596066,-9.779180137471636e-10,186.45711302035383,0.0,120.0,0.07626,11.64,0.0,18.880647264441027,0.0,232.60000091360598,0.0
2023-06-09 03:00:00+00:00,478.79022148561404,8.000027269476506,1366.3421043361723,16.000000050438903,1.2979791413522909e-05,3.0799545934014576e-05,8.733896233500846e-07,1.3600412999003691e-05,5.361298389854457e-05,-3.2228220602624894e-06,7.062104473258077e-05,236.79987494722653,-2.2236743656942956e-09,120.00001984338394,0.0,120.0,0.08866,11.52,0.0,13.63920225539902,0.0,236.7999983013207,0.0
2023-06-09 04:00:00+00:00,478.79020186335345,8.000026470402917,1122.7105894883096,16.000000024081373,6.820382503470619e-06,119.2068550566618,5.781376311723917e-07,2.831965601056517e-05,3.4514972227448385e-05,-3.3968967802568244e-06,5.200951079529801e-05,237.35591367224407,-2.312006416149013e-09,0.7931551402777756,0.0,120.0,0.09975,11.38,5.43,0.09894610374965251,0.0,241.69999892596746,0.0
2023-06-09 05:00:00+00:00,354.6164010602313,8.000024782328433,879.7411748781346,16.000000028011165,6.829359960175568e-06,111.95902736845247,5.841446017991025e-07,2.6493789534563754e-05,3.6017365252412894e-05,-3.399780340097651e-06,5.311639373327376e-05,212.8739114422341,-1.9112390783161826e-09,0.2959861688474624,7.745,120.0,0.1039699999999999,11.49,31.22,0.0381733361962572,0.0,237.8499995664889,0.0
2023-06-09 06:00:00+00:00,237.99242077427886,8.000023203934042,662.4686106779036,16.00000003356405,6.804102808303944e-06,132.4726104369638,6.001889775769493e-07,2.371796720482113e-05,3.08263683052179e-05,-3.4140095842964466e-06,4.6029686571329766e-05,173.4559256978225,-1.2263217473951029e-09,0.29872297403101344,25.31,158.08132231231153,0.10394,11.6,75.68,0.03851734027155888,0.0,234.00000078313255,0.0
2023-06-09 07:00:00+00:00,100.0001247677136,8.000021792418543,485.7003879563781,16.000000045878448,8.548255493094346e-06,0.00011415524543523645,8.311988392640593e-07,1.3906448734166214e-05,3.986569147277026e-05,-3.3222940592655386e-06,5.521539625892326e-05,83.27190611541988,-7.33831584167205e-11,85.33377482724849,64.515,149.84885696609092,0.09139,12.08,167.41,9.931998052143452,0.0,217.19999687538677,3.781396706870055e-08
2023-06-09 08:00:00+00:00,100.00001406232488,8.00002097415817,400.00003511657263,15.999999962186033,28.73613692828603,7.603719936489135e-06,3.1405546586842113e-06,3.988457254242601e-06,0.5719135057563598,-2.436260388729573e-06,2.0016887150621954,6.060820830450291e-07,0.07567312360783655,-0.5123824654408394,159.82,129.99957798839966,0.08226,12.8,388.58,-0.04214858160716345,0.0,310.86400954118943,0.0
2023-06-09 09:00:00+00:00,127.58669759293787,8.000020796073743,400.0017230499699,16.992464931707577,18.6734777660351,7.617801600666878e-06,3.075541636539837e-06,3.976227931841706e-06,71.4176278845774,-2.436233199457843e-06,249.96168903258442,5.061923951694093e-07,0.14305025960597798,0.09076530116842944,218.975,128.97467060527703,0.07543,13.4,530.92,0.00911555919634537,0.0,424.7360094411175,0.0
2023-06-09 10:00:00+00:00,145.51322831312157,8.000020617455267,647.9634029611121,18.36876134924007,3.3322866451259e-05,1.3870359824150296e-05,2.146104443730687e-06,4.394822368941865e-06,8.222230793264196e-05,-2.696269856096966e-06,0.0002795629658069348,5.644637080064398e-07,0.12787612394739187,14.325190530059087,123.14499999999995,137.4700938002323,0.07003,14.0,305.34,1.3613228560715152,0.0,244.27200918664417,0.0
2023-06-09 11:00:00+00:00,145.51324585478187,8.000020395592776,644.7238649448087,17.135884930476504,499.99992782546093,5.368843681695132e-06,3.3717606106384423e-06,3.3174799206435274e-06,174.99994285450327,-2.247720817898352e-06,612.4997912437922,2.8493796394112616e-07,0.22871977889585252,613.6295337229575,190.345,128.97467060527703,0.06111,14.35,465.45,52.83963914888387,0.0,372.3600091288995,0.0
2023-06-09 12:00:00+00:00,625.5131709746788,8.00002026227998,1254.000036578939,17.799582889790802,250.4227278360528,7.301712080385932e-06,2.841532658904252e-06,3.682015346812361e-06,174.99983642855162,-2.4143851943853195e-06,612.4994188882656,2.4541204345440837e-07,0.37813402348089953,259.6472243133014,294.75,128.97467060527703,0.06406,14.88,724.16,23.124181797342626,0.0,579.3280090442465,0.0
2023-06-09 13:00:00+00:00,865.9189820913394,8.000020096752394,1860.2294550388979,19.141007640626384,0.00011870837017420856,9.083607644788677e-06,2.5437592596745735e-06,3.954873066513878e-06,167.82728992907246,-2.5083930205815593e-06,587.3955062829134,2.1536039086277188e-07,0.3756452814186033,1.3370662396051551,295.465,128.97467060527703,0.06839,14.81,723.8,0.12486861611672545,0.0,579.0400089693026,0.0
2023-06-09 14:00:00+00:00,865.9190865892836,8.000019909044545,2438.323813831256,19.309531022141265,35.50068530197733,7.594263371007881e-06,2.792044461063865e-06,3.914251923992172e-06,174.99990302094048,-2.3994820757711235e-06,612.4996522284938,1.669021373653817e-07,0.2468653907802074,0.330247812241955,339.145,128.97467060527703,0.07264,14.65,830.06,0.03224539638730448,0.0,664.0480088761891,0.0
2023-06-09 15:00:00+00:00,899.9997365684908,8.000019728616254,3038.631846823691,21.124145084838812,0.00010174507844850778,1.2536404626411878e-05,2.394654914759313e-06,4.496325796870499e-06,145.9608838536565,-2.543833040209343e-06,510.863085451952,1.649727105793198e-07,0.028746122407352696,-0.10436097789655893,275.04,128.97467060527703,0.08063,14.36,665.92,-0.008414625647799545,0.0,532.7360088298518,0.0
2023-06-09 16:00:00+00:00,899.9998211850113,8.000019505510165,3534.3017728765517,23.999997414245396,6.812599882448229e-05,1.5247073209745459e-05,2.0364153759405747e-06,5.598035414120298e-06,0.0001448295171683312,-2.6402733110941035e-06,0.0004984512367663459,1.76549749066717e-06,2.2757563205413286e-08,-63.54013788817355,192.515,128.97467060527703,0.095,13.91,473.09,-6.036313099376487,0.0,378.47201152232503,0.0
2023-06-09 17:00:00+00:00,899.9998707036023,8.00001920930852,3516.630760697908,23.020691036149465,7.360977313028323e-06,51.92348941978795,9.382180432487449e-07,1.3552832769176671e-05,2.2324650787379605e-05,-3.232201627710949e-06,7.233497917379229e-05,5.2865755606292165e-06,9.147974975471563e-09,-0.5039921732341883,90.625,142.044483407742,0.10412,13.45,254.37,-0.05247566507714369,0.0,203.4960173749775,0.0
2023-06-09 18:00:00+00:00,845.9129096245281,8.000018414354312,3499.047673942822,19.23302215010453,7.237761523075576e-06,144.572430281329,9.27048297207939e-07,1.5194981333577115e-05,3.590278151989977e-05,-3.1982205649056986e-06,5.095581103644743e-05,60.78529562749472,4.263566474757834e-09,-0.8251568742740893,15.14,158.88724773266543,0.10645,13.1,66.7,-0.08783794926647681,0.0,114.14537780166758,0.0
2023-06-09 19:00:00+00:00,695.3166350297281,8.000017520643503,3420.767190901424,16.00000006189809,7.2229101203526226e-06,155.90330060842354,9.156386625544678e-07,1.6195540627848776e-05,3.603719353049559e-05,-3.197014023765144e-06,5.0127623512954974e-05,160.78192021745852,3.858326973117058e-09,-0.5039874061389079,6.875,162.274288419097,0.10412,13.03,28.96,-0.052475168727183094,0.0,183.95000439184693,0.0
2023-06-09 20:00:00+00:00,532.917370496614,8.000016566670622,3242.8814848570814,16.000000060708253,7.211231945579731e-06,164.791966565821,9.032722148268882e-07,1.7386332596108606e-05,3.70628463422789e-05,-3.1948962427821263e-06,5.0891279513704e-05,217.19991456355956,4.4299341495276277e-10,0.08141105668587097,0.0,164.87335302638522,0.09748,12.08,0.0,0.009971226222885475,0.0,217.2000023997278,0.0
2023-06-09 21:00:00+00:00,361.25907891333304,8.000015541001908,3009.4672137605157,16.000000059412113,7.254427264185707e-06,131.96568624217613,8.939374386511811e-07,1.8559682915740037e-05,3.8436249513571435e-05,-3.1929060677902517e-06,5.232786030503753e-05,240.2999089550137,-1.1126784045050755e-09,32.90769161623432,0.0,164.87335302638522,0.086,11.42,0.0,3.652753769402009,0.0,240.30000098482773,0.0
2023-06-09 22:00:00+00:00,223.79482937531643,8.000014444743087,2754.12002106456,16.00000005806197,7.271703188279593e-06,118.84096999998579,8.783885741141605e-07,2.0407222391062173e-05,4.481006397221045e-05,-3.1893350129781935e-06,5.8934604306748924e-05,250.4498912012794,-1.7215556349038197e-09,1.1590593636125304,0.0,120.0,0.08903,11.13,0.0,0.13216753923273683,0.0,250.450000229513,0.0
2023-06-09 23:00:00+00:00,100.00215927283294,8.000013237317578,2489.899588692562,16.000000055807746,8.798041943800366e-06,0.00011727869091165491,9.649623775089906e-07,1.747944818423978e-05,5.4598618112511866e-05,-3.1321915636394936e-06,6.683225258450291e-05,265.1498659475643,-2.411771201237737e-09,119.99992647129177,0.0,120.0,0.0841,10.71,0.0,13.091991978017932,0.0,265.1499993452192,0.0
2023-06-10 00:00:00+00:00,100.00204555365016,8.000012207264447,2212.3002916337873,16.000000054797635,8.674711040710182e-06,0.0001256733921432957,9.55995437885796e-07,1.834568274420271e-05,5.6324311575687835e-05,-3.1314204997248575e-06,6.808938882085814e-05,276.34985983563433,-2.8796915425021298e-09,119.99991880452265,0.0,120.0,0.08413,10.39,0.0,13.095591139137555,0.0,276.3499986232077,0.0
2023-06-10 01:00:00+00:00,100.00192297158928,8.000011125057172,1924.8889984293726,16.000000053656816,1.2807260272303805e-05,5.611877119313518e-05,1.1959182792530096e-06,1.4702936509502184e-05,0.0001319215872746391,-2.9491284209037156e-06,0.00014546163072256965,288.5996721395834,-3.989984384341941e-09,120.0000721539297,0.0,120.0,0.0803199999999999,10.04,0.0,12.638407599251863,0.0,288.5999957759266,0.0
2023-06-10 02:00:00+00:00,100.00187680950582,8.000010266115494,1626.665026759273,16.000000029549344,1.7879494969826223e-05,2.5489959508660327e-05,1.2969542417708258e-06,1.3648956567051122e-05,0.00021351206632268772,-2.864013934509997e-06,0.00018748156687340136,305.0494298026011,-4.133983540274875e-09,120.00019068558552,0.0,120.0,0.07744,9.57,0.0,12.29281953383138,0.0,305.04999633216215,0.0
2023-06-10 03:00:00+00:00,100.00186742177983,8.000009472389335,1313.4824593044423,16.00000004055062,1.2934386670078887e-05,3.644962739710749e-05,1.0352045843490512e-06,1.790410359359488e-05,0.0001561168227253395,-2.9520068044325526e-06,0.00016518262105358586,327.44960618159854,-4.068057986463095e-09,120.00011278067618,0.0,120.0,0.07987,8.93,0.0,12.584411827309511,0.0,327.4499970182428,0.0
2023-06-10 04:00:00+00:00,100.00184187042917,8.000008418224192,979.4656060089426,16.00000006475131,1.3398118160018112e-05,3.224186173926787e-05,1.173933183046083e-06,1.9961015862239142e-05,0.0001712682641888829,-2.8726331845172605e-06,0.00018674922568150758,312.02956640445024,-5.7820170367821226e-09,113.61513076480472,6.385,120.0,0.07943,8.75,27.15,11.864828105768556,0.0,333.74999022295344,7.905036625288631e-10
2023-06-10 05:00:00+00:00,100.00182114734996,8.00000724333745,662.5388983236733,15.999999999209496,7.571684378277463e-06,0.0016317207808826373,8.237719342017881e-07,4.885163336232368e-05,7.427546704545045e-05,-3.1451511424626913e-06,8.565453409786468e-05,233.39579253993497,-3.7554671735827e-09,96.51839895335796,23.48,120.0,0.085,9.82,78.63,10.617023884869376,0.0,296.29999793197925,0.0
2023-06-10 06:00:00+00:00,100.00012870702021,8.000004328011467,425.8304969466541,16.000000045801812,1.0919927788974379e-05,0.0001373704922600407,9.449619716455271e-07,3.7371947953521945e-05,0.00017420395944664933,-3.037016887644349e-06,0.00017308497892519535,23.701537097019436,2.3847244050660637e-11,55.743053285416345,85.695,141.4380449960242,0.08181,12.15,238.81,5.953915521415319,0.0,214.74999687961542,3.9126133444256084e-08
2023-06-10 07:00:00+00:00,99.99999609588812,8.000002103898938,399.99998044988035,15.999999960873867,2.830564281716717e-05,2.3135787161503536e-05,9.179221342727988e-06,1.6869286396899313e-06,0.5714368446502215,-6.847465003998645e-07,2.0000161278161532,4.601041595002123e-06,0.1027309236715251,-51.07571588715419,179.855,128.20783529079375,0.05971,12.77,445.39,-3.0497309956219767,0.0,356.31201793245225,0.0
2023-06-10 08:00:00+00:00,99.99999916952694,8.000002181685813,399.9999920744055,17.268636447008095,3.285303260500728e-05,2.806797240305127e-05,249.9999385533577,6.41734491797287e-07,0.5714398095962175,3.0527267597518067e-06,2.0000200919183255,1.2656018197856442e-05,0.261184776179935,116.48922084980012,262.29,128.20783529079375,0.01006,13.69,645.49,4.084112082993992,0.0,516.3920353691003,0.0
2023-06-10 09:00:00+00:00,100.00000147096699,12.875488493603411,399.9999995499336,18.417913361873694,4.043381452393526e-05,3.132783883279847e-05,249.99999285377277,6.619255235687531e-08,64.51523378356016,1.5159633581844362e-05,225.80328019515923,3.288013625749562e-05,0.39710547582475236,141.38808612754346,301.335,128.20783529079375,-0.01,14.99,757.89,2.1208212919131517,0.0,606.3120859818097,0.0
2023-06-10 10:00:00+00:00,100.00000765426348,17.75097589902097,623.8032468672069,19.409278202747323,3.7317321371006896e-05,4.20694356970819e-05,249.99999588341427,-9.284869408510899e-08,174.99997172003563,189.39393679933752,799.9998230296447,2.988641607684814e-05,0.38740044557058967,552.8967350343155,189.705,128.20783529079375,-0.02201,15.92,476.88,1.6531612377526042,0.0,381.50410524324616,0.0
2023-06-10 11:00:00+00:00,99.99999965656315,22.626463373065874,1420.6840237760994,18.72689966744582,499.99996840406806,9.670922862821476e-06,249.99999914623754,-5.150771049699961e-07,174.99999447107376,599.9999987210199,799.9999558716486,2.778731939591174e-05,0.3983276133204875,1595.9645194093525,74.08,145.044567822799,-0.05627,16.25,194.87,-49.90581052193045,0.0,562.3960509376845,0.0
2023-06-10 12:00:00+00:00,579.9999592505905,27.501950936078437,2213.580531741548,20.19097886223431,333.33339979056495,2.0399815387695066e-05,249.99999873766023,-4.141073880428335e-07,174.999992663694,599.9999969135708,799.9999545985196,2.8353006089013253e-05,0.08458157115884016,1446.4077038590963,59.765,147.8393357393143,-0.05005,16.76,160.82,-36.23251298167036,0.0,535.1560447319755,0.0
2023-06-10 13:00:00+00:00,900.000001799725,32.377438485064154,3002.5125553283538,23.99900099388461,3.6337290248703254e-05,3.965460508641882e-05,249.99999421676225,1.224180817539223e-07,152.0022996095695,3.8834036511106206e-05,532.0079743991457,5.379597175902158e-05,0.00010700071077253245,534.0958928840525,23.044999999999998,155.13856366341716,-0.01792,17.03,71.89,3.7813989216190933,0.0,57.51216656170815,0.0
2023-06-10 14:00:00+00:00,899.9999953766434,37.2529259136888,3519.507913154886,19.22676434981979,4.077660077284498e-05,2.8212137260652006e-05,249.99998438918104,5.305039835818605e-07,2.8207335714020317e-05,6.956134995446577e-06,4.8627187413617944e-05,0.00023203793685929418,0.000491848667182722,375.63105707399825,28.42,154.05102548738697,-0.0035,17.12,85.14,8.076067727090964,0.0,68.11228939435087,0.0
2023-06-10 15:00:00+00:00,900.0000051345372,42.12841312616884,3501.9101901783624,17.692183781186234,2.3299479310281025e-05,2.4907845170257843e-05,3.9239395100842105e-06,4.59645646289691e-06,7.489137066828577e-06,-1.9934136914771803e-06,9.6941233114423e-06,0.0002331893247125661,0.00036781634823052637,117.18323435220535,35.47,152.65323113736477,0.0445,17.01,102.17,8.144234787478272,0.0,81.73625095122111,0.0
2023-06-10 16:00:00+00:00,900.0000015563653,42.12841292687834,3484.4004157322693,17.29526736464241,1.298638604124067e-05,3.840757330225298e-05,9.538037929379622e-07,4.1610795874695686e-05,1.983476873488436e-06,-3.44041813802509e-06,1.227244982305423e-05,0.00023723120969419074,0.001306887194717108,125.06880430053292,28.905,153.9738718356535,0.07497,16.68,86.08,12.503128365924276,0.0,68.86425762247208,0.0
2023-06-10 17:00:00+00:00,899.999974015407,42.12841044858193,3466.978188694848,16.709990843985604,7.800145770375019e-06,0.00038249665660564433,4.5247548927749914e-07,0.0003726672540376454,4.15522525781314e-07,-3.920357459475739e-06,0.00012058819327066574,0.00025037181916304793,0.9998437864513172,136.53427446580199,19.37999999999995,155.91502488192626,0.08616,16.41,62.43,15.17714994961855,0.0,49.944388223878676,0.0
2023-06-10 18:00:00+00:00,899.9995830695296,42.12838809513462,3449.6431679677476,16.31693663813151,7.158605188433262e-06,153.98400456908286,4.093433788649566e-07,0.14448948394731143,3.394034042793964e-07,-3.9558773782356145e-06,0.0002142224659492488,17.61467252325292,0.9999920997783487,-0.7655947808555232,5.58,158.94289532070005,0.1074,16.15,25.54,-0.0822248794638832,0.0,38.1475982111434,0.0
2023-06-10 19:00:00+00:00,739.5995851823293,42.11971786705717,3414.7804938271215,16.000000812378566,6.6123252753161064e-06,499.99879349936595,3.7871596559018245e-07,128.87491803952702,3.1806289130484047e-07,-3.964165299464858e-06,0.00030265671525685103,0.0008434639801236403,3.026160545639933e-06,-469.85590265256553,1.13,160.1478055413886,0.1124899999999999,15.46,10.86,-52.85409048938705,0.0,98.90098062363023,0.0
2023-06-10 20:00:00+00:00,218.76751496832196,34.38644946523033,3397.7060505507206,16.000012012816253,7.2113962866809785e-06,113.5607268660519,4.0059907509452327e-07,47.332834449129635,3.395646476393724e-07,-3.9558328576949325e-06,0.00019841126645626158,82.21756853440812,1.1591285431877323e-06,0.14561913451439068,0.0,161.03917645396876,0.098,14.99,0.0,0.017911153545270054,0.0,115.35035150973414,0.0
2023-06-10 21:00:00+00:00,100.47509807245832,31.546195380685777,3298.500150174825,16.00000658444025,7.363180520285269e-06,0.3001903630585514,4.029658970235365e-07,34.894696173641826,3.397527670620638e-07,-3.955760391753903e-06,0.00018969638727280684,121.02436650429675,6.199325946886123e-07,125.84429406740716,0.0,161.03917645396876,0.0873,14.13,0.0,14.132314223769825,0.0,145.45046140239066,0.0
2023-06-10 22:00:00+00:00,100.16240684625897,29.452304229009936,3160.9834726160416,16.000006568166405,7.230062431160064e-06,0.04274095683930755,3.245558318351184e-07,119.96009653968854,2.912726386920468e-07,-4.002278017672611e-06,0.0002004049973384288,73.72859533372392,5.193362652043824e-07,-0.0028336529149584067,0.0,120.0,0.10243,13.78,0.0,-0.0002902510680791896,0.0,157.70045956370754,0.0
2023-06-10 23:00:00+00:00,100.11789195707796,22.253978610395603,3071.4501603242347,16.000006551901947,7.222624912923799e-06,0.10867534072000828,3.346573696349857e-07,48.56759835302015,2.8951797858191543e-07,-4.004062330392238e-06,0.00018927854433799723,123.00333184437318,5.228519530391165e-07,71.32373014899778,0.0,120.0,0.09,13.8,0.0,8.202228967134745,0.0,157.00045846223415,0.0
2023-06-11 00:00:00+00:00,100.0046954108812,19.33963128100727,2933.089766956785,16.00000653560565,7.228891486569511e-06,0.004466471801018263,3.9475387154389497e-07,0.00014417922979345776,5.630175472116349e-07,-3.935189169633456e-06,3.8115627808208445e-05,158.40039487978254,5.107932929151872e-07,119.99539360044292,0.0,120.0,0.0899,13.76,0.0,13.787470724690891,0.0,158.4004557643397,0.0
2023-06-11 01:00:00+00:00,100.0000497758243,19.33962263708679,2760.023961357846,16.00000650304593,2.3670859646094135e-05,2.0755012807101476e-05,9.865277247494228e-07,2.4157759961768655e-05,2.8143301329257942e-06,-3.391297585784199e-06,7.0569655647403334e-06,160.150438516419,4.981768886664096e-07,119.99997916764714,0.0,120.0,0.077,13.71,0.0,12.239997875100007,0.0,160.15045486265626,0.0
2023-06-11 02:00:00+00:00,100.00005088004454,19.339621206715446,2586.0734100916034,16.000006486754362,1.9727000613080905e-05,2.0942537900732345e-05,1.298849118872413e-06,1.2595506247206357e-05,4.041453517166741e-06,-3.203658000625953e-06,5.385889081332766e-06,170.6504387181427,4.382142163119379e-07,119.99998832560111,0.0,120.0,0.073,13.41,0.0,11.759998855908908,0.0,170.65045312257388,0.0
2023-06-11 03:00:00+00:00,100.00004800282149,19.33962047623958,2402.4926097088915,16.000006470467316,1.2774852003027872e-05,4.383934313830367e-05,1.2973988228571802e-06,1.2654101977386784e-05,4.0355269034526955e-06,-3.204049190085076e-06,5.393060163428864e-06,174.5004373447722,4.1889761635055047e-07,119.99995841028343,0.0,120.0,0.073,13.3,0.0,11.759995924207775,0.0,174.50045176191887,0.0
2023-06-11 04:00:00+00:00,100.00001460069697,19.339619742219337,2215.979714708635,16.000006454174347,2.049936976478397e-05,2.3529799271942862e-05,2.336358109751363e-06,5.824642497520097e-06,5.813966194946562e-06,-2.726897051037487e-06,6.285648812146115e-06,161.24843482037184,3.911015055806487e-07,114.69999656835525,5.3,120.0,0.0601,13.12,24.44,9.760969707967032,0.0,180.80045026122636,0.0
2023-06-11 05:00:00+00:00,100.00000976988437,19.339619438269377,2043.651387600369,16.000006437878586,2.0868858978345735e-05,2.676194739231741e-05,3.8401581330357335e-06,3.4888758864693885e-06,7.291180200111477e-06,-2.2147681272231323e-06,8.187964313549923e-06,97.0222946887994,4.603356513125092e-07,91.5249995346059,28.475,120.0,0.04892,13.55,85.91,6.765527965598068,0.0,165.75031226955846,0.0
2023-06-11 06:00:00+00:00,100.00000192696046,19.33961930380646,1936.4108441615322,16.000003955113954,2.9314358007002455e-05,2.427883189589304e-05,1.233107765960232e-05,1.5063391738978975e-06,1.0616142802689071e-05,-7.711037107303929e-07,1.471730390480534e-05,0.0002219355758121227,0.003679456915673975,77.60169495240588,66.5,144.10166924710217,0.02844,14.3,177.53,4.14703457825657,0.0,142.02424466581647,0.0
2023-06-11 07:00:00+00:00,100.00000477829425,19.339619453897136,1926.7285827224525,16.02250891220583,3.0390466199420565e-05,2.7863115293268768e-05,152.76333229041919,5.716271921160153e-07,1.4359069321691863e-05,8.295629139612479e-07,2.1729565441178897e-05,0.0002213239001294093,0.2652183820655126,125.88916189969615,155.435,128.560812464921,0.0159,15.34,385.46,5.148866721697573,0.0,308.36825107248364,0.0
2023-06-11 08:00:00+00:00,100.00000492906338,22.318802317549043,1917.0947402145055,17.568084581937,3.9041876267684343e-05,2.777663572456586e-05,249.99998852720245,1.0362315233981322e-07,2.424311340243531e-05,5.154527471316209e-06,4.099186881579461e-05,0.00022075335875310033,0.3349993654549281,218.33564550846347,159.705,128.0406164220028,0.0,16.07,392.42,5.458391137711587,0.0,313.93626978790525,0.0
2023-06-11 09:00:00+00:00,100.00001347526904,27.19428963634398,1907.5090867519432,18.22858865011629,2.9717806024030272e-05,4.2773271992715296e-05,249.99999308893646,-5.601169612074232e-08,3.599310943210394e-05,1.0310975594620399e-05,6.404870445460852e-05,0.00022018301846428925,0.39649952072957717,324.4152583165365,69.38,143.79523192296935,-0.00792,16.34,181.63,5.541012612046443,0.0,145.3042922788547,0.0
2023-06-11 10:00:00+00:00,99.99999744887117,32.06977705368068,1897.9713851838694,17.11442005466899,5.396486168684089e-05,4.084686284280923e-05,249.9999984493613,-4.951389342015268e-07,174.99998652395416,599.9999907747781,135.84681340245328,0.00018657217226959152,0.7048514483555763,1121.2529413686545,50.795,147.04795200742333,-0.03995,16.42,138.11,-16.762731473461383,0.0,1181.1413165239915,0.0
2023-06-11 11:00:00+00:00,100.00000670632294,36.94526460190639,2024.3281550882311,22.088637517770923,499.99998172583037,7.3082602960160275e-06,249.99999975397662,-7.205480864796741e-07,174.9999962877481,600.0000005377477,799.9093459408423,0.0001056697324770558,0.4368678019794283,1634.9030641642735,39.195,149.09809244668287,-0.06667,16.48,110.68,-68.12641068372527,0.0,495.134746763995,0.0
2023-06-11 12:00:00+00:00,579.9999815503489,41.82075218910054,2814.1157545839,20.194774811912662,333.3333798179817,2.216362948876429e-05,249.99999936279497,-6.322148229686704e-07,174.99999461234205,599.9999988625145,799.954808363627,0.00010552336554460645,0.11657839846004653,1416.4189148027883,83.235,141.3205636785697,-0.05689,16.75,214.74,-45.16959919306092,0.0,578.3372767342748,0.0
2023-06-11 13:00:00+00:00,900.0000030884972,46.696239763365355,3599.999878651242,23.95291254253014,3.823512829074689e-05,3.930614741907003e-05,249.99999611364916,-2.277690679153774e-07,5.142945225455999,5.760592607545774e-05,18.000205456019074,8.49933904852772e-05,0.0008801898931195354,266.35359663342035,123.03499999999995,134.24559853163913,-0.02001,17.07,309.4,1.329104447200768,0.0,247.52024469689587,0.0
2023-06-11 14:00:00+00:00,899.9999988503168,51.57172724999632,3599.9999997206146,22.62111133577804,3.5818653299245615e-05,3.0057253104743063e-05,249.99998801135385,1.785938117985904e-07,5.1428560297764125,6.74651206313928e-06,17.999970921695205,1.9975490696339516e-05,0.0004964990593512863,304.33788093099326,90.695,139.89002456054465,-0.0001,17.96,233.88,7.578013235181732,0.0,187.10405196207557,0.0
2023-06-11 15:00:00+00:00,900.0000019265854,56.44721455423252,3599.999950668216,21.61100884118898,2.9702682012775314e-05,2.3801976970767372e-05,1.599890582550344e-05,1.1910771675348435e-06,2.4739516387665834e-05,-3.62673536646604e-07,6.90986240941764e-05,1.3249302077971867e-05,0.0001860918221481291,31.481178969229262,105.71,137.1911338838527,0.02792,18.42,269.99,1.6659839910516125,0.0,215.99203121369254,0.0
2023-06-11 16:00:00+00:00,900.0000056474341,56.4472147947706,3582.000006764197,22.043937403859626,1.3612100463561259e-05,3.0473995942229696e-05,8.375487068544317e-07,2.0227160082714572e-05,4.1745887593979075e-06,-3.4395125286340105e-06,1.4065767378133963e-05,1.3058247542601302e-05,8.580908882772715e-05,60.349286880924396,81.18499999999999,141.53432239735503,0.0838199999999999,18.52,211.88,6.567209398382186,0.0,169.50402435743544,0.0
2023-06-11 17:00:00+00:00,899.9999869713048,56.44721359735345,3564.0900077378965,21.437062534487463,7.086326298710716e-06,0.0003638038365259107,2.0671487412445114e-07,0.0003487016149467123,9.606905829543595e-07,-3.991576980514918e-06,0.00022403193431354482,1.1448272648828986e-05,4.53611031122184e-05,86.90307410837536,58.535,145.43878235167207,0.09991,18.55,159.64,10.855062986877165,0.0,127.71203091822461,0.0
2023-06-11 18:00:00+00:00,899.9996148118483,56.44719267719548,3546.2697702828686,20.481492133682618,6.530278995646937e-06,122.01753538380919,1.6810598470238739e-07,0.00574818465890163,8.299800864821001e-07,-4.027705288199767e-06,0.00400157139147733,1.1391013242044944e-05,5.402927827720671e-05,0.2495004130975613,28.285,150.55778048090588,0.1105999999999999,18.52,91.15,0.03383225601602929,0.0,72.92003246638507,0.0
2023-06-11 19:00:00+00:00,772.8980217227817,56.44684775490178,3528.542411611833,19.124977575243342,6.494628939443194e-06,152.59550722709662,2.074387183666578e-07,0.0077652211651676635,1.5437858819860254e-06,-3.930739535230174e-06,0.005423097324836589,5.291590620214366e-06,0.9999265357744325,-3.337075763338911,6.074999999999999,155.34119236980885,0.1256,17.84,27.15,-0.4191367158753672,0.0,21.720019360899848,0.0
2023-06-11 20:00:00+00:00,613.9443745960665,56.446381799081344,3510.9051173595076,17.71682830919568,6.48850758222525e-06,157.8459440977024,2.2746533631692887e-07,0.0005515028641680839,1.950398511373165e-06,-3.889540214053166e-06,0.00037558379792078427,5.138169816941356e-06,0.9999970357700513,-0.47608544168090666,0.0,157.37040538205443,0.119,16.92,0.0,-0.05665416756002789,0.0,1.858212679170926e-05,0.0
2023-06-11 21:00:00+00:00,449.52152238992716,56.44634871003616,3493.3509622183383,16.67218421409945,8.180205579598603e-06,9.720634699565335e-05,3.0673285274971e-07,0.00021422467609054518,2.861492063963638e-06,-3.786196329288586e-06,5.884788410974459e-05,54.246040934170516,0.9999988095729624,157.37010151326555,0.0,157.37040538205443,0.0989,16.05,0.0,19.498155577493602,0.0,54.24613831044753,1.399353131148473e-07
2023-06-11 22:00:00+00:00,449.5214289863131,56.44633586125201,3421.6382253209604,15.999999860064687,1.2923621401322943e-05,2.8485405632936117e-05,5.557254418973498e-07,2.7722426652935234e-05,7.88346832116803e-06,-3.53265810447305e-06,1.61192724923299e-05,102.74999555573908,8.189121402409092e-08,119.99996162232478,0.0,120.0,0.09433,15.35,0.0,14.319595420392016,0.0,102.75002293697284,0.0
2023-06-11 23:00:00+00:00,449.5214117206921,56.44633420857779,3301.780054757889,16.000000167924657,6.0993639997290356e-05,9.183777931334014e-06,9.889983654684563e-07,1.1170848925960444e-05,1.224756038995295e-05,-3.2751657863640854e-06,1.7802585322376603e-05,116.74998593046423,4.660804434345016e-08,120.00005060040611,0.0,120.0,0.08508,14.95,0.0,13.209605570092705,0.0,116.7500155715204,0.0
2023-06-12 00:00:00+00:00,449.52146070815115,56.44633355754722,3168.5211863562204,16.000000166249432,6.216786819875919e-05,9.130943386697605e-06,9.922102275057985e-07,1.1138424375180561e-05,1.2375623951260489e-05,-3.272407174606437e-06,1.796113336312626e-05,128.99998484467073,3.224927047183044e-08,120.00005199392746,0.0,120.0,0.08502,14.6,0.0,13.202405720371898,0.0,129.00001475543516,0.0
2023-06-12 01:00:00+00:00,449.52151087790526,56.44633290852495,3023.678613540902,16.000000164582115,369.4174587276103,6.248001876017896e-06,1.1837889509855022e-06,8.810089744212794e-06,1.4052220249423912e-05,-3.174035440093361e-06,1.9773782143907043e-05,143.69998136614245,2.2341144172176656e-08,489.41745573149245,0.0,120.0,0.08163,14.18,0.0,52.186583304649034,0.0,143.70001379989893,0.0
2023-06-12 02:00:00+00:00,804.1622647480758,56.44633240295289,2864.8602588808376,16.00000016292267,9.31635363553461e-05,8.25070658073709e-06,1.0504980936301784e-06,1.0330782715299377e-05,1.3089746484800493e-05,-3.240091242385458e-06,1.8739691758979405e-05,156.29998186662232,1.6868876984030346e-08,120.00008548220039,0.0,120.0,0.08395,13.82,0.0,13.074009313285732,0.0,156.30001296490082,0.0
2023-06-12 03:00:00+00:00,804.1623455905847,56.4463318035307,2694.235994459503,16.000000161270904,1.1924093064723657e-05,3.2638877819639584e-05,5.252644723558694e-07,3.133835227566832e-05,7.749500872456452e-06,-3.549701848608236e-06,1.6882513651784452e-05,167.49998354706565,1.3315512467049586e-08,119.99995267192645,0.0,120.0,0.09508,13.5,0.0,14.409594316844927,0.0,167.5000122104468,0.0
2023-06-12 04:00:00+00:00,804.162323038883,56.44632993328519,2513.2648478226533,16.00000015962688,6.533455114720773e-06,119.40049016617483,3.001996697313848e-07,8.57535762721259e-05,4.074937283216247e-06,-3.757597047768376e-06,2.723888665068537e-05,165.95596860565593,1.2482466792329745e-08,0.599431231243926,0.0,120.0,0.1072,13.42,5.43,0.07924480877044703,0.0,170.3000119365321,0.0
2023-06-12 05:00:00+00:00,679.7868187212345,56.44632479341052,2334.7425822167706,16.000000157990545,5.980123473142958e-06,499.999025835023,2.9190006961585145e-07,9.145613613758263e-05,3.9671804253620985e-06,-3.7658652243720337e-06,2.9076270818110434e-05,74.64596131403047,2.194556955003406e-08,-408.3991108178204,28.39999999999995,120.0,0.12636,14.19,85.88,-51.60531164293978,0.0,143.35000641397986,0.0
2023-06-12 06:00:00+00:00,158.954505884004,56.44631931118618,2248.4229370679273,16.000000031543042,6.607394047062001e-06,56.596322139628974,2.991070561532118e-07,6.138138449946227e-05,3.358963277779828e-06,-3.791300112124504e-06,4.121497284423527e-05,3.5632094685208216e-06,0.9986353244457965,-1.693409476967284,83.165,138.06796756988192,0.12439,15.58,233.26,-0.21064320483996046,0.0,186.6080133181901,0.0
2023-06-12 07:00:00+00:00,100.00000999832208,56.44631563376795,2237.180860034351,16.03139237056168,1.7065204650862924e-05,2.25867881085707e-05,1.2176218112160188e-06,8.088477084456868e-06,1.0180162868291447e-05,-3.2045591646838744e-06,2.8974671963753965e-05,3.5508078131005803e-06,0.9999490940658385,-50.75138032502951,177.52499999999998,126.77362509180548,0.10601,17.28,443.55,-5.380153828256378,0.0,354.8400126961262,0.0
2023-06-12 08:00:00+00:00,100.00000285301428,56.446315172156794,2225.994981158043,18.252653771410806,2.5761440918781357e-05,1.84288913906956e-05,3.015675490778524e-06,3.103296113196227e-06,2.1614986172675937e-05,-2.4684770628181243e-06,6.508196602564925e-05,3.4008458042880495e-06,0.9999975299635875,-132.51634851675652,259.29,126.77362509180548,0.08603,18.9,636.92,-11.400381462896563,0.0,509.5360136998463,0.0
2023-06-12 09:00:00+00:00,100.0000083872357,56.446315044751955,2214.865067933373,20.526255781054477,195.0751263797248,8.824306693108066e-06,8.006511205294317e-06,1.4365068294495615e-06,0.00044726893798113803,-1.2347552873633944e-06,0.0015550244193878746,1.8331552214408535e-06,0.9999998614077412,-1.5508047485893404,323.4,126.77362509180548,0.06441,20.34,801.99,-0.09988733385663941,0.0,641.5920120331658,0.0
2023-06-12 10:00:00+00:00,287.27212051978535,56.44631511469551,2203.7922957849705,22.550315578130267,251.4031711302056,8.75445952426389e-06,8.162860991373989e-06,1.4208012469049267e-06,0.0006720726583779567,-1.2054270320803256e-06,0.002348354238191671,-4.342619816761057e-06,1.0000000002482692,0.29746507684265355,377.88,126.77362509180548,0.05,21.62,952.85,0.02230988076319902,0.0,762.2799993586345,0.3626511026716557
2023-06-12 11:00:00+00:00,528.619155685554,56.446315188630614,2192.775687002904,24.362651102671656,240.61075311716604,8.796492009305856e-06,8.323153448680726e-06,1.4053220654475993e-06,0.0013513220512032245,-1.1758502649686635e-06,0.004725741341080139,-4.341379192599057e-06,1.0000000002277754,1.6357264765118094,365.75,126.77362509180548,0.04256,22.61,930.03,0.11050968075313784,0.0,744.0239993640927,1.3482575786775648
2023-06-12 12:00:00+00:00,759.6054695150209,56.44631526662058,2181.81653865061,25.348257578677565,146.24424700775384,8.980774142610583e-06,8.487480796968355e-06,1.3900671946634028e-06,43.40774781032656,-1.146041508827553e-06,151.92711345040604,-4.337299017106869e-06,0.9999999985504772,0.205616880483817,316.22,126.77362509180548,0.05037,23.46,802.8,0.015497344282065287,0.0,642.2399993869038,1.8114476858282025
2023-06-12 13:00:00+00:00,899.9999372874915,56.446315348730636,2322.834573745062,25.811447685828202,8.084033887250786e-05,1.1746298981834506e-05,6.123264714433349e-06,1.7407773860875225e-06,7.907502833366672e-05,-1.6013247277076031e-06,0.0002725204504747079,-4.127087802114536e-06,0.9999999852179055,-37.8362239579637,164.61,126.77362509180548,0.07104,23.62,418.64,-2.6878853499737416,0.0,334.91199974829357,0.7948553616016127
2023-06-12 14:00:00+00:00,900.0000026584887,56.44631536368915,2311.2206775238747,24.794855361601613,1.4509829307562858e-05,2.701913885390472e-05,9.404712833946788e-07,1.196798049248156e-05,6.408763201560471e-06,-3.373120257578397e-06,1.7754415261666196e-05,6.620162151780794e-06,0.5482033114413712,102.40790081994916,43.13,145.53792132112497,0.0848199999999999,22.45,122.98,11.246435668046807,0.0,98.38401633461538,0.0
2023-06-12 15:00:00+00:00,899.9999884429885,56.446314663879534,2299.6645852705083,22.856318645106406,1.0905483596251268e-05,3.772675150199627e-05,3.8345571613191457e-07,4.3396689126120855e-05,2.9751068748601326e-06,-3.7585489774466593e-06,2.637615805642964e-05,6.5493769459253615e-06,0.5127918963833875,104.25457109416101,41.54,145.7946417121044,0.0975999999999999,22.28,119.19,12.78161041614413,0.0,95.35201724281185,0.0
2023-06-12 16:00:00+00:00,899.9999596135533,56.44631206729591,2288.166282170937,22.452727822887365,6.6312070088252635e-06,0.0005157769316367241,5.2818271671598845e-08,125.68287006218499,1.0713769405380682e-06,-4.064882653844623e-06,87.97799331656249,6.3783592685624085e-06,0.5050131017481023,1.338856307794316,22.04,149.06223845639136,0.10968,22.8,70.95,0.1803171675337385,0.0,56.760021830911725,0.0
2023-06-12 17:00:00+00:00,899.9994287118749,48.90458569195724,2364.7034376982856,22.605689865897247,6.062897258814198e-06,267.9985727280472,1.844932472335983e-08,199.999748739101,1.0513239854578394e-06,-4.0774596744890095e-06,139.99980838768334,6.250972457577261e-06,0.11796633865993462,-404.43598231092795,75.87999999999995,139.44233610100926,0.13304,22.94,212.97,-53.80616308664585,0.0,170.37602162360866,0.0
2023-06-12 18:00:00+00:00,620.8342546072072,36.90340064946669,2492.8797226465053,23.99016740039697,2.6374202505196305e-06,499.9999786612969,-2.03621718627278e-07,199.9999785167173,7.86843558943629e-07,-4.208557526607791e-06,139.99996825488068,6.183714594477929e-06,0.01694468407497094,-565.0380938189261,14.33,149.29186434700358,0.14178,22.58,67.56,-80.11110094164734,0.0,54.04802147801654,0.0
2023-06-12 19:00:00+00:00,100.00094603361299,24.90220181460954,2620.415286104439,22.637858453884064,6.836920883825617e-06,0.0003012664875407287,5.466625601928519e-08,145.06824218925186,1.1056609194042796e-06,-4.058449601547296e-06,101.54775416706299,6.159818941053301e-06,0.0027837278361070826,0.21294411549953907,6.625,151.9064836324405,0.11693,19.57,28.96,0.03022315831284958,0.0,23.168021377180366,0.0
2023-06-12 20:00:00+00:00,100.00063877779918,16.19723678781774,2708.860957681161,19.695584842307465,6.9485006245522225e-06,0.0005454395628596097,5.7440906917747276e-08,136.60566860882534,1.1173923305880162e-06,-4.056273990440668e-06,95.62395277707832,6.103055534952898e-06,0.9994433762065391,17.261915477699034,0.0,153.86812545902737,0.107,18.71,0.0,2.2785728430562724,0.0,2.1247316860825218e-05,0.0
2023-06-12 21:00:00+00:00,100.00007728214847,8.000076956425177,2790.9405995667776,18.47745466087932,1.1876184895669558e-05,2.035846408066183e-05,3.558516398383392e-07,5.600083492382221e-05,1.9372458301707494e-06,-3.8097515355830407e-06,3.0882600241502186e-05,6.226966277811057e-06,0.9999575649205418,153.8680594592592,0.0,153.86812545902737,0.0980999999999999,17.69,0.0,18.941158119434792,0.0,1.7553656868354827e-05,0.0
2023-06-12 22:00:00+00:00,100.00006747655254,8.000073602978844,2776.9859212245774,17.441413211317066,4.160940549438911e-05,9.927299444443564e-06,7.237901293964698e-07,1.7575654365263737e-05,5.604407330045605e-06,-3.4865221161191066e-06,1.835206615850839e-05,7.316577722590863e-06,0.9999968398626137,120.00001694812703,0.0,120.0,0.08911,16.93,0.0,13.693201933950775,0.0,1.7431238379968793e-05,0.0
2023-06-12 23:00:00+00:00,100.00009708064489,8.000072562449438,2763.1010026539425,16.658941842413576,0.023028442585512565,6.6226925900216e-06,1.0544201913236135e-06,1.1337993179828147e-05,1.0024821257612066e-05,-3.2497703125373154e-06,1.454683037769362e-05,70.12204613337259,6.26137806256228e-07,120.02301831137088,0.0,120.0,0.08278,15.89,0.0,12.936080913599554,0.0,70.12207139273923,0.0
2023-06-13 00:00:00+00:00,100.02219748688887,8.000071902665063,2679.1634660541304,16.00000022688887,0.00042449162060166786,6.940532599425164e-06,1.0247065353818185e-06,1.1998919749095676e-05,9.877480018583949e-06,-3.2641632787277953e-06,1.4468041777401958e-05,101.69999524866849,1.0231634979988074e-07,120.00041319019154,0.0,120.0,0.08329,15.38,0.0,12.994844744365842,0.0,101.70002051952895,0.0
2023-06-13 01:00:00+00:00,100.02259776912318,8.000071202641653,2564.0676679432327,16.00000022493997,162.52635978583461,6.428082601222659e-06,1.050469281969903e-06,1.1805626107191137e-05,1.0093982908573964e-05,-3.248020449887511e-06,1.473059261500981e-05,113.59999405747105,6.218600745626468e-08,282.52634944855765,0.0,120.0,0.08275,15.04,0.0,30.44221415308209,0.0,113.60001970421665,0.0
2023-06-13 02:00:00+00:00,256.047896467605,8.000070514719445,2437.647350276638,16.000000222998505,0.00010772104212800775,7.952951932803098e-06,9.386787983705588e-07,1.4106773518789304e-05,9.41270356823983e-06,-3.306037645065317e-06,1.4354967844471816e-05,119.89999401830795,5.049348691287257e-08,120.00009270666139,0.0,120.0,0.08477,14.86,0.0,13.17241017641022,0.0,119.90001920956679,0.0
2023-06-13 03:00:00+00:00,256.04799159548054,8.000069686534452,2305.5591338619147,16.000000221066,2.6225339896430883e-05,1.350164383615403e-05,6.833548948043171e-07,2.3628399640370745e-05,7.364751627713441e-06,-3.4586385643120308e-06,1.4064060313122214e-05,123.04999406714907,4.579525180405942e-08,119.99999368476438,0.0,120.0,0.09004,14.77,0.0,13.804799273495293,0.0,123.05001889554703,0.0
2023-06-13 04:00:00+00:00,256.0480027075945,8.000068282015443,2170.981358189517,16.000000219142475,1.2714059603633934e-05,2.8758834852851026e-05,4.5475778021081197e-07,4.781569193156538e-05,4.6071251021510845e-06,-3.6441898926491575e-06,1.7249639374228892e-05,105.2279898836187,4.253485925533842e-08,114.44493755722581,5.555,120.0,0.0955999999999999,14.7,25.34,13.80205946940142,0.0,125.50001862215353,0.0
2023-06-13 05:00:00+00:00,256.0479849559721,8.000065421655668,2054.89847876459,16.00000021722788,6.504829076156615e-06,96.15697300147278,2.4432081144794155e-07,0.00010160850327425768,2.5685358386166606e-06,-3.8509721395930915e-06,2.9940679830156008e-05,37.681965259878616,9.787944879249228e-08,-0.19206914326246052,24.035,120.0,0.1172,15.37,80.46,-0.022510503590360373,0.0,102.05001162256409,0.0
2023-06-13 06:00:00+00:00,155.8844776574072,8.000059329300491,2006.9420510515681,16.00000006833432,6.55453341932595e-06,53.64909910899243,2.6294909901242525e-07,5.320000097371799e-05,2.6467618642509703e-06,-3.853859436665654e-06,3.209902698760937e-05,5.525359166350814e-06,0.9985250927542089,-0.45721654225095804,82.80999999999999,136.00193015635747,0.12004,16.25,237.96,-0.054884273731805,0.0,190.36801611467854,0.0
2023-06-13 07:00:00+00:00,100.0000057112255,8.000056142109221,1996.9073673699781,16.66152211959417,1.953412889568564e-05,1.993240619500442e-05,1.6404608676125059e-06,4.1941139010187e-06,9.119228587122868e-06,-3.1504471202937343e-06,2.2060112980922e-05,5.442959821636407e-06,0.9999500167118662,-52.93832236997621,179.04499999999996,126.1066746131726,0.10312,18.11,454.48,-5.458999802791947,0.0,363.58401511708405,0.0
2023-06-13 08:00:00+00:00,100.00000370106612,8.000055922429405,1986.9228471502815,19.10055620140652,2.665062163946705e-05,1.808559855887544e-05,3.655830213020002e-06,2.0130189179489996e-06,1.5462581024574074e-05,-2.4850335787791292e-06,4.2141770201033785e-05,5.177061623044275e-06,0.9999976300986841,-132.57330220144559,258.68,126.1066746131726,0.08508,19.45,651.02,-11.279336551298991,0.0,520.816016103255,0.0
2023-06-13 09:00:00+00:00,100.00001044649773,8.000055872932009,1976.9882698792385,21.14460615052414,2.4229289881540587e-05,2.225483777821416e-05,5.948066242327857e-06,1.3582718580109453e-06,2.395204151403573e-05,-1.9559938088462875e-06,7.267732043406716e-05,3.081792051802239e-06,0.9999998693813967,-199.67829682653323,325.785,126.1066746131726,0.07499,20.7,835.31,-14.973875479021727,0.0,668.2480132509734,0.0
2023-06-13 10:00:00+00:00,100.00001052449332,8.00005590742644,1967.1033981253706,23.035546719479076,110.90252621539769,9.72493238939271e-06,2.3970462809547267e-05,5.913113416240876e-07,127.07327105080314,-3.874830591092161e-07,444.7564448412671,-4.223238125112121e-06,1.0000000004240592,0.3424851461094252,363.74,126.1066746131726,0.04,21.73,959.14,0.02226153449711264,0.0,767.3119996436155,0.522876440635418
2023-06-13 11:00:00+00:00,206.46642556113719,8.000056339414982,2402.024330199249,24.522876440635418,499.9998016638749,8.11436405583436e-06,2.7549100690049197e-05,5.689266462110115e-07,174.99984084598904,-2.1590104353140094e-07,612.4994392841345,-4.241535110254779e-06,1.000000000134513,460.39633577294546,340.71,126.1066746131726,0.03043,22.58,916.33,25.519768891894365,0.0,733.0639996197988,1.2909078517007373
2023-06-13 12:00:00+00:00,686.4662267059945,8.000056842537159,3002.5136520739225,25.290907851700737,222.43089878508403,9.515304475429235e-06,2.3321867050325535e-05,6.14610804466808e-07,174.99961384819295,-3.643808235059684e-07,612.4986446823476,-4.246733759750569e-06,0.9999999932233202,314.00220007402044,209.535,126.1066746131726,0.03155,23.09,552.48,17.756824414185857,0.0,441.9839996090846,0.6841482033099275
2023-06-13 13:00:00+00:00,899.9998796278996,8.000057260478712,3599.999732742634,24.684148203309928,0.00012042662576057891,1.1786626786179386e-05,1.5888107659994985e-05,7.502923140553815e-07,5.142901660518159,-7.138601467584211e-07,18.00015182805457,-4.251945279008838e-06,0.9999999922495986,-79.91530066235508,211.165,126.1066746131726,0.0600399999999999,23.45,549.71,-4.798114651767791,0.0,439.76799955029685,0.9567599587811841
2023-06-13 14:00:00+00:00,899.9999829597241,8.000057525305756,3599.999890158921,24.956759958781184,2.861141886568958e-05,1.9586368465960395e-05,6.419476988479035e-06,1.3689557671205778e-06,5.779453939039965e-05,-1.7447876725341193e-06,0.00019786939398381173,-4.341376474474452e-06,0.9999999984465168,-182.94325526150405,309.05,126.1066746131726,0.0730799999999999,23.77,809.76,-13.369493094510696,0.0,647.8079993010466,2.086086641675262
2023-06-13 15:00:00+00:00,899.9999900242191,8.000057568352515,3582.000092918897,26.086086641675262,2.6145394222440934e-05,1.851822758195642e-05,3.6298533472546507e-06,2.170334121152885e-06,2.2314008759087592e-05,-2.4068425950701055e-06,7.367455077648227e-05,-4.326069852635269e-06,0.9999999959058414,-127.37829639297539,253.485,126.1066746131726,0.0846,23.82,651.86,-10.776203874845717,0.0,521.4879992348698,1.7302207394159765
2023-06-13 16:00:00+00:00,899.9999958339771,8.000057508908665,3564.090170454923,25.730220739415977,2.2008823595133888e-05,1.801958073680344e-05,1.7316461125010908e-06,4.312876551689398e-06,1.1225158931973246e-05,-3.0637112099695888e-06,3.5670091196112953e-05,-4.127086336462908e-06,0.9999999875546008,-51.67331581736726,177.78,126.1066746131726,0.10117,23.65,460.65,-5.227789361243046,0.0,368.51999947681816,0.9471645659025292
2023-06-13 17:00:00+00:00,899.9999981920511,8.000057283880668,3546.269759399826,24.94716456590253,6.388959652002077e-06,48.00940998038009,2.1485499370212838e-07,4.2354887995824016e-05,3.419740408146798e-06,-3.8628077264376365e-06,2.8658325111700167e-05,3.564301222148328e-06,0.7941086735063441,0.6335067469497125,86.41,135.05295292147045,0.11195,23.05,253.5,0.08675874899476313,0.0,202.8000126993095,0.0
2023-06-13 18:00:00+00:00,849.9902022625564,8.000054746523325,3528.5384356968507,23.806209839232768,6.298938453063788e-06,127.58572154936859,2.1334434465047118e-07,4.3184020388928276e-05,3.390019787672492e-06,-3.864226813118942e-06,2.9106442481762408e-05,3.5643023474714116e-06,0.5049205630487368,-0.12418366323214956,18.435,145.89657503208105,0.12018,22.41,75.93,-0.014924392647239734,0.0,60.74401272615886,0.0
2023-06-13 19:00:00+00:00,717.0884150289451,8.000052159383603,3510.8957690605066,22.472695305685207,6.274627392463685e-06,149.25880226241827,2.2841337061372803e-07,3.602163959957294e-05,3.684854255711708e-06,-3.8506097559077906e-06,2.5383202941481976e-05,3.5643015435948527e-06,0.5022034294107354,0.32184713811679666,0.455,150.0356790848894,0.11481,20.74,8.15,0.04499744838010934,0.0,6.520012481132558,0.0
2023-06-13 20:00:00+00:00,561.610502029235,8.000050002323583,3493.3413120341056,20.50079089257389,7.139589668692282e-06,0.000194721071315551,3.813461920170544e-07,1.2761072927377504e-05,5.443706665193297e-06,-3.772398661826914e-06,1.6161740650762133e-05,3.5643011537574746e-06,0.5479942490322907,150.53317477596255,0.0,150.53337306586295,0.105,19.64,0.0,19.569312720875132,0.0,1.165361020512749e-05,0.0
2023-06-13 21:00:00+00:00,561.6103060487918,8.000049244019628,3475.8746180713747,19.264820010392697,1.3765059801331612e-05,2.4332323786105654e-05,6.472750432885965e-07,8.092223682329101e-06,6.759958607834913e-06,-3.6301849412338187e-06,1.749654312102584e-05,3.5643043068109973e-06,0.7401201245849093,150.53335818342399,0.0,150.53337306586295,0.09838,18.89,0.0,18.57280573267085,0.0,1.179828979901624e-05,0.0
2023-06-13 22:00:00+00:00,561.6102939170787,8.000048771060774,3458.4952589132567,18.535873768772415,1.7694463396660352e-05,1.8084557293518474e-05,7.669732081144362e-07,6.594204135670168e-06,7.226782221580337e-06,-3.5822916471206766e-06,1.806955974130863e-05,3.5643432387602085e-06,0.9545059260814602,119.99999742716574,0.0,120.0,0.09628,18.43,0.0,14.553599687966662,0.0,1.1857995437302404e-05,0.0
2023-06-13 23:00:00+00:00,561.610292065683,8.00004839032643,3441.2027971239067,18.114704495004553,8.869029149525779e-05,8.036254559206397e-06,1.1616300977116178e-06,4.5985674120468115e-06,8.763716344436147e-06,-3.403026627075719e-06,2.1877748568812914e-05,3.5648192553742685e-06,0.995314643542614,120.00008257778933,0.0,120.0,0.08868,17.61,0.0,13.64160938744309,0.0,1.2210078719715676e-05,0.0
2023-06-14 00:00:00+00:00,561.6103688372643,8.000048137038844,3423.996801451217,17.337397686203612,0.0003071018900444294,6.879588414282328e-06,1.2585015813819981e-06,4.330228310380702e-06,9.144410698616113e-06,-3.3598510338811704e-06,2.297218772799809e-05,3.5706410783470797e-06,0.9996173900580253,120.00030293513457,0.0,120.0,0.08698,16.88,0.0,13.437633922676369,0.0,1.2308798089229518e-05,0.0
2023-06-14 01:00:00+00:00,561.6106564888408,8.000047901742397,3406.8768368455076,16.604461417633242,151.81452071556254,6.27171414649652e-06,1.2991918425839191e-06,4.24589775971198e-06,9.318216427902216e-06,-3.340839087620347e-06,2.3460452811522008e-05,3.642262135619882e-06,0.9999736721605406,271.81451747451985,0.0,120.0,0.08625,16.79,0.0,30.239365069040332,0.0,1.2460264556809872e-05,0.0
2023-06-14 02:00:00+00:00,707.3525898427453,8.000047672299829,3389.8424724794704,16.462180713379468,0.00011942681451092415,7.603152229016461e-06,1.182810113544397e-06,4.660835616985072e-06,8.970934718107269e-06,-3.3866554079194532e-06,2.20792571143468e-05,4.5949711974733886e-06,0.9999979769146786,120.00011392991608,0.0,120.0,0.0880799999999999,16.89,0.0,13.569612883194898,0.0,1.382378167455132e-05,0.0
2023-06-14 03:00:00+00:00,707.352696572537,8.000047415688828,3372.893277601359,16.542457217188716,1.4949511647602482e-05,2.184126039103631e-05,6.868758672292478e-07,8.191043473026335e-06,9.775230582575778e-06,-3.566956874172373e-06,1.3011474647164066e-05,89.34880371742706,8.800248482549006e-08,119.99999181235735,0.0,120.0,0.09766,15.41,0.0,14.719198995703753,0.0,89.34882712170258,0.0
2023-06-14 04:00:00+00:00,707.3526881727552,8.000046937572487,3266.6800205073996,16.000000156934416,7.283830492701215e-06,0.00016241927603365158,3.9430776301560237e-07,1.3722987308720145e-05,7.748788036790154e-06,-3.7204194083696745e-06,1.1484055642460895e-05,103.70398697682133,6.608089152015082e-08,119.99983556424354,0.0,120.0,0.10478,15.24,3.62,15.573578659527527,0.0,106.60000853639971,0.0
2023-06-14 05:00:00+00:00,707.3525259784866,8.000046121800672,3146.642644912097,16.000000031550524,4.1668612900143604e-06,499.99994722765405,2.0689906616251334e-07,1.978024558738152e-05,4.2729249991117736e-06,-3.883640363256649e-06,1.6787497008920375e-05,3.5643183885741394e-06,0.8954612200452646,-388.88996224485464,8.89,120.0,0.13508,16.27,35.0,-52.531256100034966,0.0,28.00001173342683,0.0
2023-06-14 06:00:00+00:00,186.51925161653378,8.000044938902178,3130.9094449107147,16.024709605224096,6.349288032019689e-06,83.05833289423555,3.484405377786616e-07,1.316816144605203e-05,5.2750567503746974e-06,-3.79460449999982e-06,1.586703305872966e-05,3.5642955330136475e-06,0.493999815443378,-1.1299707448125118,56.915,138.84336713940365,0.128,17.61,155.73,-0.14463625533600152,0.0,124.58401162101565,0.0
2023-06-14 07:00:00+00:00,100.00016094702158,8.000044155528744,3115.254909988899,17.684738938274826,7.4108321309229615e-06,0.00015371528648643499,4.516371698933897e-07,1.0774474637670201e-05,5.836753207487977e-06,-3.735351998740612e-06,1.6180843122848367e-05,3.5642950155619536e-06,0.48491119706555474,59.9598747998697,76.44,136.40002932576033,0.10332,18.17,200.37,7.694051134319279,0.0,160.2960116562219,0.0
2023-06-14 08:00:00+00:00,100.00000794133034,8.000043517803418,3099.678648055502,18.629288310361336,76.3793078632955,7.044283863456506e-06,2.382561388442696e-06,2.438462559371211e-06,1.3681873201634924e-05,-2.936931679378351e-06,3.710366004397258e-05,3.564294419519126e-06,0.5447524345106685,-0.19226149005889864,202.04499999999996,125.47342700188908,0.08766,18.96,501.38,-0.016853642218563055,0.0,401.104013146552,0.0
2023-06-14 09:00:00+00:00,173.3241361522983,8.000043417945625,3084.18028835459,20.866826688628077,105.13815709118332,7.0078618742262576e-06,2.3637151731619372e-06,2.6495918659518465e-06,1.3651901433933075e-05,-2.937198047541362e-06,3.714391516907322e-05,3.5642939056797974e-06,0.6298465955825243,0.7515875140372025,229.86,125.47342700188908,0.07779,19.86,571.18,0.07725568056788404,0.0,456.94401314892195,0.0
2023-06-14 10:00:00+00:00,274.2567596599782,8.00004330505127,3068.7594204924385,22.048744574404918,333.1768109679784,6.725435772066544e-06,2.368988895405783e-06,2.614881821535321e-06,1.3655844157993907e-05,-2.937135933072701e-06,3.7133903659392376e-05,3.5642931513822653e-06,0.7789454795893129,134.95024171724697,323.7,125.47342700188908,0.0728,20.35,809.82,13.198133639946754,0.0,647.8560131484967,0.0
2023-06-14 11:00:00+00:00,594.1064911835751,8.000043194342572,3053.4156569595866,23.20057934194306,149.90972377016243,6.951329056828602e-06,2.374532655767149e-06,2.5763041105735744e-06,1.3659837521928426e-05,-2.937098387698609e-06,3.712144696733714e-05,3.564292964849085e-06,0.7194819764892595,1.5481543416901649,273.835,125.47342700188908,0.0747999999999999,20.29,681.56,0.1545058033006783,0.0,545.2480131479629,0.0
2023-06-14 12:00:00+00:00,738.0198187619633,8.000043086056884,3038.1486122319425,22.922983514151063,16.70510967849438,7.120967931358929e-06,2.3806247552358964e-06,2.5343536628894664e-06,1.3664294082587334e-05,-2.9370483259220795e-06,3.71082913760977e-05,3.564292756998688e-06,0.5698034644199145,0.8436201578589757,143.43999999999997,127.57850702681566,0.0772399999999999,20.28,361.54,0.0862517249395016,0.0,289.23201314740044,0.0
2023-06-14 13:00:00+00:00,754.0567166356429,8.000042980407281,3022.9579027147815,21.836557527848175,85.40559217337822,7.032768977060491e-06,2.381790050242784e-06,2.5680315232551017e-06,1.3660456571649235e-05,-2.937083310443388e-06,3.7117956503218715e-05,3.5642919717002478e-06,0.5639751438618527,0.9890226796301206,209.89,125.47342700188908,0.07651,19.82,521.99,0.10039569220925353,0.0,417.59201314784303,0.0
2023-06-14 14:00:00+00:00,836.0460777962851,8.000042872759531,3007.843146754872,22.071125632551624,66.61866937014541,7.056738401602491e-06,2.3986094023570695e-06,2.4645839535820868e-06,1.3672183706370846e-05,-2.936950502329996e-06,3.708805693382446e-05,3.5642748067190698e-06,0.13308540885188153,0.29709998455477593,191.795,125.47342700188908,0.08174,19.75,477.14,0.031712452351376784,0.0,381.71201314648863,0.0
2023-06-14 15:00:00+00:00,899.9999930408555,8.000042771647266,2992.8039645448803,23.995810002504527,1.6464181514961546e-05,1.9708477199870776e-05,8.73642925184498e-07,5.261043843723211e-06,4.3612890015510925e-05,-3.425437880642028e-06,0.00014609481630028774,-1.0483308304628288e-06,0.00012691561977506885,91.15771551704549,48.805,139.96268296128994,0.0963,19.8,135.28,11.057430892217617,0.0,108.22400579351512,0.0
2023-06-14 16:00:00+00:00,899.999988316806,8.000042472990806,2977.8400918653033,21.870164184088374,7.082186760316182e-06,0.00011690707663362124,9.47965441274345e-08,2.5418656977381832e-05,1.3153456775203762e-05,-3.819806276543524e-06,5.365752858171011e-05,-1.0810255039416692e-06,6.089679476316539e-05,83.5329774269866,55.54999999999995,139.08310324208637,0.11461,19.53,151.35,11.662038978581599,0.0,121.0800053099963,0.0
2023-06-14 17:00:00+00:00,899.9998733375005,8.000040949567579,2962.9509461445305,21.138605982486514,5.804191854215249e-06,116.13342280821743,-3.5383751999481338e-09,3.5956286997979994e-05,1.049588558030388e-05,-3.8884523326136995e-06,5.1699331890364584e-05,-1.1110604207210828e-06,5.6868987584658134e-05,0.05605578699101927,26.724999999999998,142.91450214340873,0.13,18.7,81.35,0.008688646983607988,0.0,65.08000524504031,0.0
2023-06-14 18:00:00+00:00,779.0275634842982,8.000038791905594,2948.1362442242003,19.3425729203443,5.551719411403656e-06,367.9221988223062,-1.0815620197292089e-08,3.3772297779013024e-05,1.1266908351024445e-05,-3.883058580922583e-06,5.2913361332728135e-05,-1.1678815845342203e-06,3.3375500763893166e-05,-254.88226364750545,29.4,142.43995602234494,0.1432,17.87,90.02,-36.49914015432278,0.0,72.01600514931677,0.0
2023-06-14 19:00:00+00:00,395.77527837404654,8.000036765154148,2933.395617084322,18.276421995503863,5.7807766377462916e-06,139.05194504261078,-1.6107496091914873e-08,3.1158666112052997e-05,1.182445662401374e-05,-3.879590994809586e-06,5.3044354018045594e-05,-1.1729107583563219e-06,0.9999515216676,-0.7240009707778449,7.355,145.68296152096426,0.13803,16.9,30.77,-0.09993385399646594,0.0,24.616005138604603,0.0
2023-06-14 20:00:00+00:00,250.9295078375392,8.000034895133084,2918.728693216165,16.79559785457936,5.774657102528438e-06,144.89194413691123,3.6266296737581034e-08,3.191643651325762e-05,1.212457204436354e-05,-3.877621389226651e-06,5.4168702564150906e-05,-6.505783365234108e-07,0.9999984916657918,2.475173013971811,0.0,147.36713500944552,0.11911,16.29,0.0,0.3566971830434777,0.0,6.119381638544027e-06,0.0
2023-06-14 21:00:00+00:00,100.00040490526081,8.000032980662638,2904.1351045693655,16.018468584408183,1.6175251856065754e-05,2.041463502013239e-05,3.185120358406808e-07,1.8303671912690628e-05,3.787277199538067e-05,-3.660675110622894e-06,5.350221884395296e-05,97.46515620546484,5.5830574163797956e-08,147.36714699699937,0.0,147.36713500944552,0.1084099999999999,15.49,0.0,19.66025108086967,0.0,97.46524444644996,0.0
2023-06-14 22:00:00+00:00,100.00039916825777,8.000031888544097,2792.149326343272,16.000000016601227,1.8036486121212242e-05,1.7572982897233602e-05,3.680212406645236e-07,1.558571180818138e-05,4.365948286480355e-05,-3.6331381236390863e-06,5.90329005954248e-05,115.34990410031838,2.307741571770016e-08,120.00002527215742,0.0,120.0,0.10712,14.99,0.0,15.854403338957438,0.0,115.35000518879934,0.0
2023-06-14 23:00:00+00:00,100.00039817809393,8.000030960484997,2662.8387346441377,16.000000015636182,7.141864843503252e-05,1.1120229490878265e-05,5.387095954728381e-07,1.0559875461501048e-05,6.979002051408133e-05,-3.540099287811423e-06,8.111889167202276e-05,153.1498359289574,5.906023353718804e-09,120.00011652717431,0.0,120.0,0.10277,13.91,0.0,15.332414888677063,0.0,153.15000296235206,0.0
2023-06-15 00:00:00+00:00,100.00045515642404,8.00003033733499,2496.374786160851,16.000000014675607,0.0,0.0,0.0,0.0,0.0,0.0,0.0,0.0,0.0,0.0,,,,,,0.0,0.0,,0.0
