operating_step,timestamp_utc,start_soc_battery_kwh,start_soc_hydrogen_kg,start_soc_thermal_kwh,start_indoor_temperature_c,battery_charge_kw,battery_discharge_kw,electrolyser_kw,fuel_cell_kw,heat_pump_kw,electric_boiler_kw,thermal_charge_kw,thermal_discharge_kw,ventilation_fraction,pv_kw,electric_load_kw,price_eur_per_kwh,outdoor_temperature_c,irradiance_w_per_m2,reached_soc_battery_kwh,reached_soc_hydrogen_kg,reached_soc_thermal_kwh,reached_indoor_temperature_c,grid_kw,generated_heat_kw,heat_to_air_kw,thermal_charge_margin_kw,hydrogen_production_kg_per_h,hydrogen_consumption_kg_per_h
0,2023-01-01T23:00:00Z,500.0,60.0,1600.0,19.0,2.0141139233051133e-05,295.2041123736228,7.96710900541043e-06,5.425368774097985e-06,174.99999064455798,5.215115032840678e-06,116.20030378076567,0.00034652452844388323,2.883328287629147e-09,0.0,120.0,0.1099,2.32,0.0,192.4957356129699,59.99999982981948,1708.1999572562372,16.00000019829824,-0.20409383107032872,612.499976216675,496.30001896043774,-496.2996724359093,1.5537416302180557e-07,3.255546819140705e-07
1,2023-01-02T00:00:00Z,192.4957356129699,59.99999982981948,1708.1999572562372,16.00000019829824,2.0709260923549966e-05,88.79591039037915,8.018249803560445e-06,5.473020575685952e-06,174.99999077133648,5.266846099117891e-06,53.35033644123174,0.0003745308193582105,2.884582243764604e-09,0.0,120.0,0.0949,2.31,0.0,100.00001550388208,59.99999965777691,1753.0089193803685,16.000000198228975,206.20410890229357,612.4999767449698,559.1500148345574,-559.149640303738,1.563715083202607e-07,3.2841407594875205e-07
2,2023-01-02T01:00:00Z,100.00001550388208,59.99999965777691,1753.0089193803685,16.000000198228975,0.00028862083965102114,2.5800215338488293e-05,5.368710273068076e-05,3.478606592857943e-06,174.9999953538964,1.2604578039318825e-05,55.100360502752025,0.00037672852732333745,2.9049895415654558e-09,0.0,120.0,0.05293,2.36,0.0,100.00026570466385,60.000000496042844,1799.3438585576914,16.00000019850021,295.00032098759493,612.4999986521943,557.4000148779696,-557.3996381494424,1.0470032035686318e-06,2.0873726929840642e-07
3,2023-01-02T02:00:00Z,100.00026570466385,60.000000496042844,1799.3438585576914,16.00000019850021,499.999930660953,1.7201402504232967e-05,249.99967737541246,3.265288011572993e-06,174.99999573837673,1.805881666361863e-05,58.250373175373404,0.000383091977161734,2.9750811649007062e-09,0.0,120.0,0.04416,2.45,0.0,580.0001812210511,64.87548155705221,1848.5971293482992,16.000000201274087,1044.9996013668683,612.5000052482486,554.2500151648524,-554.2496320728752,4.875481256946238,1.9593687438181777e-07
4,2023-01-02T03:00:00Z,580.0001812210511,64.87548155705221,1848.5971293482992,16.000000201274087,333.333148423572,2.3911739311410826e-05,9.037437031761873e-05,3.550381207953917e-06,174.99999539742018,1.4713958526846978e-05,60.70037583180633,0.00039031370202037324,3.0456013809375847e-09,0.0,120.0,0.05008,2.52,0.0,899.9999787996185,64.87548310648451,1900.054129219662,16.00000020430843,628.3332214472006,612.5000009430563,551.800015424952,-551.79962511125,1.7624764688404494e-06,2.1304417689492452e-07
5,2023-01-02T04:00:00Z,899.9999787996185,64.87548310648451,1900.054129219662,16.00000020430843,5.163032567785854e-05,4.1837825258729666e-05,1.346322544714341e-05,4.733127525221044e-06,174.99999338022323,7.629445104140917e-06,65.25036774137506,0.000395678166740558,3.1241056148917583e-09,0.0,120.0,0.07709,2.65,0.0,899.9999847836632,64.87548308502761,1955.803830636772,16.000000206847343,295.00001953226666,612.4999876971212,547.250015633913,-547.2496199557462,2.6255915213450993e-07,2.840160531185745e-07
6,2023-01-02T05:00:00Z,899.9999847836632,64.87548308502761,1955.803830636772,16.000000206847343,4.4706104166251676e-05,3.9029627821784254e-05,7.198910422063152e-06,7.0089081257369005e-06,174.99998837262928,5.08150383749638e-06,74.00034977501174,0.0003962422589310138,3.2106478234220434e-09,0.0,1319.9112251734641,0.1050799999999999,2.9,0.0,899.9999870456609,64.87548280484386,2020.024765016341,16.000000207865014,1494.911224494076,612.499969241127,538.5000157083742,-538.4996194661153,1.4039279250948242e-07,4.205765451987339e-07
7,2023-01-02T06:00:00Z,899.9999870456609,64.87548280484386,2020.024765016341,16.000000207865014,3.1780490126809293e-05,4.5177630505384554e-05,4.531597164297264e-06,1.7017317859198235e-05,174.99981761146643,3.5532236868426757e-06,83.44975696814339,0.0003958704076721125,3.300302630685808e-09,0.0,1319.9112251734641,0.14064,3.17,0.0,899.9999704948997,64.87548187207766,2093.3740022889947,16.00000021195502,1494.9110204552933,612.4993770699465,529.0500159722109,-529.0496201018032,8.837498220201685e-08,1.0211411856704612e-06
8,2023-01-02T07:00:00Z,899.9999704948997,64.87548187207766,2093.3740022889947,16.00000021195502,2.0431331537796157e-05,0.0001393269734276712,3.6964480226934445e-06,0.00026261714773678644,5.08769150409638e-05,3.0635266879485104e-06,0.0001247718885481866,550.3997750010694,3.0719677761264076e-09,0.0,1319.9112251734641,0.16244,2.56,0.0,899.9998449767139,64.87546618556088,1532.5074820483692,16.00000020277418,1319.9109012975644,0.00036493409748019284,550.4000151632783,-0.00024016220893200623,7.208794523704588e-08,1.5758604724679654e-05
9,2023-01-02T08:00:00Z,899.9998449767139,64.87546618556088,1532.5074820483692,16.00000020277418,1.1708208370028512e-05,499.99996166382294,3.188086688635597e-06,199.99997022500102,1.383576932789073e-05,2.674882723514393e-06,0.0002934310200441142,400.60027831241075,3.132377750460543e-09,0.0,1319.9112251734641,0.18,2.84,0.0,379.1665628167783,52.87426791440139,1124.2449597567365,16.000000198667372,619.9113246915875,140.00003023082726,540.600015112218,-139.9997367998072,6.217390781917606e-08,12.001198333333395
10,2023-01-02T09:00:00Z,379.1665628167783,52.87426791440139,1124.2449597567365,16.000000198667372,0.00023757650724620059,1.904299859334347e-05,4.325339681963874e-06,2.1772153397413208e-05,170.61332269967104,3.442562905613197e-06,102.83102082582714,0.0003884406455897584,3.2889346311479223e-09,11.299999999999999,1225.1662348337675,0.14561,3.26,39.48,379.1667710537684,52.8742666922941,1221.4543673431344,16.000000205450924,1384.4797620626964,597.1466480974934,525.9000157123119,-494.3156272716663,8.435255905420097e-08,1.3064598498297755e-06
11,2023-01-02T10:00:00Z,379.1667710537684,52.8742666922941,1221.4543673431344,16.000000205450924,499.99891895711136,1.6767876649066606e-05,4.489549649403777e-06,1.833028537351637e-05,174.99991055266108,3.557733893553403e-06,153.64805889146388,0.0003709669524496335,3.4426333618749966e-09,17.885,1185.977134219602,0.14335,3.9,55.81,859.165715786057,52.87426567992196,1368.9947834309303,16.000000202606806,1843.0909366784958,612.4997032876702,503.5000153631588,-458.8516443962063,8.755497366073974e-08,1.0999271151224946e-06
12,2023-01-02T11:00:00Z,859.165715786057,52.87426567992196,1368.9947834309303,16.000000202606806,0.0007193916161981706,1.832374305125259e-05,4.498279880857432e-06,1.8232451823286092e-05,174.9999070574266,3.561095112891351e-06,180.71003891745178,0.00036341678747374456,3.689032405164312e-09,18.605,1181.4414697884465,0.14438,4.63,57.7,859.1663873147762,52.87426467359068,1542.85948501444,16.000000202757814,1337.8370677406695,612.4996909891937,477.9500154885294,-431.7896520717419,8.77252301997399e-08,1.0940565150486705e-06
13,2023-01-02T12:00:00Z,859.1663873147762,52.87426467359068,1542.85948501444,16.000000202757814,42.53462475159185,1.790279401266053e-05,4.564896173943279e-06,1.7490768485417046e-05,174.99992886106693,3.6094751332430767e-06,194.66411168232315,0.00036035859013928555,3.891826002591993e-09,15.83,1197.328294409743,0.14376,5.18,51.08,899.9996084275606,52.874263713063996,1729.808938913101,16.000000202551565,1399.0328208032108,612.4997668306526,458.7000155069195,-417.8356551483294,8.902437782967692e-08,1.049551064231446e-06
14,2023-01-02T13:00:00Z,899.9996084275606,52.874263713063996,1729.808938913101,16.000000202551565,0.00013872482780372816,2.02211746390999e-05,4.3852881461887665e-06,2.133314439919739e-05,174.9998359611498,3.499438524049155e-06,227.19377918696884,0.00035062642053865884,4.1641488280310395e-09,20.465,1170.0903095983056,0.1482,5.85,62.43,899.9997205396717,52.87426251846899,1948.3533227790838,16.00000020539206,1324.6252506146907,612.4994442616696,435.2500157011213,-385.30566507470076,8.552167101778274e-08,1.2801166756194054e-06
15,2023-01-02T14:00:00Z,899.9997205396717,52.87426251846899,1948.3533227790838,16.00000020539206,4.767711407588919e-05,3.0448576578876553e-05,4.118584539503836e-06,3.282720713587232e-05,29.13395796451699,3.3475307440535455e-06,0.00033207135791892033,289.0694678825827,4.261230908441571e-09,10.11999999999995,1231.381774980166,0.15534,6.27,36.89,899.9997345924339,52.87426062896001,1649.5424203539635,16.000000196419947,1250.3957248121287,101.96887916890991,420.55001498013473,-101.96854709755199,8.032043056338114e-08,1.9698294110934487e-06
16,2023-01-02T15:00:00Z,899.9997345924339,52.87426062896001,1649.5424203539635,16.000000196419947,2.7949361861229423e-05,5.356038192422556e-05,3.826795185552358e-06,9.976028063999497e-05,0.00013923901469522026,3.1753339717882205e-06,0.0001695516536583233,409.5416243017951,4.298409091801184e-09,0.615,1299.488736121012,0.164,6.39,8.51,899.9997056317568,52.87425471737452,1231.7532535020523,16.000000195098682,1298.8737569908549,0.0005603123285133377,416.35001506246994,-0.0003907606748550144,7.462996911518251e-08,5.9862154599456935e-06
17,2023-01-02T16:00:00Z,899.9997056317568,52.87425471737452,1231.7532535020523,16.000000195098682,1.2079652755310815e-05,499.99995861374606,3.208273868291445e-06,199.99997132597306,1.897517065086724e-05,2.7280633212160616e-06,0.00033756163146207447,276.7003029500258,4.166411398760607e-09,0.0,1319.9112251734641,0.18568,6.38,0.0,379.1664270055712,40.873056380543794,948.8945218461477,16.000000187680637,619.9113322249057,140.0000490420611,416.70001443045544,-139.99971148042965,6.256759719140232e-08,12.001198399398325
18,2023-01-02T17:00:00Z,379.1664270055712,40.873056380543794,948.8945218461477,16.000000187680637,1.7400977449337143e-05,267.99957738220274,3.4763492746074656e-06,199.99991000194143,4.247051899874668e-05,2.9439810820806006e-06,0.00033692328252539505,274.2502625850594,4.124718273542026e-09,0.0,1319.9112251734641,0.17474,6.45,0.0,100.00021727071504,28.871861728750936,669.90012357514,16.000000183694834,851.9118040811469,140.00008856271677,414.2500142244936,-139.99975163943424,6.779559041388698e-08,12.001194719588446
19,2023-01-02T18:00:00Z,100.00021727071504,28.871861728750936,669.90012357514,16.000000183694834,2.3035296435583598e-05,0.00018353656808023738,3.6298821684976012e-06,147.82739054816793,10.434378020090435,3.0802603404273164e-06,0.0003384592470923029,266.5508518989355,4.0951189922216935e-09,0.0,1319.9112251734641,0.1699,6.67,0.0,100.00004820067454,20.001331313602048,400.00010951757594,16.000000163498456,1182.5180588542576,139.9994995034918,406.55001294318015,-139.9991610442447,7.078978126382961e-08,8.87053048593867
20,2023-01-02T19:00:00Z,100.00004820067454,20.001331313602048,400.00010951757594,16.000000163498456,2.9798910612949867e-05,3.090962704255459e-05,4.2447449093501214e-06,2.190346336581358e-05,115.62859648012652,3.3781504053270065e-06,2.0004898172037535,0.00039918920885961053,4.552453532538192e-09,0.0,1319.9112251734641,0.153,6.78,0.0,100.00004461010056,20.001330082043616,400.00019959798294,16.000000192371367,1435.5398062623065,404.7001063572361,402.7000157292412,-402.69961654003237,8.278080381270865e-08,1.3143392358724022e-06
21,2023-01-02T20:00:00Z,100.00004461010056,20.001330082043616,400.00019959798294,16.000000192371367,5.317090924847759e-05,2.9454546831215877e-05,4.760580207055097e-06,1.357633006777508e-05,174.99990172126027,3.6556314089261117e-06,219.25000567925252,0.0003529583833695075,4.8875206044586994e-09,0.0,1319.9112251734641,0.14167,7.05,0.0,100.00006497235383,20.001329360222943,617.2498513208621,16.000000209285776,1494.9111454509684,612.4996691469171,393.2500164260479,-393.24966346766456,9.284059809738413e-08,8.146612701935242e-07
22,2023-01-02T21:00:00Z,100.00006497235383,20.001329360222943,617.2498513208621,16.000000209285776,5.267079952478117e-05,3.016152151920397e-05,5.122647874211366e-06,1.1255538210872076e-05,174.9999632952608,3.8828119447731035e-06,231.85021491805634,0.0003475652074536988,5.059296178637653e-09,0.0,120.0,0.13491,7.41,0.0,100.0000841180698,20.001328784724734,846.0134694171068,16.00000020725386,294.9999835544604,612.4998832562734,380.6500159034245,-380.64966833821705,9.99016237094926e-08,6.753998326355882e-07
23,2023-01-02T22:00:00Z,100.0000841180698,20.001328784724734,846.0134694171068,16.00000020725386,0.00015271971137181814,2.2225481047216775e-05,5.819580937710329e-06,8.835685867056552e-06,174.9999812818202,4.296822498995518e-06,244.45027059142706,0.0003413883831929386,5.231752296552433e-09,0.0,120.0,0.12422,7.77,0.0,100.00020757744994,20.00132836802374,1086.233331273065,16.00000020468929,295.00011305676804,612.499944925205,368.05001572216116,-368.04967433377794,1.1349317760311173e-07,5.301941714405372e-07
24,2023-01-02T23:00:00Z,100.00020757744994,20.00132836802374,1086.233331273065,16.00000020468929,4.512175053867788e-05,3.610184642932891e-05,5.352785290576378e-06,9.947495357293412e-06,174.9999766073699,4.026107662578265e-06,256.00024820364575,0.00033461650547748434,5.380841804920475e-09,0.0,120.0,0.13001,8.1,0.0,100.00021328824043,20.001327875504078,1336.80207820384,16.0000002014993,294.9999850586716,612.4999290748879,356.5000154877476,-356.4996808712421,1.0438975214145353e-07,5.969094123788427e-07
25,2023-01-03T00:00:00Z,100.00021328824043,20.001327875504078,1336.80207820384,16.0000002014993,0.00015833000155411346,2.2244466881544895e-05,6.020798533920444e-06,8.016791398310406e-06,174.99998540008067,4.408446637412175e-06,264.4002709513293,0.00032723543058934586,5.44551060640467e-09,0.0,120.0,0.12,8.34,0.0,100.00034211372225,20.001327511865803,1594.5180115287194,16.000000197299332,295.0001238980691,612.4999588763985,348.1000151604998,-348.09968792506925,1.1741731314276294e-07,4.810555894575701e-07
26,2023-01-03T01:00:00Z,100.00034211372225,20.001327511865803,1594.5180115287194,16.000000197299332,0.0001796728330017653,2.2301214693915368e-05,6.0345434088998144e-06,7.747642185916302e-06,174.9999865813499,4.411493292957004e-06,271.40026821399766,0.0003202356064660835,5.481731404003159e-09,0.0,120.0,0.11876,8.54,0.0,100.00049136920995,20.001327164646145,1857.9453694494669,16.00000019305171,295.0001466513627,612.4999628254525,341.1000148470613,-341.0996946114548,1.176853650100474e-07,4.649050216571438e-07
27,2023-01-03T02:00:00Z,100.00049136920995,20.001327164646145,1857.9453694494669,16.00000019305171,333.33249868015014,1.8088202555004423e-05,6.225526593727833e-06,7.096719322867812e-06,174.99998857497351,4.501370527588507e-06,274.2002668688239,0.0003117995180099005,5.377511605213707e-09,0.0,120.0,0.115,8.62,0.0,419.99967126027644,20.001326860210312,2122.8555976715256,16.000000187197582,628.332472797099,612.4999694364676,338.3000143671617,-338.2997025676437,1.2140990956864963e-07,4.2584574394646337e-07
28,2023-01-03T03:00:00Z,419.99967126027644,20.001326860210312,2122.8555976715256,16.000000187197582,499.9997046842283,1.61824110867665e-05,6.134135187493569e-06,6.714991476198771e-06,174.99998961907875,4.4225895280707805e-06,270.7002609912372,0.0003019714002170346,5.0827936346374556e-09,0.0,120.0,0.11363,8.52,0.0,899.9993709004573,20.00132657689813,2382.941278703005,16.000000179496475,794.9996819626292,612.4999727456333,341.8000137257963,-341.79971175439607,1.196275989160162e-07,4.029397825501813e-07
29,2023-01-03T04:00:00Z,899.9993709004573,20.00132657689813,2382.941278703005,16.000000179496475,0.0006457343258136936,1.816287005180232e-05,5.679676083386919e-06,6.807958699698154e-06,174.9999895168362,4.144567431232308e-06,265.4502517300463,0.0002926887571054575,4.767045980848294e-09,0.0,120.0,0.11627,8.37,0.0,899.9999718857538,20.001326279144518,2636.4765313507787,16.000000171964086,295.00062010457674,612.4999721776196,347.0500131363304,-347.0497204475733,1.1076476010205514e-07,4.085183738192712e-07
30,2023-01-03T05:00:00Z,899.9999718857538,20.001326279144518,2636.4765313507787,16.000000171964086,3.3606338062661825e-05,3.0572400337964986e-05,4.090460810287462e-06,1.1001431692285561e-05,174.99997546967703,3.172570869952585e-06,265.1001946214111,0.00028235978409170106,4.557795112300073e-09,0.0,1319.644926963756,0.13892,8.36,0.0,899.999972301588,20.001325698764564,2888.3940609556516,16.00000016732592,1494.6449017289708,612.4999249857169,347.4000127240899,-347.3997303643058,7.97719629969052e-08,6.601519167288066e-07
31,2023-01-03T06:00:00Z,899.999972301588,20.001325698764564,2888.3940609556516,16.00000016732592,1.8991504371641943e-05,6.759363793002876e-05,3.2134205226320112e-06,3.043751405000724e-05,0.0006015476423895644,2.6031906581195258e-06,0.0002252694122501383,343.5481077240894,4.3766566983836045e-09,0.0,1319.644926963756,0.1599199999999999,8.47,0.0,899.9999201233927,20.001323934999046,2530.404208196196,16.000000154917416,1319.6454552883624,0.002129300166950019,343.5500117548441,-0.0019040307546998808,6.266796698802302e-08,1.8264334863490694e-06
32,2023-01-03T07:00:00Z,899.9999201233927,20.001323934999046,2530.404208196196,16.000000154917416,1.4706108088512691e-05,0.00040243323893328077,2.8838351907935002e-06,0.00020690391362556223,7.159420203179897e-05,2.382281388707252e-06,0.00013057747502046252,313.44974437046363,4.813434842886996e-09,0.0,1319.644926963756,0.16917,9.33,0.0,899.9995150399659,20.00131157576309,2204.3025733622267,16.00000014991435,1319.64440919303,0.00039777090522401015,313.45001156389384,-0.00026719343020354763,5.6240410261499404e-08,1.2415476365170252e-05
33,2023-01-03T08:00:00Z,899.9995150399659,20.00131157576309,2204.3025733622267,16.00000014991435,1.331385152502813e-05,499.9990205051791,2.8192229709832936e-06,0.0008926972445748847,4.0737927384973644e-05,2.3213671020490875e-06,0.0001789724707748584,307.14942068895215,4.892964659604294e-09,0.0,1319.644926963756,0.17118,9.51,0.0,379.1672147950351,20.001258063552044,1886.131818778934,16.0000001478973,819.6450729537012,0.0007697689704808556,307.15001148545184,-0.0005907964997059973,5.4980345968771104e-08,5.3567191393632446e-05
34,2023-01-03T09:00:00Z,379.1672147950351,20.001258063552044,1886.131818778934,16.0000001478973,1.5310657341728187e-05,0.00015585784763963114,2.8542723012743935e-06,0.00014977712194027754,0.00010331207513875115,2.3580623187830284e-06,0.00014440217833988373,274.8236869472926,4.991085599220381e-09,7.83,1244.739097724139,0.16857,9.72,31.22,379.1670671413415,20.00124913168985,1601.8776171399252,16.000000145580316,1236.9089159242365,0.0004687707300394185,299.80001131584424,-0.00032436855169953475,5.5663876262476923e-08,8.987526069023556e-06
35,2023-01-03T10:00:00Z,379.1670671413415,20.00124913168985,1601.8776171399252,16.000000145580316,1.4510210583095002e-05,0.0002602806430490941,2.7928834937446996e-06,0.000268466006450049,9.107713860672891e-05,2.3106865044549125e-06,0.000150436427310429,265.37365254591225,5.126045008008836e-09,7.82,1244.739097724139,0.16949,9.99,31.22,379.1668099454738,20.00123307658518,1328.4947269447407,16.000000142650826,1236.918679668409,0.0005089837692779959,290.35001109325424,-0.00035854734196756686,5.44666747955012e-08,1.6109571344137357e-05
36,2023-01-03T11:00:00Z,379.1668099454738,20.00123307658518,1328.4947269447407,16.000000142650826,1.8163971079100282e-05,5.3834305823502e-05,2.872619241077723e-06,5.200192225896253e-05,0.0005809728054870539,2.3556514661707657e-06,0.0002478474588423484,149.0761864672252,5.094424091534915e-09,68.9,904.3518461474429,0.1645,10.07,173.09,379.16677130548413,20.00123001217948,1172.7763146902507,16.000000137694293,835.4523446762619,0.002072138259737472,287.55001075802613,-0.0018242908008951233,5.602167736875248e-08,3.1204273782755794e-06
37,2023-01-03T12:00:00Z,379.16677130548413,20.00123001217948,1172.7763146902507,16.000000137694293,2.2219370055354332e-05,3.381580015923428e-05,2.9250296961367417e-06,3.13094762532039e-05,82.1528762245712,2.372481325235096e-06,0.005439490781261147,0.0003594458557906876,4.6428843370666235e-09,5.14499999999995,1262.9017219183704,0.16091,9.53,23.65,379.16675741128756,20.00122819046681,1166.917513161725,16.000000140905115,1339.9095605345462,287.53509105138914,306.4500110064637,-287.5296515606079,5.704378345301177e-08,1.8787564508373178e-06
38,2023-01-03T13:00:00Z,379.16675741128756,20.00122819046681,1166.917513161725,16.000000140905115,1.9119681326984453e-05,4.2539387237321114e-05,2.822884472531333e-06,4.066319457479443e-05,78.8646384261163,2.3044846633651585e-06,0.0008137401102858467,0.0005590401439568998,4.286610625517836e-09,15.905,1194.8098758639076,0.16306,9.21,52.03,379.1667314543199,20.001225805482886,1161.0831802958828,16.000000137040406,1257.7694553344925,276.0262652370831,317.6500105371168,-276.02545149697283,5.5051752389599953e-08,2.4400356780554713e-06
39,2023-01-03T14:00:00Z,379.1667314543199,20.001225805482886,1161.0831802958828,16.000000137040406,1.5409777572796066e-05,8.057793606827693e-05,2.6823547515984044e-06,8.748305411872148e-05,0.00094584000552293,2.212375941977332e-06,0.00022463486421741703,273.21686077811324,3.8744863165151705e-09,25.275,1141.2577263242454,0.16679,8.78,74.35,379.1666623123563,20.001220608285838,882.0611282511545,16.000000130243134,1115.9835244077685,0.0033738684093959173,332.7000100116584,-0.0031492335451785004,5.2311148771046e-08,5.249508197943083e-06
40,2023-01-03T15:00:00Z,379.1666623123563,20.001220608285838,882.0611282511545,16.000000130243134,1.533825318757742e-05,7.524046880391239e-05,2.6454139177571294e-06,8.354593962515716e-05,75.28853997850089,2.1811116308271876e-06,0.0003687054648924775,0.002428052519388476,3.5006720469544483e-09,39.934999999999995,1051.2603639034244,0.16657,8.2,111.86,379.1665986615911,20.001215646618864,877.6487632628442,16.00000012833939,1086.6137652602956,263.50995056621133,353.00000991326584,-263.50958186074644,5.159073046931096e-08,5.0132577032797575e-06
41,2023-01-03T16:00:00Z,379.1665986615911,20.001215646618864,877.6487632628442,16.00000012833939,1.2260764799194535e-05,267.9995687127363,2.4944728054790466e-06,199.99957166200542,0.00011158504024506962,2.086016492291781e-06,0.0002458039503193952,227.7001626501777,3.233651709671261e-09,0.0,1319.644926963756,0.17082,7.78,0.0,100.000393022825,8.000041278103906,645.5606026003026,16.00000012501568,851.6459150153088,140.00009277620097,367.70000962242835,-139.99984697225065,4.864708441528294e-08,12.001174417162042
42,2023-01-03T17:00:00Z,100.000393022825,8.000041278103906,645.5606026003026,16.00000012501568,1.3854503957264533e-05,0.0003353640873949852,2.531287841547535e-06,0.0005633347185746653,38.219147225934655,2.101724365827169e-06,0.00024017744263463847,242.33283771480595,3.0903295626773745e-09,0.0,1319.644926963756,0.16895,7.54,0.0,100.00005698555776,8.000007524005495,400.0002020499377,16.000000118545678,1357.863193978401,133.76741170578143,376.10000924314477,-133.7671715283388,4.9365049415118444e-08,3.3803463460826006e-05
43,2023-01-03T18:00:00Z,100.00005698555776,8.000007524005495,400.0002020499377,16.000000118545678,2.2049981126953866e-05,4.060032628165281e-05,2.663244385478963e-06,3.59198098041243e-05,110.62853392382824,2.168328498857542e-06,2.000194590012681,0.00030829736872054424,3.0865738162691376e-09,0.0,1319.644926963756,0.16099,7.28,0.0,100.0000358615331,8.000005420539825,400.0000873323319,16.000000122113143,1430.2734112490025,387.1998960239109,385.200009731267,-385.19970143389827,5.193845936277606e-08,2.155404128660324e-06
44,2023-01-03T19:00:00Z,100.0000358615331,8.000005420539825,400.0000873323319,16.000000122113143,2.071772357651161e-05,3.446965115858448e-05,2.8921817869368013e-06,1.61670473936799e-05,113.82856078242362,2.287521738013051e-06,2.000270454030584,0.0003043291878420918,3.133949258896983e-09,0.0,1319.644926963756,0.14962,6.96,0.0,100.00001984466113,8.000004506823155,400.00005302051295,16.000000126681726,1433.4734630069083,398.39997632006236,396.40001019521964,-396.3997058660318,5.640318516378401e-08,9.701198556063546e-07
45,2023-01-03T20:00:00Z,100.00001984466113,8.000004506823155,400.00005302051295,16.000000126681726,2.4942661793771052e-05,2.502758839426387e-05,2.887535060173504e-06,9.403819517765437e-06,119.52857469225783,2.554158001256943e-06,2.00030958976574,0.00030090001618453114,3.2814441338660323e-09,0.0,1319.644926963756,0.13063,6.39,0.0,100.00001771921187,8.00000399885012,400.00006144515993,16.000000146448535,1439.1734976089606,418.35002053419254,416.350011844443,-416.3497109444268,5.631256492987632e-08,5.642855996258888e-07
46,2023-01-03T21:00:00Z,100.00001771921187,8.00000399885012,400.00006144515993,16.000000146448535,2.6480087328756657e-05,2.747403885095533e-05,3.613457965345765e-06,7.471846462539866e-06,123.22856849261723,2.866998607726863e-06,2.000285455558736,0.00030074379298280417,3.5439262529757837e-09,0.0,120.0,0.11442,6.02,0.0,100.00001452130523,8.000003620963975,400.0000458496999,16.000000162239104,243.22856650727581,431.2999977927814,429.30001308101566,-429.2997123372227,7.046947727196962e-08,4.483556233147235e-07
47,2023-01-03T22:00:00Z,100.00001452130523,8.000003620963975,400.0000458496999,16.000000162239104,3.571312292290342e-05,2.5873729337297558e-05,5.4950256243947585e-06,4.5251882652664135e-06,148.2210130781612,3.422258128235503e-06,74.42380996702674,0.0002751474326950154,4.056612952492291e-09,0.0,120.0,0.09248,5.59,0.0,100.00002185410185,8.00000345658924,472.42358044004544,16.000000222873144,268.2210273096503,518.7735523292316,444.3500175096376,-444.3497423622049,1.0716371604730252e-07,2.715384497609609e-07
48,2023-01-03T23:00:00Z,100.00002185410185,8.00000345658924,472.42358044004544,16.000000222873144,3.360494199556864e-05,3.0396634240272238e-05,7.891965373516426e-06,3.348078686954096e-06,174.99997723468653,3.977789607927485e-06,172.35015839578654,0.0002488207464863304,4.251918756994044e-09,0.0,120.0,0.0800699999999999,5.71,0.0,100.0000224516855,8.000003409593145,642.4113721128853,16.000000231416795,294.99998896467054,612.4999266030696,440.1500170280296,-440.1497682072831,1.5390871565513584e-07,2.009048116984156e-07
49,2023-01-04T00:00:00Z,100.0000224516855,8.000003409593145,642.4113721128853,16.000000231416795,2.9146836499736763e-05,3.895343989555722e-05,1.0258965007783822e-05,3.1484565983590436e-06,174.9999883149411,4.677724480773991e-06,169.90019195660054,0.00024167405915872655,3.990478110562088e-09,0.0,120.0,0.06844,5.64,0.0,100.00000985614865,8.00000342073668,809.0992655348623,16.00000021864236,294.99999029657056,612.4999659371607,442.6000156546193,-442.59977398056014,2.0006982463424796e-07,1.8892628853039567e-07
50,2023-01-04T01:00:00Z,100.00000985614865,8.00000342073668,809.0992655348623,16.00000021864236,3.82482311296916e-05,3.635177794492556e-05,249.99937678340856,2.3678583137945924e-06,174.9999949949639,9.412307174865377e-06,171.65021299873072,0.00023450162483318947,3.822689018799746e-09,0.0,120.0,0.03792,5.69,0.0,100.00000870801517,12.875478673466922,976.7037477042938,16.000000208363293,544.9993807192745,612.4999934580586,440.85001496095276,-440.8497804593279,4.8754753948159495,1.4208570739841538e-07
51,2023-01-04T02:00:00Z,100.00000870801517,12.875478673466922,976.7037477042938,16.000000208363293,416.66663525897934,2.0859288195556363e-05,249.99999274330756,1.7516005693854643e-06,174.99999701005578,599.9999665066053,769.500085461455,0.00014297408120306584,3.849166369288854e-09,0.0,120.0,0.0,5.8,0.0,499.9999568282101,17.750965975595598,1741.3201714531463,16.000000207834336,1561.666568908059,1206.4999576028551,437.00001511548135,-436.99987214140015,4.875487407235221,1.0510654481760962e-07
52,2023-01-04T03:00:00Z,499.9999568282101,17.750965975595598,1741.3201714531463,16.000000207834336,416.66665604112706,2.0859288131199047e-05,249.99999274330747,1.7511185613226833e-06,174.99999703377688,599.9999682423163,774.400086906814,0.0001425283543904367,3.885481203407226e-09,0.0,120.0,0.0,5.94,0.0,899.9999248992668,22.626453277753196,2507.01351497434,16.0000002066459,1561.6665914501211,1206.4999594038952,432.10001502543565,-432.09987249708126,4.87548740723522,1.0507762144150515e-07
53,2023-01-04T04:00:00Z,899.9999248992668,22.626453277753196,2507.01351497434,16.0000002066459,9.93918665913114e-05,2.547682157844401e-05,249.9999912705545,1.8364178240065249e-06,174.9999968424984,599.999908101294,776.5000271096378,0.00014277829470863803,3.886862486166665e-09,0.0,120.0,0.00633,6.0,0.0,899.999993777103,27.50194054607077,3270.9783317308115,16.000000205156525,1144.999968292974,1206.499899254518,430.00001492317483,-429.9998721448801,4.8754873785136645,1.1019608904929643e-07
54,2023-01-04T05:00:00Z,899.999993777103,27.50194054607077,3270.9783317308115,16.000000205156525,3.415043753705544e-05,3.394762539197152e-05,1.7066675143780162e-05,2.7999336040876086e-06,174.99999301438768,5.99693539606269e-06,180.0501993687155,0.00023082460131101815,3.850998892975518e-09,0.0,1319.2011841728,0.0549,5.93,0.0,899.9999911994132,27.5019407108914,3434.6734086162714,16.0000002045614,1494.201197653677,612.4999834472766,432.45001490316236,-432.44978407856104,3.3283344864857806e-07,1.6801281752700922e-07
55,2023-01-04T06:00:00Z,899.9999911994132,27.5019407108914,3434.6734086162714,16.0000002045614,3.277907859297831e-05,2.718454165870215e-05,6.0012434973776394e-06,4.095595478526247e-06,174.99997311352524,3.5892163053486574e-06,182.5001276210175,0.00023157462781239275,3.870526685949451e-09,0.0,1319.2011841728,0.08532,6.0,0.0,899.9999943500978,27.501940582167048,3599.9999376195797,16.000000229107435,1494.2011683757264,612.4999123175793,430.0000162711896,-429.9997846965618,1.170359517940434e-07,2.457603047420491e-07
56,2023-01-04T07:00:00Z,899.9999943500978,27.501940582167048,3599.9999376195797,16.000000229107435,1.0191616828428656e-05,499.9999278613053,2.5122889490321264e-06,124.99964099875778,8.408511006790291e-06,1.9881166367021694e-06,0.00020367138004090106,334.1004351141889,3.4303458282899754e-09,0.0,1319.2011841728,0.15,6.24,0.0,379.1667459451902,20.001212098382837,3247.899706488673,16.00000017224477,694.2016384132702,87.49978009715444,421.6000115399633,-87.4995764257744,4.899453395952242e-08,7.500728532778745
57,2023-01-04T08:00:00Z,379.1667459451902,20.001212098382837,3247.899706488673,16.00000017224477,1.2302599757868693e-05,267.99982373452764,2.657418142671202e-06,0.0001554834136963041,1.51906357182239e-05,2.135517670741547e-06,6.534094159734314e-05,405.8499140861582,3.6378181615185165e-09,0.0,1319.2011841728,0.146,6.69,0.0,100.00027469888636,20.001202820269857,2825.810359211013,16.00000017336971,1051.20123724103,0.00016411977709523064,405.8500128649937,-9.87788354978875e-05,5.182483626571502e-08,9.329937815559801e-06
58,2023-01-04T09:00:00Z,100.00027469888636,20.001202820269857,2825.810359211013,16.00000017336971,7.616416404643616e-05,2.759531934018441e-05,3.125453030405705e-06,1.747169018801555e-05,5.349236278223973e-05,2.4548009411322774e-06,7.946216123989271e-05,237.6838905197406,3.768307785960893e-09,81.10499999999999,841.2715442325721,0.13119,6.94,199.27,100.00031907135953,20.001201832816033,2573.9974963573786,16.00000017417875,760.1666344023433,0.0002018837058011709,397.1000129412852,-0.00012242154456127818,6.095242933584484e-08,1.0484062519061238e-06
59,2023-01-04T10:00:00Z,100.00031907135953,20.001201832816033,2573.9974963573786,16.00000017417875,3.34952614578294e-05,2.214467799711814e-05,3.217394190602884e-06,1.5781039072861158e-05,6.107830106952024e-05,2.51247397036921e-06,9.061267314794723e-05,89.05987308038083,3.9625611429669675e-09,160.045,429.273985398165,0.13053,7.26,371.05,100.00032815943761,20.001200948604453,2472.067726407884,16.00000011602397,269.2290477758787,0.00022730813032498918,385.900009775838,-0.00013669545717704193,6.274546126288253e-08,9.469570400756771e-07
60,2023-01-04T11:00:00Z,100.00032815943761,20.001200948604453,2472.067726407884,16.00000011602397,4.0566595980786394e-05,1.9936979336924344e-05,3.3487157519342747e-06,1.3457979257524079e-05,4.751567142656211e-05,2.574743676215962e-06,0.0001668135697057411,1.1626273559550357e-05,9.823535577272395e-09,247.28,359.84023683456,0.12787,7.6,566.01,100.00034633568295,20.001200206351427,2459.7075429631404,17.41148667870335,112.56029744532832,0.00017827443171268805,452.80802308713555,-1.1460862006946944e-05,6.530648781149951e-08,8.07559511402585e-07
61,2023-01-04T12:00:00Z,100.00034633568295,20.001200206351427,2459.7075429631404,17.41148667870335,42.534692042831196,1.3310876629250354e-05,3.7509764547777436e-06,9.587047547504672e-06,78.00403664447549,2.8107533909498983e-06,0.00033048456885806545,0.004237016893749368,4.281364917052377e-09,28.055,1125.602144999943,0.1190799999999999,7.8,80.72,140.8336368313044,20.0011997042224,2447.405098716,16.000000174324466,1218.0858573510552,273.0141377492434,337.59404428156824,-273.01380726467454,7.315135600376638e-08,5.752803808883692e-07
62,2023-01-04T13:00:00Z,140.8336368313044,20.0011997042224,2447.405098716,16.000000174324466,499.99988120458784,1.2775284254869694e-05,3.917474918683589e-06,8.839269659498698e-06,124.58136200005964,2.896031206252522e-06,109.34503384891812,0.00027182580464588655,4.607340448658943e-09,9.67,1232.9786190307755,0.11655,8.13,35.95,620.8335094801209,20.00119925021158,2544.5128352455336,16.00000018647392,1847.8898474343753,436.0347760547684,355.4500140316549,-326.6897422058503,7.639840075440542e-08,5.304092204919711e-07
63,2023-01-04T14:00:00Z,620.8335094801209,20.00119925021158,2544.5128352455336,16.00000018647392,3.293746653826549e-05,2.30146761538434e-05,3.456922234068913e-06,1.438094431270259e-05,0.00010955377617175595,2.6875232362493713e-06,0.0001224498212033953,343.70173944700133,4.43118806997472e-09,4.225,1269.290430887528,0.12799,7.99,20.81,620.8335171264679,20.001198454685355,2188.088654072126,16.000000178187744,1265.0655421275958,0.00039616552562392446,360.35001316270575,-0.0002737157044205292,6.741672523686749e-08,8.629429530574612e-07
64,2023-01-04T15:00:00Z,620.8335171264679,20.001198454685355,2188.088654072126,16.000000178187744,1.9996696076107618e-05,3.2142961276889406e-05,3.3797676335767786e-06,1.7325666672646867e-05,9.263429975686813e-05,2.659481321802983e-06,0.00011137789562250768,360.5877857337685,4.410223401488917e-09,0.0,1314.668203696627,0.13125,7.94,1.89,620.8335028410448,20.00119748095345,1816.5605364458927,16.000000178025186,1314.6682728982437,0.00033898090232847616,362.1000133367752,-0.00022760300670596849,6.591206006075326e-08,1.0396439647552876e-06
65,2023-01-04T16:00:00Z,620.8335028410448,20.00119748095345,1816.5605364458927,16.000000178025186,8.710123730060939e-06,499.9999269544763,2.9603514418016256e-06,3.031522090482316e-05,2.9506783359653646e-05,2.3572983561441526e-06,5.4419994429563456e-05,361.39994112094047,4.475399644448109e-09,0.0,1319.2011841728,0.1502,7.96,0.0,100.00025395851742,20.001195719590914,1446.0778470627174,16.000000179847458,819.2012704376597,0.00012682812176474667,361.4000135290678,-7.240812733518321e-05,5.7732626377769486e-08,1.8190951638057704e-06
66,2023-01-04T17:00:00Z,100.00025395851742,20.001195719590914,1446.0778470627174,16.000000179847458,1.6368719186779543e-05,0.00012836505309095876,3.5475130509830512e-06,1.0539238673535414e-05,6.440778387973438e-05,2.662471411802697e-06,8.911152666974431e-05,358.2498675604173,4.639013733139181e-09,0.0,1319.2011841728,0.1375,8.05,0.0,100.00013595889087,20.001195156356776,1080.5976793785132,16.000000183765458,1319.2011322549954,0.00023544055734822978,358.2500138894479,-0.00014632903067848547,6.918342283645315e-08,6.324175621683417e-07
67,2023-01-04T18:00:00Z,100.00013595889087,20.001195156356776,1080.5976793785132,16.000000183765458,2.866868346513133e-05,3.991677395650896e-05,4.095791398800978e-06,7.072873861014862e-06,0.00018077205684123316,2.8958219011788485e-06,0.00015775166401032082,355.44953115264684,4.771191708347598e-09,0.0,1319.2011841728,0.12949,8.13,0.0,100.00012190085413,20.00119481181782,719.7453175806379,16.000000183396686,1319.2013536155057,0.0006405200743291935,355.4500139210572,-0.0004827684103188727,7.987591986860594e-08,4.2441487314820654e-07
68,2023-01-04T19:00:00Z,100.00012190085413,20.00119481181782,719.7453175806379,16.000000183396686,5.463350220820988e-05,3.034388071970968e-05,4.574025920231619e-06,6.143360120433988e-06,121.29569468111444,3.1155443786791768e-06,60.33524453126833,0.00032078192556646436,4.797040183501656e-09,0.0,1319.2011841728,0.1224,7.88,0.0,100.00014274080716,20.001194532381778,776.4815147420775,16.00000019790453,1440.4969046897459,424.53493876864155,364.2000150192988,-364.19969423737325,8.92024256870853e-08,3.686384710731466e-07
69,2023-01-04T20:00:00Z,100.00014274080716,20.001194532381778,776.4815147420775,16.00000019790453,1.8326859674857258e-05,0.00012384608194916923,4.3381437789941865e-06,6.544290395670233e-06,0.00028412030567931857,3.0055603908970627e-06,0.00015443294054757646,372.5991656534998,4.5762627332184105e-09,0.0,1319.2011841728,0.1293899999999999,7.64,0.0,100.00003132825708,20.00119422428735,400.0000959478079,16.000000173187523,1319.2013635732967,0.0010019775779415725,372.6000131981372,-0.000847544637393996,8.460226391677832e-08,3.926966934095549e-07
70,2023-01-04T21:00:00Z,100.00003132825708,20.00119422428735,400.0000959478079,16.000000173187523,4.010526283670638e-05,2.861649490086502e-05,5.906293182877848e-06,4.510851569022929e-06,107.9286444176825,3.5275363270430253e-06,2.0005969346005763,0.00035227421076147557,5.211864063336288e-09,0.0,120.0,0.1089599999999999,7.55,0.0,100.00004002046056,20.001194068793424,400.00034012845873,16.00000021942768,227.92866082942842,377.7502621117458,375.750017451356,-375.74966517714523,1.1518423548966702e-07,2.7067816195757147e-07
71,2023-01-04T22:00:00Z,100.00004002046056,20.001194068793424,400.00034012845873,16.00000021942768,2.507308366315753e-05,5.798737976559864e-05,6.300604312085051e-06,4.366476199749566e-06,111.12849197407964,3.658572192040456e-06,2.0000693670230216,0.0003567694085996419,5.2001411018970566e-09,0.0,120.0,0.106,7.23,0.0,100.00000368710029,20.00119392965272,400.0000510254308,16.00000020490531,231.12846465248384,388.9497285877985,386.9500159901841,-386.9496592207755,1.228740714928078e-07,2.620147734623202e-07
72,2023-01-04T23:00:00Z,100.00000368710029,20.00119392965272,400.0000510254308,16.00000020490531,0.000421965343103811,2.9702322485822037e-05,249.99999193870576,1.8716879439467997e-06,174.99999536705928,155.7778026315519,366.8202337863777,0.00024693297146648495,6.171447709757368e-09,0.0,120.0,0.0054,6.86,0.0,100.0003778339104,24.87668120888413,764.8200376237099,16.00000028359713,700.7781803286496,766.7200097001255,399.9000228467193,-399.8997759137478,4.875487391543917,1.1231250788759674e-07
73,2023-01-05T00:00:00Z,100.0003778339104,24.87668120888413,764.8200376237099,16.00000028359713,333.3325964341819,2.7469615341694602e-05,249.99999197176882,1.9086663520185068e-06,174.99999490099003,592.2724863163351,799.9998127551189,9.358256157406572e-05,6.834730258925837e-09,0.0,120.0,0.00363,6.89,0.0,419.99964179654233,29.752168486541407,1560.9956566081487,16.00000034433804,1470.6050402449941,1198.8497449427032,398.85002577014586,-398.8499321875843,4.875487392188711,1.1453143426453687e-07
74,2023-01-05T01:00:00Z,419.99964179654233,29.752168486541407,1560.9956566081487,16.00000034433804,0.0002950399798067636,3.326113413828403e-05,249.99999146851562,2.002889973928518e-06,174.99999514622542,599.9995350752204,795.3996950494097,0.0001931522885865599,6.316325996259783e-09,0.0,120.0,0.0049,6.54,0.0,419.99989038790824,34.627655748730284,2348.5901802222293,16.000000312794842,1144.9997814659173,1206.4995241382799,411.10002224115874,-411.09982908887014,4.875487382374293,1.201854169774088e-07
75,2023-01-05T02:00:00Z,419.99989038790824,34.627655748730284,2348.5901802222293,16.000000312794842,499.99989405864113,2.256769287725571e-05,249.99999208167952,2.0130628361698726e-06,174.99999535350807,599.9999342688661,782.1000972614369,0.00020064595395722623,6.190411031589382e-09,0.0,120.0,0.0,6.16,0.0,899.9997651761902,39.50314302226662,3118.947125936601,16.000000318643828,1644.999791181939,1206.4999200726,424.400023457117,-424.39982281116306,4.875487394332184,1.2079584975516788e-07
76,2023-01-05T03:00:00Z,899.9997651761902,39.50314302226662,3118.947125936601,16.000000318643828,0.00023573015586745907,4.0942298826848054e-05,249.99999056401413,2.1447604683205104e-06,174.99999480372873,0.0004747821234782035,187.40075915831798,0.0003299450592294079,6.34617615267449e-09,0.0,120.0,0.00687,6.14,0.0,899.9999488289119,44.37863025830287,3290.752819520177,16.000000327030087,545.0006527929628,612.5004533486851,425.10002413542634,-425.09969419036713,4.875487364734749,1.2869849794902554e-07
77,2023-01-05T04:00:00Z,899.9999488289119,44.37863025830287,3290.752819520177,16.000000327030087,9.402402051522383e-05,4.536176880069757e-05,249.9999876254904,2.312803445428347e-06,174.99999401999136,4.104914140606083e-05,175.50033793243446,0.00034096964830606627,6.2161695132273644e-09,0.0,120.0,0.01632,5.8,0.0,899.9999918401292,49.25411742694859,3449.7990523853623,16.000000331288415,545.0000690440714,612.5000213275822,437.000024364796,-436.9996833951477,4.8754873074278064,1.3878208493419424e-07
78,2023-01-05T05:00:00Z,899.9999918401292,49.25411742694859,3449.7990523853623,16.000000331288415,5.0066207533829346e-05,4.593246025812217e-05,2.344461745608526e-05,3.3820079367145066e-06,174.99997809721486,6.7010298110396595e-06,167.45025303133025,0.00035028122017178594,6.197474967840234e-09,0.0,1318.580128111227,0.0678,5.57,0.0,899.9999920573756,49.25411768122358,3599.999959873546,16.000000422068222,1493.5801371058283,612.4999323416771,445.050029591567,-445.04967931034685,4.572157619698596e-07,2.029407702798984e-07
79,2023-01-05T06:00:00Z,899.9999920573756,49.25411768122358,3599.999959873546,16.000000422068222,3.919844185277629e-05,3.889958214747028e-05,6.033492534469618e-06,6.595206730377521e-06,134.49999444021557,3.9641211898363506e-06,18.000390280355834,0.0004179151333418264,4.598066869866672e-09,0.0,1318.580128111227,0.1199,5.35,0.0,899.9999891674817,49.254117403136476,3599.9999324394007,16.000000281478126,1453.080126252709,470.7499890818792,452.7500167166568,-452.7495988015234,1.1766487090924848e-07,3.9575197902055337e-07
80,2023-01-05T07:00:00Z,899.9999891674817,49.254117403136476,3599.9999324394007,16.000000281478126,1.2424164110173735e-05,499.9999466177048,3.2219533926071737e-06,87.4998438182273,1.2890376194034842e-05,2.586873027563833e-06,0.0002894934566660408,376.10036455639255,4.017069144872814e-09,0.0,1318.580128111227,0.179,5.79,0.0,379.1667233679034,44.003601785309144,3205.8998577142684,16.000000198345464,731.0803687986617,61.249938350080086,437.350013413016,-61.24964885662342,6.283437459329922e-08,5.250515680661705
81,2023-01-05T08:00:00Z,379.1667233679034,44.003601785309144,3205.8998577142684,16.000000198345464,1.629022974018881e-05,267.98132111140774,3.391315467068807e-06,8.0344342678299e-05,3.7824343097690865e-05,2.764132505503686e-06,7.9105356977203e-05,440.1499024415917,3.892928270167885e-09,0.0,1318.580128111227,0.17104,5.71,0.0,100.01952951547418,44.00359703030374,2749.7205350894624,16.000000193782398,1050.5987869254973,0.00019136273189717596,440.1500146989666,-0.00011225737491997296,6.613726533437518e-08,4.821142674965437e-06
82,2023-01-05T09:00:00Z,100.01952951547418,44.00359703030374,2749.7205350894624,16.000000193782398,1.771920643694376e-05,0.00024684386385116823,3.4342061030977416e-06,5.961157641579254e-05,4.475414547908724e-05,2.793099075867594e-06,8.267078945925999e-05,413.0078962010167,3.935810671284715e-09,6.25,1255.0793529238942,0.16947,5.88,26.49,100.01928939688752,44.00359352022517,2322.964118883788,16.000000192251825,1248.829115169111,0.000201132780752969,434.200014663008,-0.00011846199129370901,6.697371638204418e-08,3.5770522901765703e-06
83,2023-01-05T10:00:00Z,100.01928939688752,44.00359352022517,2322.964118883788,16.000000192251825,5.249704355640691e-05,2.4579714159172933e-05,3.974420303469179e-06,1.7039580433887105e-05,0.00018333356715910867,3.104289960362027e-06,0.00017837463608902157,378.6675362305038,4.242065675069858e-09,10.825,1225.594281772358,0.154,6.58,38.79,100.01931419018041,44.00359257525704,1932.6819404335013,16.000000188731356,1214.7694830623843,0.0006566684384213597,409.70001452430614,-0.0004782938023323381,7.750894681233023e-08,1.0224770737406004e-06
84,2023-01-05T11:00:00Z,100.01931419018041,44.00359257525704,1932.6819404335013,16.000000188731356,333.3135068367212,1.6298335624104262e-05,4.3251663259214095e-06,1.2400636457549608e-05,149.61086634080627,3.2836926751605007e-06,155.5423812606003,0.00035233512678888105,4.602765006421365e-09,6.88999999999995,1250.5487200396337,0.146,7.12,28.38,420.0002637759998,44.003591915493615,2078.560559656807,16.00000019622762,1726.5830721270484,523.6380441241232,390.80001519864965,-368.0956628635229,8.434917827329483e-08,7.441125987128479e-07
85,2023-01-05T12:00:00Z,420.0002637759998,44.003591915493615,2078.560559656807,16.00000019622762,499.99953240803615,1.5518137908019944e-05,4.359957195358158e-06,1.2105692380307534e-05,174.99979151325172,3.3112191600254104e-06,266.1495822067252,0.00031521177461513606,4.834857344903354e-09,9.325,1234.6795191434412,0.1451,7.59,35.0,899.9997987229876,44.0035912741071,2334.3170238534735,16.0000001971827,1900.3538231120754,612.4992820484727,374.35001505352204,-346.34969984174745,8.502766807629171e-08,7.264141842368758e-07
86,2023-01-05T13:00:00Z,899.9997987229876,44.0035912741071,2334.3170238534735,16.0000001971827,0.00013008192371585602,1.9725916395720777e-05,4.088792280058111e-06,1.4949523464802277e-05,96.73836073841042,3.1696691988393006e-06,0.0006672927615013416,0.006405451570278291,4.824519898323628e-09,9.674999999999999,1232.4022169000298,0.15103,7.79,35.95,899.9999030538048,44.00359045678541,2322.6397005753975,16.00000018863275,1319.4656803033856,338.58427618707543,367.35001434588423,-338.58360889431395,7.973942340347353e-08,8.970611139995366e-07
87,2023-01-05T14:00:00Z,899.9999030538048,44.00359045678541,2322.6397005753975,16.00000018863275,7.800041950454113e-05,2.6682975050251128e-05,3.7763149302823986e-06,2.2837663918833794e-05,0.00015828029838164798,3.0060764184635097e-06,0.0001585286272134473,331.9395998990329,4.9041157987269485e-09,9.665,1232.4022169000298,0.1594799999999999,7.98,35.95,899.9999501394419,44.00358916003404,1979.087060702115,16.00000018586527,1222.7374104425003,0.0005729434247332305,360.7000143138304,-0.00041441479751978317,7.364550569107589e-08,1.3703968748175095e-06
88,2023-01-05T15:00:00Z,899.9999501394419,44.00358916003404,1979.087060702115,16.00000018586527,3.292800720101977e-05,3.118170431583307e-05,3.373005631485127e-06,0.0001128037302843237,4.501488876175821e-05,2.7690319636728306e-06,9.652377536183825e-05,358.7918715686721,4.8037227512523974e-09,0.61,1298.1802943307741,0.17273,7.84,8.51,899.9999492693869,44.00358245691352,1610.3998503537075,16.000000185077212,1297.570234430273,0.00023925606350921641,365.60001430096025,-0.00014273228814737815,6.578018783274325e-08,6.768900707130135e-06
89,2023-01-05T16:00:00Z,899.9999492693869,44.00358245691352,1610.3998503537075,16.000000185077212,7.424917325815221e-06,499.99998491471496,2.3493682739491096e-06,199.9999905316669,6.168721617257641e-06,1.976861001868025e-06,0.00032074502793673565,239.95031777747076,4.479353704086106e-09,0.0,1318.580128111227,0.2221,7.43,0.0,379.16663877781275,32.002382950875585,1362.3978540694961,16.00000018143983,618.5801705847135,140.00001691978485,379.95001395222766,-139.9996961747569,4.581726306831447e-08,12.0011995518552
90,2023-01-05T17:00:00Z,379.16663877781275,32.002382950875585,1362.3978540694961,16.00000018143983,1.4815392432400774e-05,267.9999293829951,2.7531143042006017e-06,199.99997535314142,1.2137499456938941e-05,2.2978390536769114e-06,0.000310021276604621,255.35029547544045,4.016833220474568e-09,0.0,1318.580128111227,0.1946699999999999,6.99,0.0,100.00005989330288,20.001184363514092,1100.2358793449848,16.000000170133752,850.5802553789357,140.00002750330776,395.35001295747156,-139.99971748203114,5.369109804171591e-08,12.001198641052591
91,2023-01-05T18:00:00Z,100.00005989330288,20.001184363514092,1100.2358793449848,16.000000170133752,6.289100399239136e-06,3.147216102689452e-05,3.0881610074859407e-06,199.99072223776415,2.5691497603883766e-05,2.549211966664697e-06,0.0003038143089165957,268.6567186879876,3.7800554922677415e-09,0.0,1318.580128111227,0.17798,6.61,0.0,100.00003314733819,8.000541025133543,826.0782850745811,16.000000167097024,1118.5894120192727,139.99359801039634,408.65001288407507,-139.99329419608742,6.022516216219207e-08,12.00064339860571
92,2023-01-05T19:00:00Z,100.00003314733819,8.000541025133543,826.0782850745811,16.000000167097024,3.343221248465572e-05,2.9497943562192357e-05,3.4746109238514655e-06,2.82093336774373e-05,0.0006482442310353423,2.8047007020222077e-06,0.00023270382727021756,421.9479535926608,3.5766762892545232e-09,0.0,1318.580128111227,0.16399,6.23,0.0,100.00003451523763,8.00053940016594,400.0001727603747,16.000000156881047,1318.5807583597045,0.0022913779958929066,421.9500122668294,-0.002058674168622689,6.776168918402199e-08,1.6927292935755957e-06
93,2023-01-05T20:00:00Z,100.00003451523763,8.00053940016594,400.0001727603747,16.000000156881047,3.645577740063155e-05,2.9553946740881753e-05,3.868898306988237e-06,1.5866915480253353e-05,122.42857032245614,2.98446638228099e-06,2.000393312934158,0.0003967606256342275,3.723466019240621e-09,0.0,1318.580128111227,0.152,6.1,0.0,100.00003872742275,8.000538523506862,400.00016844888137,16.00000017075181,1441.0086963219633,428.500010190059,426.5000136377505,-426.4996168771249,7.545106209247987e-08,9.521101398291842e-07
94,2023-01-05T21:00:00Z,100.00003872742275,8.000538523506862,400.00016844888137,16.00000017075181,3.0108528150784402e-05,3.998463705727178e-05,4.144357684742365e-06,1.0817652246398213e-05,127.12854561762015,3.09953124413769e-06,2.0003008781404956,0.00039421785188434603,3.6826624880639853e-09,0.0,120.0,0.14464,5.63,0.0,100.00002598094616,8.000537955205871,400.0000742669256,16.000000171255436,247.12853216774792,444.94992030256304,442.9500136422744,-442.94961942442256,8.082305715819194e-08,6.491240471886117e-07
95,2023-01-05T22:00:00Z,100.00002598094616,8.000537955205871,400.0000742669256,16.000000171255436,3.5610785362056265e-05,3.464936549993846e-05,5.094858996391497e-06,6.83342480076197e-06,174.98391646214708,3.4598564628417046e-06,161.09402627879473,0.00032731826646161904,4.0189347681642354e-09,0.0,120.0,0.127,5.39,0.0,100.00002407421104,8.000537644519065,559.0937728561191,16.000000213228958,294.9839191448577,612.44371582617,451.3500168656417,-451.34968954737525,9.935968639827403e-08,4.1004649269498776e-07
96,2023-01-05T23:00:00Z,100.00002407421104,8.000537644519065,559.0937728561191,16.000000213228958,5.6624940469499924e-05,2.763610502874975e-05,6.879257523803027e-06,5.0029426273470825e-06,174.99998096660406,4.2634259203092176e-06,159.40025257402124,0.0003272972268188634,3.969705911837991e-09,0.0,120.0,0.10721,5.34,0.0,100.00004964654448,8.000537478471424,715.698229268633,16.00000021148707,295.00001609518034,612.4999411059657,453.1000158291713,-453.0996885319445,1.3415893760791982e-07,3.002065782986548e-07
97,2023-01-06T00:00:00Z,100.00004964654448,8.000537478471424,715.698229268633,16.00000021148707,4.762289122428817e-05,3.267327004087602e-05,7.702878501385292e-06,4.652094119085338e-06,174.99998579407676,4.586214952233285e-06,166.0502663924285,0.0003240046226300051,4.010910822338174e-09,0.0,120.0,0.1011,5.53,0.0,100.00006132986377,8.000537349539014,878.1696805100958,16.000000209470116,295.00000838069735,612.4999580760874,446.45001568828155,-446.4496916836589,1.5022115289230244e-07,2.791535625013704e-07
98,2023-01-06T01:00:00Z,100.00006132986377,8.000537349539014,878.1696805100958,16.000000209470116,4.1372140069840685e-05,4.193788866420715e-05,8.427681519770994e-06,4.416783138798454e-06,174.99998805507863,4.859967054571598e-06,165.0002745558848,0.0003240496762807488,3.973244504080629e-09,0.0,120.0,0.09673,5.5,0.0,100.00005736181754,8.000537248861749,1038.778782613754,16.000000207937244,294.9999963601955,612.4999660958908,447.50001558968233,-447.49969154000604,1.643562252580602e-07,2.65033491677075e-07
99,2023-01-06T02:00:00Z,100.00005736181754,8.000537248861749,1038.778782613754,16.000000207937244,0.00023515838624631275,2.199078702009279e-05,1.2607289743774856e-05,3.7391447575338675e-06,174.99999202014484,6.100670079671539e-06,162.20029004803212,0.0003248074566653986,3.917735284480838e-09,0.0,120.0,0.08142,5.42,0.0,100.00026020679852,8.000537270357363,1195.7848539412607,16.00000020649124,295.0002201565591,612.4999807275717,450.30001548699624,-450.2996906795396,2.458667366772774e-07,2.243711225642885e-07
100,2023-01-06T03:00:00Z,100.00026020679852,8.000537270357363,1195.7848539412607,16.00000020649124,499.9998990263537,1.6118019807223804e-05,1.6347724751487863e-05,3.5150791998049376e-06,174.99999311689592,6.918610126928007e-06,164.6502940383607,0.00032423746723837186,3.927570413640929e-09,0.0,120.0,0.07445,5.49,0.0,580.0001464824942,8.000537378244031,1354.4558994724478,16.00000020533199,794.9998957764853,612.4999852191153,447.8500154182218,-447.8496911807546,3.188125139054039e-07,2.1092584457275355e-07
101,2023-01-06T04:00:00Z,580.0001464824942,8.000537378244031,1354.4558994724478,16.00000020533199,333.33316104042916,1.956613086556951e-05,1.4043813888816367e-05,3.652320871130177e-06,174.9999927124482,6.486469995183317e-06,169.2002910710785,0.00032294464982693074,3.961506586620247e-09,0.0,120.0,0.0783199999999999,5.62,0.0,899.9999606999198,8.000537432964622,1516.8835881015143,16.00000020416177,628.3331510647095,612.4999834717987,443.30001534537007,-443.29969240072023,2.7388175900781996e-07,2.1916116838464908e-07
102,2023-01-06T05:00:00Z,899.9999606999198,8.000537432964622,1516.8835881015143,16.00000020416177,4.321022597151749e-05,3.6187038105010335e-05,8.362843220383209e-06,4.439997013784269e-06,174.9999890848069,4.898452560495068e-06,167.80027708972597,0.00032253131351587974,3.912768771783373e-09,0.0,1317.781942559518,0.09689,5.58,0.0,899.9999644869054,8.00053732962991,1677.0991247194193,16.000000202299184,1492.7819474888115,612.4999697542902,444.70001519587777,-444.6996926645642,1.6309175197266984e-07,2.664264634734035e-07
103,2023-01-06T06:00:00Z,899.9999644869054,8.00053732962991,1677.0991247194193,16.000000202299184,4.5963267630449974e-05,3.166426938824917e-05,6.802377379937965e-06,5.008705276084308e-06,174.99998529464148,4.295815928423815e-06,166.0502622886096,0.00032098314576149435,3.8447547449390446e-09,0.0,1317.781942559518,0.1070199999999999,5.53,0.0,899.9999756280284,8.000537161737164,1834.763570401286,16.000000199672524,1492.7819482426455,612.4999562901967,446.45001498473283,-446.4496940015871,1.3265962487127745e-07,3.005523718022387e-07
104,2023-01-06T07:00:00Z,899.9999756280284,8.000537161737164,1834.763570401286,16.000000199672524,4.3200051163049634e-05,2.9073045817193953e-05,5.266027476925072e-06,6.319261277276088e-06,174.99996551494527,3.600254145018358e-06,172.35018965914617,0.0003173970447507653,3.875769901329557e-09,0.0,1317.781942559518,0.12294,5.71,0.0,899.9999868156549,8.000536885241374,1997.939624811381,16.000000200802113,1492.7819247484888,612.499887290043,440.1500150279416,-440.14969763089687,1.0269780558059698e-07,3.791935959961649e-07
105,2023-01-06T08:00:00Z,899.9999868156549,8.000536885241374,1997.939624811381,16.000000200802113,1.515855829362564e-05,267.9995931184398,3.2533781110968637e-06,2.9744099561885356e-05,3.386276170736304e-05,2.5862826982708856e-06,6.083012361110675e-05,444.6999330634797,3.700022146599299e-09,0.0,1317.781942559518,0.1664,5.58,0.0,620.8337585361627,8.000535163864136,1543.250054453968,16.0000001899733,1049.7823745579594,0.00014190095554037855,444.70001413431163,-8.107083192927179e-05,6.344721788817767e-08,1.7848244561587374e-06
106,2023-01-06T09:00:00Z,620.8337585361627,8.000535163864136,1543.250054453968,16.0000001899733,6.542594322438127e-06,499.99995752421916,2.800373173224111e-06,0.00856456306904606,8.767475851086468e-06,2.1993499550909734e-06,0.00016223038340695394,422.3461480879705,3.5601867689981815e-09,9.075,1236.1890366323635,0.1824,5.44,34.06,100.00047572932499,8.000021293300213,1113.187818324111,16.00000018544334,727.1055348548684,0.006028057670266583,449.60001391525736,-0.0058658272868596295,5.4612738151685333e-08,0.0005139251766604296
107,2023-01-06T10:00:00Z,100.00047572932499,8.000021293300213,1113.187818324111,16.00000018544334,1.5978732728922938e-05,0.000212693843137372,3.1701170521814056e-06,2.520749557138894e-05,3.8961808129593106e-05,2.5122625432023797e-06,6.593514576383733e-05,398.4739180275183,3.5271848173408792e-09,16.56,1190.8889235647625,0.1636699999999999,5.69,52.97,100.0002695128218,8.000019842522683,709.1480271401181,16.00000009280183,1174.3287462863443,0.0001564987152713185,440.8500085910878,-9.056356950748117e-05,6.182346486402382e-08,1.5126009943827748e-06
108,2023-01-06T11:00:00Z,100.0002695128218,8.000019842522683,709.1480271401181,16.00000009280183,0.000552282801518741,1.492376434920892e-05,3.902558204873804e-06,8.458760303220592e-06,0.00025365025738869316,2.8599157639740668e-06,0.000888451587292065,7.769538128858568e-06,6.736100541283108e-08,253.255,359.5563885119036,0.1402,6.15,582.42,100.0007841587234,8.000019411053803,705.6031676864667,16.73765746520516,106.30217782491178,0.0008965283496790149,465.93601584630045,-8.076762386949885e-06,7.610749574461366e-08,5.075763758308186e-07
109,2023-01-06T12:00:00Z,100.0007841587234,8.000019411053803,705.6031676864667,16.73765746520516,499.9999147328636,1.177975436206162e-05,4.019724364795468e-06,8.204366240602127e-06,174.9998903415779,2.935018910913367e-06,612.4996160498466,8.222254539787882e-06,2.329176619481138e-08,264.965,359.5563885119036,0.135,6.48,610.12,580.000690031695,8.000018997135061,1314.5747596756264,17.616665593968495,769.5911805569679,612.4996248442477,488.0960170166557,-8.794401082923287e-06,7.839246435994762e-08,4.923112055566833e-07
110,2023-01-06T13:00:00Z,580.000690031695,8.000018997135061,1314.5747596756264,17.616665593968495,1.8064515343399148e-05,6.233502204336624e-05,3.1484167502148124e-06,1.0631649211294202e-05,3.632555659719347e-05,2.415347704291482e-06,0.00012611470016663868,1.1282559590065884e-05,9.300701135126206e-09,225.445,359.5563885119036,0.158,6.91,520.45,580.000642441315,8.000018420572578,1308.0020007093888,16.929382747060473,134.11137549906874,0.00013697279676533163,416.3600221406562,-1.085809659869295e-05,6.140026665585444e-08,6.379627489525475e-07
111,2023-01-06T14:00:00Z,580.000642441315,8.000018420572578,1308.0020007093888,16.929382747060473,1.3224838109329898e-05,351.19834905144944,2.9422294469245126e-06,1.4250365068567476e-05,4.369512033084318e-05,2.2886123219634903e-06,7.121125274184493e-05,100.56378073850422,3.631125950728411e-09,145.53,497.2294449896945,0.1704,7.03,342.53,214.16904154189973,8.000017622844375,1200.8982811785904,16.000000156728493,0.5011438386801793,0.00016517390290469221,374.5878747011544,-9.396265016284729e-05,5.7379212136241625e-08,8.551074148555342e-07
112,2023-01-06T15:00:00Z,214.16904154189973,8.000017622844375,1200.8982811785904,16.000000156728493,0.00032869293764243044,1.3738378125651e-05,3.5158360619730428e-06,5.4348140068174e-06,174.9994598682104,2.5937831477662006e-06,319.850335391501,0.00023154276088972574,3.4417884430511107e-09,52.445,981.9478415046802,0.1401,6.72,140.19,214.16934277630932,8.000017365288581,1514.7438936214376,16.000000160109177,1104.5026170022554,612.4981159109516,404.80001206221147,-292.6477805194506,6.856565977445178e-08,3.2612145255429946e-07
113,2023-01-06T16:00:00Z,214.16934277630932,8.000017365288581,1514.7438936214376,16.000000160109177,1.8821555555679553e-05,4.196571975683699e-05,2.9419649424687494e-06,8.003724130026867e-06,7.320588230330105e-05,2.282491394645284e-06,9.343277959143958e-05,428.5998404249063,3.0421835617622695e-09,0.0,1317.781942559518,0.15593,6.04,0.0,214.16931713071122,8.00001694239116,1078.5704271612037,16.00000014956238,1317.7819898419684,0.00026408286143327124,428.6000110749881,-0.00017065008184183165,5.737405378351897e-08,4.802714749491069e-07
114,2023-01-06T17:00:00Z,214.16931713071122,8.00001694239116,1078.5704271612037,16.00000014956238,1.2528237934927104e-05,109.60250206488479,2.661346504147232e-06,0.00016062745618088475,2.6764454538544024e-05,2.107080305643864e-06,7.93169209003363e-05,438.04988197240516,2.8666234439440333e-09,0.0,1317.781942559518,0.1635,5.77,0.0,100.00005617356466,8.000007355681374,635.1277723699135,16.000000145201344,1208.1793239282963,0.00020820081971411084,438.05001085630397,-0.00012888389881377454,5.190144697556859e-08,9.638611231976283e-06
115,2023-01-06T18:00:00Z,100.00005617356466,8.000007355681374,635.1277723699135,16.000000145201344,2.265767411898005e-05,2.7338803818340643e-05,3.0992553626175376e-06,6.824943934917275e-06,61.58517015022343,2.3138005666575474e-06,0.00023504084509069176,231.9521426447749,2.6948297832660694e-09,0.0,1317.781942559518,0.14674,5.5,0.0,100.00004944701116,8.000007006585308,400.000225904134,16.00000013546962,1379.3671066167237,215.54810259390533,447.50001019783514,-215.54786755306023,6.044152372341432e-08,4.095375898540219e-07
116,2023-01-06T19:00:00Z,100.00004944701116,8.000007006585308,400.000225904134,16.00000013546962,2.421278806703033e-05,2.4821621215057986e-05,3.22565029356335e-06,5.905808132553849e-06,132.0285437529759,2.369624612181798e-06,2.0001949753268753,0.00029614355643060235,2.6617087752859757e-09,0.0,1317.781942559518,0.13939,5.14,0.0,100.00004683543229,8.000006715107853,400.00012360638374,16.00000014014373,1449.8104853931275,462.09990961540973,460.10001078363933,-460.0997146400829,6.290647137162249e-08,3.5438392634586555e-07
117,2023-01-06T20:00:00Z,100.00004683543229,8.000006715107853,400.00012360638374,16.00000014014373,2.689813179954096e-05,2.2487109882943012e-05,3.4595900559311936e-06,5.2124056969204705e-06,128.02864584999094,2.434463633673907e-06,2.00054495103299,0.0002898083042773836,2.850861717439016e-09,0.0,1317.781942559518,0.13184,5.54,0.0,100.00004923356602,8.000006469800987,400.0003781310805,16.00000014949315,1445.8105935021788,448.10026653377133,446.10001139104264,-446.09972158273837,6.746875296595487e-08,3.1277561937716595e-07
118,2023-01-06T21:00:00Z,100.00004923356602,8.000006469800987,400.0003781310805,16.00000014949315,1.866580079129221e-05,3.221626317836505e-05,3.3666262332728474e-06,5.206161590489256e-06,121.92849508794077,2.3879180029597132e-06,2.0000092257897077,0.0002811341574140262,2.983590742645467e-09,0.0,120.0,0.12994,6.15,0.0,100.00003359412729,8.000006223055829,400.00010433205733,16.00000014259007,241.92848208586105,426.74973881614466,424.7500107245124,-424.74972959035495,6.565577712653318e-08,3.124009355229077e-07
119,2023-01-06T22:00:00Z,100.00003359412729,8.000006223055829,400.00010433205733,16.00000014259007,1.8577126900311184e-05,3.2515641552027414e-05,3.4966902093943225e-06,4.545778434501735e-06,115.12855398424001,2.4428725496341712e-06,2.0002050338120894,0.0002712152353995731,3.2985878344779095e-09,0.0,120.0,0.12131,6.83,0.0,100.00001755770917,8.000006018474124,400.00003762897376,16.000000136974954,235.1285414395097,402.9499445453288,400.95001072675205,-400.94973951151667,6.81922783110204e-08,2.7277398346845096e-07
120,2023-01-06T23:00:00Z,100.00001755770917,8.000006018474124,400.00003762897376,16.000000136974954,5.942170221374977e-05,1.6152087542188153e-05,5.375832283650262e-06,3.1568443845943063e-06,108.60199671860542,2.8336109690975097e-06,4.007239135079982,0.0002601516855394642,4.17604208862838e-09,0.0,120.0,0.09728,7.54,0.0,100.0000577774521,8.000005933883731,402.0070164242233,16.000000185096813,228.602045040819,380.1069935301849,376.1000145467905,-376.0997543951049,1.0483921345252538e-07,1.89429606036262e-07
121,2023-01-07T00:00:00Z,100.0000577774521,8.000005933883731,402.0070164242233,16.000000185096813,2.5783946006298813e-05,2.4294610087842606e-05,4.964751655910608e-06,3.2774302859883924e-06,101.75807761753504,2.689749195827255e-06,0.0035339114585199558,0.0002697668530746395,4.266966202000113e-09,0.0,120.0,0.09816,8.11,0.0,100.00005722315476,8.000005834040588,400.0002454867076,16.000000171881744,221.75808348394153,356.15327661842554,356.1500124738201,-356.149742706967,9.682233952420928e-08,1.9666548370767432e-07
122,2023-01-07T01:00:00Z,100.00005722315476,8.000005834040588,400.0002454867076,16.000000171881744,2.1546882925903288e-05,2.7574026329725096e-05,4.70990081085777e-06,3.195189553676351e-06,99.22859427387884,2.634753752348826e-06,2.000311056137558,0.00023879886581159337,4.360668462587095e-09,0.0,120.0,0.0949599999999999,8.42,0.0,100.00004918521827,8.000005734162292,400.0003165165458,16.000000170443688,219.22859239620044,347.3000848036148,345.3000125463431,-345.2997737474773,9.185225103683019e-08,1.917305462752086e-07
123,2023-01-07T02:00:00Z,100.00004918521827,8.000005734162292,400.0003165165458,16.000000170443688,4.930234410259537e-05,1.5447893013038272e-05,5.745000007641073e-06,2.740225551383211e-06,174.99997478686888,2.8792581512863188e-06,244.8000792159088,0.00017493649646619497,3.879635331388442e-09,0.0,120.0,0.08386,7.78,0.0,100.00008042391339,8.00000568177102,642.8002192133754,16.000000168645524,295.0000145253526,612.4999165226644,367.7000122432521,-367.6998373067556,1.1203870401940288e-07,1.6442997608060073e-07
124,2023-01-07T03:00:00Z,100.00008042391339,8.00000568177102,642.8002192133754,16.000000168645524,0.0025452239163624196,1.1391284906457575e-05,6.4660570070211405e-06,2.5556988713677302e-06,174.9999870778575,3.057950126910027e-06,217.50011980760564,0.00017165477433179615,3.336063980308042e-09,0.0,120.0,0.0766599999999999,7.0,0.0,100.00251197295132,8.000005654514474,857.0861662701398,16.00000016020113,295.00252787879725,612.4999595888612,395.00001143602987,-394.99983978125556,1.2610072170908314e-07,1.533572680088647e-07
125,2023-01-07T04:00:00Z,100.00251197295132,8.000005654514474,857.0861662701398,16.00000016020113,499.99996846608735,7.721244557651244e-06,1.2371927264272625e-06,2.3816638834755547e-06,174.99999141198506,3.26998213843932e-06,198.60013143791173,0.00016743708363201707,2.972320921091045e-09,0.0,120.0,0.06988,6.46,0.0,580.0024736574321,8.000005535728022,1051.4006994396173,16.000000152451975,794.9999542823389,612.4999748463947,413.9000108455666,-413.899843408483,2.4127670932424863e-08,1.4291412442097538e-07
126,2023-01-07T05:00:00Z,580.0024736574321,8.000005535728022,1051.4006994396173,16.000000152451975,333.33073746276534,1.006832698368349e-05,5.4307868135348955e-06,2.5752883023604556e-06,174.99998901981974,2.823399514636304e-06,187.05011859673058,0.0001627680433356742,2.7276325803244855e-09,0.0,1316.806863713619,0.0764899999999999,6.13,0.0,899.9999711338462,8.000005487106204,1233.1936517711063,16.00000014561705,1825.137585806775,612.4999661672365,425.4500103385492,-425.4498475705059,1.059109339573262e-07,1.5453275141676903e-07
127,2023-01-07T06:00:00Z,899.9999711338462,8.000005487106204,1233.1936517711063,16.00000014561705,2.063251829995015e-05,1.8067672758772985e-05,3.6813374434822178e-06,3.4173396168906086e-06,174.99993149253854,2.156285420498936e-06,176.19991239137457,0.00015759879315074309,2.5006325847889375e-09,0.0,1316.806863713619,0.09253,5.82,0.0,899.9999721205713,8.00000535383858,1403.227438304832,16.000000141502642,1491.8068001912861,612.4997647507452,436.3000099581637,-436.29985235937056,7.179325947385064e-08,2.050608831017467e-07
128,2023-01-07T07:00:00Z,899.9999721205713,8.00000535383858,1403.227438304832,16.000000141502642,8.703285119560451e-06,267.9999762835585,2.3855470534348906e-06,5.290612162616867e-06,4.326318435766045e-05,1.7174904102815417e-06,5.455521901185625e-05,441.89990647628815,2.237974413317683e-09,0.0,1316.806863713619,0.10994,5.66,0.0,620.8333385136849,8.000005082892923,954.3114491922388,16.000000126551626,1048.8069382089554,0.0001568248892718221,441.9000087459584,-0.00010226967025996585,4.652281982396277e-08,3.174684766046725e-07
129,2023-01-07T08:00:00Z,620.8333385136849,8.000005082892923,954.3114491922388,16.000000126551626,7.146821413283992e-06,499.99994040168826,2.1076558581786523e-06,5.994986900170795e-06,3.436849277082596e-05,1.5986366499909772e-06,4.637254765633745e-05,452.39992877896054,2.0567711453948854e-09,0.0,1316.806863713619,0.11287,5.36,0.0,100.00007412287482,8.000004764261135,497.14000953986476,16.000000120626183,816.8069625385504,0.00012606886581150147,452.4000084752787,-7.969631815516403e-05,4.110339957444117e-08,3.5973518752900064e-07
130,2023-01-07T09:00:00Z,100.00007412287482,8.000004764261135,497.14000953986476,16.000000120626183,1.1868882365046138e-05,2.620601482784919e-05,2.4425946379596494e-06,4.68229062739234e-06,38.17535883879018,1.7542468604143577e-06,0.00015328445743004965,94.65440017533429,2.034735436331656e-09,114.155,665.0497818724563,0.10069,5.54,272.29,100.00005821906979,8.00000453093096,400.0000626012886,16.0000001092059,589.070125888665,133.61376095007347,446.1000078409503,-133.61360766561603,4.763535897611078e-08,2.809655341969601e-07
131,2023-01-07T10:00:00Z,100.00005821906979,8.00000453093096,400.0000626012886,16.0000001092059,4.719249018626215e-05,1.0499621608400489e-05,3.0795911456110844e-06,3.56644390722291e-06,95.45574871805607,1.9515343097443104e-06,2.0012852590064547,0.00017017282425656427,2.4606169312062145e-09,41.43,1052.1449938719893,0.08832,6.27,110.57,100.00009258675452,8.000004376980957,400.00117737446436,16.000000131503988,1106.1707807475957,334.09512494172594,420.55000985554375,-332.0938396827195,6.005803314273043e-08,2.140080352368983e-07
132,2023-01-07T11:00:00Z,100.00009258675452,8.000004376980957,400.00117737446436,16.000000131503988,3.336090304015326e-05,1.1891154874640785e-05,3.072078751335203e-06,3.74038347970125e-06,174.9996456962649,1.987245314422414e-06,572.2288554262187,0.00010051052619895207,2.846568221310015e-09,184.53,359.36137274272374,0.0879,7.39,426.35,100.00011222660179,8.000004212447031,970.2299264032846,16.000000133338844,349.83104122767753,612.4987645225685,381.35000960687603,-40.26990909634981,5.991152680371684e-08,2.2444545332740775e-07
133,2023-01-07T12:00:00Z,100.00011222660179,8.000004212447031,970.2299264032846,16.000000133338844,499.9999758406788,6.181236885691849e-06,1.0142603664950976e-07,3.0218844022590174e-06,174.99998815433753,2.4522241089400945e-06,448.1620650271707,0.00011163720241315628,3.2432764841204625e-09,95.175,765.9406004835142,0.07429,8.33,230.14,580.000082594865,8.00000403309384,1413.5407301612363,16.000000134255647,1345.7655578290596,612.4999630832021,348.4500096932339,-164.33789805603146,1.9780055152169623e-09,1.8133119725526658e-07
134,2023-01-07T13:00:00Z,580.000082594865,8.00000403309384,1413.5407301612363,16.000000134255647,2.0712378667339192e-05,1.608125967430813e-05,1.1669332423825608e-06,3.975226564498448e-06,86.55176574640473,2.003567650309696e-06,0.0013787721701576303,0.00020366527335081663,3.6613824267972157e-09,5.155,1260.1978990599646,0.09,9.09,23.65,580.0000857274364,8.000003817313866,1406.474201617327,16.000000134483685,1341.594668632763,302.93118487860716,321.8500097717104,-302.929806106437,2.2757473973857326e-08,2.385374476146684e-07
135,2023-01-07T14:00:00Z,580.0000857274364,8.000003817313866,1406.474201617327,16.000000134483685,3.2952833759735595e-05,1.2636176690866676e-05,1.8117977369900536e-06,4.027731176162081e-06,174.99994451088705,2.111485722576353e-06,330.0699274404062,0.00012680984206846088,3.707983683282337e-09,14.475,1200.9559593061404,0.0869,9.11,48.4,580.0001041994727,8.000003610959416,1729.5116312398047,16.000000138975494,1361.4809240292368,612.4998106978875,321.15001006732336,-282.42988325748126,3.533358923022907e-08,2.416880393736622e-07
136,2023-01-07T15:00:00Z,580.0001041994727,8.000003610959416,1729.5116312398047,16.000000138975494,1.4016154411683754e-05,2.7169326016986526e-05,1.4094485808035114e-06,4.842606675715442e-06,0.004094155032134751,1.9707896445516907e-06,0.00012910442840062045,312.6158036716595,3.486331147196074e-09,4.244999999999999,1266.1819333785327,0.09431,8.87,21.15,580.0000893535997,8.000003347860952,1408.2483985163747,16.00000013208175,1261.941012918025,0.014334883518892736,329.55000945075,-0.014205779090492116,2.7486996025271e-08,2.905854590888354e-07
137,2023-01-07T16:00:00Z,580.0000893535997,8.000003347860952,1408.2483985163747,16.00000013208175,1.0755436165299968e-05,6.93246178126683e-05,1.5993035148683705e-06,5.665712711094773e-06,0.0001180573112595708,1.9120582415443367e-06,9.1463170545731e-05,351.94968202108913,3.195195414376094e-09,0.0,1316.806863713619,0.0983199999999999,8.23,0.0,580.0000274656749,8.000003039073729,1049.2575659658742,16.000000132605624,1316.8069210473975,0.00041905952596539304,351.95000961744455,-0.00032759635541966206,3.118953749368259e-08,3.3997676034172057e-07
138,2023-01-07T17:00:00Z,580.0000274656749,8.000003039073729,1049.2575659658742,16.000000132605624,8.982574973107718e-06,460.7999447393664,1.8616877193006835e-06,6.737434625744021e-06,7.862388514359214e-05,1.8922628120859218e-06,7.812802323271734e-05,368.0498060473544,3.032090343415042e-09,0.0,1316.806863713619,0.10096,7.77,0.0,100.00009365210673,8.000002671093764,675.9615502167137,16.000000133688417,856.0070035972286,0.00028177314242455834,368.0500096924736,-0.000203645119191841,3.630654118048138e-08,4.042865061952608e-07
139,2023-01-07T18:00:00Z,100.00009365210673,8.000002671093764,675.9615502167137,16.000000133688417,5.84319080793328e-06,5.116916345962377e-05,2.0696994680209747e-06,7.168908447141689e-06,30.07669282253041,2.023421273304591e-06,0.00014046772459683706,272.5817180253645,2.955235421090393e-09,0.0,1316.806863713619,0.096,7.49,0.0,100.00004596035797,8.000002281279416,400.00016490799015,16.000000129193147,1346.883508134389,105.26843190027941,377.8500094579193,-105.26829143255482,4.036317594400341e-08,4.301775245809595e-07
140,2023-01-07T19:00:00Z,100.00004596035797,8.000002281279416,400.00016490799015,16.000000129193147,8.448840556113258e-06,4.195736267113045e-05,2.562895401445318e-06,6.782391511375575e-06,115.62853221194143,2.175599037473257e-06,2.000049621606259,0.00018963728909639817,2.9155174792177715e-09,0.0,1316.806863713619,0.0891,6.78,0.0,100.00001036565878,8.000001924276685,400.00002406776736,16.000000124912916,1432.435360373141,404.6998696433121,402.700009658995,-402.6998200217059,4.9981458474031106e-08,4.0698418910144465e-07
141,2023-01-07T20:00:00Z,100.00001036565878,8.000001924276685,400.00002406776736,16.000000124912916,2.551849789561517e-05,1.9262885296985083e-05,4.671043125313302e-06,3.492471505846187e-06,116.92858277528404,2.896665879455705e-06,2.00022190177091,0.00019156569827390806,3.839371988093108e-09,0.0,1316.806863713619,0.06298,6.65,0.0,100.00001479791123,8.000001805801888,400.00005428350113,16.000000181120793,1433.7354568197532,409.25004502592344,407.25001468985084,-407.24982312415256,9.109445038864826e-08,2.0956924727549877e-07
142,2023-01-07T21:00:00Z,100.00001479791123,8.000001805801888,400.00005428350113,16.000000181120793,2.504996722420224e-05,2.3258925728407843e-05,7.581049132198793e-06,2.746263438136605e-06,111.22857442182806,3.4500672875848485e-06,2.0001951067045964,0.00019605868916041928,4.895911644500874e-09,0.0,120.0,0.0512,7.22,0.0,100.00001461783214,8.000001788854846,400.0000530600991,16.00000021389485,231.22858449772252,389.3000158143492,387.3000167663337,-387.2998207076446,1.478452426021367e-07,1.6479228551674797e-07
143,2023-01-07T22:00:00Z,100.00001461783214,8.000001788854846,400.0000530600991,16.00000021389485,2.3920991827527922e-05,2.767336059938457e-05,1.7000217969461124e-05,3.407685356322421e-06,174.99997483032018,4.515467073269189e-06,251.80005320451193,0.00015405970820682384,5.910675739662589e-09,0.0,120.0,0.03879,7.98,0.0,100.000008755567,8.00000191591068,649.7999519396024,16.000000261356913,294.9999891859511,612.4999187618128,360.70001961700905,-360.6998655573008,3.3153740414490645e-07,2.044815695362989e-07
144,2023-01-07T23:00:00Z,100.000008755567,8.00000191591068,649.7999519396024,16.000000261356913,8.652593533607334e-05,1.8912455736845798e-05,249.99998185286952,1.913049432037365e-06,174.99999420488425,1.2759676506279274e-05,279.8001285473614,0.0001540395624362185,6.738482450344036e-09,0.0,120.0,0.01155,8.78,0.0,100.0000721199902,12.875488995966677,926.3509266877033,16.000000266777498,545.0000545178603,612.4999936883092,332.7000191805103,-332.69986514094785,4.875487194850441,1.1479444536677858e-07
145,2023-01-08T00:00:00Z,100.0000721199902,12.875488995966677,926.3509266877033,16.000000266777498,7.490375167883136e-05,2.0386228372195796e-05,249.99998452186514,1.943517800325149e-06,174.99999442882788,1.5817024326477293e-05,307.1001336268021,0.00015603650586623887,7.845337853466965e-09,0.0,120.0,0.00907,9.56,0.0,100.00012279193724,17.750976126245007,1228.819149644561,16.00000027551618,545.0000473417228,612.499997520214,305.4000199299178,-305.3998638934119,4.875487246901061,1.166227302925382e-07
146,2023-01-08T01:00:00Z,100.00012279193724,17.750976126245007,1228.819149644561,16.00000027551618,3.379013094820715e-05,2.606220230449604e-05,249.99998398528945,2.0098899739401587e-06,174.99999429873424,1.642530052262997e-05,331.60013483144326,0.0001575904941257008,9.077905329969294e-09,0.0,120.0,0.0091,10.26,0.0,100.00012808233555,22.626463242076337,1554.2750311372874,16.000000282825237,545.0000004273628,612.4999977135403,280.90002047259117,-280.89986288209707,4.875487236436788,1.2060545898230777e-07
147,2023-01-08T02:00:00Z,100.00012808233555,22.626463242076337,1554.2750311372874,16.000000282825237,333.3332535203655,1.6869917863739143e-05,249.9999882989296,1.965984342039066e-06,174.99999492498083,2.9600759357710397e-05,350.1501514915565,0.00015953992986320775,1.0270188751929583e-08,0.0,120.0,0.00346,10.79,0.0,420.0000338890553,27.50195044466666,1896.6536479332276,16.00000028938631,878.333247509133,612.5000129183737,262.3500209667471,-262.3498614268172,4.8754873205611835,1.1797085760810478e-07
148,2023-01-08T03:00:00Z,420.0000338890553,27.50195044466666,1896.6536479332276,16.00000028938631,499.99964602135066,1.6019395717874417e-05,249.99998845873193,1.9953309722799494e-06,174.99999494177317,3.353435841859805e-05,359.95015698189167,0.00016132059677424006,1.1029369518756704e-08,0.0,120.0,0.0028,11.07,0.0,899.9996773826813,32.37743764861247,2247.120375354856,16.00000029345517,1044.9996449414875,612.5000168919527,252.55002123065776,-252.549859910061,4.875487323677641,1.1973183151994895e-07
149,2023-01-08T04:00:00Z,899.9996773826813,32.37743764861247,2247.120375354856,16.00000029345517,0.00028772571614372615,2.3240130568855662e-05,249.99998669660442,2.0836871010435487e-06,174.9999946056891,2.6071994646463535e-05,364.50015097786707,0.00016418654021618911,1.1526076268344178e-08,0.0,120.0,0.00508,11.2,0.0,899.9999293908995,37.25292481289146,2600.384760269409,16.000000298156227,545.0002697761865,612.5000083897675,248.0000215984406,-247.9998574119004,4.8754872893127175,1.250337294355565e-07
150,2023-01-08T05:00:00Z,899.9999293908995,37.25292481289146,2600.384760269409,16.000000298156227,5.528092817704317e-05,1.5542332671873106e-05,249.9999823463867,2.23765076328624e-06,174.999993927388,1.894027089536098e-05,365.20014640844147,0.00016963445171185796,1.1912035529223673e-08,0.0,1315.6551801150476,0.00902,11.22,0.0,899.9999662706607,42.128411883093975,2952.582813242052,16.000000306497437,1740.655212830038,612.4999990630818,247.300022289092,-247.2998526546403,4.875487204474989,1.3427247304447886e-07
151,2023-01-08T06:00:00Z,899.9999662706607,42.128411883093975,2952.582813242052,16.000000306497437,5.394049429654856e-05,2.4984269851481706e-05,249.99996017858933,2.531920636649742e-06,174.99999226117586,1.2646050690728335e-05,364.15014211572975,0.0001782995007816479,1.2376437249339664e-08,0.0,1315.6551801150476,0.01647,11.19,0.0,899.9999920282542,47.003898503323256,3301.969862992071,16.000000320042705,1740.6551716251672,612.4999872060502,248.3500233898212,-248.3498450903204,4.875486772159709,1.5193043124210876e-07
152,2023-01-08T07:00:00Z,899.9999920282542,47.003898503323256,3301.969862992071,16.000000320042705,3.497899257081177e-05,3.314267196710589e-05,1.030170986693406e-05,4.1059946985332845e-06,161.8257079708318,5.0004865574345915e-06,314.54015275564075,0.00019925152972439952,1.2914529548338143e-08,0.0,1315.6551801150476,0.05023,11.09,0.0,899.9999910844705,47.00389845784237,3599.999967181221,16.000000469324753,1477.4809011184013,566.3899857225891,251.8500322184781,-251.84983296694838,2.0090343274848904e-07,2.463843203440315e-07
153,2023-01-08T08:00:00Z,899.9999910844705,47.00389845784237,3599.999967181221,16.000000469324753,2.5081169811204058e-05,4.161048234044115e-05,5.184456194930616e-06,7.624454630406606e-06,78.59995228254763,3.6485116481081443e-06,18.000115837190453,0.00028758353407583233,9.17121332657583e-09,0.0,1315.6551801150476,0.08302,10.94,0.0,899.9999718181411,47.00389810143635,3599.9997955989716,16.00000025398333,1394.2551170767958,275.0998419380615,257.10001368440516,-257.09972610087107,1.011070065017972e-07,4.575130291273091e-07
154,2023-01-08T09:00:00Z,899.9999718181411,47.00389810143635,3599.9997955989716,16.00000025398333,2.389506039686361e-05,4.3770650143359995e-05,4.605051603325798e-06,1.0281141287169993e-05,0.0003771170607265728,3.431266611977296e-06,0.000210277488764551,144.97489607726226,8.615625882102724e-09,55.364999999999995,970.0390937509918,0.0938799999999999,10.84,144.53,899.9999491629719,47.00389757431367,3437.0251108212033,16.00000022752057,914.6744487476396,0.0013305034653898814,260.6000163032389,-0.0011202259766253304,8.980748701355442e-08,6.169301702472243e-07
155,2023-01-08T10:00:00Z,899.9999491629719,47.00389757431367,3437.0251108212033,16.00000022752057,1.8266732491727576e-05,0.00010751734392435397,4.77055357883638e-06,6.1436125936451394e-06,7.21154513075736e-05,3.2069234726001306e-06,9.859285966341945e-05,186.4058560318166,8.722391713273252e-09,33.765,1088.6480876184046,0.10387,10.79,94.93,899.9998547018018,47.00389729869514,3233.43422782814,16.000000232293115,1054.883072317109,0.00025987946262993335,262.3500173184196,-0.00016128660296651392,9.303509829713914e-08,3.6865362098080646e-07
156,2023-01-08T11:00:00Z,899.9998547018018,47.00389729869514,3233.43422782814,16.000000232293115,2.4602382272326443e-05,4.023692132284717e-05,5.095708114012887e-06,5.81775822226203e-06,9.514072608863357e-05,3.3524629114125977e-06,0.00011698529574764429,243.71379421164755,9.060954103585558e-09,3.54,1270.411588099494,0.10169,10.89,18.92,899.999836406629,47.003897048970984,2973.5533794626476,16.000000236228175,1266.8716702360941,0.0003403839103480994,258.85001761026217,-0.00022339861460045511,9.93762458478361e-08,3.4910040337605944e-07
157,2023-01-08T12:00:00Z,899.999836406629,47.003897048970984,2973.5533794626476,16.000000236228175,4.155191907638765e-05,4.74167283917012e-05,5.417958221774882e-06,5.579639522674399e-06,0.00015121583520795866,3.496848944271112e-06,0.00015337571363246522,219.32563450323968,9.04889421807453e-09,15.76,1191.2353020722758,0.099,10.83,52.03,899.999826904046,47.003896819819886,2739.3601314378084,16.000000238485505,1175.4754507584692,0.0005366230513485557,260.9500177505774,-0.00038324733771609047,1.0566075139975019e-07,3.348118525457185e-07
158,2023-01-08T13:00:00Z,899.999826904046,47.003896819819886,2739.3601314378084,16.000000238485505,3.0836032123174876e-05,4.5702496783529384e-05,5.061104529980839e-06,6.304804797118338e-06,8.578554853965499e-05,3.388545592847547e-06,0.00011354587745473745,169.17182348073277,8.926429479015916e-09,44.865,1027.7174996397418,0.10429,10.7,120.41,899.9998088998694,47.00389654019517,2556.491620845764,16.000000241051897,982.8525727036708,0.0003080174433836944,265.50001795229866,-0.00019447156592895695,9.870140847547393e-08,3.783261204391442e-07
159,2023-01-08T14:00:00Z,899.9998088998694,47.00389654019517,2556.491620845764,16.000000241051897,3.6335329553273576e-05,3.2464705685811645e-05,5.2113929899563464e-06,6.242115994153204e-06,0.00010109313792984507,3.467678118209142e-06,0.00012453733976895917,222.2257809813355,8.847169812619232e-09,18.23,1176.8874399108952,0.10333,10.61,58.03,899.999809964384,47.00389626726308,2321.4835062975394,16.0000002428142,1158.6575473116122,0.000361628465287392,268.650018072461,-0.00023709112551843284,1.0163232653680244e-07,3.745644160908013e-07
160,2023-01-08T15:00:00Z,899.999809964384,47.00389626726308,2321.4835062975394,16.0000002428142,3.3369374171371816e-05,5.5821320918502045e-05,4.915166982499886e-06,7.091949610051793e-06,6.878338728084422e-05,3.376309921244016e-06,9.58397059764607e-05,264.23786510641,8.603727167096915e-09,2.375,1279.4507412611642,0.10843,10.39,15.14,899.9997838517739,47.00389593755889,2045.6383194993477,16.000000245744204,1277.075788792132,0.00024904876703202256,276.3500183154711,-0.00015320906105556188,9.585534169291708e-08,4.255595325563632e-07
161,2023-01-08T16:00:00Z,899.9997838517739,47.00389593755889,2045.6383194993477,16.000000245744204,1.618185160553295e-05,267.99977518034916,4.3812292702597886e-06,9.175096045395317e-06,4.088050738680907e-05,3.160139788353133e-06,6.507587764024461e-05,288.94993101573635,8.192489509637465e-09,0.0,1315.6551801150476,0.1187199999999999,10.03,0.0,620.8333669068211,47.00389547244058,1746.4602619619923,16.000000249144684,1047.6554603633306,0.00015263288147607807,288.9500185727402,-8.755700383583345e-05,8.544251502156805e-08,5.505608188055996e-07
162,2023-01-08T17:00:00Z,620.8333669068211,47.00389547244058,1746.4602619619923,16.000000249144684,1.3634870087333029e-05,499.99991211153076,4.2886026328233255e-06,9.959389957803227e-06,3.6213030438884405e-05,3.125318445496847e-06,5.9407114797310176e-05,299.0999414318576,7.922628679270348e-09,0.0,1315.6551801150476,0.12276,9.74,0.0,100.0001382134518,47.003894958453536,1438.6280786274394,16.00000025266932,815.6553153059485,0.00013681124476759958,299.10001883598756,-7.74041299702894e-05,8.363611495155001e-08,5.97623159784172e-07
163,2023-01-08T18:00:00Z,100.0001382134518,47.003894958453536,1438.6280786274394,16.00000025266932,4.933111822599849e-05,5.512161201123191e-05,5.421094292111016e-06,6.2895774376523595e-06,7.73761359326096e-05,3.570757557384649e-06,0.00010457506191374664,306.4498449500806,7.784120648183111e-09,0.0,1315.6551801150476,0.10944,9.53,0.0,100.00012815297946,47.00389468676306,1124.9851978592835,16.00000025648729,1315.6552544029644,0.00027875422995230105,306.45001912924863,-0.00017417916803855443,1.0572191088725356e-07,3.774123874978914e-07
164,2023-01-08T19:00:00Z,100.00012815297946,47.00389468676306,1124.9851978592835,16.00000025648729,4.115655264010987e-05,5.098673669789976e-05,6.0497715189443675e-06,5.695079301658234e-06,0.00014063966532796372,3.8194192543309485e-06,0.00015141838860683606,307.1496708445019,7.888100223115107e-09,0.0,1315.6551801150476,0.10441,9.51,0.0,100.00011455208593,47.003894463006475,812.210752443874,16.000000260372296,1315.6553150986406,0.0005000066092208215,307.1500194327225,-0.0003485882206139854,1.1798234285370054e-07,3.417389319926933e-07
165,2023-01-08T20:00:00Z,100.00011455208593,47.003894463006475,812.210752443874,16.000000260372296,3.143454062281027e-05,4.1804304450254275e-05,6.961400328617853e-06,5.0324619333123506e-06,89.75396218785019,4.117638012958234e-06,0.00039105924849182545,0.011535493256823789,7.75573424368576e-09,0.0,1315.6551801150476,0.09865,9.31,0.0,100.00010118309447,47.00389429678944,808.1385542476463,16.00000026396273,1405.4091379797103,314.13887525666064,314.15001969066896,-314.13848419741214,1.3576088249629777e-07,3.0197791379012007e-07
166,2023-01-08T21:00:00Z,100.00010118309447,47.00389429678944,808.1385542476463,16.00000026396273,3.11946838553677e-05,8.503509422361594e-05,6.9851191339445714e-06,5.121047799051803e-06,91.257438580271,4.149588902860326e-06,0.0015341434698101406,0.0005111202999269576,7.638913026088835e-09,0.0,120.0,0.09938,9.16,0.0,100.00004255176782,47.003894125719285,804.0988844995779,16.000000264175434,211.25739075352087,319.401042723775,319.40001970060507,-319.39950858030517,1.362234454564648e-07,3.072935973028385e-07
167,2023-01-08T22:00:00Z,100.00004255176782,47.003894125719285,804.0988844995779,16.000000264175434,4.525452328612892e-05,3.537752932078049e-05,1.0664893581336814e-05,4.148523985003049e-06,174.99998173637024,5.366225035331162e-06,293.8002082670654,0.0002833134123868047,7.550410377465377e-09,0.0,120.0,0.08134,9.18,0.0,100.00004914451713,47.00389408476917,1093.878315030733,16.000000260508664,295.00000349595877,612.4999442938254,318.7000193401724,-318.69973602676,2.0798622345841374e-07,2.489363327334563e-07
168,2023-01-08T23:00:00Z,100.00004914451713,47.00389408476917,1093.878315030733,16.000000260508664,3.939195858655332e-05,4.197721719630972e-05,1.3296064411155918e-05,3.916366520613834e-06,174.9999895204781,6.2294549410921675e-06,299.40023894679706,0.00028434694839818463,7.234229521531292e-09,0.0,120.0,0.07513,9.34,0.0,100.00004323452946,47.00389410906286,1387.808878055428,16.000000240388857,295.0000025443723,612.4999722302903,313.1000176304416,-313.0997332834932,2.5929918593613404e-07,2.3500549178600863e-07
169,2023-01-09T00:00:00Z,100.00004323452946,47.00389410906286,1387.808878055428,16.000000240388857,5.5864894704553974e-05,3.6805950652064384e-05,2.125946867421123e-05,3.566678783550717e-06,174.99999191874943,7.693983027642198e-06,305.7002492184521,0.0002855463804122541,7.479501725237217e-09,0.0,120.0,0.0643799999999999,9.52,0.0,100.00005852529645,47.00389430964183,1686.5697973372226,16.00000024128841,295.00003636446644,612.4999818293414,306.8000181572698,-306.79973261088935,4.1460109925704473e-07,2.1402212922596563e-07
170,2023-01-09T01:00:00Z,100.00005852529645,47.00389430964183,1686.5697973372226,16.00000024128841,4.211878231368239e-05,5.009339015712566e-05,2.7603897131284435e-05,3.4762080928992428e-06,174.99999257284009,8.514847649101382e-06,312.35025338696374,0.00028677450512580924,7.7545727952185e-09,0.0,120.0,0.06028,9.71,0.0,100.00004677871273,47.00389463937831,1990.486914962995,16.000000242276695,295.000017240769,612.4999848679852,300.15001825552656,-300.14973148102143,5.383298270427508e-07,2.0859334490844543e-07
171,2023-01-09T02:00:00Z,100.00004677871273,47.00389463937831,1990.486914962995,16.000000242276695,499.99989137388746,1.914948283783512e-05,249.9999374906967,2.9352811441093798e-06,174.9999946637417,1.5999219264918326e-05,321.8002683408931,0.00028749649585349605,8.163046145929767e-09,0.0,120.0,0.0394099999999999,9.98,0.0,579.9999225502668,51.87938079294538,2302.3344612325773,16.00000024343425,1044.9998174427813,612.4999992170198,290.7000183726225,-290.69973087612664,4.875486329701556,1.7613448209477228e-07
172,2023-01-09T03:00:00Z,579.9999225502668,51.87938079294538,2302.3344612325773,16.00000024343425,333.3334181960676,2.4145118027715097e-05,249.9998503375624,3.0718347435697096e-06,174.99999435016764,1.4235638278618075e-05,334.05026678655645,0.0002889237694803513,8.778769466285974e-09,0.0,120.0,0.04312,10.33,0.0,899.999978867327,56.75486523866234,2624.8727667892017,16.000000245781273,878.3332499024832,612.4999964691531,278.4500186063661,-278.4497296825966,4.875484630045472,1.843285174659292e-07
173,2023-01-09T04:00:00Z,899.999978867327,56.75486523866234,2624.8727667892017,16.000000245781273,5.425421161378429e-05,4.01595178371217e-05,1.7879436667409462e-05,3.956796896657586e-06,174.99999113468965,7.528631490776484e-06,343.8502514562281,0.00029108143459444783,9.35250925215748e-09,0.0,120.0,0.0690699999999999,10.61,0.0,899.999989118539,56.75486534991467,2955.5983633300493,16.00000024820587,295.00002668065474,612.4999791945168,268.65001881972324,-268.6497277382887,3.486838834028248e-07,2.374315569551507e-07
174,2023-01-09T05:00:00Z,899.999989118539,56.75486534991467,2955.5983633300493,16.00000024820587,4.3110629965182605e-05,3.7622182773385246e-05,6.816086948238792e-06,6.361186197860373e-06,174.99995522071742,4.426408339932257e-06,346.6501267798562,0.00029385207948222656,9.564050557328957e-09,0.0,1314.32723256551,0.1071299999999999,10.69,0.0,899.9999913149701,56.75486510113231,3287.470204441176,16.000000254214488,1489.3271981559835,612.4998521074857,265.850019179709,-265.8497253276295,1.3292698818947539e-07,3.81709342805903e-07
175,2023-01-09T06:00:00Z,899.9999913149701,56.75486510113231,3287.470204441176,16.000000254214488,2.444384862874313e-05,5.740707941258959e-05,3.664264966730577e-06,5.511055450658238e-05,2.4023450113885275e-05,2.939847436486349e-06,5.65470651140023e-05,266.54994919371535,9.332346897241656e-09,0.0,1314.32723256551,0.16,10.67,0.0,899.9999549820237,56.754861865628655,3004.48296077232,16.000000242944758,1314.3271751192874,0.0001255699125153276,266.55001821656276,-6.902284740132532e-05,7.14603128825345e-08,3.306963966791622e-06
176,2023-01-09T07:00:00Z,899.9999549820237,56.754861865628655,3004.48296077232,16.000000242944758,1.437726000285286e-05,499.9998504903493,3.081422557035178e-06,199.99994771907583,7.216363174277154e-06,2.4475663613316243e-06,0.00037690332297481675,101.35040414522524,1.076107280733214e-08,0.0,1314.32723256551,0.18,11.39,0.0,379.1667911900795,44.75366494287957,2888.110518726556,16.000000241168777,614.3274614786972,139.99999108371486,241.35001832561713,-139.9996141803919,6.009374923710969e-08,12.001196982842835
177,2023-01-09T08:00:00Z,379.1667911900795,44.75366494287957,2888.110518726556,16.000000241168777,1.641490788370207e-05,268.00001990211393,3.2170885902030757e-06,199.99974710044205,7.779560939990185e-06,2.528312897435901e-06,0.0003836211010592101,96.10054943574188,1.120976082501079e-08,0.0,1314.32723256551,0.1771599999999999,11.54,0.0,100.00011955035569,32.75248006109809,2777.569800318283,16.000000242537652,846.3274955028243,139.9998527018025,236.1000185164433,-139.99946908070143,6.273950145910588e-08,12.001184944520976
178,2023-01-09T09:00:00Z,100.00011955035569,32.75248006109809,2777.569800318283,16.000000242537652,5.178042202257307e-05,3.272288887629003e-05,3.935623049914545e-06,2.0956896967654496e-05,3.938291225897989e-05,3.0724668134896973e-06,7.015403268346826e-05,72.55793199071982,1.1091038790632192e-08,79.25,839.6060441653711,0.15913,11.67,198.74,100.00013517321825,32.752478880310846,2691.1240894800044,16.000000229907062,760.3560886570094,0.00015555176292914255,231.55001738845004,-8.53977302456743e-05,7.675232470580421e-08,1.2575395720164714e-06
179,2023-01-09T10:00:00Z,100.00013517321825,32.752478880310846,2691.1240894800044,16.000000229907062,3.1160718118561964e-05,4.1116363862802455e-05,3.8809866649752726e-06,2.3077236473736242e-05,3.767631677248786e-05,3.0451565609178958e-06,6.723893696005316e-05,209.987933767946,1.180076048584012e-08,2.355,1278.1630039634265,0.16078,11.94,15.14,100.00012225796196,32.752477571224986,2467.6806025035953,16.000000228759415,1275.8080155330044,0.0001510358792306316,222.10001756488828,-8.379694227057844e-05,7.568680864788261e-08,1.3847726656907436e-06
180,2023-01-09T11:00:00Z,100.00012225796196,32.752477571224986,2467.6806025035953,16.000000228759415,333.33289457131684,1.7106584765416613e-05,4.721545355714391e-06,1.0543553729867227e-05,0.00011872205603561525,3.4682338095325138e-06,0.0001531251199431206,194.7797441706848,1.2445928655148806e-08,5.07,1257.8355544651613,0.141,12.18,23.65,419.99968322706695,32.75247703062784,2260.5626084455125,16.000000226458468,1586.098548298175,0.00042634123520699765,213.70001738680008,-0.00027321611526387706,9.20793423706677e-08,6.326764914411777e-07
181,2023-01-09T12:00:00Z,419.99968322706695,32.75247703062784,2260.5626084455125,16.000000226458468,0.0004033231858538579,1.8219560790520828e-05,4.666180839182087e-06,1.0881386591849792e-05,0.00011566816211884681,3.444705610218881e-06,0.00015184006284896443,169.731753295276,1.3231048720155722e-08,12.685,1208.1276550457849,0.14207,12.42,44.46,420.00005143861625,32.75247646867897,2079.5281939480715,16.000000225053068,1195.4431530470717,0.00041586579658437536,205.30001732100976,-0.00026402573373541095,9.099962632668336e-08,6.529484903600236e-07
182,2023-01-09T13:00:00Z,420.00005143861625,32.75247646867897,2079.5281939480715,16.000000225053068,499.99978866734205,1.5622413008866097e-05,4.830725507342662e-06,1.0010473214455335e-05,0.00018597576473282232,3.5240768818930977e-06,0.00020014212700516422,181.37355595030974,1.305140403116328e-08,7.715,1239.7534401641194,0.13897,12.39,31.22,899.9998322859177,32.75247596219908,1887.7571971701486,16.00000022361226,1732.0383975291422,0.000661411343928071,206.35001721952665,-0.00046126921692290677,9.420856825000691e-08,6.006884617134915e-07
183,2023-01-09T14:00:00Z,899.9998322859177,32.75247596219908,1887.7571971701486,16.00000022361226,5.431603160276712e-05,2.9007694187728787e-05,4.2450864774365915e-06,1.4800448341604062e-05,6.668324861666225e-05,3.2445573103768545e-06,0.0001029977160507308,155.53987319590888,1.2829244757418536e-08,21.235,1157.392634206402,0.15123,12.34,65.7,899.9998542129599,32.75247515687083,1722.778640986105,16.000000222619153,1136.1577188871836,0.0002469637957347138,208.10001716198857,-0.000143966079683983,8.278746505651919e-08,8.881157120674506e-07
184,2023-01-09T15:00:00Z,899.9998542129599,32.75247515687083,1722.778640986105,16.000000222619153,3.125266491181284e-05,6.280467464332427e-05,3.822807859429268e-06,2.5292078716552598e-05,4.1041566371335426e-05,3.0193677221541535e-06,7.240889443675146e-05,206.41592508996015,1.2534930638410432e-08,0.0,1303.0288969454405,0.16204,12.28,4.73,899.9998187939822,32.75247371374655,1507.748895100109,16.0000002208732,1303.0288879850941,0.00016433911144619342,210.20001702017714,-9.193021700944196e-05,7.455220847971869e-08,1.5176764906422201e-06
185,2023-01-09T16:00:00Z,899.9998187939822,32.75247371374655,1507.748895100109,16.0000002208732,1.66343838243824e-05,267.99965982637156,3.417564672795186e-06,9.886528779072437e-05,2.1505896680280406e-05,2.7565500219965816e-06,6.559763535916804e-05,217.19993517547053,1.174572651881e-08,0.0,1314.32723256551,0.17427,12.08,0.0,620.8335224438536,32.75246784788521,1283.0102810467731,16.000000218078227,1046.327518188246,0.0001472053243562651,217.20001678315953,-8.160768899709705e-05,6.664917603710984e-08,5.932510518495312e-06
186,2023-01-09T17:00:00Z,620.8335224438536,32.75246784788521,1283.0102810467731,16.000000218078227,1.1308775507454012e-05,499.9999148816894,3.182264055191359e-06,12.499564202770888,9.338777435006433e-06,2.5033572295099695e-06,0.00033563987824514186,220.70062206870267,1.0623524416187395e-08,0.0,1314.32723256551,0.18218,11.73,0.0,100.00028863185162,32.0024190528936,1055.894943212715,16.00000021502594,801.8277798142242,8.749730105984302,229.45001653480873,-8.749394466106057,6.206035511174268e-08,0.7500488570519585
187,2023-01-09T18:00:00Z,100.00028863185162,32.0024190528936,1055.894943212715,16.00000021502594,1.9348148810460487e-05,0.00024280861755505523,3.2155162615111437e-06,3.431327308493465e-05,3.147816442416397e-05,2.797068718741039e-06,6.128445242980555e-05,235.74994055623253,1.0017567050721713e-08,0.0,1314.32723256551,0.17024,11.55,0.0,100.0000542804312,32.00241705660015,814.8655892248712,16.000000211304183,1314.3270122825174,0.00013696196467558177,235.7500162337448,-7.567751224577622e-05,6.270883798326562e-08,2.0590022853246116e-06
188,2023-01-09T19:00:00Z,100.0000542804312,32.00241705660015,814.8655892248712,16.000000211304183,2.5487489724692058e-05,4.947335865216453e-05,3.73574179318673e-06,2.2116846286823798e-05,4.820903537525624e-05,2.940315643082518e-06,8.02632916996385e-05,228.39990909159474,1.0344573678264558e-08,0.0,1314.32723256551,0.1605099999999999,11.76,0.0,100.00002721367274,32.002415802310914,582.3914324504437,16.000000207449613,1314.3272413478876,0.0001871243287008252,228.40001595263175,-0.00010686103700118671,7.285425039218046e-08,1.3271434915585838e-06
189,2023-01-09T20:00:00Z,100.00002721367274,32.002415802310914,582.3914324504437,16.000000207449613,4.290471011113365e-05,2.9023072071526972e-05,4.576218663813546e-06,9.559779959752015e-06,14.277391972938716,3.371160965081801e-06,0.00033789772275704056,179.47947124065863,1.0099106035617852e-08,0.0,1314.32723256551,0.13893,11.73,0.0,100.0000381698277,32.00241531791194,400.0003419452556,16.000000196562628,1328.6046368076866,49.97088193458084,229.4500152775167,-49.97054403685808,8.924518846321049e-08,5.736441620013211e-07
190,2023-01-09T21:00:00Z,100.0000381698277,32.00241531791194,400.0003419452556,16.000000196562628,3.0653448717731516e-05,4.0650140342653865e-05,4.92448379605798e-06,7.91210382345383e-06,68.12858630996315,3.485066671533301e-06,2.00045272779969,0.00040813826955757976,9.955867414488787e-09,0.0,120.0,0.132,11.53,0.0,100.00002525324228,32.00241493917527,400.0003848250595,16.00000020916785,188.1285768107182,238.4500610735597,236.4500164840296,-236.44960834576003,9.603703772690332e-08,4.747737067779076e-07
191,2023-01-09T22:00:00Z,100.00002525324228,32.00241493917527,400.0003848250595,16.00000020916785,8.841730096012804e-05,2.3784921481984526e-05,6.835361892753596e-06,5.300132529180598e-06,174.99998062794432,4.34078277766437e-06,354.7002026547328,0.0002789818270617958,8.760256091739243e-09,0.0,120.0,0.10831,10.92,0.0,100.00008535789134,32.0024147544384,752.70030657384,16.000000214739288,295.00005113633586,612.4999402052729,257.8000165323672,-257.7997375505401,1.3330288719741487e-07,3.1803975572640854e-07
192,2023-01-09T23:00:00Z,100.00008535789134,32.0024147544384,752.70030657384,16.000000214739288,5.593271869164461e-05,2.7835570513656232e-05,6.944383614955715e-06,5.077665962276773e-06,174.99998348566027,4.376019006091776e-06,328.10021397533825,0.0002797139905866591,7.388397278511414e-09,0.0,120.0,0.10601,10.16,0.0,100.00011005791534,32.00241458517699,1077.0367393023184,16.00000020900015,295.0000178255451,612.4999500864359,284.40001582508825,-284.39973611109764,1.3542902339397585e-07,3.046904267792843e-07
193,2023-01-10T00:00:00Z,100.00011005791534,32.00241458517699,1077.0367393023184,16.00000020900015,0.00044299666783358794,1.9121026665876174e-05,7.96419547995908e-06,4.451158052906079e-06,174.99998878144999,4.766014245531839e-06,309.55022863123526,0.00027519905249597236,6.4923494511917274e-09,0.0,120.0,0.09672,9.63,0.0,100.00051541698035,32.00241447339815,1381.2015090379896,16.000000200954744,295.0004209361428,612.4999685692397,302.950015137057,-302.9497399380045,1.5531734359356142e-07,2.6709619279364415e-07
194,2023-01-10T01:00:00Z,100.00051541698035,32.00241447339815,1381.2015090379896,16.000000200954744,333.33128144122145,1.722340626926489e-05,7.921208504019235e-06,4.281670402445537e-06,174.9999898510085,4.721309087315066e-06,289.25022898234386,0.0002713633287097982,5.7018757936359764e-09,0.0,120.0,0.09515,9.05,0.0,419.9985276595047,32.00241437095124,1663.5454591118148,16.00000019328471,628.3312624296709,612.4999721497951,323.25001453077994,-323.24974316745124,1.544790137297481e-07,2.569259167384061e-07
195,2023-01-10T02:00:00Z,419.9985276595047,32.00241437095124,1663.5454591118148,16.00000019328471,499.9999255606848,1.3441015466629046e-05,5.059836116951084e-06,4.481911377704123e-06,174.9999914992132,4.897432644849435e-06,267.20023221504874,0.0002679159498912264,5.003547277555911e-09,0.0,120.0,0.09033,8.42,0.0,899.9984421967043,32.00241420068634,1922.4276961153546,16.000000185826813,794.9999090942399,612.4999782330425,345.30001393394366,-345.29974601799375,9.867667194774092e-08,2.6894157681992935e-07
196,2023-01-10T03:00:00Z,899.9984421967043,32.00241420068634,1922.4276961153546,16.000000185826813,0.0015941802083476331,1.678428923723868e-05,4.544049825647561e-06,4.7026088931795545e-06,174.99999078776278,4.411320642902126e-06,248.65022600587636,0.00026395908019418834,4.478384593253725e-09,0.0,120.0,0.09561,7.89,0.0,899.9999551260697,32.00241400711942,2161.465519681574,16.00000017869002,295.0015724364434,612.4999754162035,363.85001336940735,-363.84974941032715,8.861783338346579e-08,2.821847520659799e-07
197,2023-01-10T04:00:00Z,899.9999551260697,32.00241400711942,2161.465519681574,16.00000017869002,5.4498517832349556e-05,2.0091115252401686e-05,5.427123792332398e-06,4.799534941134954e-06,174.99998679351495,3.618698405581963e-06,233.60020623764757,0.0002584627853497251,4.0618643984391185e-09,0.0,120.0,0.1085999999999999,7.46,0.0,899.9999865164018,32.00241382495802,2384.258139858028,16.000000174262752,295.0000254472048,612.4999607194883,378.90001294462604,-378.8997544818407,1.0583949790027179e-07,2.8800089655775304e-07
198,2023-01-10T05:00:00Z,899.9999865164018,32.00241382495802,2384.258139858028,16.000000174262752,2.7231652914043137e-05,2.6977092145232667e-05,3.4703810697803906e-06,8.338136032449369e-06,38.70642585588684,2.59224418305463e-06,0.00024469695776321854,247.97775749105813,3.719475762819815e-09,0.0,1312.8234140260506,0.13813,7.33,0.0,899.9999845576509,32.00241339229902,2124.3593363646373,16.000000158930582,1351.5298378609873,135.4724988986209,383.45001169272126,-135.47225420166313,6.767919878059569e-08,5.003381957665388e-07
199,2023-01-10T06:00:00Z,899.9999845576509,32.00241339229902,2124.3593363646373,16.000000158930582,3.1306362569433225e-05,2.0152261137234445e-05,2.8099866417059722e-06,1.6764741479129494e-05,4.597441617685398e-05,2.2082384085134645e-06,6.975439992936673e-05,387.2999063436265,3.527024022219836e-09,0.0,1312.8234140260506,0.156,7.22,0.0,899.9999936198203,32.00241244111415,1726.437703093588,16.000000152932977,1312.8234594080518,0.0001748319316788079,387.3000114211583,-0.00010507753174944118,5.4800219535219984e-08,1.0059850872564953e-06
200,2023-01-10T07:00:00Z,899.9999936198203,32.00241244111415,1726.437703093588,16.000000152932977,1.017796605645715e-05,268.0001555820718,1.688790642236395e-06,199.99999321152174,3.7253466760821487e-06,1.374297199774225e-06,0.0002305720688177494,248.35023197989113,3.3958365712576524e-09,0.0,1312.8234140260506,0.22,7.19,0.0,620.833174659343,20.00121276138629,1469.4555131702978,16.0000001479008,844.8232821988577,140.0000096473328,388.3500110551551,-139.99977907526397,3.2934710994709175e-08,12.00119971266257
201,2023-01-10T08:00:00Z,620.833174659343,20.00121276138629,1469.4555131702978,16.0000001479008,9.168867047865255e-06,499.9998488708519,1.6263708047117355e-06,199.99999374984353,3.583367895161873e-06,1.3252534208092644e-06,0.00022558876992087248,246.25022684426216,3.316556149340672e-09,0.0,1312.8234140260506,0.222,7.25,0.0,100.0000075543179,8.000013048138586,1215.8582343489538,16.00000014348892,612.8235871092144,140.00000947867898,386.2500107341712,-139.99978388990905,3.171740243212206e-08,12.001199744965108
202,2023-01-10T09:00:00Z,100.0000075543179,8.000013048138586,1215.8582343489538,16.00000014348892,3.304431264911408e-05,1.667755329220768e-05,2.4239540363752455e-06,5.6049086456537836e-05,2.8436619983211715e-05,1.929991014313032e-06,6.031714658108942e-05,136.85793001321443,3.3650773012008016e-09,123.345,610.8706913400001,0.16352,7.65,294.24,100.0000219044067,8.0000097321289,1072.9210734811413,16.000000138608286,487.525684448238,0.0001406732215649874,372.2500103692894,-8.035607498389798e-05,4.727183089240653e-08,3.363281515543825e-06
203,2023-01-10T10:00:00Z,100.0000219044067,8.0000097321289,1072.9210734811413,16.000000138608286,5.451205806122441e-05,1.4390076475697909e-05,2.7835776252674417e-06,1.0539426911444543e-05,0.00012562501742779044,2.1238271076685433e-06,0.00013009385794025065,227.69369107318994,3.4641384613605927e-09,65.22999999999999,921.4103389475423,0.1475999999999999,8.03,164.07,100.00005924631944,8.000009153985236,839.8629071344037,16.000000134559695,856.1804990625192,0.0004491677486718696,358.95001014708066,-0.00031907389073161896,5.4285192211936307e-08,6.324288575724299e-07
204,2023-01-10T11:00:00Z,100.00005924631944,8.000009153985236,839.8629071344037,16.000000134559695,8.252677578871487e-05,1.3329772062871362e-05,2.9335507692110994e-06,8.75517394045457e-06,38.02228592563497,2.204821971922484e-06,0.0005564560189699385,0.0005576914827520288,3.5930386106959948e-09,113.43499999999999,668.4840622374585,0.14125,8.31,270.09,100.00012458684496,8.000008685832224,835.663591363268,16.000000135471318,593.071413743296,133.0780090511179,349.1500102865817,-133.07745259509892,5.7209960995716017e-08,5.253629727245467e-07
205,2023-01-10T12:00:00Z,100.00012458684496,8.000008685832224,835.663591363268,16.000000135471318,5.558670281425405e-05,1.5765128542535478e-05,2.8674403235381375e-06,9.619034762311996e-06,44.57148277994107,2.1740011072880943e-06,0.000649512671615675,0.00046107494107833024,3.5675568082615737e-09,99.385,742.0574104145854,0.14168,8.36,239.25,100.00016152807076,8.000008164553098,831.4854618441822,16.00000013520133,687.2439284385075,156.0001986153792,347.40001017764865,-155.99954910270756,5.592067837683137e-08,5.771998057192917e-07
206,2023-01-10T13:00:00Z,100.00016152807076,8.000008164553098,831.4854618441822,16.00000013520133,4.23904853230398e-05,2.4617140729930057e-05,2.6868906487634664e-06,1.2087574051639602e-05,0.0006099845206618198,2.0890278713514588e-06,0.00023274656296938146,45.96609692414086,3.467115405144887e-09,160.84,418.1104276333905,0.1454099999999999,8.4,375.04,100.00017658008176,8.000007491625729,781.3621703573833,16.0000001289466,257.2710480796002,0.0021454752617451546,346.00000965283965,-0.0019127286987757732,5.239960761164877e-08,7.253269757959558e-07
207,2023-01-10T14:00:00Z,100.00017658008176,8.000007491625729,781.3621703573833,16.0000001289466,2.8701722523544444e-05,3.199359346421128e-05,2.616137249798205e-06,1.4060270229543358e-05,0.00117067595936006,2.052742692949462e-06,0.0001947919682217721,262.70209495822814,3.2900370297398266e-09,42.705,1040.4302591990618,0.14592,8.17,114.18,100.00017080707552,8.000006698944922,514.7534593393365,16.00000012431125,997.72641719176,0.004109240262186911,354.0500094065221,-0.003914448293965139,5.10197783488999e-08,8.437005838309846e-07
208,2023-01-10T15:00:00Z,100.00017080707552,8.000006698944922,514.7534593393365,16.00000012431125,3.453362183540413e-05,2.2568201050163434e-05,2.725879120336837e-06,1.1418488546383151e-05,174.99990664319267,2.117848511041845e-06,288.4658693821718,0.00019581744950219432,3.1262646684382138e-09,16.875,1181.565125546624,0.14011,7.77,55.02,100.00018045080971,8.000006066927051,800.6453656073621,16.00000012931433,1339.6900375804762,612.4996833407864,368.05000977606414,-324.03381395861464,5.315995884245257e-08,6.851778305660457e-07
209,2023-01-10T16:00:00Z,100.00018045080971,8.000006066927051,800.6453656073621,16.00000012931433,1.7104351370233847e-05,7.706738261163103e-05,2.4618268605051894e-06,2.2571404382327382e-05,0.0009432595249703342,1.979976491560767e-06,0.00016722823923308314,394.64685698198963,2.7348538577444726e-09,0.0,1312.8234140260506,0.1479,7.01,0.0,100.00011659246347,8.000004760517772,401.99544902557494,16.0000001199826,1312.8242791929435,0.0033191684971904437,394.6500089222476,-0.0031519402579573605,4.801042482233343e-08,1.354419704910134e-06
210,2023-01-10T17:00:00Z,100.00011659246347,8.000004760517772,401.99544902557494,16.0000001199826,1.2024185538987025e-05,7.665340116966402e-05,2.386983028421244e-06,1.4913779894104972e-05,121.86130952299006,2.00629021291342e-06,0.01485216172552601,0.00026525136215920116,2.4834620863852174e-09,0.0,1312.8234140260506,0.14474,6.1,0.0,100.00004828838871,8.00000391215231,400.0000586908104,16.00000011513476,1434.6846483993181,426.5145957563384,426.50000884597506,-426.4997435946129,4.6550824136627924e-08,8.949162852748259e-07
211,2023-01-10T18:00:00Z,100.00004828838871,8.00000391215231,400.0000586908104,16.00000011513476,9.75351550051858e-06,2.5985284683287126e-05,2.4054422840563073e-06,1.0021889539942395e-05,128.7285872813607,2.1974820871814947e-06,2.000314589256395,0.00026028993301243833,2.5478054825007137e-09,0.0,1312.8234140260506,0.1301,5.47,0.0,100.00003058375871,8.000003357689616,400.00011269667976,16.00000013270265,1441.5519796566768,450.5500646755924,448.55001037626903,-448.549750086336,4.691081562066006e-08,6.013735097475184e-07
212,2023-01-10T19:00:00Z,100.00003058375871,8.000003357689616,400.00011269667976,16.00000013270265,1.91906228264427e-05,3.30156914860718e-05,3.099694425016538e-06,8.256474758544266e-06,131.22855183799797,2.3130215327677277e-06,2.0001895285004725,0.00026026484577923475,2.61743287492957e-09,0.0,1312.8234140260506,0.12281,5.22,0.0,100.00001461541133,8.000002922701674,400.00004139685103,16.00000013182475,1444.051949195221,459.2999395024165,457.30001023876184,-457.29974997391605,6.045008629645214e-08,4.954380293155876e-07
213,2023-01-10T20:00:00Z,100.00001461541133,8.000002922701674,400.00004139685103,16.00000013182475,2.500841160707506e-05,2.512935058948072e-05,4.00742822261688e-06,5.2817207142754654e-06,137.52857391327552,2.712929594552169e-06,2.0002621404659178,0.0002597256863324786,2.8989714059080387e-09,0.0,1312.8234140260506,0.1019,4.59,0.0,100.00001244707961,8.000002683919403,400.00004360464635,16.000000157532874,1450.3519892570243,481.35001507946913,479.35001266468953,-479.3497529390032,7.815266560758992e-08,3.16934936350163e-07
214,2023-01-10T21:00:00Z,100.00001244707961,8.000002683919403,400.00004360464635,16.000000157532874,2.6012587054212043e-05,2.9596024010664617e-05,5.622489543524168e-06,3.7541945087643807e-06,143.52857442884934,3.233815316391734e-06,2.0002599822861264,0.00025884014255010283,3.285967598276306e-09,0.0,120.0,0.082,3.99,0.0,100.0000065899715,8.000002568294716,400.0000445287667,16.000000189443877,263.52857594752277,502.35001633038604,500.3500151882425,-500.3497563480999,1.0964951104982627e-07,2.2527419794565742e-07
215,2023-01-10T22:00:00Z,100.0000065899715,8.000002568294716,400.0000445287667,16.000000189443877,3.511116056024869e-05,3.1616656375738386e-05,3.795654435707195e-05,2.5301911617832115e-06,174.9999866800061,5.887841203539862e-06,131.40016386483515,0.00022391074016061427,4.304391016722147e-09,0.0,120.0,0.04296,4.54,0.0,100.00000736266858,8.000003156694701,529.3999842602178,16.000000270575033,295.0000314887047,612.499960980118,481.100021026023,-481.09979711528285,7.402266376266658e-07,1.5182665237222993e-07
216,2023-01-10T23:00:00Z,100.00000736266858,8.000003156694701,529.3999842602178,16.000000270575033,0.00011373875503551767,2.5132882071581655e-05,249.99999073004457,1.8207828726568968e-06,174.99999548267047,5.1385153125768376e-05,145.75024011083906,0.00022331568377206086,4.509024054067124e-09,0.0,120.0,0.005,4.95,0.0,100.00009037178793,12.87549041540947,672.503001134072,16.000000272455118,545.0001243829581,612.5000363351962,466.75001954004097,-466.74979622435717,4.875487367972667,1.0925789814922874e-07
217,2023-01-11T00:00:00Z,100.00009037178793,12.87549041540947,672.503001134072,16.000000272455118,0.002286386873293052,2.131124845640086e-05,249.99999206728987,1.7723966825495317e-06,174.99999584155455,281.8703794628873,433.55181531398114,0.00017253740403722726,4.633105284392093e-09,0.0,120.0,0.0,5.2,0.0,100.00226310396916,17.750977703106592,1102.6921289049787,16.00000027307058,826.8726306749599,891.551662354377,458.00001957779983,-457.9998470403958,4.875487394051558,1.0635443639661156e-07
218,2023-01-11T01:00:00Z,100.00226310396916,17.750977703106592,1102.6921289049787,16.00000027307058,499.9973184227496,1.946753363979271e-05,249.99999212349508,1.7744382308210183e-06,174.99999589755828,599.9997308567738,755.1498381836079,0.00013720019672553544,4.698659719923217e-09,0.0,120.0,-0.00033,5.39,0.0,579.9996685111279,22.62646499177732,1852.328369243865,16.00000027164364,1644.997016058605,1206.4997204317667,451.3500194483555,-451.3498822481588,4.875487395147669,1.0647694154341545e-07
219,2023-01-11T02:00:00Z,579.9996685111279,22.62646499177732,1852.328369243865,16.00000027164364,333.3312821701013,2.01680458856592e-05,249.99999207728285,1.7814104056715105e-06,174.9999958892321,599.9996988322092,754.0998068881959,0.00013768232476608563,4.68936272304557e-09,0.0,120.0,-0.00023,5.36,0.0,899.997678386044,27.501952279128446,2597.1663966035167,16.000000271837504,1478.330947019369,1206.4996887031866,452.4000194973155,-452.39988181499075,4.8754873942464405,1.0689531387167781e-07
220,2023-01-11T03:00:00Z,899.997678386044,27.501952279128446,2597.1663966035167,16.000000271837504,0.002279213168271931,2.1453441532298295e-05,249.99999202090655,1.7763747782413072e-06,174.99999564738872,599.9987809276204,745.348897068806,0.00013848477060391,4.762654137930377e-09,0.0,120.0,0.0,5.11,0.0,899.9998440833506,32.377439565682295,3329.529323204534,16.00000028359138,1145.0010245792676,1206.498779127667,461.15002054363157,-461.14988205886095,4.875487393146993,1.0659314600907935e-07
221,2023-01-11T04:00:00Z,899.9998440833506,32.377439565682295,3329.529323204534,16.00000028359138,0.00018470092117521422,2.5900118870000675e-05,249.99999133178656,1.8214679600451516e-06,174.99999571448845,0.00011800255887907479,153.4503088019991,0.00022486962508947776,4.590329688954907e-09,0.0,120.0,0.00259,5.17,0.0,899.9999944169444,37.2529268360911,3466.331760520886,16.000000271010073,545.0002620281682,612.5001030982704,459.0500191658964,-459.04979429627133,4.87548737970781,1.0929900750345945e-07
222,2023-01-11T05:00:00Z,899.9999944169444,37.2529268360911,3466.331760520886,16.000000271010073,3.2616020782332446e-05,3.1994509355041054e-05,1.1236768918687044e-05,3.0575213112497933e-06,174.99996520834975,4.621303101535589e-06,151.00008983631733,0.00022788796000021387,4.5818006625413735e-09,0.0,1311.1441695007693,0.05731,5.1,0.0,899.9999924007105,37.25292687176038,3599.9999636666385,16.000000334100406,1486.144148131181,612.4998849445791,461.5000229962218,-461.49979510826176,2.191389078051779e-07,1.8346962563755135e-07
223,2023-01-11T06:00:00Z,899.9999924007105,37.25292687176038,3599.9999636666385,16.000000334100406,3.032845380026178e-05,2.5511826727337796e-05,4.690862669967881e-06,5.643953568788884e-06,138.6999957267451,3.149331524713582e-06,18.00024677822157,0.00026848446980231466,3.4904042680901513e-09,0.0,1311.1441695007693,0.09111,4.93,0.0,899.9999949412068,37.25292662457027,3599.9999421420566,16.000000233751614,1449.844172240382,485.4499921122136,467.4500138184618,-467.449745333992,9.148097016138983e-08,3.386710812354566e-07
224,2023-01-11T07:00:00Z,899.9999949412068,37.25292662457027,3599.9999421420566,16.000000233751614,8.357795974395204e-06,499.9999653121847,2.053708411110791e-06,199.99999024232937,5.3026766002707675e-06,1.7027064762867728e-06,0.0001929501303969888,350.5501907859162,2.7834151761339827e-09,0.0,1311.1441695007693,0.16358,4.27,0.0,379.1667057644985,25.25172713012838,3231.4499445955607,16.000000171768306,611.1442313631424,140.00001341467808,490.55001125046385,-139.9998204645477,4.005131914857529e-08,12.001199534493212
225,2023-01-11T08:00:00Z,379.1667057644985,25.25172713012838,3231.4499445955607,16.000000171768306,1.1175338838844422e-05,268.0000141669154,2.1651045018993325e-06,199.99998663951172,6.298723089102548e-06,1.7872557521684291e-06,0.00019081539892219004,350.20018861375235,2.7367190771884636e-09,0.0,1311.1441695007693,0.1556,4.28,0.0,100.00003506895354,13.250527854049606,2865.09269707423,16.000000168798135,843.1441901207643,140.0000144625722,490.20001226092563,-139.9998236471733,4.222376016305329e-08,12.001199318302534
226,2023-01-11T09:00:00Z,100.00003506895354,13.250527854049606,2865.09269707423,16.000000168798135,3.697711144191487e-05,1.735846162700831e-05,2.727890297033959e-06,0.00016229129988524677,2.440573189540271e-05,2.2265551569984972e-06,7.405255558144682e-05,431.89388507685464,2.7934548022688824e-09,20.07999999999995,1165.6578206379454,0.13178,4.55,61.07,100.00005248524967,13.25051816879695,2418.87342256456,16.000000167859874,1145.5777073254726,0.00020122826115901072,480.7500122525602,-0.00012717570557756392,5.3199180710233225e-08,9.738451838298636e-06
227,2023-01-11T10:00:00Z,100.00005248524967,13.25051816879695,2418.87342256456,16.000000167859874,2.404382145554822e-05,2.4468274668093242e-05,2.7334724716544557e-06,0.00010594842980906098,3.1859782982006e-05,2.236067797978156e-06,7.466904550589922e-05,184.48789883130493,2.9168353386526687e-09,148.82999999999998,492.4946046862807,0.1306,5.16,343.64,100.00005007953214,13.250511864563451,2222.2912312894778,16.000000165178914,343.664535142721,0.00018788684842336207,459.40001204910783,-0.00011321780291746285,5.3308044001662055e-08,6.357541542697929e-06
228,2023-01-11T11:00:00Z,100.00005007953214,13.250511864563451,2222.2912312894778,16.000000165178914,7.345717879152293e-05,1.43481000638828e-05,3.128403295195086e-06,1.629098160253744e-05,0.00017714638710009237,2.4717104573306996e-06,0.00014835228452360073,207.83752623314896,3.0666352219601735e-09,122.64499999999995,627.6894679246179,0.11782,5.79,286.89,100.00010565248621,13.250510948016764,2003.3423972521662,16.00000015981596,505.04469348921583,0.0006338630353248569,437.35001174389976,-0.00048551075080125616,6.100996525282947e-08,9.775566518174282e-07
229,2023-01-11T12:00:00Z,100.00010565248621,13.250510948016764,2003.3423972521662,16.00000015981596,499.9997880886589,1.0900706969372391e-05,3.4110250654181537e-06,1.079616583886879e-05,174.99973251206828,2.617792135059227e-06,410.68723848294087,0.00017705259730847313,3.3386668287466714e-09,113.145,675.4067033548187,0.11054,6.42,266.86,579.9998908626956,13.25051036670367,2404.012746696249,16.00000016913622,1237.2612082874903,612.4990739411693,415.3000125108257,-201.81183545822842,6.652164093974798e-08,6.478347338055081e-07
230,2023-01-11T13:00:00Z,579.9998908626956,13.25051036670367,2404.012746696249,16.00000016913622,6.782095233174128e-05,1.461795893458872e-05,3.18014387560746e-06,1.424834397294425e-05,53.74296586619239,2.498139195613507e-06,0.0002409955472615718,86.51385958240574,3.3901197832120516e-09,62.035,939.102199598899,0.11574,6.87,156.17,579.9999407437692,13.25050957373654,2305.4790643759097,16.000000159382257,930.810210098024,188.10039297867195,399.5500115655304,-188.10015198312468,6.201900747509298e-08,8.549861369903541e-07
231,2023-01-11T14:00:00Z,579.9999407437692,13.25050957373654,2305.4790643759097,16.000000159382257,3.782782449058263e-05,1.7600914350894015e-05,3.0554622242104013e-06,1.7444610542820014e-05,0.00023487164714433288,2.4274430564993278e-06,0.00014761021728437667,365.7713225657904,3.4491627343509064e-09,8.28999999999995,1234.5297765184798,0.11883,7.1,32.16,579.999958724195,13.250508586542702,1928.1804940984575,16.000000157642173,1226.2400196553317,0.0008366651610110734,391.50001162073414,-0.0006890549437266968,5.9587472119314756e-08,1.046781310700271e-06
232,2023-01-11T15:00:00Z,579.999958724195,13.250508586542702,1928.1804940984575,16.000000157642173,2.9339407262057166e-05,2.019014061335578e-05,2.969747517946242e-06,2.0449387852377568e-05,0.00016282511346045402,2.3761096107081944e-06,0.00012916119831434184,380.3055541394472,3.4987752299959297e-09,0.015,1297.6127717352406,0.12081,7.29,5.68,579.9999658586295,13.25050741737259,1538.2341666497164,16.000000156222292,1297.5979286060901,0.0005865548171228545,384.85001153306604,-0.0004573936188085126,5.7915868186770406e-08,1.2270859797406282e-06
233,2023-01-11T16:00:00Z,579.9999658586295,13.25050741737259,1538.2341666497164,16.000000156222292,1.186874900394509e-05,0.0033425306607073467,2.561803739357248e-06,0.002448327814077153,1.7161039538824272e-05,2.080536609154775e-06,0.00015919442504665128,392.89839461458325,3.3620310957452697e-09,0.0,1311.1441695007693,0.13379,7.06,0.0,579.9964954498569,13.250360552972479,1137.6447603963097,16.0000001543221,1311.1384123144232,0.0017759528394829553,392.9000113729977,-0.0016167584144363041,4.9960168934359774e-08,0.00014691436028065725
234,2023-01-11T17:00:00Z,579.9964954498569,13.250360552972479,1137.6447603963097,16.0000001543221,1.1325316376154359e-05,460.7964994527021,2.5436660641376213e-06,87.49700064874241,1.722905684689591e-05,2.075869529657348e-06,0.0001856290419714913,333.05223411386544,3.3209973859120624e-09,0.0,1311.1441695007693,0.13387,7.02,0.0,100.00015272559591,8.000015529147039,798.9044881095045,16.000000153067795,762.8507025732335,61.24796281092949,394.30001129575294,-61.247777181887514,4.9606448895573174e-08,5.250345073431888
235,2023-01-11T18:00:00Z,100.00015272559591,8.000015529147039,798.9044881095045,16.000000153067795,1.8540329923637755e-05,0.00010981240285023808,2.728051625290791e-06,3.0339678717674604e-05,6.001695600020916e-05,2.204969123431151e-06,8.163383807097011e-05,392.89985939356734,3.335929816061153e-09,0.0,1311.1441695007693,0.1299,7.06,0.0,100.000056136393,8.000013761786587,402.01018790922774,16.000000151594737,1311.1441128389945,0.00023348004053530113,392.9000112397698,-0.00015184620246433102,5.3202326925863015e-08,1.8205627793384102e-06
236,2023-01-11T19:00:00Z,100.000056136393,8.000013761786587,402.01018790922774,16.000000151594737,2.391970344128904e-05,5.695619814531234e-05,3.1179482808544907e-06,1.06877135857189e-05,113.45711543502242,2.4201416647905366e-06,0.0004850449496475377,0.0005816027380442407,3.3101598866459396e-09,0.0,1311.1441695007693,0.11853,6.94,0.0,100.00001976993524,8.000013181265711,400.00004041189317,16.00000013644037,1424.6012467496735,397.09991389991825,397.1000104577067,-397.0994288549686,6.080607208387097e-08,6.413269478379178e-07
237,2023-01-11T20:00:00Z,100.00001976993524,8.000013181265711,400.00004041189317,16.00000013644037,3.5885412347553454e-05,2.1037917572959446e-05,4.401740618837163e-06,5.025384587978167e-06,115.12863959448045,2.945951008911287e-06,2.0004953237692837,0.00026531098987018993,3.987096909727019e-09,0.0,1311.1441695007693,0.09487,6.83,0.0,100.00003230543362,8.000012965555007,400.0002702226131,16.00000018863883,1426.272826265052,402.95024501494225,400.95001500216284,-400.949749691173,8.584252631995667e-08,3.0155323060175017e-07
238,2023-01-11T21:00:00Z,100.00003230543362,8.000012965555007,400.0002702226131,16.00000018863883,1.5364166905569248e-05,3.326193862491405e-05,4.82160023935708e-06,9.16363932952533e-06,114.92852389532376,3.007737033616484e-06,2.0000932581921584,0.0002641856089056216,4.081124005402841e-09,0.0,120.0,0.09203,6.85,0.0,100.00001240718112,8.000012509712267,400.00009794408334,16.000000186533295,234.92850466324998,402.2498430258404,400.2500139532571,-400.2497497676482,9.403060772823588e-08,5.498733471062304e-07
239,2023-01-11T22:00:00Z,100.00001240718112,8.000012509712267,400.00009794408334,16.000000186533295,2.7237167473186706e-05,3.1663567647728076e-05,7.459233103929069e-06,3.464644523568887e-06,174.9999812403701,3.979860323128116e-06,214.00013169631603,0.0002071028947405005,4.419883105740969e-09,0.0,120.0,0.06923,6.9,0.0,100.00000557197892,8.000012447282398,612.0000220477842,16.00000021412137,294.9999847884188,612.4999407066082,398.5000161131869,-398.49980901029215,1.4546959248586545e-07,2.0789946136026924e-07
240,2023-01-11T23:00:00Z,100.00000557197892,8.000012447282398,612.0000220477842,16.00000021412137,4.857457040549126e-05,2.9906744136611063e-05,249.99997877589604,2.070742858097212e-06,174.99999586555725,1.606785511743524e-05,207.70019326201736,0.0002055103430479948,4.24294888514374e-09,0.0,120.0,0.02174,6.72,0.0,100.00002105070804,12.875499457868859,816.6400096892197,16.000000209917996,545.0000073063918,612.5000028861471,404.80001513447274,-404.7998096241297,4.875487134843458,1.242569971855513e-07
241,2023-01-12T00:00:00Z,100.00002105070804,12.875499457868859,816.6400096892197,16.000000209917996,0.0002209169056977263,2.199734461931128e-05,249.99999075548743,1.8393790161244535e-06,174.99999672033374,46.95313085239397,240.18377432486884,0.00020017181163812397,4.058752312991558e-09,0.0,120.0,0.00592,6.32,0.0,100.00021021703687,17.750986715963933,1052.7403837938307,16.000000209822563,591.9533154083971,658.9835893526034,418.8000151995462,-418.79981502773455,4.8754873684688524,1.1037377834530175e-07
242,2023-01-12T01:00:00Z,100.00021021703687,17.750986715963933,1052.7403837938307,16.000000209822563,0.00012447758255348988,2.4244155551954252e-05,249.99999079072626,1.8476927981146845e-06,174.99999673711417,599.9993870080693,772.9995008592639,0.00013302430490337407,3.880670971518334e-09,0.0,120.0,0.00566,5.9,0.0,100.00030446118741,22.626473974247354,1820.4760497098205,16.00000020970738,1144.999472921644,1206.4993830112733,433.50001517631426,-433.4998821520094,4.875487369156078,1.1087265515239631e-07
243,2023-01-12T02:00:00Z,100.00030446118741,22.626473974247354,1820.4760497098205,16.00000020970738,499.999900278717,1.58703901624376e-05,249.9999922975172,1.7797891633592162e-06,174.99999696650818,599.9999573455412,763.2000674653355,0.0001341678313969452,3.758737784425741e-09,0.0,120.0,0.0001,5.62,0.0,580.0001921970993,27.501961265990765,2574.573602758776,16.000000208996596,1644.9998292381042,1206.499948400717,443.30001510321284,-443.29988093538145,4.87548739854144,1.0679802960451343e-07
244,2023-01-12T03:00:00Z,580.0001921970993,27.501961265990765,2574.573602758776,16.000000208996596,333.3331389607632,1.941816481842876e-05,249.99999163228387,1.817580079088317e-06,174.99999689467126,599.9999338150149,757.250044735973,0.00013484668500703126,3.6731223238996957e-09,0.0,120.0,0.00273,5.45,0.0,899.9999853721769,32.37744854249315,3318.9506446342702,16.000000207672347,1478.3330400669884,1206.49992488052,449.250014991232,-449.249880144547,4.875487385568092,1.0906571131643067e-07
245,2023-01-12T04:00:00Z,899.9999853721769,32.37744854249315,3318.9506446342702,16.000000207672347,4.476624386151206e-05,3.129378694965416e-05,249.99996861903307,2.1819279301701182e-06,174.99999573241655,1.3690306599205052e-05,158.70020442995687,0.00021922712690175327,3.6128874083300536e-09,0.0,120.0,0.02555,5.32,0.0,899.9999957500762,37.2529353483292,3461.0558766139293,16.000000206879296,544.9999893322852,612.500000144211,453.80001494138094,-453.79979571425406,4.875486936764822,1.309287686870758e-07
246,2023-01-12T05:00:00Z,899.9999957500762,37.2529353483292,3461.0558766139293,16.000000206879296,2.6358610122890206e-05,2.8869583900061288e-05,5.013531007760868e-06,4.622476107048531e-06,174.99981092413734,3.178439419513341e-06,156.24954835223434,0.0002198053187838053,3.568511575582391e-09,0.0,1309.2899959051374,0.08572,5.25,0.0,899.9999909818587,37.25293516872653,3599.999925777775,16.0000002275995,1484.2898078877952,612.4993446168689,456.2500160699534,-456.2497962646346,9.77736320145384e-08,2.773763040533172e-07
247,2023-01-12T06:00:00Z,899.9999909818587,37.25293516872653,3599.999925777775,16.0000002275995,2.0808995089369172e-05,2.838428742375353e-05,3.1198255847949415e-06,1.1750731863353243e-05,5.41115435594017e-05,2.3906584017726237e-06,7.187160023035e-05,458.3498833022667,3.0153800324627714e-09,0.0,1309.2899959051374,0.11535,5.19,0.0,899.9999813915279,37.25293452445479,3123.6501147182194,16.000000172580375,1309.2900362011408,0.00019998266658000812,458.35001141333305,-0.00012811106634965812,6.084268317181854e-08,7.05114423243519e-07
248,2023-01-12T07:00:00Z,899.9999813915279,37.25293452445479,3123.6501147182194,16.000000172580375,1.101064837775348e-05,267.9999803371154,2.370694291880901e-06,87.49987070947158,7.374715899331829e-06,1.8628570565798223e-06,0.00017348049672572156,378.2002486069948,3.125637017583888e-09,0.0,1309.2899959051374,0.1386,5.73,0.0,620.8333457772551,32.002417276390226,2729.8317890181306,16.00000016932946,953.7901674774663,61.24993715236424,439.45001227886235,-61.24976367186751,4.623316200787836e-08,5.250517294297725
249,2023-01-12T08:00:00Z,620.8333457772551,32.002417276390226,2729.8317890181306,16.00000016932946,5.963566769277501e-06,499.999986116089,1.974205812518664e-06,199.9999881212396,4.826717204854198e-06,1.5925194037328057e-06,0.00018618696511521235,283.70018810045144,3.217536129111263e-09,0.0,1309.2899959051374,0.1566,6.18,0.0,100.00003263135318,20.00121790767599,2432.4826281595533,16.000000166153693,609.2900360248179,140.00001015497213,423.7000120684585,-139.999823968007,3.8500863430456997e-08,12.001199407215099
250,2023-01-12T09:00:00Z,100.00003263135318,20.00121790767599,2432.4826281595533,16.000000166153693,0.00019843579256896362,1.184913401335941e-05,3.159141868041638e-06,8.947244515546844e-06,0.0001237616849366877,2.378647195659428e-06,0.00011131734403400566,370.32768121637014,3.357430637470108e-09,10.46,1219.2845290150365,0.11,6.84,37.84,100.00021078686612,20.00121743239706,2049.992645119729,16.000000161079,1208.8248359539243,0.0004417838291629926,400.60001168285527,-0.00033046648512898697,6.16094273695489e-08,5.368883597687876e-07
251,2023-01-12T10:00:00Z,100.00021078686612,20.00121743239706,2049.992645119729,16.000000161079,5.664320576990688e-05,1.3922234111217877e-05,3.0593546584170383e-06,9.667112890634443e-06,9.86343831801691e-05,2.323425377326037e-06,0.00010182900063392296,342.8037591765024,3.610941948485021e-09,11.895,1210.2934966459939,0.11192,7.54,41.62,100.00025066201646,20.00121691197566,1696.9390245466286,16.000000159064687,1198.398633717016,0.00035428751127758874,376.10001163501306,-0.0002524585106436658,5.966338217734999e-08,5.800847819162582e-07
252,2023-01-12T11:00:00Z,100.00025066201646,20.00121691197566,1696.9390245466286,16.000000159064687,333.33216646193745,1.0716197243393768e-05,3.2428138343583166e-06,7.779404602216286e-06,51.69841523791987,2.4092240539992876e-06,0.0002065413201709324,135.32575665704715,3.862474050423662e-09,13.719999999999999,1199.0428132847312,0.1067,8.19,46.35,419.99911930277096,20.001216508405896,1553.1287793081685,16.00000015331029,1570.3533821410244,180.94446116343457,353.3500112791615,-180.94425462211439,6.324119388937613e-08,4.6681095722870007e-07
253,2023-01-12T12:00:00Z,419.99911930277096,20.001216508405896,1553.1287793081685,16.00000015331029,499.9999382996211,8.860380053245866e-06,3.38397910375467e-06,6.640214903705638e-06,174.99975736966294,2.4525626459096553e-06,337.23931311960587,0.0001671767956475002,4.602088770737762e-09,14.015,1196.7831622925114,0.10287,9.34,47.3,899.9990508408446,20.00121617594735,1882.6022813544378,16.00000016103605,1857.7678482977421,612.4991578700077,313.10001192719744,-275.25984475040184,6.599419194241032e-08,3.984527394962879e-07
254,2023-01-12T13:00:00Z,899.9990508408446,20.00121617594735,1882.6022813544378,16.00000016103605,6.931608866665731e-05,1.2616199173599057e-05,2.939508104502906e-06,9.558942733722845e-06,0.0002303485543787773,2.2536738726958916e-06,0.00014159353738199648,241.5473373004662,5.109433246897383e-09,14.7,1192.2876461079898,0.1102399999999999,10.26,49.19,899.9991042424156,20.001215659679566,1631.6420742407367,16.000000149347244,1177.5879287906728,0.0008151423373732955,280.9000108492662,-0.000673548799991299,5.7326140651871856e-08,5.735939234157123e-07
255,2023-01-12T14:00:00Z,899.9991042424156,20.001215659679566,1631.6420742407367,16.000000149347244,0.00017812800089226513,1.1088282936133442e-05,2.945904955605637e-06,8.577082441901438e-06,75.27208446642405,2.2418739755198222e-06,0.00022953116769245876,0.10593634186226485,4.88126178018692e-09,6.115,1246.2814119220832,0.1086599999999999,10.15,26.49,899.9992636950017,20.001215202454045,1623.3781570588385,16.00000014448208,1315.4386600389216,263.45230385589707,284.75001066659166,-263.4520743247294,5.745089172348227e-08,5.146764141555018e-07
256,2023-01-12T15:00:00Z,899.9992636950017,20.001215202454045,1623.3781570588385,16.00000014448208,0.0006424315998990397,1.0475588164905564e-05,2.9069559326550454e-06,8.605129726534292e-06,81.4136694487029,2.2182050787709438e-06,0.00038394828222337786,0.0005434048934946507,4.559190202694377e-09,2.105,1275.5379458213497,0.1079099999999999,9.82,14.19,899.9998695172666,20.001214742785937,1615.261106816933,16.000000145460945,1354.8472437460955,284.947851290074,296.3000107466853,-284.9474673417918,5.6691309817755165e-08,5.16359419534011e-07
257,2023-01-12T16:00:00Z,899.9998695172666,20.001214742785937,1615.261106816933,16.000000145460945,1.0422026123845003e-05,0.0003421817396962267,2.248622865232485e-06,4.581551177009494e-05,2.3619180050190013e-05,1.8110953280500625e-06,4.786867715278784e-05,316.5999416728432,4.0576900968670984e-09,0.0,1309.2899959051374,0.13,9.24,0.0,899.9995230830995,20.00121203743284,1290.5849074786825,16.00000014112677,1309.2896460088102,0.00011653097278950106,316.60001033513885,-6.866229563671323e-05,4.385253112514597e-08,2.7492056267683734e-06
258,2023-01-12T17:00:00Z,899.9995230830995,20.00121203743284,1290.5849074786825,16.00000014112677,6.079212374906998e-06,499.9999833091714,1.942966026443458e-06,199.99995719913898,6.490484366653909e-06,1.5609707844800064e-06,0.00018142013642238655,189.55019752157705,3.835993481248611e-09,0.0,1309.2899959051374,0.1445,8.87,0.0,379.16621297208985,8.000014523620957,1094.5819668398483,16.000000141007316,609.2900714704606,139.99999430145365,329.55001040289426,-139.99981288131724,3.7891626678315266e-08,12.001197551703509
259,2023-01-12T18:00:00Z,379.16621297208985,8.000014523620957,1094.5819668398483,16.000000141007316,1.0786691602038991e-05,0.00019828371931473467,2.28970237359934e-06,4.2084007969914136e-05,2.9674677725111207e-05,1.854785005867889e-06,5.5617616979844344e-05,337.2499297438523,3.4288956509342305e-09,0.0,1309.2899959051374,0.13,8.65,0.0,379.16601678177284,8.000012042981611,751.8591828794135,16.000000128593896,1309.289800143267,0.00013515641477263832,337.2500092826501,-7.953879779279397e-05,4.465366165135227e-08,2.5252930074955976e-06
260,2023-01-12T19:00:00Z,379.16601678177284,8.000012042981611,751.8591828794135,16.000000128593896,1.0049830328935953e-05,267.9993788221308,2.2890229900533595e-06,4.867749152552721e-05,3.3016337516239875e-05,1.8534089035128288e-06,6.02763773415111e-05,348.09991747174365,3.353144925807654e-09,0.0,1309.2899959051374,0.1311399999999999,8.34,0.0,100.00000682322371,8.000009166680437,400.00002976965015,16.000000111110825,1041.2906156141148,0.0001514663001891863,348.1000086616665,-9.118992284767521e-05,4.4640412347275244e-08,2.9209415856902017e-06
261,2023-01-12T20:00:00Z,100.00000682322371,8.000009166680437,400.00002976965015,16.000000111110825,2.943790122383105e-05,1.9332719887940275e-05,4.366144770547252e-06,4.096725823984918e-06,103.72858327948914,2.6964929418662263e-06,2.0002591534773186,0.00022584550739048167,4.198717149043635e-09,0.0,1309.2899959051374,0.086,7.97,0.0,100.00001494535901,8.000009006000642,400.00006292877185,16.00000016619368,1413.0185922557198,363.05004701544806,361.0500137074781,-361.04978786197074,8.514833785945737e-08,2.4582813225232034e-07
262,2023-01-12T21:00:00Z,100.00001494535901,8.000009006000642,400.00006292877185,16.00000016619368,2.2201452097313887e-05,2.777807347753241e-05,5.7996238838484135e-06,3.3970530325845357e-06,109.42867843973191,3.1082853641239427e-06,2.0005950182589425,0.00023081138987349174,4.50484946540743e-09,0.0,120.0,0.0741,7.4,0.0,100.00000732325982,8.000008915261052,400.00042682099706,16.000000205994496,229.42867837396676,383.0003799942013,381.00001578733225,-380.99978497594236,1.1310397613265733e-07,2.0384356631170333e-07
263,2023-01-12T22:00:00Z,100.00000732325982,8.000008915261052,400.00042682099706,16.000000205994496,4.2335738371948e-05,2.3628081688809344e-05,6.134316413175888e-05,2.5347769565582016e-06,174.99999269330823,6.1335845998744e-06,211.2001539662748,0.00018758280329664803,4.381217482336649e-09,0.0,120.0,0.0404099999999999,6.82,0.0,100.00002335298356,8.000009959470557,609.2003910703636,16.00000021738513,295.00007634293667,612.4999822731714,401.3000158896999,-401.29982830689664,1.1963113317024686e-06,1.5210182757624972e-07
264,2023-01-12T23:00:00Z,100.00002335298356,8.000009959470557,609.2003910703636,16.00000021738513,3.0344085588542218e-05,3.317781289799443e-05,249.99970837117075,2.1210106805520595e-06,174.99999397319192,7.962715623683692e-06,197.90016797564795,0.0001958425476614354,4.308313901738032e-09,0.0,120.0,0.03292,6.44,0.0,100.00001792308396,12.87549169362116,804.0543612481121,16.000000222666767,544.9997053523402,612.4999882739676,414.6000161408673,-414.5998202983196,4.875481861423973,1.2727336816994058e-07
265,2023-01-13T00:00:00Z,100.00001792308396,12.87549169362116,804.0543612481121,16.000000222666767,5.465516709420306e-05,2.8397459365446146e-05,249.99998451596534,1.9571013074085774e-06,174.99999548803643,1.787677382860756e-05,186.3501948607698,0.0002085909380524858,4.364770270902928e-09,0.0,120.0,0.0172,6.11,0.0,100.00004081135752,17.75097882296934,986.3840757117032,16.000000233044442,545.0000221813821,612.5000032761046,426.1500170062729,-426.14980841533486,4.875487246786003,1.1743782222673732e-07
266,2023-01-13T01:00:00Z,100.00004081135752,17.75097882296934,986.3840757117032,16.000000233044442,6.86690776993231e-05,2.8743015524371575e-05,249.99998856785442,1.9509193241931807e-06,174.9999959606537,4.0155083131240665e-05,184.25022911367245,0.00021929802577136794,4.426282907617415e-09,0.0,120.0,0.01043,6.05,0.0,100.00007679303094,22.626466031708215,1165.7021651487914,16.0000002366437,545.0000626587341,612.5000269814637,428.2500171658171,-428.2497978677913,4.875487325805742,1.1706686613820466e-07
267,2023-01-13T02:00:00Z,100.00007679303094,22.626466031708215,1165.7021651487914,16.0000002366437,499.9995981932616,1.9217884496861233e-05,249.99999113645023,1.920681972295526e-06,174.99999642565788,599.9998695947747,779.9999848011136,0.000142174409588316,4.467323338612286e-09,0.0,120.0,0.00265,6.1,0.0,579.9996710399324,27.50195329235414,1939.8734969497514,16.000000236259933,1644.9994342115779,1206.4998597331069,426.5000171064029,-426.4998749319933,4.87548737589837,1.1525244358208977e-07
268,2023-01-13T03:00:00Z,579.9996710399324,27.50195329235414,1939.8734969497514,16.000000236259933,333.3336814449727,2.1210356879901812e-05,249.99999074110656,1.980368543683236e-06,174.99999640076064,599.9998588355048,783.499977200584,0.00014535515780445733,4.538725330441869e-09,0.0,120.0,0.00335,6.2,0.0,899.9999831329844,32.377440541708545,2713.673961310429,16.00000023671923,1478.3335042316191,1206.49984903607,423.00001719064375,-422.9998718354859,4.875487368188397,1.1883399602059622e-07
269,2023-01-13T04:00:00Z,899.9999831329844,32.377440541708545,2713.673961310429,16.00000023671923,4.631036619226957e-05,3.5848276029592066e-05,249.99996584568515,2.4017987141657523e-06,174.9999949316801,1.4379360471670314e-05,181.45021926733685,0.0002385034494385086,4.481634259907786e-09,0.0,120.0,0.0257,5.97,0.0,899.9999902489817,37.25292728026534,2881.555572267764,16.0000002391996,544.9999832170171,612.4999981777063,431.0500174138189,-431.04977891036947,4.875486882679129,1.441223350834535e-07
270,2023-01-13T05:00:00Z,899.9999902489817,37.25292728026534,2881.555572267764,16.0000002391996,3.681215532398431e-05,3.359384591974758e-05,1.3814967402043465e-05,3.2891189974238195e-06,174.99998952914973,5.769280194130655e-06,172.35019601916076,0.00024232875704822341,4.3689543168903924e-09,0.0,1307.2614419189529,0.0555,5.71,0.0,899.9999905950614,37.25292735231727,3039.497748096829,16.000000244792975,1482.2614509615405,612.4999713659947,440.150017675591,-440.14977534683396,2.6941880622046965e-07,1.9736687653308248e-07
271,2023-01-13T06:00:00Z,899.9999905950614,37.25292735231727,3039.497748096829,16.000000244792975,2.4706390344359358e-05,3.981149011799841e-05,5.3329282761903544e-06,5.363553800115855e-06,0.0005784806123577145,3.4443092793898606e-06,0.00017066063353473655,448.198155061147,4.08588769895179e-09,0.0,1307.2614419189529,0.08865,5.48,0.0,899.9999728428938,37.25292713447436,2576.1022749558315,16.00000022836101,1307.2620087081493,0.0020318464970986777,448.2000162470106,-0.001861185863563941,1.0400250163587552e-07,3.2184541254820615e-07
272,2023-01-13T07:00:00Z,899.9999728428938,37.25292713447436,2576.1022749558315,16.00000022836101,1.0862054625795708e-05,499.99994616326427,3.6371171402682505e-06,1.0484829563937451e-05,3.071328607046891e-05,2.7072840735957878e-06,4.948901835955831e-05,455.19994811845146,3.922565837065401e-09,0.0,1307.2614419189529,0.11243,5.28,0.0,379.16670601706596,37.25292657625255,2108.021864951619,16.000000223756402,807.2615331906009,0.00011751609317425723,455.20001614552626,-6.802707481469891e-05,7.093087732296319e-08,6.291526891051576e-07
273,2023-01-13T08:00:00Z,379.16670601706596,37.25292657625255,2108.021864951619,16.000000223756402,1.3766413294322334e-05,267.99996648408785,3.848290562534101e-06,8.46731968782285e-06,3.982964431292424e-05,2.7936738153523213e-06,5.928042821227706e-05,464.99992696719517,3.734014609007101e-09,0.0,1307.2614419189529,0.10707,5.0,0.0,100.00008747856458,37.25292614321173,1632.4818879400937,16.000000219047326,1039.2615272055673,0.00014809661595390964,465.00001578338293,-8.881618774163257e-05,7.504917088650363e-08,5.080899902683979e-07
274,2023-01-13T09:00:00Z,100.00008747856458,37.25292614321173,1632.4818879400937,16.000000219047326,2.032364893643235e-05,4.0916512157992136e-05,4.454747034562142e-06,6.3129221825627835e-06,8.791237306586162e-05,3.058441789347396e-06,9.925021196597209e-05,431.6237997663175,3.7902971440692e-09,8.01,1233.1288374855335,0.0970999999999999,5.24,31.22,100.00006436790073,37.252925851274775,1192.6957779842876,16.000000216055174,1225.11890600531,0.0003151402086297635,456.60001565631416,-0.00021588999666379143,8.687625479944172e-08,3.7881321227499453e-07
275,2023-01-13T10:00:00Z,100.00006436790073,37.252925851274775,1192.6957779842876,16.000000216055174,2.5205348658507312e-05,2.8676696670200486e-05,5.119464447026351e-06,5.2401110810724136e-06,62.64375499557436,3.320752979678027e-06,0.00036852498233592214,0.0012310216395426436,4.172144673881512e-09,108.14,697.3177487475101,0.08903,6.15,256.87,100.0000586934764,37.25292563667621,1186.731436597709,16.00000014720266,651.8215034718427,219.25314944013348,424.7500119367907,-219.25278091515113,9.983954067108096e-08,3.1443810867521233e-07
276,2023-01-13T11:00:00Z,100.0000586934764,37.25292563667621,1186.731436597709,16.00000014720266,0.0002040840884229009,1.6102725668083013e-05,6.644121270251844e-06,4.247872398582599e-06,174.99997190941716,3.91617506373747e-06,612.4998942652791,1.2910024171695954e-05,1.1905636176464269e-08,239.415,357.45228838379063,0.0767699999999999,7.03,548.98,100.00023784052873,37.2529255113517,1793.2976607699754,16.810161318635394,293.0374545869944,612.4999085334841,439.1840271782293,-1.4268205063672212e-05,1.295733221021212e-07,2.548978336983258e-07
277,2023-01-13T12:00:00Z,100.00023784052873,37.2529255113517,1793.2976607699754,16.810161318635394,499.9999277698383,1.1974967544308613e-05,7.960189868971316e-06,3.917800337575391e-06,174.9999832955004,4.401297752712436e-06,365.1584863090449,0.00019799983412652284,5.213945501912028e-09,49.51,1000.11690689452,0.07024,7.78,129.35,580.000156025649,37.25292543149939,2149.4894607753363,16.00000022491874,1625.6068144285784,612.4999486339964,350.82166032478557,-247.34146232495146,1.5523922636757744e-07,2.3509152940746423e-07
278,2023-01-13T13:00:00Z,580.000156025649,37.25292543149939,2149.4894607753363,16.00000022491874,333.33307920742027,1.4805690209602303e-05,7.233951762273511e-06,4.1984946319119455e-06,174.9999789388912,4.186594412875901e-06,410.23210940166865,0.00019258941057031693,5.407575467886047e-09,79.99499999999999,841.1663450504103,0.07423,8.02,196.29,899.9998966421784,37.252925320640685,2548.973930283718,16.000000225901832,1269.504395613083,612.4999333697939,359.30001655753586,-202.26782396812524,1.4107616698103158e-07,2.5193487140185694e-07
279,2023-01-13T14:00:00Z,899.9998966421784,37.252925320640685,2548.973930283718,16.000000225901832,7.634593378001577e-05,2.6493174050151003e-05,6.2844507395657535e-06,4.681583774860346e-06,174.99996339674843,3.853903698301803e-06,518.8540405945888,0.0001782134694677321,5.433785439514279e-09,140.945,519.7984179517881,0.0805999999999999,8.03,331.63,899.9999423372186,37.25292516227661,3055.0829230134186,16.000000226474157,553.8534366580669,612.4998789810927,358.9500165999733,-93.6458383865039,1.2255904532606481e-07,2.809231188035011e-07
280,2023-01-13T15:00:00Z,899.9999423372186,37.25292516227661,3055.0829230134186,16.000000226474157,7.101485033472854e-05,1.7751215219715127e-05,5.499541361643143e-06,5.335782181761703e-06,174.99981753339222,3.5444546210054953e-06,269.88157326931497,0.00022156379992665755,5.218721145111007e-09,9.34,1223.4645293483134,0.08758,7.69,35.29,899.9999920206257,37.25292494934944,3309.688860103867,16.000000231942305,1389.1244038535547,612.4993686109303,370.85001690541526,-342.61779534161536,1.072517817302143e-07,3.2017894880058224e-07
281,2023-01-13T16:00:00Z,899.9999920206257,37.25292494934944,3309.688860103867,16.000000231942305,1.3674348508616946e-05,0.00025393556421389067,2.697865940249048e-06,87.49983648356957,6.098391590466602e-06,2.0854455257099528e-06,0.00021354198412011226,315.90032038675696,4.945364752099995e-09,0.0,1307.2614419189529,0.14183,7.51,0.0,899.9997406317875,32.00240976142486,2977.2403089585746,16.00000021899346,1219.7613760558706,61.249908947460334,377.15001579223315,-61.24969540547622,5.26136471995764e-08,5.2505152405382285
282,2023-01-13T17:00:00Z,899.9997406317875,32.00240976142486,2977.2403089585746,16.00000021899346,8.446111775898297e-06,499.9999726060878,2.3925361671525184e-06,199.99997343906188,4.818139664556787e-06,1.8803149293089947e-06,0.00023169521676663264,225.2502474605024,5.118172562411174e-09,0.0,1307.2614419189529,0.155,7.85,0.0,379.1664439420466,20.001211281887645,2737.104091648496,16.000000217027555,607.2615134109055,140.00000013234393,365.25001589762957,-139.99976843712716,4.665912117159127e-08,12.001198526196333
283,2023-01-13T18:00:00Z,379.1664439420466,20.001211281887645,2737.104091648496,16.000000217027555,1.2512078115955483e-05,267.9997527161844,2.62443602314198e-06,199.96637979516018,5.904581254668625e-06,2.0346990400959782e-06,0.00023407672035567032,210.2237612902924,5.3631464925164285e-09,0.0,1307.2614419189529,0.1442,8.28,0.0,100.00004687428287,8.002028627089057,2513.1950439766815,16.000000214769184,839.2953324834031,139.97648853699857,350.2000157505706,-139.97625446027823,5.1181620613329946e-08,11.999182705980209
284,2023-01-13T19:00:00Z,100.00004687428287,8.002028627089057,2513.1950439766815,16.000000214769184,4.037857644948753e-05,1.7709448858497387e-05,3.329045718711167e-06,1.6731961042635547e-05,2.789698671551254e-05,2.5632377542597107e-06,4.837696046252183e-05,336.8999520402668,5.581329146741767e-09,0.0,1307.2614419189529,0.1217699999999999,8.66,0.0,100.00006719037371,8.002027687993877,2163.7291650934917,16.000000211946944,1307.2614816453895,0.0001118894316108559,336.90001555273795,-6.351247114833408e-05,6.492288380324808e-08,1.0040180643645693e-06
285,2023-01-13T20:00:00Z,100.00006719037371,8.002027687993877,2163.7291650934917,16.000000211946944,3.0138061786129078e-05,3.773132084645099e-05,3.2351478990934366e-06,1.8313575926956772e-05,2.5064737811516766e-05,2.515526847993794e-06,4.523897229867502e-05,315.8999579242979,6.1286582897374225e-09,0.0,1307.2614419189529,0.1254,9.26,0.0,100.0000568194538,8.002026652161122,1837.0106065826983,16.000000212702904,1307.2614468275303,0.00010303645706869228,315.90001572178267,-5.779748477001726e-05,6.309169320164218e-08,1.0989244480622126e-06
286,2023-01-13T21:00:00Z,100.0000568194538,8.002026652161122,1837.0106065826983,16.000000212702904,2.6634463560415764e-05,4.386060002853546e-05,3.408619669914955e-06,1.313716433649128e-05,3.185478160809474e-05,2.6000419595425995e-06,5.2819800518719486e-05,293.8499449583306,6.674054073775573e-09,0.0,120.0,0.12,9.89,0.0,100.00003670041379,8.002025930327163,1533.9756614112548,16.000000209121286,120.00000750014246,0.00012326179220382267,293.85001540032226,-7.044199168510317e-05,6.647473103644528e-08,7.883086910585827e-07
287,2023-01-13T22:00:00Z,100.00003670041379,8.002025930327163,1533.9756614112548,16.000000209121286,130.61510708672654,1.361414469243097e-05,4.630897495637254e-06,6.019437889892519e-06,0.0013382760606958138,3.1516561781619547e-06,0.00020502562630071624,278.09552888413765,7.102564484279377e-09,0.0,120.0,0.09729,10.34,0.0,225.39052532227055,8.0020256594363,1248.2104592456872,16.000000205523463,250.61643351175834,0.004691299958574654,278.10001515846994,-0.004486274332273938,9.031153231815827e-08,3.6120239363291443e-07
288,2023-01-13T23:00:00Z,225.39052532227055,8.0020256594363,1248.2104592456872,16.000000205523463,1.3458602805534546e-05,120.37428678150769,3.4036120554976e-06,1.1738563107071987e-05,3.585991465748462e-05,2.5785142727582402e-06,5.738521668240423e-05,273.89993599545306,7.132991747754417e-09,0.0,120.0,0.135,10.46,0.0,100.00065617845871,8.002025021429148,968.0695283392224,16.000000201815727,-0.37424321942700506,0.00013627942460617723,273.900014889661,-7.8894207923773e-05,6.637707278948215e-08,7.04384224846804e-07
289,2023-01-14T00:00:00Z,100.00065617845871,8.002025021429148,968.0695283392224,16.000000201815727,1.3269154455994765e-05,0.0006161712007789987,3.3260672044401097e-06,1.093620563809459e-05,3.740318009196782e-05,2.509133639481667e-06,5.863405579528771e-05,276.69993180044247,6.75243179911411e-09,0.0,120.0,0.1172,10.38,0.0,100.00002707184618,8.002024430055982,686.5293075311397,16.000000193999952,119.99942940012896,0.00014105051657164043,276.70001421690324,-8.241646077635272e-05,6.486479696627877e-08,6.562379620818837e-07
290,2023-01-14T01:00:00Z,100.00002707184618,8.002024430055982,686.5293075311397,16.000000193999952,2.1096706955468435e-05,3.8448917392287545e-05,4.145405222488415e-06,5.723222779124767e-06,0.3724181779644374,2.8452343225791165e-06,0.00019598212128162473,283.09673842167604,6.186847698638108e-09,0.0,120.0,0.09867,10.16,0.0,100.00000727372924,8.00202416747176,400.00011855392916,16.000000173747384,120.37240209317076,1.3034704459134556,284.4000128854682,-1.303274463792174,8.084348618714282e-08,3.434277095184379e-07
291,2023-01-14T02:00:00Z,100.00000727372924,8.00202416747176,400.00011855392916,16.000000173747384,4.2348728149092435e-05,2.3469453609135827e-05,1.1652681724709266e-05,2.822686734616765e-06,174.9999916303685,4.933717191191992e-06,324.60014483473105,0.00018241709033792858,6.445187028107298e-09,0.0,120.0,0.05745,10.06,0.0,100.00002348116075,8.002024225343636,722.6000803788003,16.00000019901668,295.0000242733552,612.4999775665506,287.90001514890986,-287.8998327318195,2.2725001863369408e-07,1.6937814189119503e-07
292,2023-01-14T03:00:00Z,100.00002348116075,8.002024225343636,722.6000803788003,16.00000019901668,499.99852403617564,1.4419545667796706e-05,4.697900896288793e-05,2.315213932963727e-06,174.9999947945023,7.2708425011136284e-06,310.9501566424443,0.0001800688570897145,5.845517673789318e-09,0.0,120.0,0.04085,9.67,0.0,579.9985915355293,8.0020250025992,1029.9370565504935,16.000000192926148,794.9985563457699,612.4999905995419,301.5500140259547,-301.5498339570976,9.161822930056153e-07,1.389267286506887e-07
293,2023-01-14T04:00:00Z,579.9985915355293,8.0020250025992,1029.9370565504935,16.000000192926148,333.3346867023362,1.4571156530344435e-05,4.462997491319139e-05,2.2764382086062465e-06,174.9999949387074,7.127607164885598e-06,303.95015498961146,0.00017774264087565375,5.516402319645946e-09,0.0,120.0,0.04102,9.47,0.0,899.9998755914839,8.002025736370795,1328.7373485147116,16.00000018811731,628.3347165510311,612.4999909353138,308.5500136883432,-308.54983594570234,8.703715479620283e-07,1.3659995251162596e-07
294,2023-01-14T05:00:00Z,899.9998755914839,8.002025736370795,1328.7373485147116,16.00000018811731,0.00011377604566967116,1.7529460863952165e-05,2.5094575824088705e-05,2.326867052799706e-06,174.99999464300754,6.246956392524397e-06,299.75015074952813,0.0001750269315121555,5.276518619148036e-09,0.0,1305.0591078239768,0.0451,9.35,0.0,899.9999665566327,8.002026086137978,1621.8436374947346,16.000000183448908,1480.0592277282344,612.4999890638201,312.75001334122345,-312.74983831429194,4.893931678865185e-07,1.39625985766559e-07
295,2023-01-14T06:00:00Z,899.9999665566327,8.002026086137978,1621.8436374947346,16.000000183448908,4.1133477949401154e-05,1.755964810528087e-05,1.208482708920552e-05,2.5348907276106836e-06,174.99999339191083,4.827516198560989e-06,297.30014190028237,0.00017141285342566886,5.0670803368282455e-09,0.0,1305.0591078239768,0.0549,9.28,0.0,899.9999877534714,8.002026169707019,1911.0343897946898,16.000000178202146,1480.0591391671703,612.4999834253525,315.2000129379236,-315.19984152507016,2.3567769600910858e-07,1.5210865452209323e-07
296,2023-01-14T07:00:00Z,899.9999877534714,8.002026169707019,1911.0343897946898,16.000000178202146,2.4291498177999407e-05,2.446991519147838e-05,5.425352165214392e-06,3.279133578230771e-06,174.99998338044875,3.1464187051729167e-06,310.9500990258969,0.00016447770503870104,5.206108589215822e-09,0.0,1305.0591078239768,0.07715,9.67,0.0,899.9999855838147,8.002026078744276,2212.429152393908,16.000000175797094,1480.059096318646,612.4999472419187,301.5500126937268,-301.54984821602176,1.058049477164523e-07,1.9676769146299257e-07
297,2023-01-14T08:00:00Z,899.9999855838147,8.002026078744276,2212.429152393908,16.000000175797094,1.261615703476016e-05,9.56383986177839e-05,3.3494810268748155e-06,4.882976129422064e-06,0.00010160368409035562,2.2895431313101213e-06,0.00010116474943805188,261.4577511986887,4.718284798691414e-09,16.52499999999995,1171.7636593759357,0.1001,9.53,56.24,899.9998980719935,8.00202585105782,1939.9093565979997,16.000000159197793,1155.2386787134262,0.00036129762530683713,306.4500113315646,-0.00026013287586878526,6.532141216527543e-08,2.9300786855217903e-07
298,2023-01-14T09:00:00Z,899.9998980719935,8.00202585105782,1939.9093565979997,16.000000159197793,1.8126659922210552e-05,2.6463138793396088e-05,3.407842803556482e-06,4.340955456014537e-06,0.00038426650864887516,2.2791972781104e-06,0.00014518876512050372,227.9308060082415,4.523587788753221e-09,35.14,1073.474856973015,0.09673,9.54,97.71,899.9998879078174,8.002025657034025,1702.2791489955334,16.000000152587624,1038.3352342491294,0.0013502278543956025,306.1000110473308,-0.0012050390892750988,6.645958062741414e-08,2.6048337569844206e-07
299,2023-01-14T10:00:00Z,899.9998879078174,8.002025657034025,1702.2791489955334,16.000000152587624,1.7439633336364524e-05,2.7794019200934986e-05,3.1568252968365474e-06,4.477524154558842e-06,0.0001543429931583066,2.1434472433433178e-06,0.00012658267680159445,102.6315917396885,4.4984169455895074e-09,101.17,725.0674792727659,0.0992,9.76,244.71,899.9998756977621,8.002025449919957,1591.1362880935442,16.000000146483316,623.8976240841216,0.0005454567557331742,298.40001061376745,-0.00041887407893157977,6.156424971328401e-08,2.6867831710524107e-07
300,2023-01-14T11:00:00Z,899.9998756977621,8.002025449919957,1591.1362880935442,16.000000146483316,1.193928636688894e-05,4.182673564168214e-05,2.8453842350917616e-06,5.152631849545895e-06,6.14449200587368e-05,1.996550823085955e-06,7.705941014838404e-05,166.4918667302494,4.672569536905123e-09,58.235,949.5176742946271,0.10497,10.1,150.01,899.9998435899608,8.002025196221668,1416.6888169822373,16.000000140589687,891.2827055414011,0.00022064064781511603,286.5000103114871,-0.000143581237666732,5.54905416384532e-08,3.091888298557393e-07
301,2023-01-14T12:00:00Z,899.9998435899608,8.002025196221668,1416.6888169822373,16.000000140589687,4.746919640369555e-05,1.3909137776633273e-05,3.3462980804477555e-06,3.7979646193999033e-06,110.34571811412796,2.1836240174208525e-06,145.60617554329318,0.00016808734208640833,5.036440137398364e-09,11.709999999999999,1206.4147876887089,0.09386,10.46,41.62,899.9998746717042,8.00202503358034,1555.2113803532773,16.000000145297356,1305.050541094853,386.2100182198109,273.90001076385977,-240.6038426765177,6.52593385025815e-08,2.2790066723071728e-07
302,2023-01-14T13:00:00Z,899.9998746717042,8.00202503358034,1555.2113803532773,16.000000145297356,5.827838001369495e-05,2.8038429819253474e-05,3.282550766934514e-06,3.7455240787035535e-06,174.99979509477524,2.145549279754704e-06,350.8754126166919,0.00013553900005212175,4.859256306963724e-09,3.25,1262.468083488783,0.0938499999999999,10.4,17.97,899.9999014122513,8.002024872842561,1898.3106005292027,16.00000014479958,1434.2179105060845,612.4992875776741,276.0000104999822,-261.62387496098216,6.401614156937997e-08,2.2475392011422465e-07
303,2023-01-14T14:00:00Z,899.9999014122513,8.002024872842561,1898.3106005292027,16.00000014479958,3.9087724283791824e-05,1.281842210327283e-05,2.937724881372079e-06,4.306751859788667e-06,0.00023171602921186725,2.0038842425144508e-06,0.00012113538961434061,262.7853148746045,4.660040376489454e-09,2.66,1266.9476069163575,0.1,10.41,16.08,899.9999255839435,8.002024671702971,1626.0338537873417,16.000000135235013,1264.287865536546,0.0008160046739434768,275.6500097438888,-0.0006948692843291362,5.7291364323187866e-08,2.584309546827883e-07
304,2023-01-14T15:00:00Z,899.9999255839435,8.002024671702971,1626.0338537873417,16.000000135235013,7.518257768815213e-05,1.0050626055106103e-05,2.918650505731571e-06,4.232536871561658e-06,0.0005526392905421314,1.9949359884231034e-06,0.00016897920365787185,240.73623919947286,4.6411350169806656e-09,9.06,1222.3656832800195,0.1,10.61,34.89,899.999987289816,8.002024474644738,1377.1676142981357,16.00000012913076,1213.3063017323113,0.0019391752793360922,268.6500093955485,-0.0017701960756782203,5.6919376799445587e-08,2.53977610054705e-07
305,2023-01-14T16:00:00Z,899.999987289816,8.002024474644738,1377.1676142981357,16.00000012913076,1.0673112150401719e-05,4.0005812255896705e-05,1.8727498738755342e-06,3.0094774576240157e-05,1.1946202099586453e-05,1.460107925930013e-06,2.8501959677588337e-05,258.14997397008005,5.0225324015431315e-09,0.0,1305.0591078239768,0.13426,10.91,0.0,899.9999558632826,8.002022705299952,1112.1318307585245,16.000000131981423,1305.0590636755621,6.43235563985914e-05,258.1500097916768,-3.582159672100306e-05,3.652227476804973e-08,1.8058670612805375e-06
306,2023-01-14T17:00:00Z,899.9999558632826,8.002022705299952,1112.1318307585245,16.000000131981423,7.701657288497916e-06,499.99972196207744,1.7020184154194435e-06,0.031964942389444403,4.325155353898551e-06,1.2841214093832887e-06,0.00014614554515481436,241.67776400762625,5.550790159842832e-09,0.0,1305.0591078239768,0.1442,11.38,0.0,379.1669195463762,8.000104650140429,864.8935537426509,16.00000013167332,805.0274359324623,0.022391868996545015,241.70000973107764,-0.0222457234513902,3.3192678368516005e-08,0.0019180883522018845
307,2023-01-14T18:00:00Z,379.1669195463762,8.000104650140429,864.8935537426509,16.00000013167332,3.0885939135777743e-05,1.172711511703275e-05,2.0753555032846625e-06,1.3884429651608106e-05,1.8894637648316112e-05,1.5981249617248142e-06,3.374168334611722e-05,228.39996623893285,6.160806534629284e-09,0.0,1305.0591078239768,0.127,11.76,0.0,379.1669369811329,8.000103857464815,632.169153476688,16.00000013340697,1305.0591356664893,7.743247623733963e-05,228.40000992972574,-4.369079289122241e-05,4.047347966201712e-08,8.33149094005887e-07
308,2023-01-14T19:00:00Z,379.1669369811329,8.000103857464815,632.169153476688,16.00000013340697,8.63487307611786e-06,268.0002610485718,1.8308501386250174e-06,0.0016729769513130844,5.041543774328063e-06,1.3937807028953867e-06,5.9119036202064764e-05,226.998879304535,6.486308306380129e-09,0.0,1305.0591078239768,0.14351,11.8,0.0,100.00000667834871,8.00000350451402,402.0094875238059,16.000000136574755,1037.057190699501,0.0011901091120251736,227.00001029461083,-0.0011309900758231088,3.5705148218009646e-08,0.0001003886559443795
309,2023-01-14T20:00:00Z,100.00000667834871,8.00000350451402,402.0094875238059,16.000000136574755,3.014974806398978e-05,1.565392653093654e-05,3.260488154335825e-06,4.596880603659811e-06,64.8573407151185,2.223684580937226e-06,0.0009586428681230199,0.00027150898920142883,6.842762031265738e-09,0.0,1305.0591078239768,0.09937,11.8,0.0,100.00001931593339,8.000003292259477,400.00012722006574,16.00000014123619,1369.9164639222088,227.0006979221789,227.0000107883,-226.99973927931077,6.358587759730831e-08,2.758404202616148e-07
310,2023-01-14T21:00:00Z,100.00001931593339,8.000003292259477,400.00012722006574,16.00000014123619,1.9393596887693608e-05,2.6607077598824774e-05,4.289288259279315e-06,2.905751905382192e-06,65.02854579278079,2.4454830699431636e-06,2.0001232171145125,0.00021969268315764608,7.580122982084375e-09,0.0,120.0,0.09342,11.84,0.0,100.00001021808058,8.000003201546413,400.00003010839674,16.000000140437862,185.0285424083195,227.59991472978732,225.60001120535594,-225.5997915126728,8.36494860045471e-08,1.7436255057798934e-07
311,2023-01-14T22:00:00Z,100.00001021808058,8.000003201546413,400.00003010839674,16.000000140437862,3.194019547205522e-05,2.1286325193335458e-05,8.24153359874868e-06,2.2387326819057447e-06,64.7285900434941,3.240843463534283e-06,2.00028120826584,0.00022807924499911123,1.0053895838489027e-08,0.0,120.0,0.0691,11.87,0.0,100.0000187074128,8.000003227934997,400.0000830868756,16.000000204537795,184.72860994100873,226.55006992777726,224.55001679875642,-224.5497887195114,1.6072597777337663e-07,1.3433739465381006e-07
312,2023-01-14T23:00:00Z,100.0000187074128,8.000003227934997,400.0000830868756,16.000000204537795,2.478511974003701e-05,3.240842580917637e-05,1.2446042017891578e-05,2.116383067413118e-06,65.42856066313489,3.735739340022523e-06,2.0001864986101596,0.00023612836953965758,1.1361094763048777e-08,0.0,120.0,0.06001,11.8,0.0,100.00000874235087,8.000003343661405,400.00003304168183,16.00000021221133,185.42856710522713,228.99996750082224,227.00001713058163,-226.99978100221207,2.4272209155804157e-07,1.269956836131484e-07
313,2023-01-15T00:00:00Z,100.00000874235087,8.000003343661405,400.00003304168183,16.00000021221133,5.439061151718361e-05,2.2722012530341074e-05,249.99997502116764,1.650550566604222e-06,174.9999639626156,6.225726828092577e-06,383.0500118597904,0.00015999033742608424,1.5674681033963765e-08,0.0,120.0,0.0294,11.73,0.0,100.00003728857487,12.875490306237397,781.0498847459263,16.000000364539353,544.9999752275585,612.4998811880096,229.4500293185566,-229.44986932821917,4.875487061618931,9.904293829008234e-08
314,2023-01-15T01:00:00Z,100.00003728857487,12.875490306237397,781.0498847459263,16.000000364539353,2.228691901275959e-05,4.096316034247943e-05,249.99997803545577,1.6610110127317598e-06,174.99997121549907,6.613555437673239e-06,375.3500441318906,0.00016367015203258448,1.5062309650998023e-08,0.0,120.0,0.02793,11.51,0.0,100.00001601405843,17.750977326970197,1152.4945157839354,16.000000368440308,544.999935527258,612.4999069643743,237.1500265026357,-237.14986283248368,4.875487120403428,9.967062782668826e-08
315,2023-01-15T02:00:00Z,100.00001601405843,17.750977326970197,1152.4945157839354,16.000000368440308,0.0001255464693960684,2.2095327373464405e-05,249.99999238241716,1.466664567165707e-06,174.99999177794263,1.6737559399349846e-05,360.6501307538769,0.00016877304341930135,1.3934638856715006e-08,0.0,120.0,0.00694,11.09,0.0,100.00011352270305,22.626464639158677,1507.3820051858493,16.000000373089637,545.0001028823965,612.4999888196483,251.85002683881476,-251.84985806577134,4.875487400197154,8.800867489743216e-08
316,2023-01-15T03:00:00Z,100.00011352270305,22.626464639158677,1507.3820051858493,16.000000373089637,288.700702697274,1.866193563491686e-05,249.9999930668191,1.4680005484282192e-06,174.9999926480129,2.398049954663973e-05,342.8001473883534,0.00017575705599608404,1.2857506787884932e-08,0.0,120.0,0.00293,10.58,0.0,377.1527686725698,27.50195196461416,1842.6450667912175,16.000000380421586,833.7006922626695,612.4999990363401,269.7000274050427,-269.6998516479867,4.875487413544327,8.808884178987214e-08
317,2023-01-15T04:00:00Z,377.1527686725698,27.50195196461416,1842.6450667912175,16.000000380421586,0.00023325149669979685,2.2024839339326918e-05,249.99999262278635,1.525294030275895e-06,174.99999224005307,2.2475999733477925e-05,331.95015087390044,0.00018283024835155754,1.2458657006068165e-08,0.0,120.0,0.00405,10.27,0.0,377.15296965146564,32.37743927797219,2165.3818095009133,16.000000389790575,545.0002170402024,612.4999961591315,280.5500281154794,-280.549845285231,4.875487404884823,9.15267944960033e-08
318,2023-01-15T05:00:00Z,377.15296965146564,32.37743927797219,2165.3818095009133,16.000000389790575,272.31617352595686,2.005735929858507e-05,249.9999925521312,1.5790601895977066e-06,174.99999225054088,2.6038355324649624e-05,324.95016200052675,0.00019141654048556478,1.2460941653082957e-08,0.0,1302.6836453262993,0.00158,10.07,0.0,638.5764753433016,37.25292658672601,2479.504871037395,16.00000040331069,1999.9998080568641,612.4999997602071,287.5500291762208,-287.5498377596803,4.87548740350691,9.475308668453085e-08
319,2023-01-15T06:00:00Z,638.5764753433016,37.25292658672601,2479.504871037395,16.00000040331069,272.31614538135005,2.164279557806506e-05,249.99999226681834,1.6854954761502148e-06,174.9999920373301,3.0105949723676436e-05,323.9001770925387,0.0002053495732663077,1.3234234950483996e-08,0.0,1302.6836453262993,0.00181,10.04,0.0,899.9999523648189,42.12841388352892,2791.0073184251737,16.000000429842213,1999.9997817894562,612.5000031153924,288.60003137242694,-288.5998260228537,4.875487397942753,1.0113984255326822e-07
320,2023-01-15T07:00:00Z,899.9999523648189,42.12841388352892,2791.0073184251737,16.000000429842213,6.629915506827063e-05,2.8950294588097662e-05,249.99999003624987,1.8070490825665064e-06,174.99998854056227,1.6805216250259537e-05,350.50015994313776,0.00021581139723874567,1.629060048772238e-08,0.0,1302.6836453262993,0.0112,10.8,0.0,899.999985855451,47.003901129537454,3127.5522259647882,16.000000459853357,1727.6836762501391,612.4999777940664,262.00003366232585,-261.9998178509286,4.875487354442317,1.0843378833282368e-07
321,2023-01-15T08:00:00Z,899.999985855451,47.003901129537454,3127.5522259647882,16.000000459853357,3.386832761129519e-05,6.40187891550162e-05,249.99995106740056,2.2104302124308106e-06,174.9997060332821,7.338672214722039e-06,348.16117572489225,0.0002316263965533468,1.7009446833170446e-08,0.0,1298.2131011469658,0.0373999999999999,10.69,1.89,899.9999516828068,51.87938759137214,3460.07540893346,16.000000489793834,1723.212733225429,612.498979929074,265.85003583057835,-264.3378042041818,4.875486594473759,1.32639076653514e-07
322,2023-01-15T09:00:00Z,899.9999516828068,51.87938759137214,3460.07540893346,16.000000489793834,7.27123095890851e-05,3.269297007154424e-05,249.99993858031144,2.331270654976034e-06,112.74656416079684,7.480651986306494e-06,157.22522280699974,0.00029185963703969676,1.7683411980193236e-08,9.9,1215.425245974125,0.03886,10.66,36.89,899.9999874314468,56.754873802433075,3599.9999628361556,16.000000787545897,1568.271793883954,394.6129836005238,266.9000526531611,-237.38776079352408,4.875486350951169,1.3989022832139418e-07
323,2023-01-15T10:00:00Z,899.9999874314468,56.754873802433075,3599.9999628361556,16.000000787545897,2.506962992614126e-05,0.00012295703681827833,1.3721746080897676e-05,3.2195655247924268e-06,32.16461279773614,5.011938788910042e-06,0.00032145107997445143,119.84618417466228,1.2477401187745136e-08,8.125,1226.6134332589118,0.0749,10.91,32.16,899.9998834180449,56.754873876840634,3462.1541002983927,16.00000033020391,1250.6529636833602,112.57615200759176,258.15001473117405,-112.57583055651179,2.6760080865837055e-07,1.9319325081262687e-07
324,2023-01-15T11:00:00Z,899.9998834180449,56.754873876840634,3462.1541002983927,16.00000033020391,2.263932451039042e-05,0.00032204129841494967,1.1878670387442799e-05,3.5009553731155398e-06,0.00019344440247027718,4.87728323440889e-06,0.00018895189281239834,222.8515292048757,1.3407226215799934e-08,8.815,1222.1192354066718,0.08,11.14,34.06,899.9995696921105,56.75487389841954,3221.991989543918,16.000000330179,1213.3041427040985,0.0006843345878092158,250.1000245875707,-0.0004953826949968174,2.316572382789625e-07,2.1007833021995438e-07
325,2023-01-15T12:00:00Z,899.9995696921105,56.75487389841954,3221.991989543918,16.000000330179,0.00041860807335401004,2.2706473485001318e-05,2.2957363758956585e-05,3.10599809250513e-06,174.99994534498444,6.085503614953412e-06,394.118049845099,0.0002610304394352586,1.388395200256701e-08,12.78,1197.519415583885,0.06501,11.03,44.46,899.9999479032844,56.75487415975438,3599.9998184108576,16.000000379159037,1359.7397827673387,612.4998169062927,253.95002809163316,-218.38176706119373,4.4771336463611704e-07,1.863785234026481e-07
326,2023-01-15T13:00:00Z,899.9999479032844,56.75487415975438,3599.9998184108576,16.000000379159037,4.4488505528049e-05,4.1837896993154523e-05,1.2409460076809228e-05,3.6957907847681596e-06,75.2696956399545,5.155604373424816e-06,18.00030889722001,0.00039108708662901964,1.1431740186390438e-08,12.09,1201.9899597632182,0.08015,10.3,42.57,899.999947031107,56.75487417999343,3599.999737128937,16.00000034903471,1265.1696719230551,263.4439424309426,279.50002462080926,-245.44363353372262,2.420086723650165e-07,2.2176962404849443e-07
327,2023-01-15T14:00:00Z,899.999947031107,56.75487417999343,3599.999737128937,16.00000034903471,4.980255009204539e-05,3.1354628237005676e-05,1.0699671391590915e-05,4.043728584546824e-06,76.75660239691302,4.979668013483105e-06,18.000491047261228,0.0003992302541361583,1.0479566478753589e-08,14.715,1186.3312282990978,0.08602,10.0,49.19,899.9999621804841,56.75487414600991,3599.9998302602994,16.000000340813358,1248.3728607795438,268.648116149677,290.0000243326699,-250.64762510241576,2.0866445858188105e-07,2.4264797987079656e-07
328,2023-01-15T15:00:00Z,899.9999621804841,56.75487414600991,3599.9998302602994,16.000000340813358,6.270259939922438e-05,3.096167056725134e-05,8.812138139484584e-06,4.6300889050124105e-06,90.52461065438214,4.689525089577459e-06,18.000526939040792,0.00040711805823155596,8.924555583399749e-09,2.68,1264.6485392926056,0.095,9.38,16.08,899.9999901232393,56.75487404003067,3599.9999509299805,16.000000369621727,1352.4931905594908,316.8361451740296,311.70002535304695,-298.8356182349888,1.7185387910786018e-07,2.778331176125059e-07
329,2023-01-15T16:00:00Z,899.9999901232393,56.75487404003067,3599.9999509299805,16.000000369621727,3.590156127316906e-05,3.616412564407649e-05,4.5635554021014665e-06,1.1614789527271133e-05,9.476281751131487e-05,3.3997024948688514e-06,0.00012513586388857557,349.4997962257295,6.027122965640339e-09,0.0,1302.6836453262993,0.13964,8.3,0.0,899.999986917774,56.75487343207183,3232.5002800854654,16.0000002270054,1302.6837361750206,0.000343165919428612,349.500014255785,-0.00021803005554003644,8.8998230163995e-08,6.969570673430022e-07
330,2023-01-15T17:00:00Z,899.999986917774,56.75487343207183,3232.5002800854654,16.0000002270054,2.6149157584226487e-05,4.331115305529979e-05,3.3187900783216626e-06,0.0003869855607885511,1.2323717049042118e-05,2.6427136240020964e-06,0.00011799505619331598,370.49981804822073,5.46489102672645e-09,0.0,1302.6836453262993,0.1746,7.7,0.0,899.9999669051808,56.75485027533892,2845.838078631874,16.000000221192472,1302.6832594639636,0.0003166391887113952,370.50001669235326,-0.00019864413251807924,6.472287881515395e-08,2.3221455792892354e-05
331,2023-01-15T18:00:00Z,899.9999669051808,56.75485027533892,2845.838078631874,16.000000221192472,1.534097205395405e-05,268.0001609241543,2.7769475873228246e-06,199.99997936738134,6.647608310218205e-06,2.2517305537389792e-06,0.0003295453616589986,235.75033507833075,5.3142417053127716e-09,0.0,1302.6836453262993,0.1977,7.55,0.0,620.83314733652,44.75365144756374,2595.858882705745,16.000000218741842,834.6835320520225,140.00001105300925,375.7500165859783,-139.99968150764758,5.4155893542149295e-08,12.001198881931074
332,2023-01-15T19:00:00Z,620.83314733652,44.75365144756374,2595.858882705745,16.000000218741842,1.3637989719299302e-05,499.9998039987582,2.7000215087556776e-06,199.99998133630436,6.421145778722072e-06,2.192520031355749e-06,0.0003175341658889601,259.9003221182206,4.794229140253284e-09,0.0,1302.6836453262993,0.1999,6.86,0.0,100.00003126361696,32.75245250014115,2322.9795837081615,16.000000214161375,602.6838849429138,140.00001158001808,399.9000161640728,-139.99969404585218,5.265568498923464e-08,12.00119900007827
333,2023-01-15T20:00:00Z,100.00003126361696,32.75245250014115,2322.9795837081615,16.000000214161375,3.4314350863136e-05,2.9076275670264814e-05,3.393800586104894e-06,7.569910966393095e-05,2.655641181857826e-05,2.7449601871841607e-06,6.434774998931153e-05,403.0499314862,4.639844826964024e-09,0.0,1302.6836453262993,0.16834,6.77,0.0,100.00003391760663,32.752448023926064,1908.3148186511708,16.00000020936096,1302.6836075604374,0.00014865432871508788,403.05001579277877,-8.430657872577636e-05,6.618573000204563e-08,4.54240081991785e-06
334,2023-01-15T21:00:00Z,100.00003391760663,32.752448023926064,1908.3148186511708,16.00000020936096,2.7052392389209295e-05,4.1861864433215924e-05,3.61119278724569e-06,2.8687858098024706e-05,4.333654621859805e-05,2.87604018923378e-06,7.351798423582459e-05,403.3999142680868,4.55650609008235e-09,0.0,120.0,0.16,6.76,0.0,100.00001628179453,32.752446372907734,1495.3734038078123,16.000000202353274,120.00000632644903,0.00017460669222105188,403.40001535679477,-0.0001010887079852273,7.042530188147911e-08,1.7214436302445069e-06
335,2023-01-15T22:00:00Z,100.00001628179453,32.752446372907734,1495.3734038078123,16.000000202353274,3.210232958456819e-05,3.926688082945252e-05,4.736415491969985e-06,9.03481682159698e-06,174.9994027309796,3.434126846148901e-06,208.74822472413194,0.0003213252926121236,4.583734802418794e-09,0.0,120.0,0.133,6.75,0.0,100.00000619703006,32.75244592313385,1696.6444401876126,16.000000208110986,294.9993947021539,612.4979192825858,403.75001588374647,-403.7496945584539,9.236933902731744e-08,5.421432236181807e-07
