operating_step,timestamp_utc,start_soc_battery_kwh,start_soc_hydrogen_kg,start_soc_thermal_kwh,start_indoor_temperature_c,battery_charge_kw,battery_discharge_kw,electrolyser_kw,fuel_cell_kw,heat_pump_kw,electric_boiler_kw,thermal_charge_kw,thermal_discharge_kw,ventilation_fraction,pv_kw,electric_load_kw,price_eur_per_kwh,outdoor_temperature_c,irradiance_w_per_m2,reached_soc_battery_kwh,reached_soc_hydrogen_kg,reached_soc_thermal_kwh,reached_indoor_temperature_c,grid_kw,generated_heat_kw,heat_to_air_kw,thermal_charge_margin_kw,hydrogen_production_kg_per_h,hydrogen_consumption_kg_per_h
0,2023-05-31T22:00:00Z,500.0,60.0,1600.0,19.0,1.1785317393375623e-05,92.20107127609882,2.9518982259503514e-06,27.00044177682986,3.0172823504505568e-06,2.111610476465544e-06,0.0005984571730129036,0.00033324776249397996,2.716726872039231e-06,0.0,120.0,0.08415,15.96,0.0,403.95722873463507,58.379811532105435,1592.0002652094106,16.000000625991603,0.7985068131797703,18.900321894763497,18.90005668535298,-18.899723437590485,5.756777218325019e-08,1.6201885254623378
1,2023-05-31T23:00:00Z,403.95722873463507,58.379811532105435,1592.0002652094106,16.000000625991603,1.6804395931881174e-05,4.144197771189598e-05,3.203217533327338e-06,9.770366448080383e-05,4.523500050600913e-06,2.38451671718454e-06,3.828829610957386e-05,103.79999016747566,1.4902969885312785e-07,0.0,120.0,0.0742999999999999,15.32,0.0,403.95720169812836,58.37980573176827,1480.240312004184,16.000000559488402,119.99988776998804,8.658548686367856e-05,103.80003846466641,-4.82971907541047e-05,6.246898879876297e-08,5.8628061494631764e-06
2,2023-06-01T00:00:00Z,403.95720169812836,58.37980573176827,1480.240312004184,16.000000559488402,2.5306626541097932e-05,2.2833213906111655e-05,3.4373078758292224e-06,4.6589891014970435e-05,6.322424032417867e-06,2.6122141420256613e-06,2.6376595776979793e-05,113.60000878760592,1.0530208025137099e-07,0.0,120.0,0.0701,15.04,0.0,403.957202207892,58.37980300312945,1359.2391280331528,16.000000558385203,119.99996825546768,5.7327499824547245e-05,113.60003973850996,-3.095090404756745e-05,6.703420699936977e-08,2.7956730282010464e-06
3,2023-06-01T01:00:00Z,403.957202207892,58.37980300312945,1359.2391280331528,16.000000558385203,4.6740975202830174e-05,1.6219501713511514e-05,3.7143880026208276e-06,2.5904846362306497e-05,9.96158562628461e-06,2.8602451982983568e-06,2.5733949517920862e-05,121.30000078796341,7.119939042139966e-08,0.0,120.0,0.06651,14.82,0.0,403.9572301839139,58.37980152112104,1231.1429573389732,16.000000460559306,120.00002115284596,5.583058489192605e-05,121.30003088459878,-3.0096635374005187e-05,7.243780983208935e-08,1.554446226361026e-06
4,2023-06-01T02:00:00Z,403.9572301839139,58.37980152112104,1231.1429573389732,16.000000460559306,5.9031778777795335e-05,1.5038506694264184e-05,3.7560315381448244e-06,2.124090946366463e-05,1.3746003886617311e-05,2.913243872537109e-06,2.9932246749216238e-05,130.74998856733308,4.676875704928869e-08,0.0,120.0,0.06766,14.55,0.0,403.95727118931035,58.379800319788956,1094.237283917192,16.000000367717444,120.00004316764192,6.586376166153757e-05,130.75002449884798,-3.593151491232133e-05,7.324993998782287e-08,1.2745820260224801e-06
5,2023-06-01T03:00:00Z,403.95727118931035,58.379800319788956,1094.237283917192,16.000000367717444,1.5468038246341693e-05,5.301486923288197e-05,3.1362646567816963e-06,0.00012464989634742923,5.919083228643754e-06,2.4077075149172166e-06,4.700640175344575e-05,144.74996313768403,3.668905614007044e-08,0.0,120.0,0.0798,14.15,0.0,403.9572308148049,58.37979290121048,944.0161813663235,16.00000036846194,119.99984926632804,0.00011035534918322164,144.75002648663147,-6.33489474297759e-05,6.116327713495657e-08,7.479741755021256e-06
6,2023-06-01T04:00:00Z,403.9572308148049,58.37979290121048,944.0161813663235,16.00000036846194,1.1712267804839903e-05,154.71020877442436,2.9185918167754234e-06,44.05192081128378,4.01692224255247e-06,2.17633511767796e-06,0.00019299898733741847,110.55785860918348,3.040318835183094e-08,4.085,203.01420553312582,0.09589,13.77,20.82,242.80077458522328,55.73641337149302,828.7384348492958,16.00000036731392,0.16709677153464497,30.836360781698257,158.05002639189442,-30.83616778271092,5.69182322503458e-08,2.6433795866356906
7,2023-06-01T05:00:00Z,242.80077458522328,55.73641337149302,828.7384348492958,16.00000036731392,1.1832889589775016e-05,55.779934588274244,2.890287970314174e-06,116.41768111986748,3.983553723635348e-06,2.1638339244962145e-06,0.0002207531671933945,0.12784609004724615,3.8093683396542754e-08,21.785,193.48068633264185,0.10445,14.22,75.85,184.69668741534497,48.75065398472291,824.4671173381694,16.000000220234767,-0.5019085049346899,81.49239286854085,142.30001820542088,-81.49217211537365,5.636625204633103e-08,6.985759443136363
8,2023-06-01T06:00:00Z,184.69668741534497,48.75065398472291,824.4671173381694,16.000000220234767,1.1792025688082603e-05,81.30881681217133,2.916712017459736e-06,0.0004209257459659589,3.935754542943786e-06,2.1580396351494935e-06,0.0002967672303135333,1.3373887294601549e-05,0.9524561960055441,84.63,165.92131445524785,0.0990699999999999,15.53,234.93,100.0000145563445,48.75062878353392,820.3450651448215,16.0079697665149,-0.017902480137560003,0.00031055962231527247,187.94402716627928,-1.3792392001739167e-05,5.688157249771462e-08,2.5258070565014038e-05
9,2023-06-01T07:00:00Z,100.0000145563445,48.75062878353392,820.3450651448215,16.0079697665149,2.5473650586462065e-05,2.569148313701957e-05,4.3794028524226785e-06,9.555661030892593e-06,1.3178949534171405e-05,3.118999427956471e-06,4.500441531993842e-05,1.3281730902782043e-05,0.9993517873452609,166.23,137.32422169813555,0.0873,16.99,415.23,100.00001224908745,48.75062829554381,816.2433715417818,17.89622493658837,-28.905767398006233,5.590309552490164e-05,332.18402418041114,-1.089868020496322e-05,8.540689631187341e-08,5.73397001553711e-07
10,2023-06-01T08:00:00Z,100.00001224908745,48.75062829554381,816.2433715417818,17.89622493658837,3.428625028490347e-05,2.3501764148493977e-05,7.1580818884086795e-06,4.952445453674946e-06,3.14280880657755e-05,4.16822124110757e-06,0.00010504588264980799,1.3176620226330298e-05,0.9999690894262091,247.26999999999998,137.32422169813555,0.06819,18.52,610.76,100.0000206828834,48.75062813796392,812.1622465533353,20.066406274771108,-109.94572971543252,0.00011759155907648322,488.60802572229665,-1.2545676426675234e-05,1.3959655647961722e-07,2.971764448649833e-07
11,2023-06-01T09:00:00Z,100.0000206828834,48.75062813796392,812.1622465533353,20.066406274771108,2.6777604955098922e-05,3.3027460803589047e-05,9.875557872491962e-06,4.1034139718780635e-06,7.753095884534185e-05,4.880097686512623e-06,0.00026579057797594864,1.2935388629923185e-05,0.9999982702431569,326.515,137.32422169813555,0.05992,19.98,818.94,100.00001198577915,48.7506280843271,808.1016881757579,22.235190633684187,-189.19069636851987,0.00027906204244865863,655.1520262068533,-1.3271464472709997e-05,1.9259263777737102e-07,2.462294612588097e-07
12,2023-06-01T10:00:00Z,100.00001198577915,48.7506280843271,808.1016881757579,22.235190633684187,6.665794402346572e-05,2.1817153885299453e-05,53.10469860237117,2.854233935756581e-06,174.99998683397376,9.71684130530458e-06,612.4999539424214,1.0409792232784049e-05,0.9999998823007619,366.815,137.32422169813555,0.0354,21.19,935.78,100.00005325120345,49.7862731003209,1416.5611232675083,23.8886275846161,-1.386041162122042,612.4999655365449,748.6240220039157,-1.1594123520808353e-05,1.0356451872649646,1.7127116326172104e-07
13,2023-06-01T11:00:00Z,100.00005325120345,49.7862731003209,1416.5611232675083,23.8886275846161,5.8219746031357126e-05,2.41491155977754e-05,249.99993460978962,2.7307384382996183e-06,174.99998910542158,1.168830326932676e-05,612.4999715166522,3.52256785306506e-06,0.9999999916006583,394.78,137.32422169813555,0.00934,22.0,1020.5,100.0000839868309,54.661759209978456,2021.978285645255,25.032233565333225,167.54418844154208,612.4999753519128,816.4000073578285,-3.835260599771573e-06,4.87548627351825,1.6386069236721383e-07
14,2023-06-01T12:00:00Z,100.0000839868309,54.661759209978456,2021.978285645255,25.032233565333225,333.3333469215242,1.6755503393727847e-05,249.99997681076192,2.5764774412138877e-06,174.9999916398294,1.8182621572078482e-05,612.4999866416185,3.5876045554429286e-06,0.9999999909585958,369.85,137.32422169813555,0.00297,22.61,956.62,420.0000795778447,59.53724615189386,2624.368377271043,25.485931773164765,525.807535920892,612.4999905437325,765.2960074897185,-3.902113917320094e-06,4.87548709651951,1.5460410688352163e-07
15,2023-06-01T13:00:00Z,420.0000795778447,59.53724615189386,2624.368377271043,25.485931773164765,499.9999208652386,1.3720801711251347e-05,249.99998173413897,2.541734311818184e-06,174.9999923420828,2.4260253534725242e-05,612.4999950202545,3.657324050443556e-06,0.9999999908636404,372.895,137.32422169813555,0.0001,23.09,965.57,899.9999893159719,64.41273319190951,3223.746526747618,25.991776905046873,689.4291246373135,612.4999989941548,772.4560076312246,-3.973900334131031e-06,4.875487192534964,1.5251931064015508e-07
16,2023-06-01T14:00:00Z,899.9999893159719,64.41273319190951,3223.746526747618,25.991776905046873,3.2559398035387e-05,3.2495680621373815e-05,1.3212063131321514e-05,4.074633585672168e-06,0.0011378455948228333,5.793393734275534e-06,0.003986962359602437,3.8200977167701095e-06,0.9999999860027302,260.33,137.32422169813555,0.0556,23.38,662.11,899.9999867233267,64.41273320506804,3207.631777256142,25.35042357893007,-123.00462546172893,0.00399104728518682,529.6880079050233,-4.084925584382261e-06,2.576609971604856e-07,2.445024653868688e-07
17,2023-06-01T15:00:00Z,899.9999867233267,64.41273320506804,3207.631777256142,25.35042357893007,3.3041478163382205e-05,2.6870662706354923e-05,6.7575605520642326e-06,6.076783787200277e-06,2.2827548163211288e-05,4.185361835070917e-06,8.41087449786387e-05,4.123677072025246e-06,0.999999970174782,145.965,141.86663262738665,0.07199,23.45,373.78,899.9999904528721,64.41273297221015,3191.593698354929,24.460877546187277,-4.098333508111148,8.829367543899991e-05,299.0240083086075,-4.184930460361211e-06,1.3178560932618516e-07,3.646434915811748e-07
18,2023-06-01T16:00:00Z,899.9999904528721,64.41273297221015,3191.593698354929,24.460877546187277,1.873776030152238e-05,4.465987895127021e-05,3.6835792037966534e-06,2.9977697562308813e-05,8.281445718925038e-06,2.8061428593460386e-06,4.1242542063818605e-05,1.4728875909013515e-05,0.8732651826590967,86.425,166.92265446940007,0.0761,23.39,229.15,899.9999619204148,64.41273124520539,3175.63575637682,23.93506466124771,80.49761334075164,5.2747529740606377e-05,183.3200262338636,-1.1504987676787772e-05,7.183697817185193e-08,1.79884173791232e-06
19,2023-06-01T17:00:00Z,899.9999619204148,64.41273124520539,3175.63575637682,23.93506466124771,1.2673199891536864e-05,123.78446092657936,3.112785016665369e-06,0.004367449306719646,3.947039325286685e-06,2.2946790021594443e-06,0.0030574626287058967,1.4728217486846664e-05,0.1499436924829575,47.74499999999995,183.1589150448927,0.08794,22.97,135.43,771.0578272881664,64.41246923274505,3159.7606203293476,23.534534778867616,11.625108696709908,0.0030733008845543934,108.34403056647334,-1.5838255848496692e-05,6.070537836281098e-08,0.00026207316571975073
20,2023-06-01T18:00:00Z,771.0578272881664,64.41246923274505,3159.7606203293476,23.534534778867616,1.1470063208236451e-05,499.9998156209775,3.036038331629948e-06,199.9998075542233,3.884121669315018e-06,2.2761890344822008e-06,139.99986520738892,1.457974842936531e-05,0.7881189013623024,11.00999999999995,199.41076741991364,0.1142,21.89,41.62,250.22469702757553,52.41128071984311,3283.9616678553416,21.831708064654144,-511.59883508887486,139.9998811358093,33.2960305081688,-1.592842036757247e-05,5.920866833361736e-08,12.00118857211061
21,2023-06-01T19:00:00Z,250.22469702757553,52.41128071984311,3283.9616678553416,21.831708064654144,1.2581493797432858e-05,144.20367877216822,3.0590847271680694e-06,58.77124972335758,3.861520166827328e-06,2.2593128848612363e-06,41.13987477090776,1.4566216662915325e-05,0.9880301434718322,1.555,204.42612960152388,0.10343,20.12,12.67,100.01254371813434,48.884653133335156,3308.681719720756,19.985043122377068,-0.10377713259037336,41.13989055839064,10.136030353699542,-1.5787482880114112e-05,5.96581179915765e-08,3.5266276461660713
22,2023-06-01T20:00:00Z,100.01254371813434,48.884653133335156,3308.681719720756,19.985043122377068,1.2830602216925032e-05,0.009456038493204342,3.040913566231433e-06,119.33742568493884,3.868899787842347e-06,2.2558227285361133e-06,83.53619806499768,1.4431260996026115e-05,0.9992858948563812,0.0,120.0,0.09541,18.45,0.0,100.00270599541537,41.72369155537884,3375.6744947558886,18.26219520271782,0.6531402728062545,83.53621375387094,3.0120134257891523e-05,-1.568887326186541e-05,5.930374491600455e-08,7.160961637260057
23,2023-06-01T21:00:00Z,100.00270599541537,41.72369155537884,3375.6744947558886,18.26219520271782,1.593481263368219e-05,6.326412273751486e-05,3.1966110220655968e-06,0.00014951343063428573,4.727288814859047e-06,2.391101484792283e-06,0.00010984022127687878,1.4524660805871848e-05,0.9999543553319169,0.0,120.0,0.08653,17.36,0.0,100.00265539270765,41.72368264601598,3358.7962175976695,17.12075665515264,119.99981347226058,0.00012357210276595104,2.82565422949441e-05,-1.3731881489072254e-05,6.234014894517366e-08,8.97170300835798e-06
24,2023-06-01T22:00:00Z,100.00265539270765,41.72368264601598,3358.7962175976695,17.12075665515264,1.9899078509094225e-05,3.545591737566724e-05,3.339157504223591e-06,7.049415354208133e-05,6.163746487069446e-06,2.5435841566134863e-06,6.059716856556973e-05,1.5040610042345776e-05,0.9999968081377013,0.0,120.0,0.08359,16.57,0.0,100.00263756257574,41.72367848106384,3342.00228206624,16.302145748034572,119.99992599549574,7.343716849924735e-05,2.7880609976023393e-05,-1.2839999933677617e-05,6.51200833406941e-08,4.230072219746855e-06
25,2023-06-01T23:00:00Z,100.00263756257574,41.72367848106384,3342.00228206624,16.302145748034572,3.0391910315801998e-05,2.20055777631869e-05,3.5584038695328863e-06,4.539274983983153e-05,1.0604697843055542e-05,2.7958787586315075e-06,3.279859833728505e-05,75.10529269354684,1.7335623582881086e-06,0.0,120.0,0.0794,15.96,0.0,100.00264381633282,41.723675826622284,3250.1870107609598,16.000000371993938,119.9999799525632,7.165928730962166e-05,75.10533155423582,-3.886068897233661e-05,6.939581503739503e-08,2.7238373741273047e-06
26,2023-06-02T00:00:00Z,100.00264381633282,41.723675826622284,3250.1870107609598,16.000000371993938,2.9702179338639494e-05,2.2443993114749642e-05,3.5548052865687442e-06,4.637044559224289e-05,1.0603156871171763e-05,2.7945351202381217e-06,3.2998923207357646e-05,100.2999873390324,1.187163444348739e-07,0.0,120.0,0.0795,15.42,0.0,100.00264895126548,41.723673113442935,3133.636121367046,16.000000369955146,119.9999778402379,7.233695073270694e-05,100.30002667705992,-3.933802752534929e-05,6.932563565165567e-08,2.7825049860331767e-06
27,2023-06-02T01:00:00Z,100.00264895126548,41.723673113442935,3133.636121367046,16.000000369955146,4.557784886480693e-05,1.773449646049413e-05,3.714659416459264e-06,3.070790432497413e-05,1.2788464912070827e-05,2.9105831120304905e-06,3.160125609188795e-05,119.19998914788775,6.133937365543083e-08,0.0,120.0,0.07662,14.88,0.0,100.00267423256658,41.723671343227515,2998.767983213579,16.000000369862274,120.0000165491555,6.913663750063997e-05,119.20002668326916,-3.7535381408752026e-05,7.244310293124878e-08,1.842658525350983e-06
28,2023-06-02T02:00:00Z,100.00267423256658,41.723671343227515,2998.767983213579,16.000000369862274,2.7036263734175693e-05,2.421249296848092e-05,3.51443341724877e-06,5.214829001898994e-05,1.0017637064457828e-05,2.7614098267702513e-06,3.367505770103259e-05,137.74998596366714,4.1472530209466086e-08,0.0,120.0,0.0800999999999999,14.35,0.0,100.00267496603291,41.7236682825555,2846.0241910089017,16.000000369088905,119.99996696896105,7.429932846739791e-05,137.7500265879379,-4.062427076636532e-05,6.85383054668977e-08,3.1292103221716135e-06
29,2023-06-02T03:00:00Z,100.00267496603291,41.7236682825555,2846.0241910089017,16.000000369088905,1.3516723139959474e-05,0.00021950870461232008,3.089478654801986e-06,74.62591174590794,4.482881044559172e-06,2.3269468334232175e-06,0.00021025698325461052,108.61208051241569,2.9469164438048207e-08,0.0,120.0,0.08874,13.69,0.0,100.00245928718648,37.24566583780138,2723.182199798425,16.000000367986715,45.3738921614171,52.23815621589657,160.85002647132902,-52.23794595891332,6.025085885452419e-08,4.478002505004977
30,2023-06-02T04:00:00Z,100.00245928718648,37.24566583780138,2723.182199798425,16.000000367986715,1.3428697285769744e-05,0.00022758801020864738,3.0569566384356233e-06,192.12209545110886,4.507989202921707e-06,2.3229590201335894e-06,0.00022926151132563824,28.862769755957355,2.2864371559102978e-08,5.3,197.37845825448204,0.1015,13.06,24.44,100.0022351078919,25.717187322493974,2680.7037483049867,16.000000351224806,-0.0438414680348842,134.48548489346783,182.90002538791384,-134.4852556319565,5.961661611110577e-08,11.528478574924025
31,2023-06-02T05:00:00Z,100.0022351078919,25.717187322493974,2680.7037483049867,16.000000351224806,1.2734184752347573e-05,0.0008154679069847868,3.005872396633834e-06,176.79060130739376,4.17264798628406e-06,2.263067482450173e-06,15.105648490229095,0.0002301793672570633,3.1360504840863423e-08,14.62,191.23614855832028,0.10334,13.76,62.19,100.00139788697282,15.108690452977909,2682.4056478743237,16.00000022776169,-0.17524604120785625,123.75343775988038,158.40001944901854,-108.64778926965128,5.862037377173694e-08,10.60849692813644
32,2023-06-02T06:00:00Z,100.00139788697282,15.108690452977909,2682.4056478743237,16.00000022776169,1.2483727942718767e-05,0.001341447092268809,2.9929742368654306e-06,73.92635903470958,4.169182814316794e-06,2.240066576697345e-06,51.74845427111631,1.2830550635674473e-05,0.9985021270582805,86.375,160.71171679673222,0.0959,16.71,249.79,100.00001253063054,10.672665366749708,2720.742061075518,17.12106257461947,0.40903820088192333,51.74846813410247,199.8320266935368,-1.3862986158130752e-05,5.836883450232614e-08,4.436025144597035
33,2023-06-02T07:00:00Z,100.00001253063054,10.672665366749708,2720.742061075518,17.12106257461947,3.276098467896951e-05,2.245827161191786e-05,4.823024877088344e-06,8.826679596422909e-06,1.7851119360198804e-05,3.4019410241515212e-06,6.091502002361965e-05,1.2615245319027606e-05,0.9999501110116269,176.195,136.2710190626802,0.08437,18.53,454.24,100.00002058714291,10.672664931154358,2707.138399069915,19.523025676506574,-39.92395338520103,7.202551509210185e-05,363.3920237257404,-1.1110495068482202e-05,9.405839094231695e-08,5.296537411594905e-07
34,2023-06-02T08:00:00Z,100.00002058714291,10.672664931154358,2707.138399069915,19.523025676506574,4.3432569009963035e-05,2.0419582216559227e-05,6.456095759574095e-06,5.749597110128268e-06,3.458728645094853e-05,4.045949207070579e-06,0.00011727988504147873,1.2200494867390793e-05,0.9999976190408447,253.72499999999997,136.2710190626802,0.07209,20.37,656.57,100.00004101201102,10.672664712050489,2693.6028121539557,22.041445686758266,-117.45391858459867,0.00012908571027040952,525.2560240063201,-1.180582522893079e-05,1.259064579574906e-07,3.4501032764046015e-07
35,2023-06-02T09:00:00Z,100.00004101201102,10.672664712050489,2693.6028121539557,22.041445686758266,0.0001500733624904183,1.5278164125661753e-05,8.435371032559294e-06,4.532472623392318e-06,0.00011168245551889851,4.626787883181931e-06,0.00038818877522142924,1.0040096989144028e-05,0.9999998551595376,301.465,136.2710190626802,0.06315,21.78,789.6,100.00016916768472,10.67266460458112,2680.135176241864,23.95769460085064,-165.1937259299796,0.0003986418451568695,631.680020493167,-1.0453069935440254e-05,1.6450618575348159e-07,2.71975554959035e-07
36,2023-06-02T10:00:00Z,100.00016916768472,10.67266460458112,2680.135176241864,23.95769460085064,211.7761415756855,1.3109233248368248e-05,8.991500287906042e-06,4.200912556925438e-06,0.0004555173875746829,4.717049658502694e-06,0.00159837615158423,3.2946784667060113e-06,0.9999999909592682,348.9,136.2710190626802,0.05606,22.8,925.8,303.3052514248915,10.67266452785295,2666.7360954421274,25.47658103920758,-0.8523874458425361,0.0016019213744631557,740.6400068399012,-3.5452228789255823e-06,1.7535179079324715e-07,2.5207996141166747e-07
37,2023-06-02T11:00:00Z,303.3052514248915,10.67266452785295,2666.7360954421274,25.47658103920758,243.51083553877794,1.2616175354648664e-05,8.582682862773407e-06,4.1356081308439255e-06,0.0006591042511506263,4.559057204679442e-06,0.002310849050950466,3.1730013744395072e-06,0.9999999922428224,379.31,136.2710190626802,0.04261,23.42,1006.42,537.075640400269,10.6726644470707,2653.404722640966,26.421881887575005,0.47251009566590185,0.0023142732713514157,805.1360065972217,-3.4242204009497963e-06,1.6737905372945438e-07,2.4816130398103365e-07
38,2023-06-02T12:00:00Z,537.075640400269,10.6726644470707,2653.404722640966,26.421881887575005,243.5554824253547,1.3050610113013291e-05,1.596883726066663e-05,3.2026710021633824e-06,0.001591800063680309,5.5580563741682094e-06,0.00557552909226813,3.2565046653165463e-06,0.9999999925731041,379.91,136.2710190626802,0.03682,23.59,995.5,770.8888899342239,10.67266456631469,2640.143271300349,26.62086990461935,-0.08190143828887872,0.005579044568393023,796.4000067719808,-3.515476124892926e-06,3.1142346892989236e-07,1.9217947807761072e-07
39,2023-06-02T13:00:00Z,770.8888899342239,10.67266456631469,2640.143271300349,26.62086990461935,134.49072943913566,1.3103418964901717e-05,2.0855762942969905e-05,2.9411527947776694e-06,17.994479415436714,5.812558785756171e-06,62.98068228297621,3.2176336163977263e-06,0.9999999921905982,354.595,136.2710190626802,0.0448999999999999,23.22,912.57,899.9999765463995,10.672664796555924,2689.9232340091903,26.03787935159356,-65.83876145899742,62.98068576726865,730.0560067019261,-3.484292442124115e-06,4.0672805019293246e-07,1.76486816368297e-07
40,2023-06-02T14:00:00Z,899.9999765463995,10.672664796555924,2689.9232340091903,26.03787935159356,3.398447945001676e-05,2.0208366489302702e-05,7.5205541670500545e-06,3.945933226343968e-06,8.406968734889746e-06,3.7211741040780834e-06,3.21126437169445e-05,3.957588330039682e-06,0.9999999911738761,333.915,136.2710190626802,0.05827,22.59,847.85,899.999988121118,10.672664706441726,2676.4736459941996,25.2093257283284,-197.6439514584431,3.587050619359219e-05,678.2800077154508,-3.7578624766476887e-06,1.4666547280475654e-07,2.3677967154779286e-07
41,2023-06-02T15:00:00Z,899.999988121118,10.672664706441726,2676.4736459941996,25.2093257283284,2.0300097016646004e-05,2.3836637664838355e-05,4.097436614575914e-06,6.998752612157088e-06,6.588988088781617e-06,2.7031692815026375e-06,1.8069391866981805e-05,3.265593418659245e-05,0.8544203932174907,217.84,136.2710190626802,0.07662,21.84,546.63,899.9999827793803,10.672664366382577,2663.091263177686,23.72559990828491,-81.56897808301906,3.0636722727933235e-05,437.30404522326506,-1.256733086095143e-05,7.99080047847088e-08,4.1996715344476976e-07
42,2023-06-02T16:00:00Z,899.9999827793803,10.672664366382577,2663.091263177686,23.72559990828491,2.347472386524603e-05,1.82989500818357e-05,3.3262118409039305e-06,1.0737502991017127e-05,5.2258968927557e-06,2.3272142539478475e-06,1.6377368067323872e-05,3.2448575462515325e-05,0.2411158820954642,166.16,136.2710190626802,0.0852,20.96,423.39,899.9999862537089,10.672663786935583,2649.7757907905902,23.99997039388111,-29.88897561972601,2.8110833329765307e-05,338.7120441820407,-1.1733465262441435e-05,6.486761765939258e-08,6.443146109221198e-07
43,2023-06-02T17:00:00Z,899.9999862537089,10.672663786935583,2649.7757907905902,23.99997039388111,9.375595183601568e-06,84.3811957624008,2.2703370312210268e-06,0.00046309562254525413,1.8645735274572344e-06,1.5307258305657057e-06,0.00029469524792088297,3.423936555473385e-05,9.333531666820038e-07,80.58,164.69323516137,0.0987,19.92,225.32,812.1029163351128,10.672636042695379,2636.5271722925195,23.2379970552667,-0.26840865542176123,0.00033220836170003826,180.25607175247933,-3.751311377915529e-05,4.4275999708780906e-08,2.7788516204335684e-05
44,2023-06-02T18:00:00Z,812.1029163351128,10.672636042695379,2636.5271722925195,23.2379970552667,9.174893365860317e-06,177.86484006974547,2.257272717868565e-06,0.00044774423191807554,1.9832577365785812e-06,1.5411549950060606e-06,0.0002917763738798225,2.787447881895633e-05,7.446322602584638e-07,18.75,191.35167279366533,0.1077399999999999,18.67,61.48,626.827050070359,10.67260921937595,2623.344800332952,19.822546119277575,-5.263600063733248,0.00032188810786573386,49.1840579862128,-3.0111733985911367e-05,4.402122012044906e-08,2.6867340649149448e-05
45,2023-06-02T19:00:00Z,626.827050070359,10.67260921937595,2623.344800332952,19.822546119277575,9.06562621794776e-06,193.58202158069517,2.2371682055136227e-06,0.0004605962472484196,2.0033714322891253e-06,1.5319919871997701e-06,0.00029170692433711323,3.557381715583016e-05,7.166435445839408e-06,4.595,197.67296369951657,0.10109,16.74,22.63,425.1791196268027,10.672581624466403,2610.2283324643945,16.781618972759723,-0.504503639267992,0.0003309458451542334,18.104074812737974,-3.923892081712018e-05,4.362914292180783e-08,2.7638538688774057e-05
46,2023-06-02T20:00:00Z,425.1791196268027,10.672581624466403,2610.2283324643945,16.781618972759723,9.088711413600957e-06,119.75474290735723,2.2244900562953926e-06,0.006805725691981424,2.035185016421828e-06,1.5308174420738496e-06,0.00014715231036934107,86.81170245263436,1.6744604725861516e-07,0.0,120.0,0.09256,15.34,0.0,300.4346044901352,10.672173283468341,2510.3656355017483,16.000000616893622,0.2384662461547237,0.004772646641212126,86.8163279469652,-0.004625494330842785,4.338189428718888e-08,0.00040838437995688114
47,2023-06-02T21:00:00Z,300.4346044901352,10.672173283468341,2510.3656355017483,16.000000616893622,9.053187884494175e-06,118.48704666667592,2.215366354849949e-06,0.013444742635319114,2.0284683921109904e-06,1.5244036358859517e-06,0.0001416048368412111,133.54076483157763,7.146214887611543e-08,0.0,120.0,0.08506,14.47,0.0,177.01060623674147,10.671366561437663,2364.2731840974984,16.00000061146105,1.4995234121150063,0.009419928643695294,133.5500431553845,-0.009278323806854083,4.320396431600561e-08,0.0008067652346426112
48,2023-06-02T22:00:00Z,177.01060623674147,10.671366561437663,2364.2731840974984,16.00000061146105,9.071130496644298e-06,73.92970654887121,2.201881069304294e-06,44.517346743790185,2.024025213655822e-06,1.519808045283854e-06,0.0001447430604030194,124.78803623885415,4.99272396661454e-08,0.0,120.0,0.08495,13.83,0.0,100.00050395661921,8.000058668957685,2227.663926681217,16.000000606725177,1.5529615241834307,31.162151309351337,155.95004280514507,-31.162006566290934,4.294097494892863e-08,2.6713079354209532
49,2023-06-02T23:00:00Z,100.00050395661921,8.000058668957685,2227.663926681217,16.000000606725177,1.0547391179343904e-05,7.201405656095878e-05,2.285695682902697e-06,0.00016702863680693515,2.3335256772565676e-06,1.6073221897923821e-06,4.7443329571518825e-05,170.29996322330777,4.163474583050739e-08,0.0,120.0,0.0803,13.42,0.0,100.0004390674725,8.000048690812728,2046.225691267833,16.000000602063047,119.99977773124137,0.00012667863460314705,170.3000424586128,-7.923530503162822e-05,4.45755233689395e-08,1.0022720480464155e-05
50,2023-06-03T00:00:00Z,100.0004390674725,8.000048690812728,2046.225691267833,16.000000602063047,1.2176718008958635e-05,3.529544853872423e-05,2.359210965414488e-06,8.643990474589568e-05,2.672836243351057e-06,1.6774063635697867e-06,3.1006392761029525e-05,183.25000153291037,3.606125981146395e-08,0.0,120.0,0.07779,13.05,0.0,100.00041399102956,8.000043549908966,1852.7445922849765,16.000000596719566,119.99989715081828,7.152349247378976e-05,183.25004205001008,-4.051709971276024e-05,4.6009214747057226e-08,5.186912976051346e-06
51,2023-06-03T01:00:00Z,100.00041399102956,8.000043549908966,1852.7445922849765,16.000000596719566,1.4384716670340267e-05,2.5134573459069097e-05,2.4410371001131055e-06,5.510079396351566e-05,3.1228839402354967e-06,1.7624337797222162e-06,2.306161761431203e-05,195.85001348050298,3.183151250895151e-08,0.0,120.0,0.0752,12.69,0.0,100.00040161851022,8.000040291135674,1647.6308789046661,16.000000591466332,119.99994147570406,5.1245459007210185e-05,195.85004166434436,-2.8183841392898155e-05,4.7604983950600625e-08,3.3063782756385035e-06
52,2023-06-03T02:00:00Z,100.00040161851022,8.000040291135674,1647.6308789046661,16.000000591466332,8.849540755836816e-06,0.00013405451086583386,2.2428086021828473e-06,0.00018711630963394324,2.685936349140739e-06,1.4625646428490167e-06,6.00188921158215e-05,201.4499595482868,3.01256911447209e-08,0.0,120.0,0.0803499999999999,12.53,0.0,100.00027047395386,8.000029106773427,1437.9428249807481,16.00000058700614,119.99969407002986,0.00014183013296217338,201.45004135952766,-8.181124084635189e-05,4.37391416567312e-08,1.1228101388175413e-05
53,2023-06-03T03:00:00Z,100.00027047395386,8.000029106773427,1437.9428249807481,16.00000058700614,1.0325239840713364e-05,8.516333113983117e-05,2.2953017267566503e-06,0.00011532621593580805,3.514789516465183e-06,1.5058393708379258e-06,4.186568519452103e-05,207.39998823108112,2.8409626790616176e-08,0.0,120.0,0.07851,12.36,0.0,100.00019167438083,8.000022231271304,1223.3531644904485,16.00000058089626,119.99981715162338,9.452089543982332e-05,207.40004088629138,-5.265521024530229e-05,4.476285995775046e-08,6.9202649826467485e-06
54,2023-06-03T04:00:00Z,100.00019167438083,8.000022231271304,1223.3531644904485,16.00000058089626,1.2602389264261923e-05,9.0588438656459e-05,2.31113874915957e-06,0.00011138843794268513,2.877048559500986e-06,1.5011620171301656e-06,3.9812311759427496e-05,207.9759907771921,2.722921952875216e-08,0.0,195.55179993659635,0.07764,12.24,4.53,100.0001094097176,8.000015592368342,1009.260447703116,16.000000575251995,195.55161725145834,8.95277269150919e-05,211.60004049260723,-4.97154151556644e-05,4.507171277988961e-08,6.68397467402851e-06
55,2023-06-03T05:00:00Z,100.0001094097176,8.000015592368342,1009.260447703116,16.000000575251995,1.5395987194486846e-05,5.902125794739394e-05,2.42756667172752e-06,6.027118448008394e-05,3.084505459512651e-06,1.7059475934667658e-06,2.486780548162589e-05,175.98601023258144,3.259546930887537e-08,2.62,193.79059685817043,0.07363,12.89,16.08,100.00006270938827,8.000012023077895,828.2281600998244,16.000000568644058,191.17050017973492,5.467448636188513e-05,188.85004003926232,-2.980668088025924e-05,4.734228432711936e-08,3.616632732078244e-06
56,2023-06-03T06:00:00Z,100.00006270938827,8.000012023077895,828.2281600998244,16.000000568644058,1.076306038524244e-05,6.492284326836083e-05,2.543239303599475e-06,3.7312634643711625e-05,3.853399315586486e-06,1.869063043517494e-06,1.925143969967559e-05,26.580005305077115,5.647505653399093e-08,53.64,174.18558562066224,0.07,14.22,144.65,100.0000054139645,8.000009833694044,797.5070332456879,16.000000344800817,120.54550241394637,4.145611426823316e-05,142.3000275097517,-2.2204674568557567e-05,4.9598126232813046e-08,2.2389819768203797e-06
57,2023-06-03T07:00:00Z,100.0000054139645,8.000009833694044,797.5070332456879,16.000000344800817,2.2211919114556888e-05,1.9838106438611e-05,5.6523791882797654e-06,4.142683032721459e-06,9.955112327434843e-06,3.1934477564822305e-06,2.8295998800157357e-05,1.9597584758789085e-05,0.26116871302443884,152.645,138.4445995122423,0.0599699999999999,15.2,379.04,100.00000607271265,8.000009695340621,793.5195067778735,17.419905590792805,-14.200383455688801,4.090428454784438e-05,303.2320322058706,-1.2608285747687023e-05,1.1023241741319675e-07,2.485858405473423e-07
58,2023-06-03T08:00:00Z,100.00000607271265,8.000009695340621,793.5195067778735,17.419905590792805,4.388080661272816e-05,1.6319720082672256e-05,112.98130132913293,2.1512919385717665e-06,4.2474158931153245e-05,6.227168689956927e-06,0.00013749947317076282,1.890915478143944e-05,0.4509085678297034,248.995,135.24851150152307,0.02736,16.32,609.55,100.00003119857858,10.203365277739437,789.5520278343026,19.268701155746186,-0.7651130582217949,0.00015633035761909394,487.64003774003913,-1.8830884448331123e-05,2.203355711489241,1.2909042535684167e-07
59,2023-06-03T09:00:00Z,100.00003119857858,10.203365277739437,789.5520278343026,19.268701155746186,2.6346255793084954e-05,2.3563560458870697e-05,249.99993103749233,2.0237746111927816e-06,6.04608499546712e-05,6.658451484586731e-06,0.0002003649320241364,1.8472786991928235e-05,0.5775498533207515,333.965,135.24851150152307,0.005,17.34,827.45,100.00003194560867,15.078851360152303,785.6044495872761,20.970963669385768,51.28351041723761,0.00021962148403892502,661.9600377293391,-1.925655201478861e-05,4.875486203851486,1.2143862053362028e-07
60,2023-06-03T10:00:00Z,100.00003194560867,15.078851360152303,785.6044495872761,20.970963669385768,2.7643915387883355e-05,2.3889302616614087e-05,249.99997905271056,1.8723022373830516e-06,117.22858687990099,8.2564360634948e-06,410.3000424646913,1.721062962372242e-05,0.624843803876487,333.305,135.24851150152307,-1e-05,18.02,829.91,100.00003359907723,19.954338388044814,1191.9764525934013,21.589684583969294,169.17208757288117,410.3000635641368,663.9280383100751,-2.109944551875742e-05,4.87548714024188,1.1234936917990109e-07
61,2023-06-03T11:00:00Z,100.00003359907723,19.954338388044814,1191.9764525934013,21.589684583969294,333.3362677103508,1.1908462584349906e-05,249.99999103107066,1.6756798220423326e-06,174.9999852107525,1.8727005423820158e-05,612.4999471546716,1.6478094571093714e-05,0.6610263541171452,359.01,135.24851150152307,-0.01,18.27,899.39,420.0028381963654,24.82982566133723,1798.5165010070114,22.038758739467816,534.5747605965599,612.499967950345,719.5120372737679,-2.079567332202714e-05,4.875487373843263,1.0055084440698066e-07
62,2023-06-03T12:00:00Z,420.0028381963654,24.82982566133723,1798.5165010070114,22.038758739467816,499.99700010193703,1.1124255934158697e-05,249.99999128703263,1.6039889280031983e-06,174.99998576789568,1.7432039502578426e-05,612.4999487928706,1.5623492709108924e-05,0.5600538283708933,248.06999999999996,135.24851150152307,-0.01005,18.11,613.87,899.9999467064583,29.70531294392329,2402.0238516713544,21.046922886888538,812.175493362183,612.4999685681463,491.09603539876844,-1.9775275745814724e-05,4.87548737883502,9.624896057624953e-08
63,2023-06-03T13:00:00Z,899.9999467064583,29.70531294392329,2402.0238516713544,21.046922886888538,4.4002629583620436e-05,1.9039647004524045e-05,249.9999857650426,1.688753787975295e-06,174.99989085617486,9.007117061407228e-06,612.4996068916295,1.642690485800338e-05,0.5312748284616963,262.235,135.24851150152307,-0.0038,17.73,647.92,899.999969116017,34.580800113733375,3002.5133228777217,20.86063065517271,298.0134204040864,612.4996280957855,518.3360376310608,-2.120415604167647e-05,4.875487271145445,1.0133536081459917e-07
64,2023-06-03T14:00:00Z,899.999969116017,34.580800113733375,3002.5133228777217,20.86063065517271,4.0901247156365924e-05,1.4643379948188128e-05,249.9999722202297,1.7910159310511004e-06,1.9917392391406303e-05,6.574645658010672e-06,5.201755440996391e-05,3.5987759321750604e-05,0.3174712417486292,293.435,135.24851150152307,1e-05,17.59,722.79,899.9999931276935,39.45628701325685,2987.500772293128,22.336347760549035,91.81353468064209,7.74734837230884e-05,578.2320614436886,-2.5455929313124486e-05,4.875487006995178,1.0747170303336937e-07
65,2023-06-03T15:00:00Z,899.9999931276935,39.45628701325685,2987.500772293128,22.336347760549035,2.2344780783967887e-05,1.680994137441441e-05,8.340751549984016e-06,2.727113525591911e-06,8.964222219482566e-06,3.459657011469847e-06,2.1590569460758827e-05,3.5830968055246195e-05,0.02317481890657144,193.855,135.24851150152307,0.04566,17.29,475.76,899.9999970683275,39.45628701227459,2972.5632541912637,23.999967293958562,-58.60646492612025,3.6708817677458465e-05,380.60805094921625,-1.5118248216699639e-05,1.6266092131682003e-07,1.6364317585309996e-07
66,2023-06-03T16:00:00Z,899.9999970683275,39.45628701227459,2972.5632541912637,23.999967293958562,7.466833806190075e-06,76.10422319579887,1.8776628209129896e-06,0.0005828284460156181,1.3466208271380295e-06,1.2171174281904694e-06,0.00019143925184293361,0.00014560704480356382,2.9955212029807257e-06,85.45,162.75987595257098,0.075,16.78,219.58,820.7247717408641,39.456252075688596,2957.700483752514,21.18736202186299,1.2050818365609481,0.0004138980313598243,175.66436806582433,-0.00022245877951689068,3.661808681648495e-08,3.497320408134522e-05
67,2023-06-03T17:00:00Z,820.7247717408641,39.456252075688596,2957.700483752514,21.18736202186299,7.4511510644857635e-06,120.84845074428749,1.883624566322949e-06,0.0006185855525740869,1.3518083469317268e-06,1.2215683987888405e-06,0.00018779251197511995,0.00016056453502969639,1.9847926071150004e-06,53.245,174.18558562066224,0.08348,16.23,144.65,694.8409760353363,39.45621499357791,2942.9120085617283,18.719512816920787,0.091528198974571,0.00043895056873092283,115.7204117225918,-0.0002511580567558029,3.673435247854536e-08,3.7118845038949113e-05
68,2023-06-03T18:00:00Z,694.8409760353363,39.45621499357791,2942.9120085617283,18.719512816920787,7.39432993474315e-06,174.3896954900418,1.8808751836628072e-06,0.0007636041534649079,1.3528442757774384e-06,1.2204512719463164e-06,0.00017368601193806262,0.00021985548579944137,3.0479787841933226e-06,13.799999999999999,187.0324565606954,0.09408,15.58,60.4,513.1850503317662,39.45616920942735,2928.197402349446,16.184060932927483,-1.1579906849991939,0.0005404661091498833,48.32058663558301,-0.0003667800972118207,3.668073415484023e-08,4.582083129102358e-05
69,2023-06-03T19:00:00Z,513.1850503317662,39.45616920942735,2928.197402349446,16.184060932927483,7.3772642326529425e-06,191.30854228408643,1.8981229581908335e-06,0.01156572389206404,1.5300320741425023e-06,1.2639212455114222e-06,0.00011537589069773956,101.22750040654121,1.5502318059126673e-07,3.2,193.48257692583968,0.09368,14.87,18.1,313.90532586801646,39.45547523360964,2812.329030307048,16.000000991841592,-1.0375190127983012,0.008102613118737383,115.71548764376925,-0.007987237228039642,3.701709939466072e-08,0.0006940128348073232
70,2023-06-03T20:00:00Z,313.90532586801646,39.45547523360964,2812.329030307048,16.000000991841592,7.454325604037731e-06,120.11215905124381,1.8927968507161487e-06,0.022956630620941217,1.5237150817868353e-06,1.2593645300607116e-06,0.00011193120004149118,141.5841055733006,9.960589906806246e-08,0.0,120.0,0.08723,14.24,0.0,188.78850067912344,39.454097734932056,2656.683391513412,16.000000993409778,-0.13510355166269705,0.016076221208329865,141.6000698633089,-0.015964290008288376,3.6913229911956095e-08,0.0013775355908155547
71,2023-06-03T21:00:00Z,188.78850067912344,39.454097734932056,2656.683391513412,16.000000993409778,7.496163767058537e-06,85.20445222287213,1.8714750590434647e-06,34.217958200742856,1.5056820163997117e-06,1.2458349051356694e-06,0.00011553721467993388,127.79760860450236,8.59512897714512e-08,0.0,120.0,0.08117,13.95,0.0,100.0338701432822,37.400814951102866,2515.6024814885573,16.000000998813054,0.5776016955407641,23.95257724378361,151.75007031107128,-23.952461706568933,3.649741339268683e-08,2.0532828203266043
72,2023-06-03T22:00:00Z,100.0338701432822,37.400814951102866,2515.6024814885573,16.000000998813054,7.4902539276697154e-06,0.032292775225376255,1.8049288425552704e-06,118.66051260033979,1.4525229738858587e-06,1.2026870057507635e-06,0.00012265309656906662,78.83782783822359,7.53503766453086e-08,0.0,120.0,0.08112,13.66,0.0,100.00023902639954,30.280472196003082,2424.1867638959875,16.00000099984124,1.307206574827589,83.06236509472839,161.9000702798554,-83.06224244163182,3.519963239306708e-08,7.120342790299418
73,2023-06-03T23:00:00Z,100.00023902639954,30.280472196003082,2424.1867638959875,16.00000099984124,9.082643097521024e-06,4.394752613340991e-05,1.9208493338388015e-06,8.44596823232193e-05,1.771315980684454e-06,1.3037446778968648e-06,2.830443619509119e-05,167.15003133875564,7.032777917682674e-08,0.0,120.0,0.0749,13.51,0.0,100.00020196706386,30.28046716537564,2244.915827042188,16.000000993191428,119.99988567134463,6.6612090789767e-05,167.15006964641023,-3.830765459467581e-05,3.74603080406607e-08,5.068087748167975e-06
74,2023-06-04T00:00:00Z,100.00020196706386,30.28046716537564,2244.915827042188,16.000000993191428,1.0285573003421062e-05,2.8208551269892682e-05,1.9855770443252673e-06,5.169919642964262e-05,2.02050742597436e-06,1.369307562774724e-06,1.9955457554637626e-05,173.10004439629657,6.529539981195669e-08,0.0,120.0,0.07251,13.34,0.0,100.00018245730637,30.28046410183625,2060.5912234661378,16.000000985289365,119.99993575321733,4.4616827978807066e-05,173.10006905766699,-2.466137042416944e-05,3.8722624626805395e-08,3.1022620119797553e-06
75,2023-06-04T01:00:00Z,100.00018245730637,30.28046410183625,2060.5912234661378,16.000000985289365,1.0414122313534122e-05,2.7412252412311512e-05,2.0086850210338603e-06,4.488693604373928e-05,2.12086796986225e-06,1.3926875760229826e-06,1.8163124004722203e-05,177.3000465567883,6.204973132864085e-08,0.0,120.0,0.07161,13.22,0.0,100.0001639004342,30.280461447524015,1872.9882389551426,16.000000978689858,119.99994363717444,4.022265382539812e-05,177.3000686163181,-2.205952982067592e-05,3.917327523768405e-08,2.6934855111754745e-06
76,2023-06-04T02:00:00Z,100.0001639004342,30.280461447524015,1872.9882389551426,16.000000978689858,8.868619120740446e-06,5.094274687469871e-05,1.963499322129325e-06,5.768519095765988e-05,1.9498526939690175e-06,1.3488852728232333e-06,2.1474496782012653e-05,183.60004123900876,5.797449829504346e-08,0.0,120.0,0.073,13.04,0.0,100.00011934894724,30.280458024358477,1680.023277995855,16.000000973835537,119.99990550291857,4.853951451934848e-05,183.6000683040265,-2.7065017737335823e-05,3.829206598812065e-08,3.461457603219915e-06
77,2023-06-04T03:00:00Z,100.00011934894724,30.280458024358477,1680.023277995855,16.000000973835537,8.769509834815259e-06,5.6919290005486e-05,1.9942267531762217e-06,4.852983158329582e-05,2.0655920754934555e-06,1.378860375624968e-06,1.9093846705717747e-05,188.50004462529444,5.515856921926989e-08,0.0,120.0,0.07211,12.9,0.0,100.00006847674959,30.280455151168685,1483.1231360744282,16.000000970511472,119.99990875906744,4.256552614440288e-05,188.50006809697388,-2.347167943868513e-05,3.8891310818018125e-08,2.91208110310806e-06
78,2023-06-04T04:00:00Z,100.00006847674959,30.280455151168685,1483.1231360744282,16.000000970511472,9.644883130629053e-06,3.858169946249766e-05,2.1274961778126383e-06,2.503893826586414e-05,2.6820170475625544e-06,1.5038894501502204e-06,1.3165301492341961e-05,189.80405293926742,5.3105814957529295e-08,0.0,190.76890449791233,0.06897,12.78,3.62,100.00003754656711,30.280453690172465,1285.90348062009,16.00000097067403,190.7688568355604,2.840316700822255e-05,192.70006817713292,-1.523786551588059e-05,4.149032449979643e-08,1.502486544606309e-06
79,2023-06-04T05:00:00Z,100.00003754656711,30.280453690172465,1285.90348062009,16.00000097067403,1.0428437156553598e-05,3.383520876607216e-05,2.3318340834099444e-06,1.5179573997421434e-05,3.4528841652669916e-06,1.6605289974118745e-06,1.1420038464696259e-05,155.71205618218906,5.920643650432611e-08,8.369999999999951,186.56451472869634,0.06477,13.08,33.11,100.00001231285765,30.28045282478225,1123.761918454839,16.000000980824044,178.194483587598,2.4354720084067228e-05,182.20006911687068,-1.2934681619370969e-05,4.5475312157709695e-08,9.108655263979258e-07
80,2023-06-04T06:00:00Z,100.00001231285765,30.28045282478225,1123.761918454839,16.000000980824044,1.4939495520603484e-05,2.076586849876201e-05,3.2114273510243485e-06,5.998271152512978e-06,5.475358515549062e-06,2.1355361258819042e-06,1.1975052297230853e-05,108.81805775971793,7.072633662402232e-08,24.34,180.76476648143603,0.05081,13.49,73.79,100.00000502366034,30.280452527479085,1009.3250630778991,16.000001006398627,156.4247654791139,2.5476725375803885e-05,167.850071261391,-1.3501673078573032e-05,6.262909625460025e-08,3.599322623770164e-07
81,2023-06-04T07:00:00Z,100.00000502366034,30.280452527479085,1009.3250630778991,16.000001006398627,2.4164142965413987e-05,1.8586897586384574e-05,1.044812985772512e-05,2.5863728297158343e-06,1.1624909463493148e-05,3.798333799209624e-06,2.110890976945171e-05,42.444027006582395,8.026774373177153e-08,55.659999999999954,170.24595070752093,0.0219299999999999,13.7,147.57,100.00000885988594,30.280452576040105,961.834431864837,16.000000648342674,114.58597956976666,4.625799456424463e-05,160.5000521556672,-2.5149084794792918e-05,2.0375890811645152e-07,1.5519788957190725e-07
82,2023-06-04T08:00:00Z,100.00000885988594,30.280452576040105,961.834431864837,16.000000648342674,3.2975403815974605e-05,1.94241775719123e-05,249.99997683541335,1.7066853542392393e-06,1.8555891059911045e-05,6.311418291733789e-06,4.753743745387148e-05,3.8628479848111255e-05,0.12387869190070362,173.27,134.25700159110204,0.00511,14.26,419.17,100.0000202827553,35.155939570629,957.0252686144705,17.87728612907528,210.98701513836565,7.238860256647259e-05,335.33606347964496,-2.4851165112601105e-05,4.875487097000261,1.0241136239059342e-07
83,2023-06-04T09:00:00Z,100.0000202827553,35.155939570629,957.0252686144705,17.87728612907528,2.4312793222217003e-05,3.079005860562691e-05,249.99998616874598,1.6935222390983863e-06,2.59725132718799e-05,8.149115357866374e-06,6.95675272417228e-05,4.0663208438284184e-05,0.10730021472304334,94.33499999999995,157.400392273938,0.0,14.61,237.67,100.00001155005907,40.03142674802596,952.240171175717,16.91556020265122,313.06540439352506,0.00010015688622323624,190.1360712525674,-3.058935898151345e-05,4.875487279018449,1.0162149649555274e-07
84,2023-06-04T10:00:00Z,100.00001155005907,40.03142674802596,952.240171175717,16.91556020265122,3.1120842939685616e-05,3.2175427584547273e-05,249.9999934908846,1.5177929426625468e-06,80.8183876210788,2.2594068553284073e-05,282.8643230187855,3.921815700797899e-05,0.11011910731793133,98.85,155.9105356076678,-0.01443,14.51,248.12,100.00000790999789,44.906914078763705,1230.3432541204668,16.675657533964173,387.87893674132215,282.8643801043587,198.49609630373024,-5.708557318939711e-05,4.875487421814431,9.107668422817562e-08
85,2023-06-04T11:00:00Z,100.00000790999789,44.906914078763705,1230.3432541204668,16.675657533964173,499.99999569871954,3.4295934383423117e-06,249.99999810362957,9.704392389860358e-07,174.99999680975915,599.9999969160251,799.999942928742,3.501840617866081e-05,0.25835349826508436,131.39999999999998,145.25485261847814,-0.08154,13.97,322.86,580.0000002082755,49.78240153230348,2024.1914457602004,19.93401759106397,1538.8548357465788,1206.4999864603294,664.7880785499935,-406.5000435315874,4.875487511771954,5.8232177556917845e-08
86,2023-06-04T12:00:00Z,580.0000002082755,49.78240153230348,2024.1914457602004,19.93401759106397,333.33333719807024,2.0386118784803365e-05,249.99999620079313,1.4073893704468555e-06,174.99998685001518,599.9999869563712,799.9999414436983,3.687449266824733e-05,0.049984783204414476,99.01,155.9490295119638,-0.0402299999999999,14.15,247.85,899.9999826828825,54.65788892251461,2814.070393100605,23.952180792626987,1415.2723149237054,1206.4999420470333,604.7800374778277,-406.500000603335,4.875487474662933,8.445180740755208e-08
87,2023-06-04T13:00:00Z,899.9999826828825,54.65788892251461,2814.070393100605,23.952180792626987,4.9504770351529344e-05,3.7067274407713216e-05,249.99999425205883,1.6936030836874871e-06,145.88797547756744,490.46228308742207,799.9999391485684,3.866163526619342e-05,0.0005147398227660274,120.43999999999996,149.0015926366198,-0.025,13.96,296.58,899.9999915957178,59.533376257547076,3599.9999416220353,23.99999721246344,914.9118561975612,996.1655756135559,433.4296751266228,-196.16563646498753,4.875487436658814,1.0162634765601483e-07
88,2023-06-04T14:00:00Z,899.9999915957178,59.533376257547076,3599.9999416220353,23.99999721246344,3.990907827370286e-05,3.476282912941077e-05,249.99998099363935,2.3794806272740316e-06,5.142896095584286,1.2404351335270632e-05,18.000085749815746,4.970218499576987e-05,5.196151622871985e-08,95.155,157.400392273938,0.0,13.48,237.67,899.9999936971526,64.40886329285773,3599.9999779615555,19.377958116999597,317.38828453428147,18.00015028048926,190.13611423285852,-6.453067351586128e-05,4.875487178093778,1.427831159480367e-07
89,2023-06-04T15:00:00Z,899.9999936971526,64.40886329285773,3599.9999779615555,19.377958116999597,3.239964315235256e-05,3.0166146646517533e-05,1.0217948216814502e-05,4.616873439846088e-06,5.14287035320876,5.3181731295440675e-06,18.000022351802787,2.8157457058712873e-05,3.7739943220428966e-08,58.4,169.43615301714638,0.0345,13.02,153.25,899.9999933777406,64.40886321508754,3599.999972266093,16.15535816675579,116.17903652309954,18.000054733033465,122.60006053868773,-3.2381230678169004e-05,1.9926991721960478e-07,2.770401104018055e-07
90,2023-06-04T16:00:00Z,899.9999933777406,64.40886321508754,3599.999972266093,16.15535816675579,1.3199466143523104e-05,154.40331644509135,3.5759630403956892e-06,0.0011101000074228984,2.5105639507248766e-05,2.9882546593281306e-06,0.00016034706772406637,121.8006860587626,1.5306401993379098e-08,23.62999999999995,181.03564951166697,0.0782099999999999,13.07,71.89,739.1632180855913,64.40879667216407,3460.199446693068,16.00000023488365,3.001267835891611,0.0008678981155841344,179.31339360981048,-0.000707551047860068,6.973825311302725e-08,6.661266171154506e-05
91,2023-06-04T17:00:00Z,739.1632180855913,64.40879667216407,3460.199446693068,16.00000023488365,1.3216869308349724e-05,132.89619366670536,3.571960471568794e-06,0.001379075135082183,2.565065973453336e-05,2.987267681350267e-06,0.00017055180316176075,104.38712949511218,1.3479290720249234e-08,41.305,175.0477088434041,0.082,12.7,113.89,600.7296957043011,64.40871398904089,3338.511490516293,16.000000233331665,0.8451815283208592,0.0010580872986329316,195.50001703060764,-0.0008875354954711709,6.9660195215113e-08,8.275278338326932e-05
92,2023-06-04T18:00:00Z,600.7296957043011,64.40871398904089,3338.511490516293,16.000000233331665,1.3180530932256987e-05,171.08596364717243,3.577523809473961e-06,0.0018230070061401623,2.628331058192593e-05,2.994518833646782e-06,0.00016933312689840238,170.25881523435447,1.2087009588679204e-08,13.785,184.54144620291893,0.094,12.34,47.3,422.51516289180614,64.40860466745008,3151.5602871624837,16.00000023240019,-0.3312944153754695,0.0013710610649801645,208.10001696229256,-0.001201727938081762,6.976869115385763e-08,0.00010939135950436018
93,2023-06-04T19:00:00Z,422.51516289180614,64.40860466745008,3151.5602871624837,16.00000023240019,1.293736026101131e-05,187.69352308226095,3.38069891332868e-06,0.0027202737832792362,1.5319863347600737e-05,2.772506637003553e-06,0.00017194696167166534,218.5842285147353,1.041136503123824e-08,1.9,189.34890713943858,0.1,11.73,13.58,227.00108876765017,64.40844150063003,2917.2184291588974,16.000000234162798,-0.24730180617653422,0.001960555951582701,229.4500171237252,-0.0017886089899110359,6.593022183209248e-08,0.00016323275027178136
94,2023-06-04T20:00:00Z,227.00108876765017,64.40844150063003,2917.2184291588974,16.000000234162798,1.3113822275530317e-05,119.96232100828618,3.384079133282822e-06,0.005380279740987317,1.5214546780383652e-05,2.7740079252659864e-06,0.0001779988875346552,246.94637284213948,9.290546369795207e-09,0.0,120.0,0.09766,11.23,0.0,102.04035030662143,64.4081187175568,2655.686142169851,16.000000233757532,0.03233319842894666,0.0038221930002684773,246.9500170362522,-0.003644194112733822,6.599614271328637e-08,0.0003228490693661756
95,2023-06-04T21:00:00Z,102.04035030662143,64.4081187175568,2655.686142169851,16.000000233757532,1.3227231392823214e-05,1.9555550986031012,3.3290476269764846e-06,70.61046305076914,1.4555842622554446e-05,2.736820229431316e-06,0.00019307019745436294,216.4228321116832,8.254524331351713e-09,0.0,120.0,0.08698,10.69,0.0,100.00332644371868,60.171067294284754,2425.9850724175158,16.00000023168183,47.43401569956964,49.42737779043961,265.85001683192536,-49.42718472024215,6.492292101814327e-08,4.237051488194968
96,2023-06-04T22:00:00Z,100.00332644371868,60.171067294284754,2425.9850724175158,16.00000023168183,2.6093697615533875e-05,2.9776584345178562e-05,3.8088434791415656e-06,2.982972261374085e-05,7.191512315713483e-05,3.1110030373604183e-06,9.145667552556333e-05,277.39983254713223,7.721795621409921e-09,0.0,120.0,0.0787099999999999,10.36,0.0,100.00332047639303,60.171065578602274,2136.4554059649713,16.00000023051831,120.00004532236034,0.0002756636298865773,277.4000167540866,-0.00018420695436101395,7.427987583084362e-08,1.789962353059757e-06
97,2023-06-04T23:00:00Z,100.00332047639303,60.171065578602274,2136.4554059649713,16.00000023051831,0.0001406450111011381,1.4590220991149182e-05,4.3410736541191294e-06,1.4652804211932055e-05,3.4408339223695075,3.417709977777763e-06,0.00018257012620767548,276.2072667315809,7.275237333367142e-09,0.0,120.0,0.0711,10.05,0.0,100.00344029745682,60.171064784005495,1849.5660447736916,16.000000227018077,123.44095308313904,12.042932368789103,288.2500165302438,-12.042749798662895,8.465940219554259e-08,8.792561783337568e-07
98,2023-06-05T00:00:00Z,100.00344029745682,60.171064784005495,1849.5660447736916,16.000000227018077,0.00032464381868082837,1.3852064935408437e-05,4.442298068370406e-06,1.3697357181165757e-05,83.45710361141033,3.4712202848757484e-06,0.0004328111322360129,0.0005742679864739698,7.2493370563899065e-09,0.0,120.0,0.07007,9.94,0.0,100.00373752628845,60.171064048715344,1840.318073092969,16.000000233996328,203.45740861932524,292.0998756645943,292.10001712144856,-292.0994428534621,8.6633475680791e-08,8.219236232322687e-07
99,2023-06-05T01:00:00Z,100.00373752628845,60.171064048715344,1840.318073092969,16.000000233996328,0.00013897333448260164,1.475710371321134e-05,4.3874986720969185e-06,1.4589899156322929e-05,87.25711310703421,3.4506947342282584e-06,0.00044760782445793127,0.0005550175227743526,6.766821176817555e-09,0.0,120.0,0.07103,9.56,0.0,100.00385556870651,60.171063258798625,1831.1163753178057,16.00000023413778,207.2572305715592,305.3999095037369,305.40001691343525,-305.39946189591245,8.556478058394832e-08,8.754814975291287e-07
100,2023-06-05T02:00:00Z,100.00385556870651,60.171063258798625,1831.1163753178057,16.00000023413778,5.112232152096099e-05,1.8234067511149234e-05,4.181649923850705e-06,1.8462635269498573e-05,0.0010562961934490328,3.354591420426385e-06,0.00017135846519141616,305.3964743391975,6.619899037696041e-09,0.0,120.0,0.07407,9.56,0.0,100.00388565231485,60.171062232480054,1516.5644904604844,16.000000225917727,120.00107825805354,0.003713281567266486,305.4000162622996,-0.00354192310207507,8.155032854794355e-08,1.1078689030602204e-06
101,2023-06-05T03:00:00Z,100.00388565231485,60.171062232480054,1516.5644904604844,16.000000225917727,3.145036139794731e-05,2.333054717621601e-05,3.961379092614281e-06,2.4358194781182966e-05,0.00018737429754910992,3.2242165617270175e-06,0.00013451307453616476,306.44947468027743,6.523139851255089e-09,0.0,120.0,0.077,9.53,0.0,100.00389154200847,60.17106084809682,1202.532327840979,16.000000223623246,120.00017832151265,0.0006760527521648225,306.45001621995505,-0.0005415396776286578,7.725461776775526e-08,1.4616378506560437e-06
102,2023-06-05T04:00:00Z,100.00389154200847,60.17106084809682,1202.532327840979,16.000000223623246,1.5577437906060734e-05,9.499831598773512e-05,3.5085681260092737e-06,0.0001620746560130399,4.457275980596495e-05,2.939717580848095e-06,9.027713933509788e-05,304.92583408706906,6.43589389638266e-09,0.0,185.881569417855,0.0849,9.47,4.53,100.00380753976971,60.171051191068834,891.5939223918444,16.000000222639557,185.88137894336637,0.00027236723893504485,308.5500161771687,-0.00018209009959994698,6.842392084926577e-08,9.725451905972992e-06
103,2023-06-05T05:00:00Z,100.00380753976971,60.171051191068834,891.5939223918444,16.000000222639557,1.3384768819624554e-05,0.0016101772493114308,3.3257634246922803e-06,181.1059040178084,2.012138023268651e-05,2.7887760695001833e-06,0.00020621795501610067,156.60201619040453,6.713488826333057e-09,2.96,184.21947157596105,0.09791,9.8,17.03,100.00214312117974,49.303610270760686,730.5341428074357,16.0000002200161,0.1519970015918659,126.77420599818498,297.00001597063454,-126.77399978022997,6.485887266876635e-08,10.867440985167022
104,2023-06-05T06:00:00Z,100.00214312117974,49.303610270760686,730.5341428074357,16.0000002200161,1.3451203089384804e-05,0.001866110868307479,3.3521118274508264e-06,168.2811606354462,2.1272524247352695e-05,2.813453946529075e-06,0.00021523144655161738,121.63734160795765,7.533184708122768e-09,12.435,180.69715382941942,0.09995,10.45,43.52,100.00021216884689,39.20573091006403,605.2443457168874,16.000000219981693,-0.020832027601983327,117.79688968396663,274.2500160604777,-117.79667445252008,6.537271790708183e-08,10.09787942606938
105,2023-06-05T07:00:00Z,100.00021216884689,39.20573091006403,605.2443457168874,16.000000219981693,1.5826893104714455e-05,9.275379904702361e-05,3.6016899995842965e-06,8.565310174135247e-05,7.274640420826968e-05,3.017927141898166e-06,0.00010318871088351063,200.2078016158881,8.684642963702966e-09,19.55,178.3077219719127,0.08355,11.16,61.49,100.00013074412358,39.20572584060393,402.01042556112577,16.000000217804086,158.75763875792637,0.00031755733381836975,249.40001598451104,-0.00021436862293485912,7.023997898979277e-08,5.1397000744885976e-06
106,2023-06-05T08:00:00Z,100.00013074412358,39.20572584060393,402.01042556112577,16.000000217804086,2.803543163286046e-05,2.7041369826485497e-05,4.15174766135092e-06,2.003982468414167e-05,40.613679745696935,3.3516325059045527e-06,0.00044924625008851727,0.0005688755831637337,9.515634533161552e-09,43.925,170.63547833373028,0.075,11.5,119.19,100.00012949004439,39.20572471906138,400.00025380398705,16.00000021597814,167.3241465370445,142.14789645593274,237.5000160852658,-142.14744720968264,8.096717611395435e-08,1.2025097320217025e-06
107,2023-06-05T09:00:00Z,100.00012949004439,39.20572471906138,400.00025380398705,16.00000021597814,4.2916038380996386e-05,2.0643689578222017e-05,4.5532068877053235e-06,1.3645078781184922e-05,47.33596318018498,3.5501908461104776e-06,2.0001230521178814,0.0002515023547576063,8.71475843658218e-09,45.305,170.257849704052,0.07008,10.82,122.03,100.00014918559792,39.20572398907119,400.0001240847302,16.000000145400293,172.28882961490476,165.6758841968915,261.30001264712837,-163.67576114477362,8.879641395164898e-08,8.187866055316485e-07
108,2023-06-05T10:00:00Z,100.00014918559792,39.20572398907119,400.0001240847302,16.000000145400293,0.00028882423510584194,1.4806859747430487e-05,5.219451383402508e-06,9.581008128147764e-06,65.32216906856188,3.850388800823058e-06,228.62759057417827,1.0831632055610936e-05,4.8947629410867294e-08,197.85,133.29678273515148,0.06835,10.8,470.92,100.00041103305138,39.20572351594269,626.6277032068527,18.054972319804975,0.7692253099207622,228.62760225855715,376.7360225160109,-1.1684378875997936e-05,1.0178948092444136e-07,5.749179794868146e-07
109,2023-06-05T11:00:00Z,100.00041103305138,39.20572351594269,626.6277032068527,18.054972319804975,499.9989801982915,1.3219698409952997e-05,5.432081890530885e-06,9.04681195212436e-06,174.99988291416855,3.982827999742781e-06,612.4995844428303,1.4228363756411003e-05,2.621408143461425e-08,118.22,148.0389257536139,0.06175,11.79,289.13,579.999418252892,39.205723079015875,1235.994134905285,16.837598694803507,704.8177760144737,612.499600475358,231.3040302608915,-1.603252769655228e-05,1.059361904844007e-07,5.428630034278044e-07
110,2023-06-05T12:00:00Z,579.999418252892,39.205723079015875,1235.994134905285,16.837598694803507,333.3334640063876,1.3513306599224358e-05,5.3520101647590734e-06,9.07420186181747e-06,174.9998940607862,3.9365678139829595e-06,572.2577351257268,0.00014683642801994402,1.5888011751021197e-08,62.104999999999954,164.9750379233763,0.062,12.94,161.76,899.9995296226631,39.20572263888395,1802.071752520057,16.000000255358906,611.2033826916197,612.4996394618953,169.65005117259656,-40.241904336168545,1.0437463567636957e-07,5.445065623652848e-07
111,2023-06-05T13:00:00Z,899.9995296226631,39.20572263888395,1802.071752520057,16.000000255358906,0.00017029610769200512,1.5284536683287758e-05,5.135809426021434e-06,9.833633716222587e-06,174.999698313813,3.8214707126989456e-06,600.0690803582966,0.00014409989418725881,1.1661338285410956e-08,108.075,151.2274942535032,0.064,11.87,265.15,899.9996771855341,39.205722148965215,2393.1303300158593,16.00000025422903,218.1523467025337,612.4989547651452,224.55001850674282,-12.429874406848626,1.0015829963738171e-07,5.900770306764229e-07
112,2023-06-05T14:00:00Z,899.9996771855341,39.205722148965215,2393.1303300158593,16.00000025422903,0.00012342504619628693,1.5639132751013694e-05,4.964631796451165e-06,1.0329251841375093e-05,43.990263480852725,3.722236017517832e-06,142.67613171357613,0.00021260006757080915,1.0621893446000298e-08,115.51,149.06011866767355,0.0653,11.53,281.45,899.9997793828152,39.205721625968124,2523.840597479288,16.000000175261444,77.54048829205566,153.9659330984745,236.4500139849659,-11.289801384898368,9.682000203100082e-08,6.198170921917248e-07
113,2023-06-05T15:00:00Z,899.9997793828152,39.205721625968124,2523.840597479288,16.000000175261444,0.00017954240289320874,1.491264592208081e-05,4.9099121037574674e-06,1.0554207563918557e-05,67.87589836749873,3.695882911681524e-06,237.56563952329967,1.441303634000364e-05,1.7294244668298e-08,201.46,133.29678273515148,0.0817099999999999,11.53,476.62,899.9999362095158,39.2057210884052,2748.787019602155,18.59425688549136,-0.28715621600537083,237.56565533311493,381.29603022285164,-1.580981526672076e-05,9.575286130940156e-08,6.333157854136548e-07
114,2023-06-05T16:00:00Z,899.9999362095158,39.2057210884052,2748.787019602155,18.59425688549136,3.1225766461118816e-05,2.4056582723588924e-05,4.056739311860526e-06,2.1343552827248828e-05,9.037104773212338e-05,3.2625840563815927e-06,0.00011210480271272466,92.4187815059599,1.1581493107109642e-08,30.47,174.78540422537108,0.07612,12.09,87.98,899.9999411273113,39.20571988677828,2642.624415102987,16.000000237515426,144.31548774137306,0.00033446911225732377,162.80300387026944,-0.00022236430954459911,7.911432801408166e-08,1.2807412437593056e-06
115,2023-06-05T17:00:00Z,899.9999411273113,39.20571988677828,2642.624415102987,16.000000237515426,1.970778962999087e-05,4.208112541937236e-05,3.565258926827231e-06,0.00011831328933129748,3.3047823973947385e-05,2.96415336506747e-06,8.00700919294712e-05,50.89389606753399,1.1434197422913648e-08,79.765,158.55136218402464,0.0849,12.03,210.07,899.9999162122838,39.205712856800474,2578.5174770300296,16.000000237996268,78.78626107463577,0.00020142119827214086,218.9500174186403,-0.00012135110634266967,6.952950202333334e-08,7.09950731060891e-06
116,2023-06-05T18:00:00Z,899.9999162122838,39.205712856800474,2578.5174770300296,16.000000237996268,1.2776678512749754e-05,267.9998082782719,3.094318887551185e-06,199.9999553025418,1.0663809721775598e-05,2.581907250649812e-06,0.0002261859036643449,87.83823477482588,9.814802727286022e-09,2.3599999999999497,184.47078076965542,0.119,11.43,15.14,620.8334615213619,27.20451547924943,2477.7868810559567,16.000000235838492,-285.8889536944439,140.00000859120146,239.95001718012367,-139.9997824052978,6.034525283253136e-08,12.001197437896298
117,2023-06-05T19:00:00Z,620.8334615213619,27.20451547924943,2477.7868810559567,16.000000235838492,1.1387395928127819e-05,499.9998368534911,2.9830032293094968e-06,199.9999658025577,1.0081858678394274e-05,2.496417691345843e-06,0.00021944089531790158,99.42222230762721,8.722723088955318e-09,3.855,183.8365242331887,0.1205,10.99,19.91,100.00030906420875,15.203317469463551,2365.975943783945,16.000000230321447,-520.0182514741846,140.00001381974928,255.35001668648118,-139.99979437885398,5.8174380409576155e-08,12.00119806796026
118,2023-06-05T20:00:00Z,100.00030906420875,15.203317469463551,2365.975943783945,16.000000230321447,1.732717437956417e-05,4.993319495307765e-05,3.2930236955734266e-06,120.02576175357484,1.5033795521196145e-05,2.719178980613337e-06,0.00019917032011669455,187.7821271634502,7.865247528225815e-09,0.0,120.0,0.10102,10.52,0.0,100.0002736845514,8.001051601876263,2166.3641360718952,16.00000022762309,-0.025773313597227343,84.0180885377739,271.80001653090403,-84.01788936745379,6.422038410209203e-08,7.202265931807672
119,2023-06-05T21:00:00Z,100.0002736845514,8.001051601876263,2166.3641360718952,16.00000022762309,1.971149128358054e-05,6.204253753447488e-05,3.3261176518709735e-06,0.0043659302524982286,1.590835453960188e-05,2.7298600587672374e-06,0.0001778678026379279,286.49707974876753,7.2377238065701555e-09,0.0,120.0,0.088,10.1,0.0,100.00022797993977,8.000789684728693,1869.0354135105704,16.000000225950636,119.99561370303348,0.0031145329790955457,286.50001641394397,-0.002936665176457618,6.486578078956294e-08,0.00026198201335122883
120,2023-06-05T22:00:00Z,100.00022797993977,8.000789684728693,1869.0354135105704,16.000000225950636,3.2072620195189476e-05,2.2486606259726525e-05,3.7361033560014256e-06,3.565882567986495e-05,7.862282440726055e-05,3.0741234988202974e-06,9.660901159964305e-05,280.89980978080666,7.413564742796791e-09,0.0,120.0,0.08023,10.26,0.0,100.00023534610696,8.000787617846479,1578.7905232712224,16.000000224825786,120.00005936023952,0.0003031844456651495,280.9000163562407,-0.00020657543406550643,7.286130157218502e-08,2.1397435151434116e-06
121,2023-06-05T23:00:00Z,100.00023534610696,8.000787617846479,1578.7905232712224,16.000000224825786,3.98155286397336e-05,2.359540043988231e-05,3.821243649217827e-06,3.0444745280546663e-05,0.00010075906476788829,3.132126143761313e-06,0.0001085305123878568,282.9997478216716,7.3314890798023215e-09,0.0,120.0,0.07912,10.2,0.0,100.00024899047233,8.000785865500779,1287.8969313637072,16.00000022458547,120.00009348781748,0.0003770688532663154,283.00001636001247,-0.0002685383408784586,7.452170333008063e-08,1.8268674035731572e-06
122,2023-06-06T00:00:00Z,100.00024899047233,8.000785865500779,1287.8969313637072,16.00000022458547,3.312882277473397e-05,2.475683405533367e-05,3.8502331950102375e-06,2.8633277651819127e-05,0.0001206829892138484,3.151589889426874e-06,0.00011691636340381533,286.8496875985272,7.150261687434337e-09,0.0,120.0,0.07862,10.09,0.0,100.0002550057734,8.000784222419359,994.6078760247246,16.000000223222365,120.00010742352339,0.0004455538305952754,286.8500162359944,-0.00032863746719146006,7.508705600830047e-08,1.7181684759567434e-06
123,2023-06-06T01:00:00Z,100.0002550057734,8.000784222419359,994.6078760247246,16.000000223222365,2.1246525512839705e-05,3.65861271424359e-05,3.6954352009331597e-06,4.192281860116149e-05,8.607664114464072e-05,3.058108805164058e-06,0.00010154918999093274,288.2497837024308,7.041639609949511e-09,0.0,120.0,0.081,10.05,0.0,100.00023729188878,8.000781778866873,701.3851544913601,16.000000216105672,120.00003556776491,0.000333641744744168,288.2500157949856,-0.00023209255475323525,7.206819323752037e-08,2.515620678137503e-06
124,2023-06-06T02:00:00Z,100.00023729188878,8.000781778866873,701.3851544913601,16.000000216105672,499.9999278981084,1.0728107181987664e-05,4.927578614964922e-06,1.06100075644879e-05,174.99996148889267,3.7948851777023663e-06,324.250034928141,0.00017588168348555634,7.298134817317675e-09,0.0,120.0,0.065,10.05,0.0,580.0001568989611,8.000781238300146,1022.1280877653609,16.000000235809473,794.99987677135,612.4998763950658,288.2500173486083,-288.2498414669248,9.609739273108909e-08,6.366641202813021e-07
125,2023-06-06T03:00:00Z,580.0001568989611,8.000781238300146,1022.1280877653609,16.000000235809473,2.272302811213405e-05,3.329517163316555e-05,3.837407388717303e-06,3.26353334260004e-05,0.00014317079354802373,3.160255895731151e-06,0.00012591244812237387,284.399614410278,7.189870271851811e-09,0.0,120.0,0.07934,10.16,0.0,580.0001440305977,8.000779354821237,732.6179588287041,16.00000021642846,120.00010696097989,0.0005270711641530572,284.40001556899404,-0.0004011587160306833,7.483692777276469e-08,1.9583158371437386e-06
126,2023-06-06T04:00:00Z,580.0001440305977,8.000779354821237,732.6179588287041,16.00000021642846,5.964669604826304e-05,1.7440860006181374e-05,4.3169608479728126e-06,1.5448377987753387e-05,77.87339713042132,3.413701433267836e-06,0.009143164752707876,0.0002562253297202266,7.130165536357006e-09,5.4,178.81792219876243,0.0726,9.94,24.44,580.0001831238633,8.000778512015014,728.9637559739836,16.000000234226498,251.29135381730413,272.55690414990363,292.1000172104807,-272.54776098515094,8.418915545101496e-08,9.269953788030835e-07
127,2023-06-06T05:00:00Z,580.0001831238633,8.000778512015014,728.9637559739836,16.000000234226498,1.3262805162262818e-05,145.15666575374848,3.457133822119278e-06,0.000394543075843461,4.559916614783294e-05,2.9082937312646165e-06,0.0001200162605733353,214.0116965532309,7.143554056317296e-09,27.7,171.7161367402442,0.1087,10.3,81.86,428.79533569600153,8.00075490448382,511.30736065714336,16.00000021366237,-1.140858329181229,0.00043865644540178994,279.5000151934157,-0.00031864018482845465,6.742085161648757e-08,2.3674952045812243e-05
128,2023-06-06T06:00:00Z,428.79533569600153,8.00075490448382,511.30736065714336,16.00000021366237,1.302325564960427e-05,259.84485156401905,3.442100518167315e-06,0.0003710501107638519,6.433983920347973e-05,2.906685506562897e-06,0.00013851938649802058,63.59566591107782,8.302708043371291e-09,86.345,153.22329519099918,0.1118,11.18,231.38,158.12362781914044,8.000732706378324,445.1552964621663,16.00000020850113,-192.96684371124977,0.00048780213339837266,248.70001519382475,-0.0003492827469003521,6.71276728715498e-08,2.226523316914803e-05
129,2023-06-06T07:00:00Z,158.12362781914044,8.000732706378324,445.1552964621663,16.00000020850113,1.3309856100938054e-05,55.798676708345035,3.4644163613036954e-06,0.0001420141911880517,0.00012283531791732234,2.9254156467892837e-06,0.0001461502979866415,42.92962385008,8.956396549428487e-09,96.18,152.35505182773204,0.0949,11.61,238.4,100.00001902540953,8.000724252237557,400.00004228007344,16.000000114797857,0.3763756402018457,0.0005322297080325857,233.65000992949004,-0.00038607941004594425,6.756287533295537e-08,8.521703641647268e-06
130,2023-06-06T08:00:00Z,100.00001902540953,8.000724252237557,400.00004228007344,16.000000114797857,7.426170791038575e-05,1.7576866732756396e-05,5.720395542236421e-06,7.231158387795005e-06,0.5729362842250438,3.952508985061752e-06,2.0052756723288487,9.68641457024136e-06,0.1578350826474984,272.97,132.36813907787922,0.08438,12.28,641.92,100.00007200741294,8.00072392988353,400.0053080545873,18.127070671654234,-140.02886551130842,2.00528596958242,513.5360199836681,-1.0297253571156517e-05,1.1155886896050627e-07,4.3391289455715605e-07
131,2023-06-06T09:00:00Z,100.00007200741294,8.00072392988353,400.0053080545873,18.127070671654234,2.9528720269172165e-05,2.4618186583320873e-05,5.703836601152999e-06,7.337861720036355e-06,158.0432565548162,3.954680162924226e-06,553.1513966911527,9.429148287218602e-06,0.23501828928090113,291.71,132.36813907787922,0.08205,12.89,688.39,100.00007471104004,8.000723600803733,951.156668776319,18.528220761007738,-1.2985971361158588,553.1514069934932,550.7120197314887,-1.0302340456291859e-05,1.1123593731621511e-07,4.403157347756589e-07
132,2023-06-06T10:00:00Z,100.00007471104004,8.000723600803733,951.156668776319,18.528220761007738,50.066758146430054,1.4650749381627451e-05,7.403322371370225e-06,5.706819038055675e-06,174.99997559560023,4.763437967140341e-06,612.499913026505,9.373567704841834e-06,0.32081520036779293,360.825,132.36813907787922,0.07436,13.19,856.39,148.06414727041565,8.00072340273957,1558.9007890853748,19.15955501091913,-3.3901353708985797,612.4999232951777,685.1120196422403,-1.026867266773479e-05,1.443792241641358e-07,3.424433866220027e-07
133,2023-06-06T11:00:00Z,148.06414727041565,8.00072340273957,1558.9007890853748,19.15955501091913,499.99996314639475,1.0065632554481243e-05,9.355032939147476e-06,4.887475903085655e-06,174.99998567118968,5.550939414805799e-06,612.4999485206654,9.354949699209335e-06,0.3081176437894055,334.17,132.36813907787922,0.0431,13.54,794.15,628.0641014059206,8.000723291903075,2163.6062243056635,19.264604508891328,473.1980878483276,612.499958765827,635.3200196001114,-1.0245161661259772e-05,1.82441386452021e-07,2.9327788197333666e-07
134,2023-06-06T12:00:00Z,628.0641014059206,8.000723291903075,2163.6062243056635,19.264604508891328,2.2766456660242287e-05,4.433090283284374e-05,5.628359332555522e-06,7.930588590257995e-06,136.0527862255453,3.966686427803915e-06,476.184750935122,9.502724553663196e-06,0.2103599270072404,267.41,132.36813907787922,0.0645699999999999,14.66,637.13,628.0640770836952,8.000722925784155,2628.9729346165327,20.028791882096304,1.0109054034355112,476.18476126784014,509.7040198354427,-1.0332718147765263e-05,1.09763983383171e-07,4.758829037058503e-07
135,2023-06-06T13:00:00Z,628.0640770836952,8.000722925784155,2628.9729346165327,20.028791882096304,283.2665602966033,1.4554353289422524e-05,7.5455065874024096e-06,5.8806130598555856e-06,174.99997793287366,4.903458715958855e-06,612.4999214117659,9.435219195275258e-06,0.03554849675403696,289.97,132.36813907787922,0.04987,14.75,690.31,899.9999598076497,8.000722720064177,3228.327981919997,23.999996795643266,300.6646693213552,612.4999317359111,552.2480197593645,-1.0324145250706351e-05,1.4715209366371335e-07,3.52872070798415e-07
136,2023-06-06T14:00:00Z,899.9999598076497,8.000722720064177,3228.327981919997,23.999996795643266,4.328505769909389e-05,2.303618492662252e-05,5.621353856150764e-06,8.091415735446547e-06,110.80384103524746,3.98773396119827e-06,387.81344097893464,1.1248043899776644e-05,4.884826355713254e-08,137.655,140.39011408379167,0.06184,14.46,335.14,899.999977365279,8.000722344158042,3599.9997717412875,21.388869654702823,113.53897688558396,387.81345323521373,268.112023504323,-1.2256279092071054e-05,1.0962736293123302e-07,4.855334974765405e-07
137,2023-06-06T15:00:00Z,899.999977365279,8.000722344158042,3599.9997717412875,21.388869654702823,1.98911442783037e-05,4.938517066481733e-05,4.04011623185582e-06,2.2681034893601377e-05,3.755683600511709e-05,3.218546683384073e-06,0.00013593738629780303,1.515755065227235e-05,3.171306487251459e-08,68.645,159.96145736062778,0.07983,13.61,176.9,899.9999450178914,8.000721061949994,3581.999893662417,17.614414127881236,91.31645000106542,0.00015051201165998103,141.52002973217603,-1.4574625362178003e-05,7.879014553574207e-08,1.3609981934354263e-06
138,2023-06-06T16:00:00Z,899.9999450178914,8.000721061949994,3581.999893662417,17.614414127881236,1.3661800470036557e-05,92.75594037380749,3.4659853533222952e-06,0.0003123056991128921,1.8123728841721723e-05,2.845057239183227e-06,0.00010520762164968091,19.29021570725266,1.492925883590635e-08,66.355,160.66396766025127,0.09197,12.86,171.22,803.3791869105037,8.000702389327499,3544.799783694474,16.000000244511558,1.552753077316565,0.0002848636469918419,156.266395363278,-0.00017965602534216098,6.759347373715849e-08,1.8740215968370364e-05
139,2023-06-06T17:00:00Z,803.3791869105037,8.000702389327499,3544.799783694474,16.000000244511558,3.763946119953897e-05,2.201776134398879e-05,4.131498426246494e-06,2.241682973273364e-05,8.292138515361587e-05,3.3193511065072713e-06,0.00010387103156983382,185.39581250968496,1.274044002870293e-08,6.705,178.33061751909398,0.0782399999999999,12.34,28.38,803.3792001092183,8.000701124755476,3341.6800761373484,16.00000024375095,171.62570109619875,0.0003092027864460113,208.10001784143984,-0.00020533175487617747,8.057227653946059e-08,1.345144298393858e-06
140,2023-06-06T18:00:00Z,803.3792001092183,8.000701124755476,3341.6800761373484,16.00000024375095,1.9270525302631878e-05,5.1591994028545675e-05,3.7765799737585824e-06,5.198259815602458e-05,4.392776233653294e-05,3.113018692997696e-06,7.531095629137132e-05,201.42990005395035,1.1672707656437287e-08,5.074999999999999,178.91563049747765,0.0849,11.99,23.65,803.3791648672623,8.000698079138335,3123.5418510136674,16.00000024495228,173.84059701077177,0.0001932168753931502,220.35001795986943,-0.00011790591910177889,7.365067455574794e-08,3.1192678161430894e-06
141,2023-06-06T19:00:00Z,803.3791648672623,8.000698079138335,3123.5418510136674,16.00000024495228,1.3924758202081966e-05,184.5921370604977,3.604773264322647e-06,0.00012738766462298115,2.8552089037215735e-05,2.9774568623349497e-06,7.498316608165201e-05,208.35390112227284,1.263736875958753e-08,0.0,181.3929687547769,0.11441,12.25,3.62,611.0957021303451,8.000690505414164,2899.5703156194922,16.000000247443786,-3.199246634308043,0.00019205135916005347,211.2500181904659,-0.00011706819307840146,7.030010866515813e-08,7.64402427980685e-06
142,2023-06-06T20:00:00Z,611.0957021303451,8.000690505414164,2899.5703156194922,16.000000247443786,1.40074716845841e-05,119.7074682609622,3.614216336877953e-06,9.943343656031902e-05,2.9407626579357147e-05,2.9854252751996687e-06,6.983385510676637e-05,226.64991231717897,1.1215951961218498e-08,0.0,120.0,0.09897,11.81,0.0,486.4004361390156,8.000684609295577,2658.4226215580707,16.00000024582276,0.2924823203411219,0.00017548566964242099,226.6500179689935,-0.00010565181453565462,7.048426699581968e-08,5.966602853904532e-06
143,2023-06-06T21:00:00Z,486.4004361390156,8.000684609295577,2658.4226215580707,16.00000024582276,1.4082651811439028e-05,96.06136336127305,3.626804783892326e-06,9.666978961920107e-05,3.0709641444309405e-05,2.9979045835280432e-06,7.045356556730882e-05,239.59991025884898,1.0263262407479046e-08,0.0,120.0,0.08999,11.44,0.0,386.33652949036855,8.00067887925789,2405.5306686449967,16.000000245140626,23.938591385939965,0.00017812052332621644,239.60001792580672,-0.00010766695775890762,7.072976626252662e-08,5.800767453897454e-06
144,2023-06-06T22:00:00Z,386.33652949036855,8.00067887925789,2405.5306686449967,16.000000245140626,1.4513742976143828e-05,0.0008385675017039551,3.6540171029687457e-06,8.523996573486223e-05,3.3510054100933974e-05,3.0212394882839065e-06,7.09385231586519e-05,246.24990885524366,9.816458740217264e-09,0.0,120.0,0.0896599999999999,11.25,0.0,386.33566991574753,8.000673835608914,2147.253177385051,16.000000244341013,119.99913089158623,0.00017994419246107352,246.25001786091298,-0.00010900566930242162,7.126045955384593e-08,5.114909435035237e-06
145,2023-06-06T23:00:00Z,386.33566991574753,8.000673835608914,2147.253177385051,16.000000244341013,4.059234018696122e-05,2.21293225669801e-05,4.388358858093522e-06,1.577105223757888e-05,0.00012991214123824605,3.4435798473619594e-06,0.00012742798465365532,254.29967592525645,9.323610651409706e-09,0.0,120.0,0.07836,11.02,0.0,386.33568583301644,8.0006729748327,1882.2173630008542,16.000000240765992,120.00014043604531,0.0004691413749490547,254.30001763864675,-0.00034171339029539935,8.558155588841252e-08,9.46357770031736e-07
146,2023-06-07T00:00:00Z,386.33568583301644,8.0006729748327,1882.2173630008542,16.000000240765992,0.00042679600682375365,1.4845411180253055e-05,4.905146296725239e-06,1.1275971551376857e-05,76.05712338799049,3.713251604568883e-06,0.0005045860921844257,0.0005795778493144167,8.863368050612592e-09,0.0,120.0,0.0724,10.68,0.0,386.336080093213,8.000672393866664,1872.8062011940929,16.000000250824307,196.05753268101245,266.1999434272659,266.200018419023,-266.19943884117373,9.565991877801998e-08,6.766259556781793e-07
147,2023-06-07T01:00:00Z,386.336080093213,8.000672393866664,1872.8062011940929,16.000000250824307,1.5828566365343603e-05,0.00016247239243437678,3.7721552846078055e-06,5.001152813368074e-05,4.389771948682252e-05,3.102935570997122e-06,7.416884629196073e-05,271.09990005318537,8.4797587582868e-09,0.0,120.0,0.08876,10.54,0.0,386.33592604656127,8.00066946643926,1592.3423443037834,16.00000024307957,119.99985411745614,0.00019172199411274249,271.1000176063332,-0.00011755314782078176,7.356438448830103e-08,3.0009917871995645e-06
148,2023-06-07T02:00:00Z,386.33592604656127,8.00066946643926,1592.3423443037834,16.00000024307957,3.527869902063086e-05,2.4115555485679744e-05,4.2943215140608276e-06,1.745589750362038e-05,0.0001288243982772698,3.400048966522905e-06,0.00012549068637069218,281.24967648107383,7.937895746520255e-09,0.0,120.0,0.07986,10.25,0.0,386.335934793742,8.00066850272831,1303.1310815918769,16.000000239937947,120.00013022601478,0.00046647057069983615,281.2500174609582,-0.000340979884329144,8.3747644288615e-08,1.0474585960768306e-06
149,2023-06-07T03:00:00Z,386.335934793742,8.00066850272831,1303.1310815918769,16.000000239937947,3.366396989825e-05,2.4754238574941036e-05,4.252466186804223e-06,1.7894992162608935e-05,0.00013225234502354656,3.3750714471010772e-06,0.00012626322442032715,286.84966481487646,7.644058976261939e-09,0.0,120.0,0.08019,10.09,0.0,386.33594132548797,8.000667511852782,1009.7658876322655,16.000000237601864,120.0001308946218,0.00047875102282886935,286.85001730267487,-0.0003524877984085422,8.293138378106048e-08,1.073806910447581e-06
150,2023-06-07T04:00:00Z,386.33594132548797,8.000667511852782,1009.7658876322655,16.000000237601864,7.154192318491328e-05,1.7792582189650088e-05,4.565712895550889e-06,1.3673752841622492e-05,15.210367449746448,3.550492361291779e-06,0.0002109492905638337,215.50992902774396,7.608048755449928e-09,4.78,174.76076163090016,0.076,10.09,22.63,386.33599147179444,8.000666780385867,789.2073401156508,16.000000236355316,185.19117727244,53.236299160727,286.8500172391804,-53.23608821143644,8.904030549379173e-08,8.205072212194715e-07
151,2023-06-07T05:00:00Z,386.33599147179444,8.000666780385867,789.2073401156508,16.000000236355316,1.4047287372257842e-05,140.1958386062762,3.6283767833400177e-06,9.145586121161604e-05,3.891373925093449e-05,3.0103615047981516e-06,7.856533993394478e-05,205.43189261214368,8.151548936480926e-09,26.865,167.6393503942362,0.0972,10.48,84.71,240.2986730756526,8.000661363245827,579.8294893682688,16.000000235862874,0.578479931863695,0.0002031974481161521,273.20001724425185,-0.00012463210818220734,7.07604233174621e-08,5.487900462743237e-06
152,2023-06-07T06:00:00Z,240.2986730756526,8.000661363245827,579.8294893682688,16.000000235862874,1.401406685211501e-05,134.3857890221676,3.6170983017807346e-06,9.348940569412154e-05,4.02611034445999e-05,3.0036446268525126e-06,8.085627832745429e-05,176.92988298396259,9.121403766552319e-09,33.025,166.61381211369857,0.11125,11.09,93.65,100.31348963106555,8.000655823860964,400.0005397937433,16.000000132793964,-0.7970095019614776,0.0002093300542225687,251.8500114577385,-0.00012847377589511442,7.054047093181751e-08,5.60992533418071e-06
153,2023-06-07T07:00:00Z,100.31348963106555,8.000655823860964,400.0005397937433,16.000000132793964,32.02377923963293,1.4034984447446753e-05,4.8399032700235876e-06,1.1051998390825022e-05,0.5718135298462901,3.65916042251979e-06,2.001349152622591,9.028179964263839e-06,0.06544119018051496,165.22499999999997,131.471345419884,0.09422,12.5,401.75,131.0563030813377,8.000655255062293,400.0018772192172,17.06049799470446,-1.1580783985558802,2.001358713429707,321.40001858898705,-9.560807116226755e-06,9.438755252071204e-08,6.631862220717085e-07
154,2023-06-07T08:00:00Z,131.0563030813377,8.000655255062293,400.0018772192172,17.06049799470446,86.34834563119279,1.3883442152903118e-05,4.8147669554757265e-06,1.1019047977448646e-05,0.5714306656497103,3.640246922933622e-06,2.000009133618265,8.982359651826593e-06,0.06860495111129969,219.045,131.471345419884,0.0916,13.44,524.62,213.95070042536383,8.00065468775064,400.0018679843797,19.408328621875498,-0.6538947307497746,2.000018646952024,419.69601849569347,-9.513333758981446e-06,9.38973453663133e-08,6.612089995468735e-07
155,2023-06-07T09:00:00Z,213.95070042536383,8.00065468775064,400.0018679843797,19.408328621875498,118.3875556496746,1.3722941783864551e-05,4.774429460880846e-06,1.094090441627433e-05,0.5714281770385947,3.6095490662618973e-06,2.000000415438699,8.907991076075675e-06,0.017276644268924,250.50499999999997,131.471345419884,0.08569,14.27,602.02,327.6027395543204,8.000654124341407,400.00185015190544,22.84945705866396,-0.07468703327046022,2.0000098517217486,481.6160183442741,-9.436283049613081e-06,9.311068555573207e-08,6.565199169681567e-07
156,2023-06-07T10:00:00Z,327.6027395543204,8.000654124341407,400.00185015190544,22.84945705866396,95.344314774651,1.3642119694010831e-05,4.7335411697632e-06,1.0860330475782691e-05,0.5711962129389448,3.578401736360219e-06,1.9991885318719043,8.832685122979553e-06,0.004132962342274692,226.97,131.471345419884,0.07995,14.67,547.76,419.13326752744405,8.000653564969694,400.00102060033265,23.99958111221348,0.4168402169666802,1.999197890135359,438.2080181909486,-9.358263454828375e-06,9.231328413879627e-08,6.516849970466662e-07
157,2023-06-07T11:00:00Z,419.13326752744405,8.000653564969694,400.00102060033265,23.99958111221348,499.99986834687456,1.1790472512667203e-05,4.874494165891888e-06,9.93195060288698e-06,174.9998343374389,3.650555830920311e-06,612.4994214123894,8.57486561051901e-06,7.247500048580397e-06,117.05,143.97396479301554,0.0703,15.37,291.01,899.1331288587014,8.000653064055202,1010.5004283348547,21.326698331583632,701.9236542799559,612.4994307474518,232.80801790992797,-9.33506237288384e-06,9.506214244913674e-08,5.959766338366025e-07
158,2023-06-07T12:00:00Z,899.1331288587014,8.000653064055202,1010.5004283348547,21.326698331583632,0.002647862852060918,1.3700886294808385e-05,4.67058831485453e-06,1.0815470253339978e-05,30.3137418613328,3.533562729422706e-06,106.09809831127409,8.708890436838259e-06,2.5289906688893866e-06,160.14999999999998,132.41658428248243,0.0732,15.52,391.76,899.1356565352829,8.000652506147668,1111.5460157955642,21.867063096537205,2.58295769446181,106.09810758372109,313.4080179813375,-9.272447002217632e-06,9.10855806977331e-08,6.489931145118499e-07
159,2023-06-07T13:00:00Z,899.1356565352829,8.000652506147668,1111.5460157955642,21.867063096537205,0.9000134724944574,1.3565937216645774e-05,4.6570547169115865e-06,1.0776423566639838e-05,174.99956681720187,3.5295692238428176e-06,612.4984856696987,8.476352356083435e-06,1.914534290593683e-06,60.405,159.0174871766514,0.07226,15.82,159.87,899.9996553376931,8.000651950319238,1718.4867629099326,18.934184592952548,274.51205131061096,612.4984948979766,127.89601770463028,-9.228277917827654e-06,9.082164914469042e-08,6.46650079006291e-07
160,2023-06-07T14:00:00Z,899.9996553376931,8.000651950319238,1718.4867629099326,18.934184592952548,4.532495241580173e-05,1.948949383135337e-05,4.1397945674228025e-06,1.5490153426171882e-05,9.308440432029536e-05,3.2466968957232484e-06,0.00033082451021019946,8.756264215199592e-06,1.0334183265023993e-06,64.49499999999999,157.93229789993035,0.0788,15.84,169.33,899.9996785480913,8.00065110155115,1709.894651163629,17.987923931884662,93.43740871613129,0.00033985275244612014,135.46401778450647,-9.028242235920676e-06,8.073406747149182e-08,9.295021557858916e-07
161,2023-06-07T15:00:00Z,899.9996785480913,8.00065110155115,1709.894651163629,17.987923931884662,0.00015158113601463827,1.4744800777853134e-05,4.368099090025395e-06,1.2637621579254104e-05,0.00032086059370316623,3.37253516988588e-06,0.001125745894990243,8.98752257786077e-06,1.8897445975240714e-07,134.63999999999996,139.47375598479505,0.0757,15.14,330.24,899.9998087068144,8.000650428404471,1701.3462946661834,19.501616755336364,4.834208784736691,0.0011351972228847468,264.1920184388505,-9.451327894503814e-06,8.518645090058528e-08,7.583331280680531e-07
162,2023-06-07T16:00:00Z,899.9998087068144,8.000650428404471,1701.3462946661834,19.501616755336364,1.3320754775721249e-05,0.9326977807193256,3.2899356467064915e-06,0.0002849374347948152,1.5913012546130426e-05,2.684935742069336e-06,0.0002477431759843779,9.879295455017122e-06,5.6903977159986604e-08,136.70499999999998,138.785475259602,0.097,14.13,336.24,899.0282613064896,8.00063339460875,1692.839801056733,19.519265212203045,1.1475277500866112,0.0002578098346524757,268.99201994595415,-1.0066658668097801e-05,6.416016112688928e-08,1.709795588327724e-05
163,2023-06-07T17:00:00Z,899.0282613064896,8.00063339460875,1692.839801056733,19.519265212203045,1.3069683649121505e-05,126.52376798861737,3.2706690248785317e-06,0.00031073825047394304,1.6114128584290583e-05,2.671519860747503e-06,0.00026282449433247414,1.3513117842428428e-05,5.119961169150627e-08,37.994999999999955,165.1271257472816,0.09993,13.82,106.61,767.2326821985762,8.000614812233529,1684.3758513628256,16.041302025515048,0.6080821464149606,0.0002765610300389172,85.28802724965355,-1.3736535706443051e-05,6.378442442757412e-08,1.8646159644401022e-05
164,2023-06-07T18:00:00Z,767.2326821985762,8.000614812233529,1684.3758513628256,16.041302025515048,1.3051679024022795e-05,139.73317041172106,3.2703496169867843e-06,0.0008196042985081475,1.908639854900914e-05,2.6933406731473386e-06,0.00015403240800766446,99.055072442605,1.6026461130854416e-08,29.525,167.06348885415804,0.1178,13.38,89.73,621.6773088826452,8.000565694835696,1576.8990536958145,16.000000216161883,-2.1954630600936955,0.000643191811143651,170.83956160200813,-0.0004891594031359866,6.377819535077737e-08,4.918117602809166e-05
165,2023-06-07T19:00:00Z,621.6773088826452,8.000565694835696,1576.8990536958145,16.000000216161883,1.2974579987662355e-05,177.04105239314487,3.263505435242196e-06,0.0009611887855113961,2.0264217890371484e-05,2.689757074581982e-06,0.00015933996894759099,179.9274287141488,1.3866815996245378e-08,0.11999999999995,176.62944379979925,0.1123,13.0,6.34,437.2595584287161,8.000508081385577,1389.0872890531557,16.000000214517627,-0.5325305900706794,0.0007464197719781136,185.00001579395183,-0.0005870798030305226,6.364472045926876e-08,5.7677094840167787e-05
166,2023-06-07T20:00:00Z,437.2595584287161,8.000508081385577,1389.0872890531557,16.000000214517627,1.3004842618274008e-05,119.87507487234846,3.2509107214166245e-06,0.0012742151479596471,1.944554838153549e-05,2.680220703760261e-06,0.00016096691554161468,198.2992139295177,1.2172755440812971e-08,0.0,120.0,0.10489,12.62,0.0,312.3897012546687,8.000431684229744,1183.8427996452876,16.000000212532132,0.1236892940259924,0.0009626634414038498,198.30001562604355,-0.0008016965258622351,6.339909897752193e-08,7.646055493307213e-05
167,2023-06-07T21:00:00Z,312.3897012546687,8.000431684229744,1183.8427996452876,16.000000212532132,1.295315233457388e-05,117.61781985003954,3.2373493218148508e-06,0.0016606615683482698,1.8928881806000597e-05,2.672268255662822e-06,0.00014682546235992861,206.6989309288724,1.1244007898312977e-08,0.0,120.0,0.0949,12.38,0.0,189.87115134590374,8.000332097705302,971.224801543651,16.000000210451887,2.38055728004382,0.001231359729737897,206.70001546313978,-0.0010845342673779686,6.313462523791339e-08,9.964965906680288e-05
168,2023-06-07T22:00:00Z,189.87115134590374,8.000332097705302,971.224801543651,16.000000210451887,1.2970276927395599e-05,86.27607292128774,3.2294563105589044e-06,0.004078718989337328,1.9650403000388967e-05,2.6646784870126603e-06,0.00017864100810021738,218.2472674667386,1.0211361083408761e-08,0.0,120.0,0.09393,12.05,0.0,100.00025450436155,8.000087413071876,748.1215887102023,16.00000020885201,33.71988687453766,0.0029265177347396333,218.25001534346524,-0.002747876726639416,6.29806961255112e-08,0.0002447476141216518
169,2023-06-07T23:00:00Z,100.00025450436155,8.000087413071876,748.1215887102023,16.00000020885201,2.6290396269926955e-05,7.549570681620456e-05,3.4832929096025023e-06,4.0249830733077916e-05,7.486938787173417e-05,2.869891329473987e-06,9.787055721410192e-05,218.24982009591363,1.0167164358029844e-08,0.0,120.0,0.08926,12.05,0.0,100.0002011017807,8.000085065771513,526.1312585412949,16.0000002078205,119.99999176743084,0.00029305893148040335,218.2500152842879,-0.00019518837426630144,6.793100483773257e-08,2.415231367121387e-06
170,2023-06-08T00:00:00Z,100.0002011017807,8.000085065771513,526.1312585412949,16.0000002078205,2.7173546720651866e-05,2.6042937422061253e-05,3.890688571911715e-06,1.769145936068155e-05,27.071297144735194,3.112772278456272e-06,0.00021668433270516415,123.50067573602608,1.0116610408454627e-08,0.0,120.0,0.082,12.05,0.0,100.00020006032574,8.000084080053806,400.000143196895,16.000000194532607,147.07128758734598,94.7495554722393,218.2500145239327,-94.7493387879066,7.587601475375382e-08,1.0615937210129942e-06
171,2023-06-08T01:00:00Z,100.00020006032574,8.000084080053806,400.000143196895,16.000000194532607,0.00019413609386592233,1.4293420099305256e-05,4.545324045646105e-06,9.979585798089375e-06,144.14805349488853,3.4112535934087772e-06,286.2683641261726,0.00018397514941320898,1.1064777002171128e-08,0.0,120.0,0.07292,12.05,0.0,100.00037154199659,8.000083569861458,684.2683226319338,16.000000228457182,264.1482313145541,504.518197594961,218.2500174439378,-218.24983346878838,8.86426831584149e-08,5.988350313885014e-07
172,2023-06-08T02:00:00Z,100.00037154199659,8.000083569861458,684.2683226319338,16.000000228457182,273.1707615825988,1.2963100040399446e-05,4.719338090898559e-06,9.365114001447169e-06,174.99989800290035,3.526058844784529e-06,392.1498039787667,0.00016787844913644548,1.0853629153035396e-08,0.0,120.0,0.07098,11.99,0.0,362.2442891580622,8.000083099934718,1072.9966171190915,16.000000233035077,568.1706455026821,612.4996530565293,220.35001695621168,-220.34984907776254,9.203629640216213e-08,5.619630363904692e-07
173,2023-06-08T03:00:00Z,362.2442891580622,8.000083099934718,1072.9966171190915,16.000000233035077,2.5092124940023076e-05,2.8971158671364944e-05,3.977511075864528e-06,1.657652789251286e-05,0.00014958257424785087,3.135350974264385e-06,0.00013343546188872743,214.74961094643126,1.0922156978014582e-08,0.0,120.0,0.08094,12.15,0.0,362.24428306821187,8.000082182812799,852.8821565225268,16.00000021855013,120.00013623987468,0.0005382465768567588,214.75001575754624,-0.00040481111496803134,7.756922290164846e-08,9.946911426650382e-07
174,2023-06-08T04:00:00Z,362.24428306821187,8.000082182812799,852.8821565225268,16.00000021855013,1.9916547632862818e-05,4.1817385030444976e-05,3.825479987224645e-06,1.9556366932908175e-05,0.00010773862885907017,3.0610758259294807e-06,0.00011600208744820819,211.50373814209837,1.0897627557556836e-08,0.0,172.64937433383218,0.08356,12.16,3.62,362.2442586283215,8.000081083917753,637.1141235999032,16.00000021723373,172.64944750181252,0.0003938051229274515,214.40001594513384,-0.0002778030354792433,7.460432018289888e-08,1.1734993659110815e-06
175,2023-06-08T05:00:00Z,362.2442586283215,8.000081083917753,637.1141235999032,16.00000021723373,1.3318570230711869e-05,157.35391614418486,3.607015411802945e-06,2.6358356200038744e-05,5.6248303167862255e-05,2.895920156965816e-06,8.221838111710672e-05,172.98788008708834,1.2024253662254743e-08,9.775,169.12053617740648,0.0909,12.5,36.89,198.3339420972897,8.000079572602049,460.9407551131965,16.00000021786812,1.9916697446743628,0.00021818687138294116,202.5000160555786,-0.00013596849026583442,7.03438349136488e-08,1.5816595379561203e-06
176,2023-06-08T06:00:00Z,198.3339420972897,8.000079572602049,460.9407551131965,16.00000021786812,1.3496681792447314e-05,94.40045986664781,3.6295925694225195e-06,2.350376893514534e-05,6.0786309724870944e-05,2.9189127316115894e-06,8.920889188725436e-05,56.62586791457963,1.4132271278857695e-08,60.019999999999996,156.05948626510522,0.0914,13.01,160.03,100.00014269301275,8.000078233019009,402.0102726319427,16.00000012336634,1.639083726185285,0.0002320944458959455,184.65001080013363,-0.00014288555400869115,7.078413351709084e-08,1.410367172826003e-06
177,2023-06-08T07:00:00Z,100.00014269301275,8.000078233019009,402.0102726319427,16.00000012336634,2.022414104161888e-05,6.279197364464337e-05,4.005498549015011e-06,1.390989371770898e-05,6.678719467521686e-05,3.1040957237728188e-06,0.00023797737123749788,8.41235995794874e-06,0.03277580144066861,99.12,146.55485184378546,0.08377,13.61,249.64,100.00009669988226,8.000077476456951,400.0004508337943,16.326906217761685,47.434869262848075,0.0002465651617321904,199.71201700015044,-8.587790494692495e-06,7.811503320911364e-08,8.34677090771616e-07
178,2023-06-08T08:00:00Z,100.00009669988226,8.000077476456951,400.0004508337943,16.326906217761685,3.6151071272182126e-05,2.55086919062189e-05,4.715474000157688e-06,8.909950841305288e-06,0.5713276339390512,3.465779523487884e-06,1.999647311366057,8.567043111619666e-06,0.08360741186366037,115.68,142.48719499680843,0.07464,13.92,287.99,100.00010483335662,8.000077033767376,400.00008732394826,16.68392263184384,27.378532544429525,1.9996563868739963,230.39201764255105,-9.075507939382277e-06,9.196093909698461e-08,5.346505155298702e-07
179,2023-06-08T09:00:00Z,100.00010483335662,8.000077033767376,400.00008732394826,16.68392263184384,0.0006577030748200944,1.4574233853998484e-05,5.787810230888895e-06,6.364710237626702e-06,112.54533488123401,3.8743488261435655e-06,393.9086702744067,9.346115016251599e-06,0.27702394362685384,242.15,130.60666713683716,0.0685,14.33,590.17,100.00072104681485,8.000076764720156,791.9087478156201,18.296051081338703,1.0026484443609416,393.9086803752216,472.13601944692994,-1.0100814904490107e-05,1.1287358686101957e-07,3.8192080633823596e-07
180,2023-06-08T10:00:00Z,100.00072104681485,8.000076764720156,791.9087478156201,18.296051081338703,0.0043528356419954275,1.4373491913903382e-05,5.889019179995397e-06,6.3369620403932986e-06,174.99977167948322,3.939289430719845e-06,612.4991991307227,9.237698462739374e-06,0.38957298780923816,294.305,130.60666713683716,0.06422,15.05,721.49,100.00488479664375,8.000076499311767,1400.4483939695663,19.27300427180548,11.305780769817034,612.4992092139612,577.192019320937,-1.0083238521474414e-05,1.1484735874578482e-07,3.8025574799839776e-07
181,2023-06-08T11:00:00Z,100.00488479664375,8.000076499311767,1400.4483939695663,19.27300427180548,499.9996566108851,1.3078277224313046e-05,6.023097655124492e-06,6.241724513854563e-06,174.99989456972008,4.016449244172827e-06,612.4996292793807,9.219145514100804e-06,0.3760246390963682,237.17,130.60666713683716,0.0633,15.54,579.35,580.004541519888,8.000076242232993,2005.9457720599537,19.059971476661964,568.4362090369875,612.4996393395123,463.48001927927726,-1.0060131671707495e-05,1.1746215048997661e-07,3.7454092492376617e-07
182,2023-06-08T12:00:00Z,580.004541519888,8.000076242232993,2005.9457720599537,19.059971476661964,333.328249441353,1.3836706128374745e-05,5.901689433648856e-06,6.399457117731856e-06,174.99988038938668,3.970682178387984e-06,612.4995797751901,9.164257850361497e-06,0.24816272766252603,316.86,130.60666713683716,0.06406,15.92,775.38,899.9996465703513,8.000075973321618,2608.4156138105864,21.663280178449952,322.07478660378524,612.4995897734487,620.3040191625165,-9.998258633459045e-06,1.1509445340149285e-07,3.84005827646676e-07
183,2023-06-08T13:00:00Z,899.9996465703513,8.000075973321618,2608.4156138105864,21.663280178449952,0.00013364684115309332,1.5928148320377218e-05,5.553176543802676e-06,6.94929652296719e-06,103.80826491685242,3.8131772355000136e-06,363.328925901235,9.224503946308339e-06,0.02555154456435727,232.32499999999996,130.60666713683716,0.06793,15.96,563.96,899.9997582794977,8.0000756646199,2958.7024524182643,23.99999134550183,2.090052189439751,363.3289358485365,451.16801917180555,-9.94730152115153e-06,1.0829777238139032e-07,4.1699949132716414e-07
184,2023-06-08T14:00:00Z,899.9997582794977,8.0000756646199,2958.7024524182643,23.99999134550183,0.00018459742137908887,1.6376131990422004e-05,5.490459535038841e-06,7.061092449764356e-06,6.692155069335517,3.7938158364095763e-06,23.422540969397197,9.85638904776367e-06,1.3218935515542378e-07,141.89,136.12637671484717,0.07117,15.22,347.96,899.9999184345514,8.00007534798665,2967.331471269181,22.0489730056613,0.9287022286549861,23.422551441316703,278.36802032830855,-1.0471919505761207e-05,1.0707466840009741e-07,4.237079177776391e-07
185,2023-06-08T15:00:00Z,899.9999184345514,8.00007534798665,2967.331471269181,22.0489730056613,3.954021733691327e-05,2.238377343108259e-05,4.603363161019412e-06,9.783628315218545e-06,6.188359311976839e-05,3.390547219019061e-06,0.00021584362888237105,1.0850693963958605e-05,6.225478701957508e-08,119.735,141.62487295858355,0.0761,15.1,296.12,899.9999330767295,8.000074850684802,2952.49501890577,20.502977172845267,21.889950208902643,0.0002267977574866712,236.8960218048226,-1.0954128604300146e-05,8.977455909578812e-08,5.870764065537681e-07
186,2023-06-08T16:00:00Z,899.9999330767295,8.000074850684802,2952.49501890577,20.502977172845267,2.093748853942409e-05,4.113228712715265e-05,3.927615241610109e-06,1.6414762293450408e-05,2.970524820394232e-05,3.0448469876788693e-06,0.00010452979790469902,1.4952982623260381e-05,5.0205115094750236e-08,45.695,159.78879043041715,0.08565,14.75,124.87,899.9999103305861,8.000073942296723,2937.732633388056,17.25297960951796,114.09379049856669,0.00011847310083701548,99.89602889628557,-1.3943302932316464e-05,7.659615682707985e-08,9.849842360306275e-07
187,2023-06-08T17:00:00Z,899.9999103305861,8.000073942296723,2937.732633388056,17.25297960951796,1.3505766113339057e-05,125.31421998612865,3.442634017419468e-06,5.2664294103666486e-05,2.5488955348421886e-05,2.8017694746579265e-06,5.6204633178728666e-05,33.41020839219455,2.6798676757085337e-08,36.12,162.1965038704792,0.09994,14.25,102.17,769.4642774772376,8.000070849261137,2889.6338180335542,16.000000242204457,0.7622764591813922,0.0001288501013719545,115.14628103766275,-7.264546819322583e-05,6.713807714739436e-08,3.160173663586348e-06
188,2023-06-08T18:00:00Z,769.4642774772376,8.000070849261137,2889.6338180335542,16.000000242204457,1.3515878822498623e-05,137.56951948581903,3.4460372312580835e-06,5.24313932893928e-05,2.5939485935238554e-05,2.8097614866688647e-06,5.6202285127574e-05,92.99794368636687,2.0726617796122308e-08,27.329999999999952,164.31571596441927,0.1138199999999999,13.75,82.19,626.162707654753,8.000067770267366,2782.1877614593045,16.000000241340935,-0.5838102416295109,0.00013027183994771208,158.75001775592168,-7.406955482013809e-05,6.720444645417805e-08,3.1461982171852866e-06
189,2023-06-08T19:00:00Z,626.162707654753,8.000067770267366,2782.1877614593045,16.000000241340935,1.3418888655867498e-05,172.25344476729228,3.430997464556496e-06,5.2558496475166975e-05,2.627006819553081e-05,2.8008947497213016e-06,5.5831497257916566e-05,175.05594186486542,1.6228718247016005e-08,0.0,172.45739365865543,0.10502,13.16,5.43,446.73204890428997,8.000064683353337,2593.22093661864,16.0000002391486,0.2039422537157119,0.0001315090720191988,179.40001754244017,-7.567757476128223e-05,6.691114167301898e-08,3.1538251710271213e-06
190,2023-06-08T20:00:00Z,446.73204890428997,8.000064683353337,2593.22093661864,16.0000002391486,1.3489058979257485e-05,118.19236111577494,3.4264707620437655e-06,5.300949065908779e-05,2.6814283875434713e-05,2.8016515832224487e-06,5.641083863933386e-05,195.49994011551152,1.3855921019672171e-08,0.0,120.0,0.09658,12.7,0.0,323.61501902485435,8.00006156928867,2384.7549482308737,16.00000023771282,1.8076324061995994,0.00013373027209277315,195.50001743494497,-7.73194334534393e-05,6.682286214606803e-08,3.180887528298097e-06
191,2023-06-08T21:00:00Z,323.61501902485435,8.00006156928867,2384.7549482308737,16.00000023771282,1.7358659077339812e-05,6.51342614398824e-05,3.6446886933751255e-06,2.747182699107064e-05,3.780188674923506e-05,2.929965516658997e-06,6.331583182571744e-05,201.44992622455905,1.3104716680216693e-08,0.0,120.0,0.091,12.53,0.0,323.61496784097807,8.00005999189274,2171.3813105809922,16.00000023648869,119.9999691291116,0.00015443754837756455,201.45001734627562,-9.112171655184711e-05,7.107853737455241e-08,1.6484744669109296e-06
192,2023-06-08T22:00:00Z,323.61496784097807,8.00005999189274,2171.3813105809922,16.00000023648869,1.3644271486466405e-05,0.014355271515588453,3.421407684630234e-06,6.0543102514677126e-05,2.77214062034519e-05,2.798100360622795e-06,5.914337783793461e-05,208.09993415745765,1.2318948180608479e-08,0.0,120.0,0.095,12.34,0.0,323.60002753164997,8.000056425667417,1952.4245290140072,16.00000023460304,119.98563177056762,0.0001421752128293722,208.10001718929266,-8.30318349914376e-05,6.672412226251583e-08,3.63294944582521e-06
193,2023-06-08T23:00:00Z,323.60002753164997,8.000056425667417,1952.4245290140072,16.00000023460304,1.8916400758565862e-05,4.892360763489666e-05,3.6702206949728643e-06,2.628985184120814e-05,4.3607120127079485e-05,2.9573754505078123e-06,6.920838678272288e-05,214.39991229005128,1.1636582521478224e-08,0.0,120.0,0.0897,12.16,0.0,323.59999472930343,8.000054919695012,1728.2625632872725,16.000000232620007,119.99999393765756,0.00017395561842962662,214.40001703728294,-0.00010474723164690374,7.157646119809067e-08,1.5775488653590243e-06
194,2023-06-09T00:00:00Z,323.59999472930343,8.000054919695012,1728.2625632872725,16.000000232620007,6.963828116124928e-05,1.689100289664735e-05,4.305475796226871e-06,1.1172720934656065e-05,0.000142806376127104,3.290097761870557e-06,0.00013224254312235286,221.7496382331071,1.0934474938405885e-08,0.0,120.0,0.07973,11.95,0.0,323.6000439872587,8.000054333229887,1497.8717444802721,16.000000230692063,120.00019197650703,0.0005109004178833752,221.75001689098187,-0.0003786578747610223,8.396517454387839e-08,6.704302991092748e-07
195,2023-06-09T01:00:00Z,323.6000439872587,8.000054333229887,1497.8717444802721,16.000000230692063,267.5083739920024,1.3208098313276104e-05,4.649978681461586e-06,7.961235210585155e-06,30.979763414408772,3.4492661807741876e-06,0.0002271945892415449,117.17106309157937,1.0608368762789742e-08,0.0,120.0,0.076,11.84,0.0,580.4080692611452,8.000053946191654,1373.2115498608807,16.000000229522033,418.48812433632247,108.42918093806887,225.600016835059,-108.42895374347962,9.068365265376631e-08,4.777218848235917e-07
196,2023-06-09T02:00:00Z,580.4080692611452,8.000053946191654,1373.2115498608807,16.000000229522033,0.0010082039726432537,1.3802058257187837e-05,4.621231284660324e-06,8.550914261625148e-06,66.45613281757461,3.447550010385772e-06,0.0002815346580614518,0.003824149299555576,1.0105238273905461e-08,0.0,120.0,0.07626,11.64,0.0,580.409022759815,8.00005352320851,1366.3419494969348,16.000000230056262,186.45712673735602,232.59647426022565,232.60001687486715,-232.5961927255676,9.012302235311164e-08,5.131061663141403e-07
197,2023-06-09T03:00:00Z,580.409022759815,8.00005352320851,1366.3419494969348,16.000000230056262,2.0524461374990915e-05,4.098342218501411e-05,3.7402580532723027e-06,2.2617727226488085e-05,5.8045147397897874e-05,3.0079163562191686e-06,8.206217703810306e-05,236.79987659627693,9.685430236473522e-09,0.0,120.0,0.08866,11.52,0.0,580.4089997722332,8.000052238951483,1122.7104452153503,16.0000002259771,120.00002171663378,0.0002219682621438412,236.80001650236204,-0.00013990608510573813,7.294232627143705e-08,1.3571993535246376e-06
198,2023-06-09T04:00:00Z,580.4089997722332,8.000052238951483,1122.7104452153503,16.0000002259771,1.3324538679132387e-05,167.54774881692097,3.4030358974730018e-06,7.475237351339158e-05,3.277325685243542e-05,2.7972368990046593e-06,6.734491845294874e-05,237.35591389888612,9.28867347876272e-09,0.0,168.3410527512883,0.09975,11.38,5.43,405.88010754616425,8.00004781972635,879.741046435306,16.000000223547715,0.7932814800621424,0.00016980232497291266,241.70001635629262,-0.00010245740651996392,6.636583658438198e-08,4.4855909699004854e-06
199,2023-06-09T05:00:00Z,405.88010754616425,8.00004781972635,879.741046435306,16.000000223547715,1.3205615363131055e-05,157.77922060699427,3.409415853834513e-06,0.0001126430982162574,3.253171795858124e-05,2.76874369748386e-06,7.826421874796135e-05,212.87389787663525,8.943317366001078e-09,7.745,165.82024528125226,0.1039699999999999,11.49,31.22,241.52676542460264,8.000041126954788,662.4685215907128,16.00000020874673,0.29596394665262327,0.00019545223786692357,237.85001506465437,-0.00011718801911896222,6.649025817559057e-08,6.75926181915736e-06
200,2023-06-09T06:00:00Z,241.52676542460264,8.000041126954788,662.4685215907128,16.00000020874673,1.3111470051132114e-05,135.86556189700414,3.3353996136304374e-06,6.549486629732894e-05,4.464562818033295e-05,2.767001237767034e-06,8.144209572438272e-05,173.45589132040953,8.882332690096247e-09,25.31,161.4745647803681,0.10394,11.6,75.68,100.00015103556791,8.000037261916598,485.70036910444543,16.000000201603353,0.29900124799673583,0.00020484543626468496,234.0000147237501,-0.00012340334054030224,6.504679714550808e-08,3.9300849863383704e-06
201,2023-06-09T07:00:00Z,100.00015103556791,8.000037261916598,485.70036910444543,16.000000201603353,1.616869218180489e-05,0.00013421326257433735,3.516508075855099e-06,2.802666964874657e-05,5.2861993727630206e-05,2.8287648034188597e-06,8.193992955130826e-05,83.27188519239994,1.0450935437585752e-08,64.515,152.50854425976297,0.09139,12.08,167.41,100.00002675203055,8.000035648727007,400.0000640064528,16.000000119912784,87.99345739578955,0.000207436123956213,217.20001068859432,-0.00012549619440490472,6.857876535571e-08,1.6817683557603703e-06
202,2023-06-09T08:00:00Z,100.00002675203055,8.000035648727007,400.0000640064528,16.000000119912784,27.84507597621712,1.363842152152258e-05,5.592802785494975e-06,7.736349772188384e-06,0.5719630594892692,3.7412642224865515e-06,2.0018700605462993,9.197032340784515e-06,0.07567325607728848,159.82,130.89059202448297,0.08226,12.8,388.58,126.73128548250989,8.000035293570159,400.00192454993453,16.992463545646984,-0.5123809805149481,2.001879827508863,310.8640189639949,-9.76696256360654e-06,1.0907056137328936e-07,4.642274090722103e-07
203,2023-06-09T09:00:00Z,126.73128548250989,8.000035293570159,400.00192454993453,16.992463545646984,16.233925197672587,1.3150724805930714e-05,5.317687742871434e-06,7.6017018505448515e-06,73.05749321702649,3.598575547313066e-06,255.7012257348386,8.744902689551655e-06,0.1430563724059597,218.975,129.77436010095403,0.07543,13.4,530.92,142.31583997360391,8.000034941127714,653.7031319171207,18.368689174438664,0.09076667948974013,255.7012351433738,424.7360181534379,-9.40853519182383e-06,1.0370528151414438e-07,4.5614772580527165e-07
204,2023-06-09T10:00:00Z,142.31583997360391,8.000034941127714,653.7031319171207,18.368689174438664,3.8332773129799626e-05,1.8838595066140513e-05,4.415196742144035e-06,7.712828171513403e-06,8.331516877757152e-05,3.1678703301048766e-06,0.00029146523250394207,8.402750113504604e-06,0.12787514180173012,123.14499999999995,139.0267693725171,0.07003,14.0,305.34,142.3158571495296,8.000034564416689,650.4348993200174,17.135874123559546,15.881872052102873,0.0003001382620683635,244.27201707577967,-8.673029564421444e-06,8.610494696650535e-08,4.62815971887993e-07
205,2023-06-09T11:00:00Z,142.3158571495296,8.000034564416689,650.4348993200174,17.135874123559546,499.9999265458299,9.760851754853824e-06,5.049712203683698e-06,5.68797792992273e-06,174.9999438950736,3.427501290091695e-06,612.4998025662984,7.699004468076105e-06,0.2287196296720369,190.345,129.77436010095403,0.06111,14.35,465.45,622.3157764659724,8.000034321583117,1259.6825196907112,17.79958175586826,614.4292235702413,612.4998110075685,372.3600161402746,-8.441270097137021e-06,9.847923589542167e-08,3.4131280707607144e-07
206,2023-06-09T12:00:00Z,622.3157764659724,8.000034321583117,1259.6825196907112,17.79958175586826,254.55304281756415,1.0797883179793679e-05,4.351103319131562e-06,5.839128721355375e-06,174.99985322536864,3.035151432046319e-06,612.4994855562651,7.124474099340224e-06,0.37813401301780886,294.75,129.77436010095403,0.06406,14.88,724.16,866.686686323039,8.000034056055355,1865.8835855240486,19.141007573672386,264.5772468931296,612.4994933809803,579.3280149491893,-7.824715225979162e-06,8.485500022308777e-08,3.503827615574783e-07
207,2023-06-09T13:00:00Z,866.686686323039,8.000034056055355,1865.8835855240486,19.141007573672386,0.00010192719784471387,1.1494344967723848e-05,3.848741663179862e-06,5.956677414539282e-06,167.0278191246081,2.7306240510629738e-06,584.5973665789948,6.578646116704257e-06,0.3756452801308214,295.465,129.77436010095403,0.06839,14.81,723.8,866.6867721998728,8.000033773676934,2441.1515275967768,19.3095310572924,1.3372702811033483,584.5973738091203,579.0400138087716,-7.2301255613638205e-06,7.50579682288302e-08,3.57436388511208e-07
208,2023-06-09T14:00:00Z,866.6867721998728,8.000033773676934,2441.1515275967768,19.3095310572924,34.70102848408575,9.663409635499045e-06,3.745348338888572e-06,5.450927254385591e-06,174.99992334013308,2.6481150782047604e-06,612.4997313519436,6.1467837868193015e-06,0.24686535541884,339.145,129.77436010095403,0.07264,14.65,830.06,899.9997494785434,8.000033519630186,3041.4454951639527,21.124145565471526,0.33030320429944,612.4997381277487,664.0480129225889,-6.775805104553001e-06,7.304159676800397e-08,3.2708834409754524e-07
209,2023-06-09T15:00:00Z,899.9997494785434,8.000033519630186,3041.4454951639527,21.124145565471526,8.485400811017074e-05,1.0263720634047888e-05,3.317509715100496e-06,5.825916696160032e-06,145.16138496665525,2.3899171004196607e-06,508.06484745258365,5.80115376778044e-06,0.02874611283974231,275.04,129.77436010095403,0.08063,14.36,665.92,899.9998202470156,8.000033234738135,3534.303109339563,23.999997930717967,-0.10418046059318728,508.06485382745296,532.7360121760231,-6.374869315095566e-06,6.469790923538322e-08,3.4958996076567846e-07
210,2023-06-09T16:00:00Z,899.9998202470156,8.000033234738135,3534.303109339563,23.999997930717967,3.575719053213726e-05,1.1680287465000995e-05,3.0147916067132413e-06,6.695675045808381e-06,0.00011167278324657088,2.219397611769209e-06,0.000390610825914666,6.760448167254536e-06,2.3097699432757808e-08,192.515,129.77436010095403,0.095,13.91,473.09,899.9998424069523,8.00003289175177,3516.631977643243,23.02069126014261,-62.74050561084546,0.0003977389175307155,378.4720138885398,-7.128091616049508e-06,5.8794315762484456e-08,4.0178068081658457e-07
211,2023-06-09T17:00:00Z,899.9998424069523,8.00003289175177,3516.631977643243,23.02069126014261,8.60921610214795e-06,54.00823750523228,2.2927352357059885e-06,2.2007416230739584e-05,1.4873894076268443e-05,1.8093688141217266e-06,6.05566703418283e-05,9.156989569163542e-06,1.3234816511447832e-08,90.625,144.00876071597335,0.10412,13.45,254.37,843.7412699371828,8.000031615887547,3499.048869154707,19.23302215762875,-0.6244712114608895,6.925509575443777e-05,203.49601785541503,-8.698425412609474e-06,4.471280837710449e-08,1.3205770315475298e-06
212,2023-06-09T18:00:00Z,843.7412699371828,8.000031615887547,3499.048869154707,19.23302215762875,8.397953344899927e-06,148.2381542240899,2.2549266068876888e-06,2.5893249288614607e-05,2.4361649126893292e-05,1.8100767806261025e-06,4.3135286416579865e-05,60.78532346738291,9.643254794106478e-09,15.14,162.35230231743375,0.10645,13.1,66.7,689.326534015791,8.000030106112682,3420.768344476837,16.000000146972475,-1.0258409752995465,0.00010518302245897659,114.14538551511896,-6.204773604239672e-05,4.397546638094803e-08,1.5537503323501114e-06
213,2023-06-09T19:00:00Z,689.326534015791,8.000030106112682,3420.768344476837,16.000000146972475,8.393815010791144e-06,159.79061697188436,2.253343892558721e-06,2.7402867887062547e-05,2.5142043792959304e-05,1.8129692420908761e-06,4.334425691031691e-05,160.78194503853692,9.368734353006985e-09,6.875,166.04114581953382,0.10412,13.03,28.96,522.8779827281406,8.000028505720776,3242.882601060173,16.000000146242,-0.6244609530464811,0.00010897400034597132,183.95001066828036,-6.56297434356544e-05,4.394460036493156e-08,1.6443365068744403e-06
214,2023-06-09T20:00:00Z,522.8779827281406,8.000028505720776,3242.882601060173,16.000000146242,8.487756901534982e-06,119.9984899109171,2.2667627291370625e-06,2.8914323060123037e-05,3.0434783742951516e-05,1.8298740193205843e-06,4.863957572123454e-05,217.19993062950343,7.006018952283902e-09,0.0,120.0,0.09748,12.08,0.0,397.8795638858486,8.000026814894182,3009.4683060649445,16.00000014538379,0.0015241939372360757,0.00012857334452154383,217.20001056327223,-7.993376880030928e-05,4.4206293847557475e-08,1.735032886896072e-06
215,2023-06-09T21:00:00Z,397.8795638858486,8.000026814894182,3009.4683060649445,16.00000014538379,8.493486330605329e-06,117.65380829815246,2.2638579273473055e-06,3.1095432008199375e-05,3.146753623675812e-05,1.8318501012990858e-06,4.968798162090086e-05,240.2999264498003,5.9315547817445384e-09,0.0,120.0,0.086,11.42,0.0,275.32352172902,8.000024993131316,2754.121087772801,16.000000144609928,2.3462046631461235,0.00013371671083467907,240.30001047852952,-8.402872921377822e-05,4.414964454772723e-08,1.865912511743137e-06
216,2023-06-09T22:00:00Z,275.32352172902,8.000024993131316,2754.121087772801,16.000000144609928,8.500996041031072e-06,119.07881156041316,2.262071371747061e-06,3.383123423841776e-05,3.238351238626861e-05,1.8349194301421247e-06,5.087896481673375e-05,250.44992246383546,5.5425101171455406e-09,0.0,120.0,0.08903,11.13,0.0,151.2831011812125,8.000023007169057,2489.9006107490663,16.00000014399821,0.9211995898518476,0.0001388407275546733,250.4500104255982,-8.796176273793955e-05,4.411480322939063e-08,2.0300770620112667e-06
217,2023-06-09T23:00:00Z,151.2831011812125,8.000023007169057,2489.9006107490663,16.00000014399821,9.16484582331673e-06,0.00017889670532840796,2.314650599905033e-06,3.0032905608361366e-05,3.806753674123787e-05,1.8771391516250517e-06,5.495201712170129e-05,265.1499093191738,5.111201624583977e-09,0.0,120.0,0.0841,10.71,0.0,151.28292362872978,8.000021250154706,2212.3012533281644,16.000000144667133,119.99984249456138,0.0001561177802802943,265.15001048493696,-0.00010116576315859303,4.514020071821997e-08,1.8021545519568777e-06
218,2023-06-10T00:00:00Z,151.28292362872978,8.000021250154706,2212.3012533281644,16.000000144667133,9.191694279887933e-06,0.00018591099537764843,2.3197649462449042e-06,3.321577523418334e-05,3.9735300845933985e-05,1.8871035269348378e-06,5.663584377281949e-05,276.34990288846046,4.8038854578153714e-09,0.0,120.0,0.08413,10.39,0.0,151.28273879546944,8.000019302248818,1924.8899008089072,16.00000014452628,119.99983400709297,0.00016419282811636277,276.3500104454448,-0.00010755698434354328,4.5239940445820215e-08,1.993145828633864e-06
219,2023-06-10T01:00:00Z,151.28273879546944,8.000019302248818,1924.8899008089072,16.00000014452628,1.1864651909016402e-05,3.459847965643386e-05,2.4669876624117116e-06,1.8826629998092264e-05,7.467915499754692e-05,1.9840689111871576e-06,7.486819469342864e-05,288.5998087651252,4.5042083168579495e-09,0.0,120.0,0.0803199999999999,10.04,0.0,151.28271414545227,8.000018220649117,1626.6657174079319,16.000000144336536,120.00003756975383,0.0002765199117121541,288.6000104168422,-0.00020165171701872544,4.8111070524080793e-08,1.1297107709626323e-06
220,2023-06-10T02:00:00Z,151.28271414545227,8.000018220649117,1626.6657174079319,16.000000144336536,1.5060834590950011e-05,2.1314188504823878e-05,2.571453010097623e-06,1.4340247073923317e-05,0.00024958433146987793,2.0503825454600837e-06,8.936358024749162e-05,305.04921406362644,4.130908216192227e-09,0.0,120.0,0.07744,9.57,0.0,151.2827064015738,8.000017410296591,1313.483264120846,16.000000143425453,120.00023361256603,0.0008856132118163245,305.050010313258,-0.0007962496315688329,5.014834853175683e-08,8.605008745228514e-07
221,2023-06-10T03:00:00Z,151.2827064015738,8.000017410296591,1313.483264120846,16.000000143425453,1.220165628951272e-05,3.136131333540923e-05,2.4576854252095574e-06,1.9119513771556993e-05,9.530880329528447e-05,1.9839577991405133e-06,7.84373730393454e-05,327.4497397130243,3.7073755475700257e-09,0.0,120.0,0.07987,8.93,0.0,151.2826854471291,8.000016310940696,979.4661865245904,16.000000142388807,120.00006147127571,0.00034892858939473466,327.4500102042407,-0.00027049121635538926,4.792965875746212e-08,1.1472855548489046e-06
222,2023-06-10T04:00:00Z,151.2826854471291,8.000016310940696,979.4661865245904,16.000000142388807,1.256131131937617e-05,2.8719250384860097e-05,2.4527310133674996e-06,1.957759683341563e-05,0.00012796750812538445,1.9847780634469973e-06,8.548620489968384e-05,312.02963199774143,3.5681215920852406e-09,6.385,162.4367299570525,0.07943,8.75,27.15,151.28266759010214,8.000015184000446,662.5393090804309,16.000000140771107,156.0518266265338,0.000463555526505049,333.75001006706304,-0.0003780693216053652,4.7833038064472695e-08,1.1747732873336714e-06
223,2023-06-10T05:00:00Z,151.28266759010214,8.000015184000446,662.5393090804309,16.000000140771107,8.505514740309144e-06,49.23127220284048,2.2078249757595034e-06,0.0001612372676585223,3.467095859420287e-05,1.8232168373666833e-06,6.93097519005416e-05,233.39584315971416,4.136011011931269e-09,23.48,157.81656952945588,0.085,9.82,78.63,100.00010054410413,8.000005551853759,425.83083868506657,16.000000137731544,85.10518329686289,0.00023601942710966867,296.3000098693894,-0.00016670967520912707,4.305689271658198e-08,9.675203579869325e-06
224,2023-06-10T06:00:00Z,100.00010054410413,8.000005551853759,425.83083868506657,16.000000137731544,9.144633275204534e-06,0.00010139144900764207,2.230099393239279e-06,5.695987830040712e-05,8.363078886009756e-05,1.8424105085986921e-06,9.068212786237574e-05,23.70176265895047,6.5476646539985695e-09,85.695,143.4409421539231,0.08181,12.15,238.81,100.00000370685936,8.000002177410554,400.0000125148186,16.00000007537057,57.74588065052783,0.0003344036622241392,214.75000638048482,-0.00024372153436176344,4.3491287296895634e-08,3.417934491473575e-06
225,2023-06-10T07:00:00Z,100.00000370685936,8.000002177410554,400.0000125148186,16.00000007537057,2.1501876434570863e-05,1.7934990830019104e-05,7.0304301561853784e-06,2.465078446130734e-06,0.5714339485616398,3.2806377791558586e-06,2.000015182649691,7.933079218425992e-06,0.10273092245798458,179.855,128.97467060527705,0.05971,12.77,445.39,100.00000566637861,8.000002166598154,400.00001970181495,17.268636474352242,-50.308884033286205,2.0000237933520526,356.31201654378157,-8.610702361799838e-06,1.3710709875549044e-07,1.4791949871771581e-07
226,2023-06-10T08:00:00Z,100.00000566637861,8.000002166598154,400.00001970181495,17.268636474352242,2.340325600640262e-05,2.0400955964658556e-05,249.99992087624645,1.7018540688064884e-06,0.5714354560901991,5.472952295875437e-06,2.0000165921025577,1.2630024034050896e-05,0.2611847683027703,262.29,128.97467060527705,0.01006,13.69,645.49,100.00000688250857,12.875488070164073,400.00002356538437,18.41791335625548,117.25603371101191,2.000030705836318,516.3920267437578,-1.4113733760368063e-05,4.875486005687375,1.0212145627401671e-07
227,2023-06-10T09:00:00Z,100.00000688250857,12.875488070164073,400.00002356538437,18.41791335625548,2.7943832658011354e-05,2.216635710996684e-05,249.99999363704487,1.288822746461741e-06,64.51518347409005,1.2874864956830478e-05,225.8031231148379,2.496386914756068e-05,0.3971054583721217,301.335,128.97467060527705,-0.01,14.99,757.89,100.0000106186326,17.750975417491816,623.8031215985262,19.40927810650935,142.1548650799298,225.8031558076074,606.3120576566387,-3.2692769508457786e-05,4.8754874246648425,7.733709849755422e-08
228,2023-06-10T10:00:00Z,100.0000106186326,17.750975417491816,623.8031215985262,19.40927810650935,2.607853128495827e-05,2.8756929042711364e-05,249.99999588568815,1.150709797073999e-06,174.99998152408236,189.39393618275616,799.9998864817699,2.3136612722013575e-05,0.3874000822786131,189.705,128.97467060527705,-0.02201,15.92,476.88,100.00000569888822,22.626462816960093,1420.6839693356908,18.726900914974134,553.6635803686962,799.9999329607136,381.5040696155565,-4.647894377285411e-05,4.875487468517771,6.904949277371732e-08
229,2023-06-10T11:00:00Z,100.00000569888822,22.626462816960093,1420.6839693356908,18.726900914974134,499.9999779202157,8.776663413120707e-06,249.99999798225087,8.785538571730261e-07,174.99999562722124,599.9999957334387,799.9999607092982,2.4923075716507413e-05,0.3983335870726644,74.08,147.38441241788183,-0.05627,16.25,194.87,579.9999753599376,27.501950273646422,2213.580485275235,20.19094426347547,1598.304370025791,1206.4999810863665,562.396045300144,-406.50002037706827,4.8754875094048336,5.271850328070964e-08
230,2023-06-10T12:00:00Z,579.9999753599376,27.501950273646422,2213.580485275235,20.19094426347547,333.3333705591303,1.5139957759959513e-05,249.9999977676363,9.216321507340234e-07,174.9999945829655,599.9999946891749,799.9999321604673,3.390863227995077e-05,0.08459873482730303,59.765,150.44028775897866,-0.05005,16.76,160.82,899.9999953259133,32.377437723562394,3002.5124811006935,23.998649985707512,1449.0086292962956,1206.499976427805,535.1560781759699,-406.50004426733767,4.8754875052194295,5.530345938998041e-08
231,2023-06-10T13:00:00Z,899.9999953259133,32.377437723562394,3002.5124811006935,23.998649985707512,2.478047790986966e-05,2.6500000325252494e-05,249.99999502568582,1.2293669615669278e-06,5.2526939059912714e-05,2.32508370899494e-05,0.00010171630818319157,0.00014310384316380825,0.0002048090797812576,23.044999999999998,158.42146232825155,-0.01792,17.03,71.89,899.9999915110051,37.25292510153905,2987.499877307655,19.225865859577482,385.3765301828241,0.00020772317230184124,57.51224911070728,-0.00010600686411864967,4.875487451746049,7.376939463347902e-08
232,2023-06-10T14:00:00Z,899.9999915110051,37.25292510153905,2987.499877307655,19.225865859577482,2.7315181347356862e-05,1.9565787602627936e-05,249.99998926717637,1.4575068628297193e-06,1.7266971591035745e-05,7.542780068136501e-06,3.413333215264496e-05,0.00014286773058968383,0.0002924911214460666,28.42,157.23231847305232,-0.0035,17.12,85.14,899.9999973525504,42.12841235352378,2972.5622691867184,17.692255053608246,378.8123388418672,6.892200764006104e-05,68.11217765640608,-3.478867548741608e-05,4.875487339443884,8.745915768555172e-08
233,2023-06-10T15:00:00Z,899.9999973525504,42.12841235352378,2972.5622691867184,17.692255053608246,1.689446730034925e-05,1.7639399815014106e-05,3.7784129851382494e-06,3.837603933472103e-06,4.967589822321778e-06,2.2159126300489535e-06,1.1007349144504195e-05,0.00014401109142765311,0.0002193418538899484,35.47,155.70393206897364,0.0445,17.01,102.17,899.9999951968642,42.12841219693094,2957.6993248370427,17.295443825641346,120.23393844835263,2.226664063530516e-05,81.73615527038292,-1.1259291490800966e-05,7.368642185238111e-08,2.3027926393471967e-07
234,2023-06-10T16:00:00Z,899.9999951968642,42.12841219693094,2957.6993248370427,17.295443825641346,1.0507553203570044e-05,2.537838649099061e-05,1.970808033438488e-06,2.373870824622226e-05,2.0796446856925335e-06,1.3464983924635206e-06,1.2470969089203162e-05,0.00014424039740040692,0.0007629422605960368,28.905,157.14795656936272,0.07497,16.68,86.08,899.9999788482961,42.1284108109006,2942.910696443429,16.710112987552524,128.24292335677228,2.5228885580818336e-05,68.8641569983139,-1.2757916491615174e-05,3.843460011206172e-08,1.4244649412674626e-06
235,2023-06-10T17:00:00Z,899.9999788482961,42.1284108109006,2942.910696443429,16.710112987552524,7.47319910899888e-06,0.0002305050927781587,1.690165212124939e-06,0.00021978173602970653,1.2411823363786218e-06,1.0843879090570322e-06,7.673316042992379e-05,0.00015319370846433836,0.9999072839000771,19.37999999999995,159.27046616751076,0.08616,16.41,62.43,899.9997459130956,42.128397655639134,2928.1960665006636,16.316950609240916,139.89002736961658,0.0001592648974280862,49.944235725445466,-8.25317369981624e-05,3.296151778821514e-08,1.31882229840808e-05
236,2023-06-10T18:00:00Z,899.9997459130956,42.128397655639134,2928.1960665006636,16.316950609240916,7.182649914913292e-06,157.68186636893486,1.6868226010366719e-06,0.0853446386549535,1.2126444497542196e-06,1.079098641097138e-06,0.00013339943890602172,17.65553911116527,0.9999952555928622,5.58,162.58122215379743,0.1074,16.15,25.54,735.7478086741323,42.12327649809712,2895.899680456434,16.000000577063975,-0.7659776925767914,0.05974655962169627,38.14715227134806,-0.05961316018279025,3.289633035325043e-08,0.005121190438341044
237,2023-06-10T19:00:00Z,735.7478086741323,42.12327649809712,2895.899680456434,16.000000577063975,6.8767980644541966e-06,499.9992791654253,1.6734568699526589e-06,128.87467717252946,1.2033168691900304e-06,1.0776646018530586e-06,0.00018802089937662074,0.0005067252591487695,1.8335883075829928e-06,1.13,163.8987037986521,0.1124899999999999,15.46,10.86,214.9152328118737,34.39002257498545,2881.4198633497917,16.000007379024783,-466.1052417080663,90.21227929926762,98.9005980036274,-90.21209127836825,3.263567253132998e-08,7.733253955747343
238,2023-06-10T20:00:00Z,214.9152328118737,34.39002257498545,2881.4198633497917,16.000007379024783,7.330573812480814e-06,110.03100879323374,1.7120406650984141e-06,9.823582139105822,1.2316469231590508e-06,1.0976192503646808e-06,0.00012212426890465404,108.47382815835394,7.115546721998892e-07,0.0,120.0,0.098,14.99,0.0,100.29960568960607,33.80054873263966,2758.5390579989576,16.000004100129946,0.14542043954108586,6.8765128947813645,115.3502189288664,-6.87639077051246,3.338813178259734e-08,0.5894738757339227
239,2023-06-10T21:00:00Z,100.29960568960607,33.80054873263966,2758.5390579989576,16.000004100129946,7.5640397676964515e-06,0.11079377689806917,1.7431457752211677e-06,33.844813999498534,1.2560821955812196e-06,1.1214535991382395e-06,0.00012266375174130176,121.759040747747,3.9059130235686633e-07,0.0,120.0,0.0873,14.13,0.0,100.18420276681542,31.769656837471576,2622.987444624968,16.000004168263978,86.04440390832474,23.69137530617572,145.45029339017097,-23.691252642423976,3.399474209102188e-08,2.0308919291628285
240,2023-06-10T22:00:00Z,100.18420276681542,31.769656837471576,2622.987444624968,16.000004168263978,7.5588349252238605e-06,0.06537755496032406,1.7123077418097463e-06,119.93680398046338,1.238960006063107e-06,1.105278222140877e-06,0.0001307562429557983,73.74465748340437,3.3157176581747784e-07,0.0,120.0,0.10243,13.78,0.0,100.1161084035466,24.57272893924395,2536.1279806746816,16.000004201159907,-0.0021699200428173526,83.95576821690982,157.70029494407123,-83.95563746066686,3.339334029931999e-08,7.196927931620965
241,2023-06-10T23:00:00Z,100.1161084035466,24.57272893924395,2536.1279806746816,16.000004201159907,7.50031048631669e-06,0.10865288839553888,1.7137116811692039e-06,0.0009544023477831739,1.238708456668146e-06,1.0979463540727558e-06,9.820429535829102e-05,156.99971530608966,3.313856293698236e-07,0.0,120.0,0.09,13.8,0.0,100.00293551176598,24.572671702796818,2366.447723669514,16.000004160956948,119.89040425993365,0.0006735040899370923,157.00029060588423,-0.0005752997945788012,3.342071985478496e-08,5.726986785377582e-05
242,2023-06-11T00:00:00Z,100.00293551176598,24.572671702796818,2366.447723669514,16.000004160956948,7.4888513831724355e-06,0.0027888280510666758,1.7313686004035588e-06,0.00010168738493714774,1.3639214694105457e-06,1.1259301418391789e-06,3.227191025875707e-05,158.40024406989957,3.232480443401681e-07,0.0,120.0,0.0899,13.76,0.0,100.00003767184344,24.5726656347086,2196.2152732531767,16.00000413263463,119.99712119463558,7.706956543936111e-05,158.40028886755476,-4.4797655180604036e-05,3.3765064214290824e-08,6.10185328155702e-06
243,2023-06-11T01:00:00Z,100.00003767184344,24.5726656347086,2196.2152732531767,16.00000413263463,1.5060980707787813e-05,1.543957898436978e-05,2.076362621650052e-06,1.692323016882328e-05,2.469670447456451e-06,1.4318455926888148e-06,1.0334202551755221e-05,160.1502753296281,3.140360100685775e-07,0.0,120.0,0.077,13.71,0.0,100.00003604749016,24.57266465970636,2025.0839318914855,16.0000041045528,119.99998867605021,2.19076348210358e-05,160.15028690306036,-1.157343226928058e-05,4.049312043421944e-08,1.0154953596653635e-06
244,2023-06-11T02:00:00Z,100.00003604749016,24.57266465970636,2025.0839318914855,16.0000041045528,1.5625915457606202e-05,1.5538475697290755e-05,2.2257882641475677e-06,1.2114119656877906e-05,2.901647931129643e-06,1.5357000616024984e-06,9.534364757990982e-06,170.65027748186657,2.7810256346660516e-07,0.0,120.0,0.073,13.41,0.0,100.0000348624568,24.5726639761937,1844.3082442845262,16.000004111480415,119.99999463645636,2.0155994579754755e-05,170.6502881034964,-1.0621629821763774e-05,4.340721187206478e-08,7.269198713998144e-07
245,2023-06-11T03:00:00Z,100.0000348624568,24.5726639761937,1844.3082442845262,16.000004111480415,1.1025606535235818e-05,2.9169434873731092e-05,2.248700728217056e-06,1.219521503581108e-05,2.9329015913410238e-06,1.552412848919107e-06,9.620319860789086e-06,174.50027996246482,2.687114352093795e-07,0.0,120.0,0.073,13.3,0.0,100.00001506221108,24.57266328826167,1660.5864327209583,16.000004141473745,119.99997639497181,2.0338694815191253e-05,174.50029068083978,-1.0718374954402167e-05,4.385404960519311e-08,7.317860807567405e-07
246,2023-06-11T04:00:00Z,100.00001506221108,24.57266328826167,1660.5864327209583,16.000004141473745,1.6425664067116894e-05,1.778742286684106e-05,2.9173298089067e-06,5.880892996348736e-06,4.160928182893057e-06,1.9048826610007025e-06,9.738725188820619e-06,161.24828562612126,2.5619282863825273e-07,5.3,159.03318150889876,0.0601,13.12,24.44,100.0000123022831,24.57266299226642,1491.0352246699574,16.0000042119377,153.7331832493876,2.056570757196051e-05,180.80029645310364,-1.0826982383139891e-05,5.6893620635744236e-08,3.5288886866779093e-07
247,2023-06-11T05:00:00Z,100.0000123022831,24.57266299226642,1491.0352246699574,16.0000042119377,1.7387998583394144e-05,2.0542465297419095e-05,3.975435190417445e-06,4.031892060303432e-06,5.334201112221693e-06,2.3340231615283623e-06,1.1269406419075945e-05,97.02220548705549,3.127447675864763e-07,28.475,153.98782515564784,0.04892,13.55,85.91,100.00000759636038,24.572662827857442,1386.5578543289587,16.000002731772334,125.51282961294854,2.3802711264901408e-05,165.7502180203603,-1.2533304845825463e-05,7.752873908704889e-08,2.419377173899449e-07
248,2023-06-11T06:00:00Z,100.00000759636038,24.572662827857442,1386.5578543289587,16.000002731772334,2.5130815187958052e-05,1.9921265406444436e-05,1.157345802060535e-05,2.260696313211595e-06,8.086374492118629e-06,3.5202502939146596e-06,1.6576267509004462e-05,0.00016268347598807553,0.003679311910668057,66.5,146.46780646222263,0.02844,14.3,177.53,100.00001097062483,24.5726629179071,1379.6249189501052,16.022508192369486,79.96783259115887,3.336984593263883e-05,142.02417947705442,-1.6793578423634368e-05,2.2570500190199456e-07,1.3565534432712842e-07
249,2023-06-11T07:00:00Z,100.00001097062483,24.5726629179071,1379.6249189501052,16.022508192369486,2.7387691099328244e-05,2.462659537721845e-05,28.794714860190798,1.9517170677610956e-06,1.1733090199555306e-05,5.109854258510389e-06,2.3633274116593907e-05,0.00017446342485579218,0.26495611200947466,155.435,129.40125454207515,0.0159,15.34,385.46,100.00001161010476,25.13421589587559,1372.726643525204,17.569157907940433,2.76098705458905,4.749077336180163e-05,308.3681983209241,-2.385749924520772e-05,0.5615530950832289,1.1711473553921966e-07
250,2023-06-11T08:00:00Z,100.00001161010476,25.13421589587559,1372.726643525204,17.569157907940433,3.595988239742416e-05,2.6277029826944984e-05,249.99998804623937,1.7019293926777658e-06,2.0295302424982732e-05,8.862583380928816e-06,4.037731101872192e-05,0.0001854622879521185,0.332779254225944,159.705,128.82998920583591,0.0,16.07,392.42,100.00001875968579,30.009703109382848,1365.8628652226012,18.236602255575814,219.12501439088427,8.099886660943352e-05,313.9362260838435,-4.06215555907116e-05,4.875487315633231,1.0212597615828178e-07
251,2023-06-11T09:00:00Z,100.00001875968579,30.009703109382848,1365.8628652226012,18.236602255575814,3.0201640089967928e-05,3.995692177999388e-05,249.9999917397604,1.650687194866289e-06,3.159131454451176e-05,1.3823633317528115e-05,6.258015866208399e-05,0.00019588787919843652,0.39072789125505836,69.38,146.13128521530007,-0.00792,16.34,181.63,100.00000613146676,34.88519039799581,1359.0334175887674,17.122338089404284,326.7513109640395,0.0001254104789265504,145.30425871819946,-6.28303202644664e-05,4.875487387664095,9.905113680565791e-08
252,2023-06-11T10:00:00Z,100.00000613146676,34.88519039799581,1359.0334175887674,17.122338089404284,5.3305451666221905e-05,4.085808677658368e-05,249.9999963875752,1.316970725224711e-06,174.9999863484272,599.9999864554171,672.0761222659703,0.00011106016717353266,0.49234817143878806,50.795,149.7033351338535,-0.03995,16.42,138.11,100.00001474419331,39.76067779727521,2024.3142617066267,20.17588351274506,1123.908315455667,1206.4999397322376,644.9119285264346,-534.4238174662673,4.875487478305547,7.902614612809547e-08
253,2023-06-11T11:00:00Z,100.00001474419331,39.76067779727521,2024.3142617066267,20.17588351274506,499.9999780294424,1.1559965725811027e-05,249.999997437948,1.176442899498948e-06,174.99999485810847,599.999994964358,799.9194298175031,0.00010770355800214869,0.4213356001225499,39.195,151.95474435411825,-0.06667,16.48,110.68,579.999981610827,44.63616522547144,2814.1120125120383,19.99263837564375,1637.7596969075664,1206.499977841604,495.12465572765893,-406.58054802410095,4.875487498789865,7.059363333327022e-08
254,2023-06-11T12:00:00Z,579.999981610827,44.63616522547144,2814.1120125120383,19.99263837564375,333.3333751151909,2.7308811241164018e-05,249.9999968945693,1.3311100079377252e-06,174.99999283509771,599.9999929415219,799.9584999622111,0.00011442347421222802,0.11366484982082428,83.235,143.41367095051825,-0.05689,16.75,214.74,899.999993274732,49.51165263378977,3599.999837988215,23.952687739353692,1418.5120000969769,1206.4999688667258,578.3335833279889,-406.54146890451466,4.875487488192921,7.987458793505702e-08
255,2023-06-11T13:00:00Z,899.999993274732,49.51165263378977,3599.999837988215,23.952687739353692,4.6125684020419526e-05,4.724335702834287e-05,249.99999326835575,1.8368352601708893e-06,5.142948772230932,6.78727277530476e-05,18.00021837688365,9.925156631143677e-05,0.0008846766596329212,123.03499999999995,135.6441340642529,-0.02001,17.07,309.4,899.9999883435584,54.38713994104332,3599.9999579235914,22.62093923613543,267.7521410230591,18.00038918259342,247.5202700572761,-0.00017080570976801823,4.875487417474686,1.1022113772402576e-07
256,2023-06-11T14:00:00Z,899.9999883435584,54.38713994104332,3599.9999579235914,22.62093923613543,4.552436200466698e-05,3.9189436274601474e-05,249.9999840479193,2.3750571685157545e-06,5.14286673179924,1.4125370662681278e-05,18.000013373607835,3.1131149265619996e-05,0.0005190682597055874,90.695,141.84269127586035,-0.0001,17.96,233.88,899.9999912246165,59.26262703618383,3599.9999403764323,21.610650394666624,306.2905601408181,18.000049207954316,187.10406696549575,-3.583434648035677e-05,4.875487237658192,1.4251768187913318e-07
257,2023-06-11T15:00:00Z,899.9999912246165,59.26262703618383,3599.9999403764323,21.610650394666624,4.0650903523748094e-05,3.3678913832682037e-05,2.1896408959192196e-05,3.6647494590281797e-06,4.2154203557105684e-05,6.536360689291362e-06,0.00013663082098774857,2.1262449366612647e-05,0.00020272022213987993,105.71,138.87884195235472,0.02792,18.42,269.99,899.999995167282,59.26262724329955,3582.0000560429216,22.043588229988632,33.16891584656816,0.0001565760341535881,215.9920412076625,-1.9945213165839526e-05,4.2702267697194504e-07,2.1990695823751454e-07
258,2023-06-11T16:00:00Z,899.999995167282,59.26262724329955,3582.0000560429216,22.043588229988632,2.225849755638336e-05,4.2895506776253356e-05,3.973192984164624e-06,2.517499596369319e-05,7.0701447251228865e-06,2.9352248496520626e-06,3.1596482038410605e-05,2.1872184068927187e-05,9.693770947769449e-05,81.18499999999999,143.648415039835,0.0838199999999999,18.52,211.88,899.9999718526201,59.262625810133734,3564.090065487005,21.436816246755033,62.463383206392365,4.527387631367088e-05,169.5040355495783,-1.3677394275260272e-05,7.748501169237942e-08,1.5106508229038819e-06
259,2023-06-11T17:00:00Z,899.9999718526201,59.262625810133734,3564.090065487005,21.436816246755033,1.4433932367234351e-05,0.0007827893321405846,3.2397941364514785e-06,0.0007111448636611154,3.3150377644797076e-06,2.3082752674422797e-06,0.0004886503741022346,2.2042034171265386e-05,5.5249302476210155e-05,58.535,147.93618819574561,0.09991,18.55,159.64,899.9991703036408,59.26258320035692,3546.2700817679097,20.481332106351175,89.39971755858934,0.0005116892292532277,127.71204508088931,-2.303885515099306e-05,6.318230389119295e-08,4.267295911557848e-05
260,2023-06-11T18:00:00Z,899.9991703036408,59.26258320035692,3546.2700817679097,20.481332106351175,1.4179026534644308e-05,125.05840086608974,3.3110352163800247e-06,0.009158691888271436,4.225114534662039e-06,2.4417560399246334e-06,0.006411685627817463,1.55189485915163e-05,4.9661087795582834e-05,28.285,153.55773458641025,0.1105999999999999,18.52,91.15,769.7300163466628,59.26203368845762,3528.545127525749,19.124927332572955,0.20519918536455153,0.006428289561140847,72.92003212288192,-1.660393332338344e-05,6.457164388379887e-08,0.0005495764709433805
261,2023-06-11T19:00:00Z,769.7300163466628,59.26203368845762,3528.545127525749,19.124927332572955,1.4303885510922975e-05,156.07021761263778,3.362412245967541e-06,0.000639317990552413,4.5894475931550915e-06,2.4988901183917733e-06,0.00045042884201560666,1.5124446531021241e-05,0.9999077455658517,6.074999999999999,158.81074917251826,0.1256,17.84,27.15,607.1568867318952,59.26199539111549,3510.902837192516,17.716822452568525,-3.335083003474571,0.00046605956117993976,21.720030755165695,-1.5630719164333104e-05,6.557359615598264e-08,3.8362915724717255e-05
262,2023-06-11T20:00:00Z,607.1568867318952,59.26199539111549,3510.902837192516,17.716822452568525,1.4300449114513359e-05,120.47564079283842,3.354600914272664e-06,0.00046280493622555003,4.659735184842042e-06,2.496752939497159e-06,0.00032618798164884915,1.6234576521488665e-05,0.9999962797911549,0.0,120.0,0.119,16.92,0.0,481.66144130111957,59.26196768546347,3493.3486329599586,16.672183646255508,-0.4760787862364909,0.0003427443139149343,3.279090878757384e-05,-1.655633226608518e-05,6.542125995431238e-08,2.777107328086109e-05
263,2023-06-11T21:00:00Z,481.66144130111957,59.26196768546347,3493.3486329599586,16.672183646255508,1.6274647084339176e-05,0.00012702845778403424,3.4339852102688796e-06,0.00023659140016518435,5.786580860061372e-06,2.6104647719380623e-06,7.785170671558538e-05,54.24608157431206,0.9999985066183462,0.0,120.0,0.0989,16.05,0.0,481.6613246034706,59.261953555529175,3421.6358860725536,16.000000012523085,119.99966448581998,0.00018845137325006252,54.24619217397859,-0.00011059966653447714,6.696940854109727e-08,1.419690370028109e-05
264,2023-06-11T22:00:00Z,481.6613246034706,59.261953555529175,3421.6358860725536,16.000000012523085,2.2168455799722725e-05,4.152410201341899e-05,3.64173833131112e-06,8.154097227383037e-05,8.661932647523869e-06,2.8371286776688905e-06,4.0962633329492134e-05,102.74998740181172,1.1404449091831378e-07,0.0,120.0,0.09433,15.35,0.0,481.6613026309152,59.261948733602544,3301.7777602030123,16.000000395435556,119.99991424418117,9.0204202248907e-05,102.75003664338064,-4.9241568919414866e-05,7.10209995605229e-08,4.892947631192942e-06
265,2023-06-11T23:00:00Z,481.6613026309152,59.261948733602544,3301.7777602030123,16.000000395435556,8.176727548130093e-05,1.7475720645274555e-05,4.141985753716716e-06,2.4050953333296625e-05,1.5418497448441933e-05,3.208059461003384e-06,3.411351291704127e-05,116.74998850893505,6.999531501278812e-08,0.0,120.0,0.08508,14.95,0.0,481.661362923624,59.261947371177826,3168.518917006575,16.00000039243633,120.00006300914418,7.397638726924774e-05,116.75002837180939,-3.9862874352206474e-05,8.077679987746371e-08,1.4432015201498126e-06
266,2023-06-12T00:00:00Z,481.661362923624,59.261947371177826,3168.518917006575,16.00000039243633,8.313887786625858e-05,1.7392130509550472e-05,4.141417997736262e-06,2.3954531176029507e-05,1.556073308257627e-05,3.208415892020875e-06,3.425674996177607e-05,128.99998804161342,5.212351615976893e-08,0.0,120.0,0.08502,14.6,0.0,481.66142462014415,59.26194601452794,3023.6763686366785,16.00000038996599,120.00006470278316,7.440706934533826e-05,129.0000281919328,-4.015031938356219e-05,8.076572752860997e-08,1.4374156121229827e-06
267,2023-06-12T01:00:00Z,481.66142462014415,59.26194601452794,3023.6763686366785,16.00000038996599,378.0718524956831,1.3795654996431961e-05,4.361592089819192e-06,1.8304077768698033e-05,1.7825442827753002e-05,3.333630616823199e-06,3.5933379794409514e-05,143.6999854392291,3.9810060522513234e-08,0.0,120.0,0.08163,14.18,0.0,844.610388645526,59.261945001232995,2864.858037287646,16.000000387608498,498.0718459166159,7.85021986458791e-05,143.70002800804795,-4.2568818851469585e-05,8.505955170664492e-08,1.0983545015720392e-06
268,2023-06-12T02:00:00Z,844.610388645526,59.261945001232995,2864.858037287646,16.000000387608498,0.00012152946306220466,1.6296480690969574e-05,4.208357772429896e-06,2.192997833964794e-05,1.6493142820243868e-05,3.2502802615866524e-06,3.49679619082565e-05,156.29998654516874,3.3048410349718587e-08,0.0,120.0,0.08395,13.82,0.0,844.6104883383099,59.261943767373886,2694.2337955240005,16.00000038575588,120.00010725478487,7.629476216757788e-05,156.300027871969,-4.1326800259321385e-05,8.207118368075106e-08,1.3159302934082174e-06
269,2023-06-12T03:00:00Z,844.6104883383099,59.261943767373886,2694.2337955240005,16.00000038575588,2.0856618477018146e-05,4.653777718702217e-05,3.593782824977636e-06,9.831551043521861e-05,8.252285748948974e-06,2.7975162873572232e-06,4.476889472259151e-05,167.4999720187381,2.8655355604091045e-08,0.0,120.0,0.09508,13.5,0.0,844.6104598838124,59.26193793793908,2513.2626992965374,16.000000383859273,119.99989064691572,0.00010047339855045808,167.50002772324194,-5.5704503827866574e-05,7.008577366443035e-08,5.899520578170934e-06
270,2023-06-12T04:00:00Z,844.6104598838124,59.26193793793908,2513.2626992965374,16.000000383859273,1.4088038498735736e-05,156.36313681934013,3.320464464480556e-06,0.002007970878111845,4.925718262715637e-06,2.494206652131144e-06,0.0001958024058376692,165.95479800807408,2.7559738050822135e-08,0.0,156.9645627796053,0.1072,13.42,5.43,681.7322058881833,59.261817512392895,2334.7417835943866,16.000000380969595,0.5994428178149455,0.001425288893183406,170.30002749456142,-0.0012294864873457368,6.475553261063191e-08,0.00012049030171688239
271,2023-06-12T05:00:00Z,681.7322058881833,59.261817512392895,2334.7417835943866,16.000000380969595,1.3386260194409204e-05,499.99879516021355,3.2873154797369735e-06,30.631383466000827,4.839670039643472e-06,2.4714707413629515e-06,0.00026241307200868604,53.204293227419576,3.899204108352207e-08,28.39999999999995,150.95166455363272,0.12636,14.19,85.88,160.90014044710392,57.42375076186045,2269.8640438620673,16.000000222947378,-408.0784900878652,21.441987811801752,143.35001862614934,-21.441725398729744,6.410906276114711e-08,1.8380668146415138
272,2023-06-12T06:00:00Z,160.90014044710392,57.42375076186045,2269.8640438620673,16.000000222947378,1.4096356714650033e-05,58.46412441882186,3.3695563513127848e-06,7.321594788790597e-05,6.16580190303127e-06,2.553878720769609e-06,6.33397593869929e-05,1.3876651067783415e-05,0.9983233291357971,83.165,139.9363638632184,0.12439,15.58,233.26,100.00002437666691,57.423746434177154,2258.5147731058655,16.031502676813435,-1.6928075859576972,7.535981011570552e-05,186.60802589670178,-1.2020050728712623e-05,6.571292014261358e-08,4.393396212895648e-06
273,2023-06-12T07:00:00Z,100.00002437666691,57.423746434177154,2258.5147731058655,16.031502676813435,2.700659348509029e-05,3.337088000080808e-05,4.4886446467742746e-06,1.2091154787079001e-05,1.3875399157256615e-05,3.257987670935784e-06,4.893645458198962e-05,1.3765671897252623e-05,0.9999377311232822,177.52499999999998,127.4740810764109,0.10601,17.28,443.55,100.00001554166332,57.42374579617264,2247.2222344111187,18.252671443443322,-50.050915756998904,6.025311319557988e-05,354.8400250823305,-1.1316658613590258e-05,8.753732434453282e-08,7.255418414088809e-07
274,2023-06-12T08:00:00Z,100.00001554166332,57.42374579617264,2247.2222344111187,18.252671443443322,3.847292912161179e-05,2.7876828306412973e-05,6.68797373980034e-06,6.15316456711865e-06,2.905831254277475e-05,4.167049070273466e-06,9.757597739173132e-05,1.3502143608204539e-05,0.9999969710897303,259.29,127.4740810764109,0.08603,18.9,636.92,100.00002343731245,57.423745557374374,2235.9862073128966,20.526257978993442,-131.81587456731754,0.00011013668767626542,509.53602606285386,-1.2560710284534099e-05,1.3042853077918457e-07,3.692267967067897e-07
275,2023-06-12T09:00:00Z,100.00002343731245,57.423745557374374,2235.9862073128966,20.526257978993442,194.79814811637718,1.6653403600813572e-05,1.2172025222222976e-05,4.216032477665965e-06,0.0008044146007767659,5.57402778765371e-06,0.002811662429829604,1.1589753188140268e-05,0.9999998188346896,323.4,127.4740810764109,0.06441,20.34,801.99,287.00622828173914,57.423745541765356,2224.8090763490086,22.5503158768605,-1.1269695159941837,0.0028239206129628243,641.5920238479363,-1.2258183133220194e-05,2.3737822965631372e-07,2.529872473846964e-07
276,2023-06-12T10:00:00Z,287.00622828173914,57.423745541765356,2224.8090763490086,22.5503158768605,250.84703611647885,1.6620878066293466e-05,1.199876034454168e-05,4.32922862981115e-06,0.0016131266953178529,5.607285742106935e-06,0.005650007476267424,4.249445349455643e-06,0.9999999882869464,377.88,127.4740810764109,0.05,21.62,952.85,527.8193656401442,57.42374551598489,2213.6906767252945,24.362651189420067,0.4427269755244283,0.0056545251065380385,762.2800087670757,-4.517630270614234e-06,2.3399922664122692e-07,2.597796957582448e-07
277,2023-06-12T11:00:00Z,527.8193656401442,57.42374551598489,2213.6906767252945,24.362651189420067,373.5364864754989,1.630297493733011e-05,1.17502861353129e-05,4.393410542462716e-06,105.91732264746652,5.587114776097381e-06,370.7106333776331,4.191449459990735e-06,0.9999999883160091,365.75,127.4740810764109,0.04256,22.61,930.03,886.4143756743574,57.42374548150739,2573.3328525278516,25.34825764768047,241.17788684039184,370.7106378727638,744.0240086865801,-4.4951307245355565e-06,2.291534949881004e-07,2.636309956473277e-07
278,2023-06-12T12:00:00Z,886.4143756743574,57.42374548150739,2573.3328525278516,25.34825764768047,14.151676583829587,1.7837120098993554e-05,1.8432276042030728e-05,3.839143343577694e-06,174.17404834580103,6.4928227536256395e-06,609.609173628691,4.36061132005624e-06,0.9999999863447012,316.22,127.4740810764109,0.05037,23.46,802.8,899.9999666145004,57.42374561060108,3170.075357533292,25.81144775168524,-0.4201907451231494,609.6091783255984,642.2400090575187,-4.696907353718416e-06,3.594653293525345e-07,2.3037163777843948e-07
279,2023-06-12T13:00:00Z,899.9999666145004,57.42374561060108,3170.075357533292,25.81144775168524,5.355838797950513e-05,2.4949353782667944e-05,9.541409105547184e-06,4.859629793904523e-06,2.576713545735512e-05,4.929556087594897e-06,9.36039726196149e-05,4.8349411302196416e-06,0.9999999704111627,164.61,127.4740810764109,0.07104,23.62,418.64,899.9999920416426,57.423745505070215,3154.225069514657,24.79485541945501,-37.13585493608408,9.846697548319504e-05,334.912009697944,-4.8630028635801386e-06,1.860760851666868e-07,2.9160694832910427e-07
280,2023-06-12T14:00:00Z,899.9999920416426,57.423745505070215,3154.225069514657,24.79485541945501,2.293510288281481e-05,3.9178076440680164e-05,3.988371450110952e-06,2.0085039711022507e-05,8.509939955339289e-06,2.956507557582215e-06,3.4527386987144624e-05,1.7485468930129434e-05,0.5482075582863748,43.13,148.17878047428428,0.0848199999999999,22.45,122.98,899.999973248845,57.42374437762833,3138.453961209002,22.856316647736623,105.04875960109,4.677126012340966e-05,98.38402972934206,-1.2243873136265036e-05,7.778102137930151e-08,1.2052229049518456e-06
281,2023-06-12T15:00:00Z,899.999973248845,57.42374437762833,3138.453961209002,22.856316647736623,1.8068998683665412e-05,5.7800089278406346e-05,3.323470897364973e-06,8.415328762509839e-05,4.71800541068737e-06,2.4567906911489212e-06,6.339484122100263e-05,1.730422434516191e-05,0.5128077916494486,41.54,148.46204814708025,0.0975999999999999,22.28,119.19,899.9999303866574,57.423739392740266,3122.761737493574,22.452724185120452,106.92193476096905,7.78525430592121e-05,95.35203176192618,-1.4457701838209471e-05,6.481416391500848e-08,5.049702227728676e-06
282,2023-06-12T16:00:00Z,899.9999303866574,57.423739392740266,3122.761737493574,22.452724185120452,1.5429633586635404e-05,0.0001045511282950614,3.0396029692135173e-06,129.40934530004805,3.4223958819998028e-06,2.2075924909523123e-06,90.58653737158924,1.6989063789116997e-05,0.5048780588452764,22.04,152.0675448583409,0.10968,22.8,70.95,899.9998362916804,49.658402200290396,3197.7344491886315,22.605656001966715,0.6181191063895142,90.58655587393578,56.76003549141032,-1.8502346534887693e-05,5.927818571823542e-08,7.765337251728056
283,2023-06-12T17:00:00Z,899.9998362916804,49.658402200290396,3197.7344491886315,22.605656001966715,1.2923731165349804e-05,267.99954744239375,2.870586448518227e-06,199.99993820140418,3.23877642156837e-06,2.11474493968441e-06,139.99995183698093,1.6771757130602492e-05,0.11877128903989247,75.87999999999995,141.45285491362216,0.13304,22.94,212.97,620.8336534459688,37.65720584454701,3321.745712007912,23.988034422827898,-402.4266095823367,139.9999701702979,170.3760351050741,-1.8333316972984903e-05,5.598203394950038e-08,12.001196411725424
284,2023-06-12T18:00:00Z,620.8336534459688,37.65720584454701,3321.745712007912,23.988034422827898,8.790498175423476e-06,499.9999698444033,2.5883748316515034e-06,199.99997981194113,2.901116681514106e-06,1.939552333575244e-06,139.99997988342614,1.6524144134673865e-05,0.02074475847802131,14.33,152.3209162068312,0.14178,22.58,67.56,100.00035996359361,25.656006986418035,3445.1369468071543,22.63638473187694,-562.0090172299712,139.99999794242396,54.04803458314197,-1.805899782425513e-05,5.047835705290961e-08,12.001198908607329
285,2023-06-12T19:00:00Z,100.00035996359361,25.656006986418035,3445.1369468071543,22.63638473187694,1.5325134672972508e-05,7.462864826128781e-05,2.9648318983281633e-06,148.6391263090369,3.3765962638011616e-06,2.156611397312251e-06,104.04738458565976,1.6321917964802792e-05,0.0032721925695752157,6.625,155.20591150232582,0.11693,19.57,28.96,100.00029693754762,16.73676754174558,3531.95863033686,19.694824349103726,-0.05826561218509596,104.04740236945803,23.168034105716238,-1.7783798270443185e-05,5.7820004017800965e-08,8.919239502492463
286,2023-06-12T20:00:00Z,100.00029693754762,16.73676754174558,3531.95863033686,19.694824349103726,1.519675892587825e-05,9.522753564999886e-05,2.971078156455413e-06,118.94963011183441,3.391832163957562e-06,2.1588410389255474e-06,83.26473740655337,1.6258185866325744e-05,0.9993513234670663,0.0,120.0,0.107,18.71,0.0,100.00021233108656,9.599076023819745,3597.563558333543,18.477376006513857,1.05029837914023,83.26475508694928,3.393858177986983e-05,-1.768039591354409e-05,5.7941818232703825e-08,7.137691575867652
287,2023-06-12T21:00:00Z,100.00021233108656,9.599076023819745,3597.563558333543,18.477376006513857,2.1202378668404648e-05,3.649374750332702e-05,3.195431792960859e-06,9.460279554413122e-05,4.505256055657858e-06,2.359987786671893e-06,7.019084422151071e-05,1.637195683049214e-05,0.999950561195669,0.0,120.0,0.0980999999999999,17.69,0.0,100.00019467104977,9.59907040940149,3579.5757943607628,17.44140549550702,119.99990016651125,8.432674098449953e-05,3.0507853593480957e-05,-1.4135896762988817e-05,6.231715167790454e-08,5.676735406188493e-06
288,2023-06-12T22:00:00Z,100.00019467104977,9.59907040940149,3579.5757943607628,17.44140549550702,5.41381870778595e-05,1.8033914994614183e-05,3.6049818601401357e-06,2.851991752743355e-05,7.278012065851086e-06,2.7049902401068207e-06,3.563680754819193e-05,1.7643579452536447e-05,0.9999963070974025,0.0,120.0,0.08911,16.93,0.0,100.00022785838124,9.599068768339478,3561.677933382187,16.658941150798594,120.00002117233872,4.8114924837388035e-05,3.0121696741732555e-05,-1.2478117289196108e-05,7.030417669040169e-08,1.7113661882648395e-06
289,2023-06-12T23:00:00Z,100.00022785838124,9.599068768339478,3561.677933382187,16.658941150798594,0.02665617122544957,1.3330265490374806e-05,3.9755092046023635e-06,1.8760286960307702e-05,1.2085104868548717e-05,3.008018958263455e-06,2.7338270151349077e-05,70.12206925872498,7.433932083535531e-07,0.0,120.0,0.08278,15.89,0.0,100.02580389706445,9.59906772013987,3473.7475017948213,16.000000440872526,120.02664314930604,5.840800668081672e-05,70.12210032846151,-3.106973652946765e-05,7.75301825079969e-08,1.125729790597522e-06
290,2023-06-13T00:00:00Z,100.02580389706445,9.59906772013987,3473.7475017948213,16.000000440872526,0.0004990113635434792,1.37368388638285e-05,3.955738816437056e-06,1.9576620818139894e-05,1.1963683944645265e-05,3.00012947552984e-06,2.7340505358348697e-05,101.70000046240027,1.314190415095111e-07,0.0,120.0,0.08329,15.38,0.0,100.02626863876631,9.59906662256977,3354.6787911639526,16.00000043983444,120.00048461745611,5.854665655973089e-05,101.70003166855147,-3.12061512013822e-05,7.714462138266087e-08,1.1747147205604497e-06
291,2023-06-13T01:00:00Z,100.02626863876631,9.59906662256977,3354.6787911639526,16.00000043983444,195.2347810609597,1.3122213772213277e-05,3.99553127049034e-06,1.8887025368609124e-05,1.2273634791115524e-05,3.0258600199047396e-06,2.759388460127764e-05,113.5999999583821,8.452335715133255e-08,0.0,120.0,0.08275,15.04,0.0,287.451644788315,9.599065567155566,3224.3054248436356,16.000000438330698,315.2347683467466,5.917424094663641e-05,113.60003153873845,-3.158035634535877e-05,7.792065183974561e-08,1.1333348556021078e-06
292,2023-06-13T02:00:00Z,287.451644788315,9.599065567155566,3224.3054248436356,16.000000438330698,0.0001296341838916392,1.4986898453344492e-05,3.879604152256755e-06,2.2377210430453962e-05,1.148682275296961e-05,2.9612111159902195e-06,2.7420577601026228e-05,119.90000004423919,7.091066200709138e-08,0.0,120.0,0.08477,14.86,0.0,287.45175362577896,9.59906430004851,3088.283925095756,16.00000043678997,120.00011059771303,5.879952594154172e-05,119.90003142318753,-3.137894834051549e-05,7.565984695370211e-08,1.3427669025174896e-06
293,2023-06-13T03:00:00Z,287.45175362577896,9.59906430004851,3088.283925095756,16.00000043678997,3.6042937062517646e-05,2.1564240445289888e-05,3.59834032026944e-06,3.931318458255298e-05,8.983750450388631e-06,2.7741144964873988e-06,2.8682338687614196e-05,123.04999828313734,6.548749702781798e-08,0.0,120.0,0.09004,14.77,0.0,287.4517657642481,9.599062011196187,2949.7925358694783,16.000000435212936,119.9999905217173,6.170872913566982e-05,123.0500313095278,-3.302639044805563e-05,7.017465371062515e-08,2.359026977650944e-06
294,2023-06-13T04:00:00Z,287.4517657642481,9.599062011196187,2949.7925358694783,16.000000435212936,2.0757160456194573e-05,3.886943250644509e-05,3.372998075282612e-06,7.052187558840175e-05,6.636048631721086e-06,2.576019257346717e-06,3.447769552905731e-05,105.22799061639381,6.187043887374507e-08,5.555,152.15168886076384,0.0955999999999999,14.7,25.34,287.4517452021299,9.59905784524052,2829.8156170514326,16.0000004345264,146.59661281168215,7.514174218767826e-05,125.50003128044048,-4.066404665862095e-05,6.578004047205816e-08,4.231735708874993e-06
295,2023-06-13T05:00:00Z,287.4517452021299,9.59905784524052,2829.8156170514326,16.0000004345264,1.3361847360655838e-05,124.56697153066969,3.135115056118276e-06,0.0001865753883407565,4.540568439902423e-06,2.3307511848187553e-06,6.36669359600909e-05,37.68193641857692,1.2786813693379377e-07,24.035,148.41806671016067,0.1172,15.37,80.46,157.6944960183891,9.599046710738513,2777.9846662145346,16.000000259613504,-0.184068027615325,0.00014880220505115858,102.050021553846,-8.513526909106768e-05,6.11408576800744e-08,1.1195642864731863e-05
296,2023-06-13T06:00:00Z,157.6944960183891,9.599046710738513,2777.9846662145346,16.000000259613504,1.3571116747720686e-05,55.38671105717424,3.321630127053645e-06,2.5817742004068692e-05,6.282638091691481e-06,2.4591909264464342e-06,3.1351343690600704e-05,1.599824133542708e-05,0.9982517626341122,82.80999999999999,137.74960719056708,0.12004,16.25,237.96,100.00001836210465,9.599045226297337,2764.0947582365643,16.661610232036466,-0.44710404977327767,4.249625174095024e-05,190.3680271431494,-1.1144908050349533e-05,6.47782653040765e-08,1.5492194421883405e-06
297,2023-06-13T07:00:00Z,100.00001836210465,9.599045226297337,2764.0947582365643,16.661610232036466,2.933245719476114e-05,2.9271451292745905e-05,4.824898041937554e-06,7.534591585828611e-06,1.173609095245636e-05,3.2175799393661093e-06,3.7711692815037326e-05,1.5959318781926926e-05,0.9999404890949198,179.04499999999996,126.77362509180547,0.10312,18.11,454.48,100.00001603016845,9.59904486827155,2750.274306197756,19.100570804836547,-52.27136260321124,4.953593658364973e-05,363.5840277835626,-1.1824243768612406e-05,9.40949213099133e-08,4.521207072204387e-07
298,2023-06-13T08:00:00Z,100.00001603016845,9.59904486827155,2750.274306197756,19.100570804836547,3.786168913545783e-05,2.7183989150206378e-05,7.177331078333012e-06,4.83146583521066e-06,1.9075068251704973e-05,4.01738329475878e-06,6.093030970032416e-05,1.5638866044729368e-05,0.9999971669096689,258.68,126.77362509180547,0.08508,19.45,651.02,100.00002406073466,9.599044718326562,2736.5229799582107,21.144608003101503,-131.90633879217776,7.412197442742607e-05,520.8160288305309,-1.319166472710191e-05,1.3997195322281603e-07,2.899169418068203e-07
299,2023-06-13T09:00:00Z,100.00002406073466,9.599044718326562,2736.5229799582107,21.144608003101503,3.492235029671691e-05,3.215443190011891e-05,9.823372633332333e-06,4.039177915449214e-06,2.874785644500923e-05,4.656618414586492e-06,9.58335670048294e-05,1.311649590581782e-05,0.9999998326380026,325.785,126.77362509180547,0.07499,20.7,835.31,100.00002409199105,9.599044667526574,2722.8404477754907,23.035546984673143,-199.0113329516066,0.00010805497432878739,668.2480253379033,-1.2221407323957987e-05,1.9157492384236477e-07,2.4237491241819467e-07
300,2023-06-13T10:00:00Z,100.00002409199105,9.599044667526574,2722.8404477754907,23.035546984673143,237.3078197857889,1.7166468984243152e-05,2.7982129351943084e-05,3.1631628475202083e-06,0.0009358070980539044,6.5351242597517844e-06,0.003279375392141445,4.362314183229116e-06,0.9999999888209705,363.74,126.77362509180547,0.04,21.73,959.14,327.81551320460983,9.599045023423916,2709.229520549691,24.52287652412028,0.34239487231420757,0.0032840088301990837,767.3120089957523,-4.633438057638755e-06,5.457060929721874e-07,1.8980875172638515e-07
301,2023-06-13T11:00:00Z,327.81551320460983,9.599045023423916,2709.229520549691,24.52287652412028,499.9997535755281,1.5766530302296333e-05,2.9978000343034235e-05,3.2420631965683466e-06,174.99966621974238,6.829254656049288e-06,612.4988360954355,4.366784569574859e-06,0.9999999882959077,340.71,126.77362509180547,0.03043,22.58,916.33,807.8152602136477,9.599045413510138,3308.1822046755938,25.290907920530692,461.06306268573746,612.4988407995048,733.0640090708539,-4.7040692834343645e-06,5.846294696361312e-07,1.9454324611871266e-07
302,2023-06-13T12:00:00Z,807.8152602136477,9.599045413510138,3308.1822046755938,25.290907920530692,96.02562302823749,1.8114929007762157e-05,2.754621450969632e-05,3.343185868801967e-06,88.10239944129637,6.78892462072254e-06,308.35840231298255,4.482570144029669e-06,0.999999979508671,209.535,126.77362509180547,0.03155,23.09,552.48,899.9998394510379,9.599045750103828,3599.999691482628,24.684148263790316,101.3666604383636,308.35840710580277,441.98400927539035,-4.792820220700378e-06,5.372049034294212e-07,2.0061121324944297e-07
303,2023-06-13T13:00:00Z,899.9998394510379,9.599045750103828,3599.999691482628,24.684148263790316,0.00015513574442079544,2.1105958106643707e-05,2.105396072472739e-05,3.5849541800196886e-06,5.142922569560784,6.519343218683331e-06,18.00023314758166,4.528766717283578e-06,0.999999977854993,211.165,126.77362509180547,0.0600399999999999,23.45,549.71,899.9999663959795,9.599045945578359,3599.9999216440297,24.956760018921198,-79.24829432049766,18.000237957080458,439.7680093382656,-4.809498797442302e-06,4.105932934615303e-07,2.1511876267744908e-07
304,2023-06-13T14:00:00Z,899.9999663959795,9.599045945578359,3599.9999216440297,24.956760018921198,4.262209928337921e-05,3.097668299352162e-05,1.0812042981793913e-05,4.506709323678637e-06,5.142677893007482,5.369073635259244e-06,17.999376534309324,4.289159067019267e-06,0.9999999855678628,309.05,126.77362509180547,0.0730799999999999,23.77,809.76,899.9999750458167,9.59904588600468,3599.9992942809595,26.086086707217703,-177.13367369536348,17.999381095605614,647.8080088504554,-4.561296290006567e-06,2.1085592373735505e-07,2.7042960238095636e-07
305,2023-06-13T15:00:00Z,899.9999750458167,9.59904588600468,3599.9992942809595,26.086086707217703,3.9761034659101457e-05,2.9734175361077412e-05,7.558428751991332e-06,5.680407248613056e-06,6.112707954443075e-05,4.531946647692736e-06,0.00021794706869085633,4.283670158979432e-06,0.9999999822714785,253.485,126.77362509180547,0.0846,23.82,651.86,899.9999822433106,9.59904569255026,3581.9995114729536,25.73022080228432,-126.71129734428756,0.0002224076906607526,521.4880087442922,-4.460621969896262e-06,1.474041010739384e-07,3.4085852076886025e-07
306,2023-06-13T16:00:00Z,899.9999822433106,9.59904569255026,3581.9995114729536,25.73022080228432,3.4684283003275696e-05,2.924654106755622e-05,5.278098565973168e-06,8.923475297360681e-06,2.238833783459572e-05,3.6779035825565778e-06,8.370699741679285e-05,4.522025756634502e-06,0.9999999714729657,177.78,126.77362509180547,0.10117,23.65,460.65,899.9999850750754,9.599045260021411,3564.0895931005603,24.947164624795608,-51.0063470495879,8.824673967596851e-05,368.52000906176795,-4.5397422591756645e-06,1.0293321535801258e-07,5.354620640480456e-07
307,2023-06-13T17:00:00Z,899.9999850750754,9.599045260021411,3564.0895931005603,24.947164624795608,1.4559163978413593e-05,49.653403371445954,3.4373026582985946e-06,0.00010211452280748493,8.808982069525663e-06,2.6879885195398195e-06,9.448854099418055e-05,1.1134572999687062e-05,0.7941083760199616,86.41,136.69698585130047,0.11195,23.05,253.5,848.2777038732833,9.599039199571399,3546.2692284890254,23.806210096104483,0.6335098587689492,0.00010497271184292369,202.80002161874387,-1.0484170848743142e-05,6.703410524734733e-08,6.127484116860783e-06
308,2023-06-13T18:00:00Z,848.2777038732833,9.599039199571399,3546.2692284890254,23.806210096104483,1.4554493652038282e-05,130.41402012733548,3.4691853678314087e-06,0.00010351953805224638,9.391861582525956e-06,2.724222258984115e-06,9.765789544157139e-05,1.0966726002795277e-05,0.5049171483148797,18.435,148.72491192681946,0.12018,22.41,75.93,712.4297802129561,9.599033055433816,3528.5379690377495,22.472695667788678,-0.12418158029118713,0.00010803217221180757,60.74402134100278,-1.0374276770236184e-05,6.765588026073855e-08,6.211793462481031e-06
309,2023-06-13T19:00:00Z,712.4297802129561,9.599033055433816,3528.5379690377495,22.472695667788678,1.4666173838690797e-05,152.53923263079528,3.6472391269864802e-06,2.6937781493575527e-05,1.3163910318079876e-05,2.8238408683241735e-06,5.8092585870501864e-05,1.0911295983869095e-05,0.5023160315194614,0.455,153.3160750140452,0.11481,20.74,8.15,553.5347603020712,9.599031510133559,3510.8953263738504,20.50082545953956,0.321849746632571,6.772573561842336e-05,6.520020544445732,-9.633149747921495e-06,7.112827580381676e-08,1.6164285324677784e-06
310,2023-06-13T20:00:00Z,553.5347603020712,9.599031510133559,3510.8953263738504,20.50082545953956,1.5962603842761106e-05,0.00026450436762493395,3.742574296548674e-06,2.409083303951615e-05,1.414077578189904e-05,2.8893289837036106e-06,5.9507894030767954e-05,1.0965280968821833e-05,0.5490646451020031,0.0,120.0,0.105,19.64,0.0,553.5345001007879,9.599030137526514,3493.340898284594,19.26530929039056,119.99974814008223,6.921673405817451e-05,2.067412099622839e-05,-9.708840027406558e-06,7.29874975324524e-08,1.4455945418251515e-06
311,2023-06-13T21:00:00Z,553.5345001007879,9.599030137526514,3493.340898284594,19.26530929039056,2.4889793615856583e-05,3.89749915355588e-05,4.118531847148462e-06,1.5337746461825036e-05,1.8457578213542756e-05,3.1083299285402174e-06,6.848882202660397e-05,1.0976102054758761e-05,0.7438001484679515,0.0,120.0,0.09838,18.89,0.0,553.5344833960402,9.599029297489093,3475.8742513058905,18.537197570440124,119.99999626149561,7.841519289993199e-05,2.090247292808678e-05,-9.92637087332802e-06,8.031940295969097e-08,9.203568233918413e-07
312,2023-06-13T22:00:00Z,553.5344833960402,9.599029297489093,3475.8742513058905,18.537197570440124,3.0253766810813898e-05,3.077579414887397e-05,4.261427891831489e-06,1.3823637965356484e-05,2.0359918734810718e-05,3.1908459274856165e-06,7.40680334439517e-05,1.096769716304022e-05,0.9558753812509869,0.0,120.0,0.09628,18.43,0.0,553.5344803815374,9.599028551094019,3458.4949431496975,18.11516579488628,120.00001346652725,8.409519961579782e-05,2.0994863334886338e-05,-1.0027166171846117e-05,8.310615450616466e-08,8.295012280441935e-07
313,2023-06-13T23:00:00Z,553.5344803815374,9.599028551094019,3458.4949431496975,18.11516579488628,0.0001258528922210739,1.7403622501573406e-05,4.806595206216194e-06,1.0069369123526632e-05,2.8781736790168167e-05,3.4706953482594324e-06,0.00010082700125826333,1.0963252735386933e-05,0.9954752954303585,0.0,120.0,0.08868,17.61,0.0,553.5345830715404,9.59902804060943,3441.2025582976976,17.337469778511927,120.00013543892793,0.00011122062554683407,2.1356877023957676e-05,-1.0393624288570743e-05,9.37379803192477e-08,6.042225696685648e-07
314,2023-06-14T00:00:00Z,553.5345830715404,9.59902804060943,3441.2025582976976,17.337469778511927,0.0004219872328740436,1.5941207242680653e-05,4.972774904543174e-06,9.531351598477118e-06,3.231940790060211e-05,3.5589567681607855e-06,0.00011279357607228485,1.097864065343053e-05,0.9996303607552313,0.0,120.0,0.08698,16.88,0.0,553.5349715738597,9.599027565649948,3423.996647321145,16.60447012072706,120.00043736581361,0.00012331324097152055,2.1498305552666227e-05,-1.0519664899235698e-05,9.697880851944384e-08,5.719382897376009e-07
315,2023-06-14T01:00:00Z,553.5349715738597,9.599027565649948,3423.996647321145,16.60447012072706,162.59230804057256,1.5188043627884414e-05,5.063715327738311e-06,9.347402852548352e-06,3.472653354273611e-05,3.6112246258361025e-06,0.00012100808106021196,1.105523024268982e-05,0.9999745397276927,0.0,120.0,0.08625,16.79,0.0,709.6235714719306,9.59902710350201,3406.87677403739,16.46218168060478,282.59232690659957,0.00013166116177593798,2.170831095841584e-05,-1.0653080715726022e-05,9.87523241233094e-08,5.60900261179019e-07
316,2023-06-14T02:00:00Z,709.6235714719306,9.59902710350201,3406.87677403739,16.46218168060478,0.00017007250813538325,1.7113894963359603e-05,4.94328793399165e-06,1.0012705759967088e-05,3.2516543595211106e-05,3.565252539147961e-06,0.0001129422558226481,1.1986341154437736e-05,0.9999980332045202,0.0,120.0,0.0880799999999999,16.89,0.0,709.6237169145645,9.599026599083338,3389.8424911231177,16.542457348641115,120.00018397099149,0.0001243463966289723,2.3390481960761927e-05,-1.1404140806324189e-05,9.640375508834602e-08,6.008224278408094e-07
317,2023-06-14T03:00:00Z,709.6237169145645,9.599026599083338,3389.8424911231177,16.542457348641115,2.7298539174329785e-05,3.67719983334607e-05,4.297551422396671e-06,1.6010371373435575e-05,3.270007090561626e-05,3.300917965332425e-06,5.70526658439675e-05,89.34876049084407,9.457718464977767e-08,0.0,120.0,0.09766,15.41,0.0,709.6237048169971,9.599025722175618,3283.544575229324,16.000000285973226,120.00001481470977,0.0001289254169167409,89.34883236359515,-7.18727510727734e-05,8.38106338001151e-08,9.607183542415588e-07
318,2023-06-14T04:00:00Z,709.6237048169971,9.599025722175618,3283.544575229324,16.000000285973226,1.6776032762916078e-05,0.00023024524970348455,3.906233890255024e-06,2.715780746201997e-05,2.4362988246063143e-05,3.0885539234215223e-06,4.8403227438235844e-05,103.70395528441247,7.307053943484166e-08,0.0,150.31231144486614,0.10478,15.24,3.62,709.6234810831868,9.599024168723385,3163.422945471992,16.0000001624626,150.3121021756178,0.00010733859246882227,106.6000142197775,-5.893536503058643e-05,7.617917877785074e-08,1.6296314108622847e-06
319,2023-06-14T05:00:00Z,709.6234810831868,9.599024168723385,3163.422945471992,16.0000001624626,1.2563943384007773e-05,499.99992015471577,3.692979324035226e-06,3.8299783048112395e-05,1.3466505393283887e-05,2.8950415156616904e-06,6.694200371082975e-05,1.0957159676388e-05,0.8954613798258492,8.89,148.39603695125257,0.13508,16.27,35.0,188.79024298341017,9.59902194252688,3147.605886729476,16.024709688894415,-360.49388888477665,7.680870811067735e-05,28.00002082386408,-9.866704399847604e-06,7.202029884857177e-08,2.2982168045672006e-06
320,2023-06-14T06:00:00Z,188.79024298341017,9.59902194252688,3147.605886729476,16.024709688894415,1.5586867881605235e-05,85.23841924564455,3.889214035299467e-06,2.4736744025768464e-05,1.643003385238002e-05,3.0189323395815636e-06,6.796133374447701e-05,1.0906161613713306e-05,0.49399980974944224,56.915,141.0234486907693,0.128,17.61,155.73,100.00023789925693,9.599020534021061,3131.8679143510008,17.684739009162783,-1.1299563665711665,7.780958231755374e-05,124.58402075441018,-9.848248573076732e-06,7.584725841418103e-08,1.4843530768537933e-06
321,2023-06-14T07:00:00Z,100.00023789925693,9.599020534021061,3131.8679143510008,17.684739009162783,1.8059370214018917e-05,0.0002224982535372237,4.072199439196238e-06,1.894747370898442e-05,1.886628165745754e-05,3.1230221746396053e-06,7.24524114123135e-05,1.0905037683614484e-05,0.4849111956702006,76.44,138.29742914344905,0.10332,18.17,200.37,100.00002346723822,9.599019476474773,3116.20863632662,18.629288380958982,61.85723181859528,8.238700935028369e-05,160.29602083963564,-9.934597937970191e-06,7.941583064739138e-08,1.1369621187509403e-06
322,2023-06-14T08:00:00Z,100.00002346723822,9.599019476474773,3116.20863632662,18.629288380958982,75.82880775217293,1.664326134998336e-05,6.7003538918468804e-06,6.448319188496052e-06,0.0003192426769846482,4.3243821300367e-06,0.0011147542619251412,1.0906338638241848e-05,0.5447524427669292,202.04499999999996,126.1066746131726,0.08766,18.96,501.38,172.79566157259367,9.599019220206895,3100.62869699291,20.866826733972264,-0.10921045882195657,0.0011261443311869524,401.1040222964079,-1.1390069261811141e-05,1.3066996788780295e-07,3.8693784509427256e-07
323,2023-06-14T09:00:00Z,172.79566157259367,9.599019220206895,3100.62869699291,20.866826733972264,104.68303337757078,1.6698822787242294e-05,6.7551057362347225e-06,6.4626253790933155e-06,0.00042709358977665224,4.357188780716748e-06,0.0014922315711381627,1.092190793837579e-05,0.6298466112870335,229.86,126.1066746131726,0.07779,19.86,571.18,273.29135622045453,9.599018964148328,3085.1270348176085,22.048744592427056,0.93012303517948,0.0015036650188765576,456.9440223553556,-1.14334477383949e-05,1.3173773563014013e-07,3.877963023758365e-07
324,2023-06-14T10:00:00Z,273.29135622045453,9.599018964148328,3085.1270348176085,22.048744592427056,499.9996780369687,1.537272806192795e-05,6.9536786095312386e-06,6.39166404129825e-06,4.8602769159072325,4.453475161925247e-06,17.01096653430839,1.0947313864567973e-05,0.7789455041017161,323.7,126.1066746131726,0.0728,20.35,809.82,753.2910311226861,9.599018716220426,3086.7123552305147,23.20057932187827,307.2666192088102,17.01097808878055,647.856022501786,-1.1554472159502893e-05,1.356102939152507e-07,3.835381962975248e-07
325,2023-06-14T11:00:00Z,753.2910311226861,9.599018716220426,3086.7123552305147,23.20057932187827,150.0786313388657,1.688066209480073e-05,6.85068447807569e-06,6.609181834713821e-06,0.001294135871348998,4.436767110744134e-06,0.004526940874214733,1.0985064539515251e-05,0.7194819664229966,273.835,126.1066746131726,0.0747999999999999,20.29,681.56,897.3664996239743,9.599018453231565,3071.283309410172,22.92298358561488,2.3515878855173717,0.004538494376445429,545.2480225385668,-1.1553502230696351e-05,1.336017074932253e-07,3.9659056913974326e-07
326,2023-06-14T12:00:00Z,897.3664996239743,9.599018453231565,3071.283309410172,22.92298358561488,2.7412481441740613,1.813527518816232e-05,8.688096099071438e-06,5.557910117630051e-06,12.107205404830045,5.0323335081026605e-06,42.375214781960274,1.2285181781243854e-05,0.5698040145067584,143.43999999999997,128.45530166939878,0.0772399999999999,20.28,361.54,899.9980789514698,9.599018289158424,3098.3020953599002,21.83655659958137,-0.13625475435278442,42.37522778945242,289.23202529267394,-1.300749214294683e-05,1.694348174136344e-07,3.3350795785358843e-07
327,2023-06-14T13:00:00Z,899.9980789514698,9.599018289158424,3098.3020953599002,21.83655659958137,0.0011247456396167262,1.880829893607269e-05,9.354723982259479e-06,5.349113065542804e-06,83.47640088441328,5.222480866134549e-06,292.16739852553434,1.2569928593730986e-05,0.5639840330050788,209.89,126.1066746131726,0.07651,19.82,521.99,899.9991391153058,9.599018150614905,3374.9779708387064,22.071101861309458,-0.30580933698162677,292.1674120100817,417.5920260544759,-1.348454736671556e-05,1.8243536119017887e-07,3.2097888182075033e-07
328,2023-06-14T14:00:00Z,899.9991391153058,9.599018150614905,3374.9779708387064,22.071101861309458,0.0009039218993691352,1.8958557856905463e-05,9.269317427586858e-06,5.437294303246235e-06,64.78990644336214,5.2207054038370355e-06,226.7646680462152,1.2610422040818762e-05,0.1331338468906836,191.795,126.1066746131726,0.08174,19.75,477.14,899.9999871318314,9.599018005114386,3584.8677364203063,23.995305345941134,-0.8975249273952337,226.76468152637185,381.71202609057866,-1.3480156638934204e-05,1.807697668146252e-07,3.262702852232964e-07
329,2023-06-14T15:00:00Z,899.9999871318314,9.599018005114386,3584.8677364203063,23.995305345941134,2.862468720949524e-05,4.051274114608956e-05,4.633239108651227e-06,1.5509500004219035e-05,1.8599220409445953e-05,3.464936785026648e-06,6.812701707743404e-05,1.2753322271456228e-05,0.00023687611349916017,48.805,142.2722636491631,0.0963,19.8,135.28,899.9999724107591,9.599017164808519,3566.9434531118995,21.86916164281774,93.46726294900546,7.938420885319053e-05,108.22402401051406,-1.1257191775756493e-05,9.035719833853278e-08,9.306630665597981e-07
330,2023-06-14T16:00:00Z,899.9999724107591,9.599017164808519,3566.9434531118995,21.86916164281774,1.800606063923182e-05,0.00014340821403737756,3.6820037336371394e-06,9.121980016373609e-05,8.568390564638356e-06,2.854907770308247e-06,8.508192588876179e-05,1.2692098458499798e-05,0.00011359387342241005,55.54999999999995,141.29092103882627,0.11461,19.53,151.35,899.9998403130211,9.599011762879389,3549.1088082361675,21.13792886563918,85.74071952217479,9.666958578345467e-05,121.08002427975835,-1.1587659894692881e-05,7.180625343126735e-08,5.473735383362502e-06
331,2023-06-14T17:00:00Z,899.9998403130211,9.599011762879389,3549.1088082361675,21.13792886563918,1.5726317473439015e-05,118.71047081225464,3.517597964363571e-06,0.00036094037884244355,6.437262225977439e-06,2.690916084009306e-06,0.00026514523906960867,1.2635740101706781e-05,0.00010606513468334031,26.724999999999998,145.56559326804708,0.13,18.7,81.35,776.3431149808539,9.59899017289082,3531.363516704486,19.342207526181284,0.12978988750736914,0.00027785268990380074,65.08002534319094,-1.2707450834192066e-05,6.860002030712035e-08,2.1658588589405556e-05
332,2023-06-14T18:00:00Z,776.3431149808539,9.59899017289082,3531.363516704486,19.342207526181284,1.5876547949438646e-05,118.1124422224434,3.7420710425849935e-06,2.9844634141685422e-05,1.071772172608395e-05,2.864193137379274e-06,5.070812291595542e-05,1.2576149436395188e-05,6.246278537889617e-05,29.4,145.036144579085,0.1432,17.87,90.02,653.309336240628,9.59898845501137,3513.7067372529373,18.27624366949367,-2.4762942874586855,6.12388211464791e-05,72.01602310684767,-1.0530698230523681e-05,7.297768309871725e-08,1.790857134214547e-06
333,2023-06-14T19:00:00Z,653.309336240628,9.59898845501137,3513.7067372529373,18.27624366949367,1.6034515005779036e-05,141.89801218818107,4.097716993547299e-06,1.1058020937130237e-05,1.2528386753502285e-05,2.933457175737619e-06,4.41846643283057e-05,1.2722179157210424e-05,0.9999082437287745,7.355,148.65434928738978,0.13803,16.9,30.77,505.49892227107375,9.598987871377231,3496.1382350291574,16.795579869338205,-0.5986383647363089,5.449409089722941e-05,24.616023031605728,-1.030942656892371e-05,7.991347272144448e-08,6.635476109889132e-07
334,2023-06-14T20:00:00Z,505.49892227107375,9.598987871377231,3496.1382350291574,16.795579869338205,1.640768529360104e-05,22.705602238377416,4.151965897999919e-06,1.1086022049306366e-05,1.288242292529229e-05,2.9726422496208887e-06,4.473366557767262e-05,1.3872099179273557e-05,0.9999970930776898,0.0,120.0,0.11911,16.29,0.0,481.84726902414184,9.598987287120817,3478.657574715578,16.018466896453926,97.29442309031688,5.579161150016216e-05,2.4930045101763097e-05,-1.105794592248954e-05,8.097143215421385e-08,6.652278457429563e-07
335,2023-06-14T21:00:00Z,481.84726902414184,9.598987287120817,3478.657574715578,16.018466896453926,3.4190780897461084e-05,3.260796397520232e-05,4.84441246735038e-06,8.317911834722766e-06,2.393553899275035e-05,3.359217024634189e-06,4.2908445840946135e-05,97.46525459188375,1.2720174845792426e-07,0.0,120.0,0.1084099999999999,15.49,0.0,481.84726788066234,9.598986882471685,3363.799075158562,16.000000333866105,120.00002540407357,9.292254961332001e-05,97.46530460598753,-5.001410377237388e-05,9.447549066239866e-08,4.991246225456205e-07
