operating_step,timestamp_utc,start_soc_battery_kwh,start_soc_hydrogen_kg,start_soc_thermal_kwh,start_indoor_temperature_c,battery_charge_kw,battery_discharge_kw,electrolyser_kw,fuel_cell_kw,heat_pump_kw,electric_boiler_kw,thermal_charge_kw,thermal_discharge_kw,ventilation_fraction,pv_kw,electric_load_kw,price_eur_per_kwh,outdoor_temperature_c,irradiance_w_per_m2,reached_soc_battery_kwh,reached_soc_hydrogen_kg,reached_soc_thermal_kwh,reached_indoor_temperature_c,grid_kw,generated_heat_kw,heat_to_air_kw,thermal_charge_margin_kw,hydrogen_production_kg_per_h,hydrogen_consumption_kg_per_h
0,2023-01-01T23:00:00Z,500.0,60.0,1600.0,19.0,2.432980179677221e-05,6.649090429146145e-05,4.25187909397975e-06,199.9999830859493,0.00018985633483673589,4.0486190298651755e-06,140.00064588927268,1.0181380636261303e-05,0.08932995622748507,0.0,120.0,0.1099,2.32,0.0,499.9999540952511,47.99880097785247,1732.000635707892,5.949612923676846,-79.99982709021883,140.00065666546928,2.095757723976268e-05,-1.0776196603501376e-05,8.291993432603774e-08,12.001199105067466
1,2023-01-02T00:00:00Z,499.9999540952511,47.99880097785247,1732.000635707892,5.949612923676846,2.2987866079752557e-05,5.739958280017682e-05,4.225517969727254e-06,199.99998312149873,4.104688002970057,4.07550114924485e-06,0.000566743174720232,0.000584866306330717,1.945663613764721e-08,0.0,120.0,0.0949,2.31,0.0,499.9999163723704,35.99760195305767,1723.3406144062208,5.000000187383619,-75.89532122922628,154.36640023019044,154.36641835332205,-154.36583348701572,8.240584099378083e-08,12.001199107200645
2,2023-01-02T01:00:00Z,499.9999163723704,35.99760195305767,1723.3406144062208,5.000000187383619,1.740079855003339e-05,3.195859008810436e-05,4.07852878890025e-06,199.99998137426658,9.257150164121072,4.0750004443397435e-06,0.0003203235781190728,0.00032078700159989405,1.98347462986506e-08,0.0,120.0,0.05293,2.36,0.0,499.999899786939,23.996403030240703,1714.723910870766,5.000000187435754,-70.74283761440779,172.4000165706608,172.4000170340843,-172.3996962470827,7.953926531008589e-08,12.00119900235623
3,2023-01-02T02:00:00Z,499.999899786939,23.996403030240703,1714.723910870766,5.000000187435754,1.568511012012023e-05,2.6643093430869065e-05,4.015759217862605e-06,199.99998047386634,8.357149073043628,4.075200774639592e-06,0.0002665961445326418,0.00027150898733873546,2.0541159562006433e-08,0.0,120.0,0.04416,2.45,0.0,499.9998870914224,11.995204160229026,1706.1502864035695,5.000000187407225,-71.64283426784607,169.25001212180788,169.25001703465068,-169.24974552566334,7.8315136261947e-08,12.001198948326813
4,2023-01-02T03:00:00Z,499.9998870914224,11.995204160229026,1706.1502864035695,5.000000187407225,1.0686413468454228e-05,54.16999040714885,4.061640854838652e-06,66.58006813048995,4.659318306908908e-05,3.604026686886915e-06,0.0001318325387691458,120.19393382298706,2.040943468305464e-08,0.0,120.0,0.05008,2.52,0.0,443.5728240095993,8.000000631248728,1577.4257329811032,5.000000181023677,-0.7499935923747074,46.60621433547012,166.80001632591842,-46.60608250293135,7.920991766111983e-08,3.995203608190216
5,2023-01-02T04:00:00Z,443.5728240095993,8.000000631248728,1577.4257329811032,5.000000181023677,1.421806638236044e-05,120.75017002436755,6.352406659711357e-06,9.817339413512134e-06,0.00016371066420000691,3.790743037371014e-06,0.0001353000594558455,162.249568398556,2.1812982298922158e-08,0.0,120.0,0.07709,2.65,0.0,317.79141055022683,8.000000166033772,1407.289171217701,5.000000183224213,-0.7499917698266884,0.00058361229789648,162.25001671079443,-0.0004483122384406345,1.2388431829620108e-07,5.890992747382018e-07
6,2023-01-02T05:00:00Z,317.79141055022683,8.000000166033772,1407.289171217701,5.000000183224213,1.5617908587979772e-05,209.07975284200288,6.9326277227615545e-06,3.4688215998667763e-06,3.699227725019963e-05,3.1763730831446928e-06,5.89968431912217e-05,153.49994075188894,2.458637378425063e-08,0.0,1319.9112251734641,0.1050799999999999,2.9,0.0,100.0000163329994,8.000000093083422,1246.7528436065668,5.000000184328845,1110.8315315818263,0.0001350457548479187,153.5000168008006,-7.6048911656697e-05,1.3519976056990732e-07,2.081501110031069e-07
7,2023-01-02T06:00:00Z,100.0000163329994,8.000000093083422,1246.7528436065668,5.000000184328845,3.472799218580818e-05,3.464093817651956e-05,6.522520834218547e-06,2.5421527045409122e-06,5.000001416449706e-05,3.366115444475159e-06,7.88660460655799e-05,144.04991563228552,2.8370228136296722e-08,0.0,1319.9112251734641,0.14064,3.17,0.0,100.0000135875613,8.000000067740881,1096.4692426222946,5.0000001851032225,1319.911282607016,0.00018011201075894876,144.0500168782502,-0.00010124596469336886,1.2720187645490717e-07,1.5254441671412617e-07
8,2023-01-02T07:00:00Z,100.0000135875613,8.000000067740881,1096.4692426222946,5.0000001851032225,4.015652946969768e-05,3.566112363766709e-05,7.64626080834999e-06,2.4892873821415335e-06,5.781566589553927e-05,3.4471841412842373e-06,9.059936953537091e-05,165.39989995554413,2.125049392265684e-08,0.0,1319.9112251734641,0.16244,2.56,0.0,100.00001499082579,8.000000067485699,925.5870870530085,5.00000018541422,1319.9112960886935,0.00020751004410175794,165.4000168662187,-0.00011691067456638703,1.4911699746257109e-07,1.4937218014650667e-07
9,2023-01-02T08:00:00Z,100.00001499082579,8.000000067485699,925.5870870530085,5.00000018541422,4.195544002070563e-05,3.743965217990546e-05,7.864692980311987e-06,2.5188238537405282e-06,6.420099658263799e-05,3.5002263139210408e-06,0.0001005817799830701,155.599887545559,2.406303338980362e-08,0.0,1319.9112251734641,0.18,2.84,0.0,100.00001626841053,8.000000069718004,765.3593646539645,5.00000018561014,1319.9113027363442,0.00022993188878763318,155.6000168956678,-0.0001293501088045631,1.5337685080116389e-07,1.511445456789996e-07
10,2023-01-02T09:00:00Z,100.00001626841053,8.000000069718004,765.3593646539645,5.00000018561014,3.565075136937e-05,3.5079454819106795e-05,7.362072199592944e-06,2.4659056336028956e-06,5.1930614023232025e-05,3.3865824182989047e-06,8.220143584378463e-05,109.31591223033628,2.9863329393727685e-08,11.299999999999999,1225.1662348337675,0.14561,3.26,39.48,100.00001395203309,8.000000065323635,652.2167378017942,5.000000185182176,1213.866295618427,0.00018683599961895003,140.90001686490004,-0.0001046345637751654,1.4357476536859929e-07,1.479691349296667e-07
11,2023-01-02T10:00:00Z,100.00001395203309,8.000000065323635,652.2167378017942,5.000000185182176,3.785050826186411e-05,3.5084654417446426e-05,8.191958971225178e-06,2.599948019289962e-06,5.121523330866359e-05,3.377638760017091e-06,8.153504782457026e-05,73.85191401955268,4.737316039167431e-08,17.885,1185.977134219602,0.14335,3.9,55.81,100.000013742006,8.000000069070328,575.1038216282805,5.000000185149476,1168.092197170339,0.00018441714256624246,118.50001690164743,-0.0001028820947416722,1.5975917585647664e-07,1.560124824056383e-07
12,2023-01-02T11:00:00Z,100.000013742006,8.000000069070328,575.1038216282805,5.000000185149476,3.700401605093388e-05,3.4132984304288566e-05,7.33289115198678e-06,2.4550651764153548e-06,5.17146827803425e-05,3.3819725175476167e-06,8.254009493879078e-05,46.78991341355367,1.4137402271651537e-07,18.605,1181.4414697884465,0.14438,4.63,57.7,100.00001371066942,8.000000064757364,525.4384716466803,5.00000018514289,1162.8365326339592,0.00018606808814706165,92.95001694154689,-0.00010352799320827088,1.4300567803154539e-07,1.4731864244916622e-07
13,2023-01-02T12:00:00Z,100.00001371066942,8.000000064757364,525.4384716466803,5.00000018514289,3.696561048517465e-05,3.410678584854624e-05,7.47804197303545e-06,2.434904630178123e-06,3.320772314324075e-05,3.342276632448749e-06,0.00011146849885485452,1.0252365516020423e-05,0.956642554915442,15.83,1197.328294409743,0.14376,5.18,51.08,100.00001366975356,8.000000064484878,522.8113805045803,5.006486259490083,1181.4983388617045,0.00012124031810859158,40.86402002418477,-9.77181925373706e-06,1.4583640211440274e-07,1.4610888869955733e-07
14,2023-01-02T13:00:00Z,100.00001366975356,8.000000064484878,522.8113805045803,5.006486259490083,3.881605828649764e-05,3.538126010693097e-05,8.258477527103225e-06,2.594585931700967e-06,3.420385341969714e-05,3.360423707813026e-06,0.00011503929922428217,1.0281233810889543e-05,0.5699087097497254,20.465,1170.0903095983056,0.1482,5.85,62.43,100.00001407769024,8.00000006985057,520.1974283601228,5.569523235794078,1149.6253562612724,0.00012485651659186554,49.94402009845118,-9.81721736758337e-06,1.6105641742025493e-07,1.556907249745555e-07
15,2023-01-02T14:00:00Z,100.00001407769024,8.00000006985057,520.1974283601228,5.569523235794078,3.9795557202647616e-05,3.6155615639962974e-05,8.242986060686848e-06,2.641574837095901e-06,3.5816972003769455e-05,3.387828874114752e-06,0.00012071081929365642,1.0286858773703446e-05,0.5623573571185132,10.11999999999995,1231.381774980166,0.15534,6.27,36.89,100.00001461932553,8.000000072094533,517.5965516422826,5.883313203527294,1221.26182342632,0.00013056245498453383,29.512020138494464,-9.851635690877404e-06,1.6075430361375494e-07,1.5851034125988006e-07
16,2023-01-02T15:00:00Z,100.00001461932553,8.000000072094533,517.5965516422826,5.883313203527294,4.089790997967162e-05,3.707029807858457e-05,8.301775076500168e-06,2.669878933598797e-06,3.777637531027835e-05,3.4183800394533277e-06,0.00012758093000039646,1.0293031276106304e-05,0.5756928793853728,0.615,1299.488736121012,0.164,6.39,8.51,100.00001526642527,8.00000007378658,515.0086861719699,5.900165411787481,1298.8737867752752,0.0001374704250785522,6.808020182526354,-9.88949507815573e-06,1.619008040721605e-07,1.60208756891617e-07
17,2023-01-02T16:00:00Z,100.00001526642527,8.00000007378658,515.0086861719699,5.900165411787481,4.3737831083261866e-05,3.886388573066864e-05,8.491627027547902e-06,2.710294543880335e-06,4.268447559205005e-05,3.4841503534448975e-06,0.00014477276508764907,1.0305982640848101e-05,0.583457505533026,0.0,1319.9112251734641,0.18568,6.38,0.0,100.0000167715288,8.000000076755931,512.4337772078925,5.85835606428576,1319.911281997368,0.00015474217960280187,2.0275397156000908e-05,-9.969414515152806e-06,1.656032873659207e-07,1.6263393602642275e-07
18,2023-01-02T17:00:00Z,100.0000167715288,8.000000076755931,512.4337772078925,5.85835606428576,4.0016094474121795e-05,3.759676021520531e-05,7.429151700523457e-06,2.5254776006418924e-06,4.019064923894329e-05,3.450398492497996e-06,0.00013590008804088388,1.0300069448996778e-05,0.5797964146633114,0.0,1319.9112251734641,0.17474,6.45,0.0,100.0000160236876,8.000000070095068,509.8717339218716,5.912573554771153,1319.9112761375204,0.00014585100116432386,2.0250982572436755e-05,-9.950913123439977e-06,1.448829464548529e-07,1.515438104195555e-07
19,2023-01-02T18:00:00Z,100.0000160236876,8.000000070095068,509.8717339218716,5.912573554771153,3.9771773354466575e-05,3.701211582786886e-05,7.6003356821177625e-06,2.494768102135574e-06,3.909769097231873e-05,3.435384763026969e-06,0.00013205590275816527,1.0297159252568176e-05,0.570118301765082,0.0,1319.9112251734641,0.1699,6.67,0.0,100.00001565030271,8.00000006861538,507.3224970110058,6.1061156682470585,1319.911275571765,0.00014198928699000717,2.023054348441008e-05,-9.933384231841901e-06,1.482213679380902e-07,1.4970105623375782e-07
20,2023-01-02T19:00:00Z,100.00001565030271,8.00000006861538,507.3224970110058,6.1061156682470585,3.730625834399923e-05,3.553636902295059e-05,7.44255810522212e-06,2.4600053166650957e-06,3.5275346083200614e-05,3.3769114439762706e-06,0.00011866807480853725,1.0285378430330721e-05,0.5633153523452556,0.0,1319.9112251734641,0.153,6.78,0.0,100.00001444725966,8.000000066144697,504.78599290864713,6.221891727994091,1319.9112705781638,0.00012852885734240422,2.0146160964197693e-05,-9.860782533866974e-06,1.451443974915805e-07,1.4761508050795654e-07
21,2023-01-02T20:00:00Z,100.00001444725966,8.000000066144697,504.78599290864713,6.221891727994091,3.611429603619747e-05,3.4141604149331756e-05,7.355568307142747e-06,2.426302790450752e-06,3.271613056004257e-05,3.3315019907252114e-06,0.00010970217850746664,1.0275945793201438e-05,0.5554411879482329,0.0,1319.9112251734641,0.14167,7.05,0.0,100.00001355281287,8.000000063999897,502.2621623703366,6.467377663939908,1319.9112681230542,0.0001195030558842825,2.00768231700173e-05,-9.800877376815861e-06,1.4344792678196178e-07,1.455927266997151e-07
22,2023-01-02T21:00:00Z,100.00001355281287,8.000000063999897,502.2621623703366,6.467377663939908,3.542625135138479e-05,3.318496551681042e-05,7.307227360634895e-06,2.400449359221372e-06,3.118776046012581e-05,3.301244134840383e-06,0.0001043428286042092,1.0269586440999287e-05,0.5467216193119292,0.0,120.0,0.13491,7.41,0.0,100.00001299434176,8.000000062463716,499.7509456317271,6.806783154612378,120.00004163706843,0.00011410570785538728,2.003246569217737e-05,-9.762879251178083e-06,1.4250518405078552e-07,1.440413656898513e-07
23,2023-01-02T22:00:00Z,100.00001299434176,8.000000062463716,499.7509456317271,6.806783154612378,3.372111354295164e-05,3.189351824158868e-05,7.1683091842178974e-06,2.36708200868833e-06,2.877195059167709e-05,3.248251028663678e-06,9.588285821458986e-05,1.025809288192197e-05,0.5395162084528609,0.0,120.0,0.12422,7.77,0.0,100.00001214419594,8.0000000602206,497.2522765283338,7.158853726494249,120.0000386490241,0.00010557455299532869,1.9949787662660798e-05,-9.691694780738827e-06,1.3979600869311832e-07,1.4203912443374317e-07
24,2023-01-02T23:00:00Z,100.00001214419594,8.0000000602206,497.2522765283338,7.158853726494249,3.54071450765525e-05,3.224519487295525e-05,7.350577341747034e-06,2.37485003001935e-06,3.0080066432654435e-05,3.2777084887198893e-06,0.00010045435655592516,1.0264598934211824e-05,0.5341492655874622,0.0,120.0,0.13001,8.1,0.0,100.00001254631056,8.000000061065942,494.7661053354498,7.487647591277941,120.00004149545245,0.00011018755893913676,1.9997801317423425e-05,-9.733202383211599e-06,1.433505932233895e-07,1.4250525232639367e-07
25,2023-01-03T00:00:00Z,100.00001254631056,8.000000061065942,494.7661053354498,7.487647591277941,3.315503652710914e-05,3.128213934537898e-05,7.131871013677434e-06,2.3497430230534694e-06,2.781818587294747e-05,3.2252255070290036e-06,9.254064077368049e-05,1.0253037184991882e-05,0.5304399996694567,0.0,120.0,0.12,8.34,0.0,100.00001178958381,8.000000059152654,492.2923570963761,7.736266569932428,120.00003769843656,0.00010220144392341228,1.9913840334723672e-05,-9.660803149731792e-06,1.3908539330604057e-07,1.409986812513333e-07
26,2023-01-03T01:00:00Z,100.00001178958381,8.000000059152654,492.2923570963761,7.736266569932428,3.338696605996201e-05,3.090094223388647e-05,7.170758640442671e-06,2.3391494623292284e-06,2.7538374290751794e-05,3.218193195506237e-06,9.155617502998417e-05,1.0251489814844582e-05,0.5279785009248009,0.0,120.0,0.11876,8.54,0.0,100.00001165258973,8.000000058633429,489.83097661557946,7.940699958067101,120.0000380742005,0.00010120772590481291,1.990304068967332e-05,-9.651550874828737e-06,1.3984377786641873e-07,1.4036300404015774e-07
27,2023-01-03T02:00:00Z,100.00001165258973,8.000000058633429,489.83097661557946,7.940699958067101,3.268675966559569e-05,3.0418350917788282e-05,7.108842673403234e-06,2.3254941608330463e-06,2.6688916298122043e-05,3.1962426432302763e-06,8.858234041920374e-05,1.0246546673694085e-05,0.5263692852271117,0.0,120.0,0.115,8.62,0.0,100.00001134609681,8.00000005772612,487.38190006829535,8.035593654646643,120.00003693691619,9.820333317280827e-05,1.9867539427298607e-05,-9.620992753604522e-06,1.3863629576093918e-07,1.3954360401038382e-07
28,2023-01-03T03:00:00Z,100.00001134609681,8.00000005772612,487.38190006829535,8.035593654646643,3.2591907722832386e-05,3.015713007969878e-05,7.109423651363585e-06,2.31779115281221e-06,2.6379377399669993e-05,3.187928178953813e-06,8.749658126337756e-05,1.024467302239991e-05,0.5259911517529077,0.0,120.0,0.11363,8.52,0.0,100.00001122065106,8.00000005729237,484.9450678198621,7.960533415026932,120.00003679371571,9.71063236029778e-05,1.985441536200015e-05,-9.60974233960024e-06,1.3864762596418634e-07,1.3908137730646323e-07
29,2023-01-03T04:00:00Z,100.00001122065106,8.00000005729237,484.9450678198621,7.960533415026932,3.3233497962150144e-05,3.043112901232476e-05,7.181128843018836e-06,2.3247308990699983e-06,2.6975132964976057e-05,3.2036572731301058e-06,8.957898060002885e-05,1.0248286307603144e-05,0.5269540459014089,0.0,120.0,0.11627,8.37,0.0,100.0000114257164,8.000000057840584,482.5204218114571,7.820885378627918,120.00003783755712,9.921189770716401e-05,1.988120341473831e-05,-9.632917107135167e-06,1.400460170405714e-07,1.3949780372457236e-07
30,2023-01-03T05:00:00Z,100.0000114257164,8.000000057840584,482.5204218114571,7.820885378627918,3.756872764978144e-05,3.293825348180472e-05,7.590600421259856e-06,2.3904406888806748e-06,3.2093260685281e-05,3.3191682295293746e-06,0.00010749648328744364,1.027363601210758e-05,0.5280243805745152,0.0,1319.644926963756,0.13892,8.36,0.0,100.00001318101424,8.00000006243131,480.1079169252471,7.794882641099157,1319.644972206819,0.00011728569742793405,2.006285015259799e-05,-9.789214140490412e-06,1.4803151136570376e-07,1.4344078541138162e-07
31,2023-01-03T06:00:00Z,100.00001318101424,8.00000006243131,480.1079169252471,7.794882641099157,4.00487489497745e-05,3.5362393726348296e-05,7.741053587570764e-06,2.4512620371268385e-06,3.6840799583332155e-05,3.402122278804043e-06,0.00012413388877852084,1.0290799647028846e-05,0.527855386464204,0.0,1319.644926963756,0.1599199999999999,8.47,0.0,100.00001479198643,8.00000006630652,477.70749118371,7.887209700599391,1319.644977182825,0.00013402678302366732,2.018369389217532e-05,-9.892894245146471e-06,1.509656415217821e-07,1.4709043127073738e-07
32,2023-01-03T07:00:00Z,100.00001479198643,8.00000006630652,477.70749118371,7.887209700599391,4.046081816167957e-05,3.658434750570087e-05,7.719386746958137e-06,2.4801790141621626e-06,3.893592726343109e-05,3.433617458598649e-06,0.00013148452912948027,1.0297051343032681e-05,0.5252014445561413,0.0,1319.644926963756,0.16917,9.33,0.0,100.00001552567655,8.000000068023992,475.3190749152692,8.645872238852636,1319.644978448979,0.000141411152015935,2.022367422948742e-05,-9.926622886454736e-06,1.505430958752712e-07,1.4882562341207096e-07
33,2023-01-03T08:00:00Z,100.00001552567655,8.000000068023992,475.3190749152692,8.645872238852636,4.029460509504523e-05,3.696116247792009e-05,7.68369170049807e-06,2.4892314245855847e-06,3.939270305921029e-05,3.440276928774858e-06,0.00013309109294875406,1.0298337622244308e-05,0.520598088892843,0.0,1319.644926963756,0.17118,9.51,0.0,100.00001570728652,8.000000068502143,472.9426023334482,8.89730332401328,1319.6449783246385,0.00014302279686393302,2.0230041537423272e-05,-9.931703915178964e-06,1.4984697285699806e-07,1.4936882235737083e-07
34,2023-01-03T09:00:00Z,100.00001570728652,8.000000068502143,472.9426023334482,8.89730332401328,3.976468710018932e-05,3.680854066608582e-05,7.63379881174342e-06,2.485795085469203e-06,3.88030059385025e-05,3.4320873435179294e-06,0.0001310277067488831,1.0296720620265555e-05,0.5139144668037375,7.83,1244.739097724139,0.16857,9.72,31.22,100.00001553915628,8.000000068213485,470.57801005276707,9.265043433640122,1236.9091480633824,0.0001409483438146699,24.976020217357686,-9.920637065786802e-06,1.4887396422541923e-07,1.4916262139029123e-07
35,2023-01-03T10:00:00Z,100.00001553915628,8.000000068213485,470.57801005276707,9.265043433640122,4.001551017853292e-05,3.68278494608985e-05,7.65415533688409e-06,2.4862670627363448e-06,3.901364199349115e-05,3.435285218017678e-06,0.00013176714487196848,1.0297332495291028e-05,0.5124226390070049,7.82,1244.739097724139,0.16949,9.99,31.22,100.00001559170286,8.000000068293497,468.2252414723156,9.547047820901083,1236.919148528615,0.00014168906628697197,24.97602021925391,-9.921921415003489e-06,1.4927095616485626e-07,1.4919094285846655e-07
36,2023-01-03T11:00:00Z,100.00001559170286,8.000000068293497,468.2252414723156,9.547047820901083,3.918783548765932e-05,3.644377136060029e-05,7.584033622835645e-06,2.4762691002243194e-06,3.7889827992342545e-05,3.419425788599702e-06,0.00012783541093498515,1.0294106132682563e-05,0.4916217856432293,68.9,904.3518461474429,0.1645,10.07,173.09,100.0000152497631,8.000000067605939,465.8842328062588,10.37862672491118,835.4518953085253,0.00013773301787406965,138.47202019171309,-9.897606939084498e-06,1.4790344598989408e-07,1.4859100511397056e-07
37,2023-01-03T12:00:00Z,100.0000152497631,8.000000067605939,465.8842328062588,10.37862672491118,3.88609636151398e-05,3.6070356948558735e-05,7.5758304685277315e-06,2.470262508472849e-06,3.707118868086582e-05,3.4066310254803337e-06,0.00012496335714254575,1.029166212498196e-05,0.5077319995851411,5.14499999999995,1262.9017219183704,0.16091,9.53,23.65,100.00001498299967,8.000000067118833,463.5549263139225,9.254232240779727,1257.7567702923648,0.0001348509088541869,18.92002017921384,-9.887551711641144e-06,1.4774346848313907e-07,1.4823057356572752e-07
38,2023-01-03T13:00:00Z,100.00001498299967,8.000000067118833,463.5549263139225,9.254232240779727,3.937405117507662e-05,3.615923247773875e-05,7.613919930565909e-06,2.4712541925206748e-06,3.7563861609713494e-05,3.4145994921920848e-06,0.00012669261107936213,1.0293169016136303e-05,0.508129633222741,15.905,1194.8098758639076,0.16306,9.21,52.03,100.00001511622163,8.00000006731504,461.23726808179504,8.972132282314726,1178.9049251998529,0.00013658384706603186,41.624020184405005,-9.89123598666973e-06,1.484862872747627e-07,1.4829008055929642e-07
39,2023-01-03T14:00:00Z,100.00001511622163,8.00000006731504,461.23726808179504,8.972132282314726,3.986451909408585e-05,3.648561391758264e-05,7.64977898478362e-06,2.4777978820052524e-06,3.841100829612439e-05,3.4273842075914416e-06,0.00012966269185447964,1.0295685337206408e-05,0.5035954197382667,25.275,1141.2577263242454,0.16679,8.78,74.35,100.00001538031213,8.000000067817908,458.93120110839254,8.674493970733737,1115.9827767135241,0.00013956609791935458,59.48002019909139,-9.903406064874938e-06,1.4918560876415702e-07,1.486827411944346e-07
40,2023-01-03T15:00:00Z,100.00001538031213,8.000000067817908,458.93120110839254,8.674493970733737,3.9653220813570426e-05,3.6544362435276975e-05,7.627839279376525e-06,2.4786145931251256e-06,3.836323056269139e-05,3.4268975564298605e-06,0.0001294986174717759,1.0295562552915077e-05,0.4940056939988344,39.934999999999995,1051.2603639034244,0.16657,8.2,111.86,100.00001538035991,8.000000067843901,456.63666430590547,8.325284556448631,1011.3254139516355,0.00013939896576547301,89.48802019591085,-9.900348293697103e-06,1.4875774172201443e-07,1.4873174876238378e-07
41,2023-01-03T16:00:00Z,100.00001538035991,8.000000067843901,456.63666430590547,8.325284556448631,4.032956656120565e-05,3.688633600823412e-05,7.689631025693682e-06,2.488666936268383e-06,3.9315850870208715e-05,3.439871040320266e-06,0.00013282978275761946,1.0298301224131578e-05,0.5253517548373541,0.0,1319.644926963756,0.17082,7.78,0.0,100.00001567347714,8.000000068471753,454.3536035158575,7.353410110832943,1319.6449783636729,0.00014275301723103544,2.0221535697547555e-05,-9.923234473415977e-06,1.4996280128115493e-07,1.493349496710701e-07
42,2023-01-03T17:00:00Z,100.00001567347714,8.000000068471753,454.3536035158575,7.353410110832943,3.985626954121795e-05,3.683613474438633e-05,7.647848223537627e-06,2.4879330538802687e-06,3.88928054290903e-05,3.4340085133513746e-06,0.00013135082779153136,1.0297143391997576e-05,0.5360143533158578,0.0,1319.644926963756,0.16895,7.54,0.0,100.0000155645222,8.000000068328795,452.08195655196266,7.025468459833074,1319.6449774706198,0.0001412660405677501,2.0212356168216328e-05,-9.915212776218752e-06,1.491479551544992e-07,1.4929091232404853e-07
43,2023-01-03T18:00:00Z,100.0000155645222,8.000000068328795,452.08195655196266,7.025468459833074,3.867167432219577e-05,3.6174385860867336e-05,7.561672195156788e-06,2.4747471132641327e-06,3.7089494242653596e-05,3.407224712241107e-06,0.0001250343453473906,1.0291848247308211e-05,0.541669587421161,0.0,1319.644926963756,0.16099,7.28,0.0,100.00001500767762,8.000000067296472,449.8216615116999,6.760391370269515,1319.6449750446884,0.00013491870529369116,2.0176208193608774e-05,-9.884359946300564e-06,1.4746735454101148e-07,1.4849967676352432e-07
44,2023-01-03T19:00:00Z,100.00001500767762,8.000000067296472,449.8216615116999,6.760391370269515,3.7145457057987104e-05,3.504083309823759e-05,7.446162356283132e-06,2.44961767512261e-06,3.451449111556937e-05,3.3648451800206138e-06,0.00011601158188848603,1.0283298494924007e-05,0.5492401437320006,0.0,1319.644926963756,0.14962,6.96,0.0,100.00001416644858,8.0000000655194,447.5726589324248,6.452046106184715,1319.644971944261,0.00012584664800529904,2.0118364611737015e-05,-9.83506611681301e-06,1.4521468741626272e-07,1.4699175968332493e-07
45,2023-01-03T20:00:00Z,100.00001416644858,8.0000000655194,447.5726589324248,6.452046106184715,3.4241967792718665e-05,3.296038881338819e-05,7.194804836777267e-06,2.397393614925319e-06,3.0214699978331685e-05,3.2806230750783822e-06,0.00010094174269933277,1.0265682925391452e-05,0.5689402580827976,0.0,1319.644926963756,0.13063,6.39,0.0,100.00001270499932,8.000000061974122,445.33488631382244,5.9259821356859765,1319.6449665380692,0.00011067744229893623,2.000138252499491e-05,-9.735699599603456e-06,1.403127255897157e-07,1.4385800269578873e-07
46,2023-01-03T21:00:00Z,100.00001270499932,8.000000061974122,445.33488631382244,5.9259821356859765,3.297880491342819e-05,3.161803870951585e-05,7.74894969631883e-06,2.501792104069814e-06,2.6557472633562756e-05,3.1941872731041158e-06,8.826401198760139e-05,1.0245243314076919e-05,0.6089489263613094,0.0,120.0,0.11442,6.02,0.0,100.00001142919506,8.000000062971214,443.10828990102203,5.558580978061517,120.0000363595837,9.786465409069159e-05,1.9845885417167116e-05,-9.600642103090197e-06,1.5111963104132134e-07,1.5012253849803864e-07
47,2023-01-03T22:00:00Z,100.00001142919506,8.000000062971214,443.10828990102203,5.558580978061517,2.869116033474847e-05,2.827186553410839e-05,7.210838766505495e-06,2.4368118094884285e-06,2.1588432605436476e-05,3.0373822822141437e-06,7.088969978264827e-05,1.020804851107505e-05,0.7188621524180409,0.0,120.0,0.09248,5.59,0.0,100.00000952284904,8.0000000573733,440.89280913316816,5.185930789652043,120.00002981913664,8.027229084506157e-05,1.9590639573488348e-05,-9.3825910624133e-06,1.4062541848870605e-07,1.4622333090239595e-07
48,2023-01-03T23:00:00Z,100.00000952284904,8.0000000573733,440.89280913316816,5.185930789652043,2.6452703048653003e-05,2.5524937053720884e-05,6.938971812355494e-06,2.344966859833775e-06,1.8781444273778643e-05,2.92122404416815e-06,6.105720054713683e-05,1.0178175174276233e-05,0.7005316830433391,0.0,120.0,0.0800699999999999,5.71,0.0,100.00000832896787,8.000000051984701,438.6883959665277,5.245989372717072,120.00002722443925,7.026854356383535e-05,1.938951819097475e-05,-9.211343016698518e-06,1.3532348268920104e-07,1.4071208279830632e-07
49,2023-01-04T00:00:00Z,100.00000832896787,8.000000051984701,438.6883959665277,5.245989372717072,2.3792229719184716e-05,2.3003472422240586e-05,6.60426104187451e-06,2.244704917359997e-06,1.6149829193756274e-05,2.7859768893933295e-06,5.185278200126587e-05,1.0140592282325438e-05,0.7212191171809302,0.0,120.0,0.06844,5.64,0.0,100.00000720755796,8.000000046084907,436.4949956988848,5.199127403559364,120.00002408411952,6.0853812740798356e-05,1.9141623021857925e-05,-9.001030739532485e-06,1.287959699135443e-07,1.3469576461806162e-07
50,2023-01-04T01:00:00Z,100.00000720755796,8.000000046084907,436.4949956988848,5.199127403559364,1.4247258201560472e-05,1.6050240270864342e-05,4.937130650281412e-06,1.942324717203995e-06,9.215358173609796e-06,2.2125764180341066e-06,2.7842524050238153e-05,9.937170775126924e-06,0.7062121023539094,0.0,120.0,0.03792,5.69,0.0,100.00000416592555,8.000000025817444,434.3125386257436,5.232173540956999,120.00001261975846,3.580383156353084e-05,1.789847828841961e-05,-7.961307513292686e-06,9.628367604809235e-08,1.1655113814605431e-07
51,2023-01-04T02:00:00Z,100.00000416592555,8.000000025817444,434.3125386257436,5.232173540956999,1.5187145053677681e-05,1.4753921580566367e-05,1.0283603847233415e-05,2.983433027158783e-06,9.380300993660412e-06,4.250919308871441e-06,1.840379507790586e-05,0.00018161765472337533,0.6733915206494081,0.0,120.0,0.0,5.8,0.0,100.00000337691648,8.00000004734389,432.1408127187553,5.317984744775846,120.0000213646146,3.9127866712605324e-05,0.0002023417263580748,-2.0724071634699464e-05,2.0055033005405702e-07,1.7902388401792878e-07
52,2023-01-04T03:00:00Z,100.00000337691648,8.00000004734389,432.1408127187553,5.317984744775846,1.537543553431837e-05,1.4195908736544686e-05,9.275233779007368e-06,3.0006044821605056e-06,9.377447234491632e-06,4.250689289507118e-06,1.8406695913353957e-05,0.0001816269094686032,0.6417009497768974,0.0,120.0,0.0,5.94,0.0,100.00000334992966,8.000000048174764,429.979945434948,5.435267033280914,120.00002108229262,3.9129670854845116e-05,0.00020234988441009436,-2.0722974941491158e-05,1.8088514720536422e-07,1.8005427435706604e-07
53,2023-01-04T04:00:00Z,100.00000334992966,8.000000048174764,429.979945434948,5.435267033280914,1.4719372689348936e-05,1.3600659126358864e-05,7.186459668582898e-06,2.5099204223254386e-06,8.505717444873422e-06,3.418393608144001e-06,1.9537152859791752e-05,3.9191279652202624e-05,0.6300586564359137,0.0,120.0,0.00633,6.0,0.0,100.00000331317418,8.000000037714456,427.83002605364646,5.495365927218373,120.00001771936385,3.4911165024747345e-05,5.456529181715822e-05,-1.5374012164955592e-05,1.4014997853522005e-07,1.5061028636816314e-07
54,2023-01-04T05:00:00Z,100.00000331317418,8.000000037714456,427.83002605364646,5.495365927218373,2.199552491067236e-05,1.7986419601799805e-05,5.774886621522277e-06,1.9436454940070647e-06,1.3021885984601073e-05,2.5701338727824054e-06,4.063675476274525e-05,1.0078800946308643e-05,0.6368021943318249,0.0,1319.2011841728,0.0549,5.93,0.0,100.00000569302433,8.000000033705614,425.6909064813321,5.443876173172664,1319.2012076051662,4.9481585325963286e-05,1.8923631509526677e-05,-8.844830563218033e-06,1.126215512748119e-07,1.1663039267969186e-07
55,2023-01-04T06:00:00Z,100.00000569302433,8.000000033705614,425.6909064813321,5.443876173172664,2.978333499293288e-05,2.465839794220325e-05,7.607149897001801e-06,2.2160990362634905e-06,1.9986638626009227e-05,2.973505404181625e-06,6.516010491204164e-05,1.019184899665378e-05,0.6288699974780534,0.0,1319.2011841728,0.08532,6.0,0.0,100.00000859919474,8.000000049080633,423.56250691718134,5.495692755616048,1319.2012176489318,7.444827486655656e-05,1.94800189511687e-05,-9.288169954514922e-06,1.4835425841737685e-07,1.3297924009981943e-07
56,2023-01-04T07:00:00Z,100.00000859919474,8.000000049080633,423.56250691718134,5.495692755616048,4.1339991369632096e-05,3.308310376626217e-05,8.052594001981457e-06,2.3825727217271184e-06,3.4490581691616685e-05,3.347870983510271e-06,0.00011572159485990339,1.0285891574485032e-05,0.6029850257077315,0.0,1319.2011841728,0.15,6.24,0.0,100.00001382402003,8.00000006315326,421.44479981829875,5.698673709483711,1319.2012359381613,0.00012569922909954254,2.026352581412418e-05,-9.97763423963915e-06,1.5704128716735517e-07,1.4296866016964408e-07
57,2023-01-04T08:00:00Z,100.00001382402003,8.00000006315326,421.44479981829875,5.698673709483711,3.723846844758887e-05,3.4311712805325e-05,7.522234006340076e-06,2.423521430602042e-06,3.356603736043067e-05,3.329922287127373e-06,0.00011249823353864726,1.0283244764608937e-05,0.5742714592153819,0.0,1319.2011841728,0.146,6.69,0.0,100.00001383158222,8.000000064425665,419.337678034196,6.100311024661772,1319.2012290942278,0.00012247421882718488,2.0259230053146557e-05,-9.97598528853762e-06,1.466982329469262e-07,1.4542582841896442e-07
58,2023-01-04T09:00:00Z,100.00001383158222,8.000000064425665,419.337678034196,6.100311024661772,3.452298346933798e-05,3.287831539997758e-05,7.242317512612658e-06,2.3937182158384556e-06,3.024559616678106e-05,3.2689324140989764e-06,0.00010091254555395437,1.0269850383884898e-05,0.4730899319758358,81.10499999999999,841.2715442325721,0.13119,6.94,199.27,100.00001272540113,8.000000062027523,417.2410802867202,7.351578309322471,760.166584240368,0.00011077143242477862,159.41602012873724,-9.858886870824242e-06,1.412393154274896e-07,1.4363745669597695e-07
59,2023-01-04T10:00:00Z,100.00001272540113,8.000000062027523,417.2410802867202,7.351578309322471,3.511299232092459e-05,3.2465643409363394e-05,7.30958996030875e-06,2.382841835775898e-06,3.0082234409458696e-05,3.2635767308263218e-06,0.00010031234979989574,1.0270165130992559e-05,0.4393730081580433,160.045,429.273985398165,0.13053,7.26,371.05,100.00001261549521,8.000000061593973,415.1549649274712,8.78216995980179,269.2290263180731,0.00011018675068166661,296.840020144566,-9.874400881770874e-06,1.4255125935195583e-07,1.4298480862741662e-07
60,2023-01-04T11:00:00Z,100.00001261549521,8.000000061593973,415.1549649274712,8.78216995980179,3.46687040952184e-05,3.215209440960264e-05,7.273871636080819e-06,2.373281733913708e-06,2.9460123938086586e-05,3.246549939415228e-06,9.809483842957216e-05,1.0268655057219872e-05,0.426373168238745,247.28,359.84023683456,0.12787,7.6,566.01,100.00001240568614,8.00000006103751,413.0792779290173,10.416542322107995,112.56027695843348,0.00010798581543706372,452.80802015963206,-9.890977007491554e-06,1.4185468237181314e-07,1.4241114514933743e-07
61,2023-01-04T12:00:00Z,100.00001240568614,8.00000006103751,413.0792779290173,10.416542322107995,3.303751832827257e-05,3.1116670245858744e-05,7.1208886959245645e-06,2.3456088140645503e-06,2.7475599453039826e-05,3.199132483013048e-06,9.113809505247776e-05,1.0259964067039529e-05,0.4877097527186861,28.055,1125.602144999943,0.1190799999999999,7.8,80.72,100.00001170850555,8.000000059158122,411.01396241750314,8.05484757051281,1097.5471823708026,0.00010097366541366748,64.57602009553442,-9.835570361189718e-06,1.3887121669219825e-07,1.4075060390426345e-07
62,2023-01-04T13:00:00Z,100.00001170850555,8.000000059158122,411.01396241750314,8.05484757051281,3.297968665961647e-05,3.0619594935302465e-05,7.195559889065047e-06,2.3555121408050834e-06,2.8220177623692763e-05,3.334424667493912e-06,9.568033541257073e-05,1.0258028882823786e-05,0.5170630963234097,9.67,1232.9786190307755,0.11655,8.13,35.95,100.00001147359335,8.00000005814071,408.9589780277221,7.7984018874290655,1223.3086577855172,0.0001037205606023072,28.760018298254078,-8.040225189736471e-06,1.4032745058182661e-07,1.4134486293459847e-07
63,2023-01-04T14:00:00Z,100.00001147359335,8.00000005814071,408.9589780277221,7.7984018874290655,3.543104264672614e-05,3.18070434440137e-05,7.241226332340925e-06,2.3020093518848257e-06,2.796038001607618e-05,2.9580806119102616e-06,9.001087584229329e-05,1.0281870721021525e-05,0.5233583077734647,4.225,1269.290430887528,0.12799,7.99,20.81,100.00001235505736,8.000000061224371,406.91426286658856,7.5704267355045385,1265.0654703692048,0.00010240123640837718,16.64802267223129,-1.2390360566083889e-05,1.4121803528417647e-07,1.381343745505446e-07
64,2023-01-04T15:00:00Z,100.00001235505736,8.000000061224371,406.91426286658856,7.5704267355045385,3.5532133726067124e-05,3.245514000224666e-05,7.389700815410573e-06,2.392375327509039e-06,3.0271681305052985e-05,3.28566295480122e-06,0.00010116171353175812,1.0273740515824687e-05,0.5314027228029539,0.0,1314.668203696627,0.13125,7.94,1.89,100.00001265846824,8.000000061781073,404.8797824402286,7.408352591772947,1314.6682453282904,0.00011087835362219498,1.5120199903806062,-9.716640090436858e-06,1.44113577258232e-07,1.4355687533807614e-07
65,2023-01-04T16:00:00Z,100.00001265846824,8.000000061781073,404.8797824402286,7.408352591772947,3.876491005555301e-05,3.4363944626104425e-05,7.671182213061385e-06,2.438093095467135e-06,3.4412832108453995e-05,3.3678928729250023e-06,0.00011565851453658774,1.0297078899855658e-05,0.5333319394939079,0.0,1319.2011841728,0.1502,7.96,0.0,100.00001407700623,8.00000006508387,402.85548888946306,7.396967438959359,1319.201231587579,0.00012548579149061173,2.0124355853879647e-05,-9.82727695402399e-06,1.496030134560426e-07,1.4630021574960305e-07
66,2023-01-04T17:00:00Z,100.00001407700623,8.00000006508387,402.85548888946306,7.396967438959359,3.5584899438780315e-05,3.36135420984557e-05,7.334906752077201e-06,2.3945229793371193e-06,3.13731748324635e-05,3.312595414898917e-06,0.00010504572980551819,1.0319250931734212e-05,0.532692209794625,0.0,1319.2011841728,0.1375,8.05,0.0,100.00001322440333,8.00000006444311,400.84130617149464,7.473515418132684,1319.2012257703113,0.00011476174745990816,2.003526858612418e-05,-9.716017654389967e-06,1.4304498616412184e-07,1.4368574733496065e-07
67,2023-01-04T18:00:00Z,100.00001322440333,8.00000006444311,400.84130617149464,7.473515418132684,3.4614883846893024e-05,3.253005152155944e-05,7.287916452255658e-06,2.4214122849512158e-06,0.3322746434604148,3.3953351041335383e-06,1.1629574448644842,8.443899031478007e-06,0.5319796219449848,0.0,1319.2011841728,0.12949,8.13,0.0,100.0000125692215,8.000000061272427,400.00004864160263,7.552565657206819,1319.5334691629319,1.1629663084818045,1.7307516351809592e-05,-8.863617320331585e-06,1.4212858367735307e-07,1.4529926702377534e-07
68,2023-01-04T19:00:00Z,100.0000125692215,8.000000061272427,400.00004864160263,7.552565657206819,3.363905591109531e-05,3.156301907388546e-05,7.259387176046137e-06,2.3903543934040475e-06,0.5714315479755854,3.360756705089155e-06,2.000006626591971,8.374265049136049e-06,0.5324597729135402,0.0,1319.2011841728,0.1224,7.88,0.0,100.0000119845703,8.000000059409027,400.0000466507215,7.345138594504679,1319.7726260266015,2.000015418311762,1.716598483998208e-05,-8.791719790846031e-06,1.4157220715361504e-07,1.4343560716495934e-07
69,2023-01-04T20:00:00Z,100.0000119845703,8.000000059409027,400.0000466507215,7.345138594504679,3.5399181510068e-05,3.213368069622568e-05,7.453464915739783e-06,2.402563790262471e-06,0.5714329130247453,3.3932425026908644e-06,2.000011363806917,8.462387417972409e-06,0.5357438020104576,0.0,1319.2011841728,0.1293899999999999,7.64,0.0,100.0000124952005,8.000000060597884,400.00004931888736,7.11145771269581,1319.772628795469,2.0000202366913395,1.733527184072277e-05,-8.87288442275036e-06,1.453571015670825e-07,1.4416824424017228e-07
70,2023-01-04T21:00:00Z,100.0000124952005,8.000000060597884,400.00004931888736,7.11145771269581,3.083661001154423e-05,2.994788908447173e-05,6.988024827515764e-06,2.3449913206469433e-06,0.5714298075952102,3.2887773693158846e-06,2.000000612123936,8.179618136143492e-06,0.5387662013156618,0.0,120.0,0.1089599999999999,7.55,0.0,100.0000109026283,8.000000056164446,400.00004150479873,7.005112489362418,120.571438628127,2.0000092239667557,1.679146095589363e-05,-8.611842819750137e-06,1.3628011214777219e-07,1.4071355059387598e-07
71,2023-01-04T22:00:00Z,100.0000109026283,8.000000056164446,400.00004150479873,7.005112489362418,3.119805396855861e-05,2.9061239609760772e-05,7.065972599293886e-06,2.3185796019236786e-06,0.5714316882190894,3.270938761191397e-06,2.000007202750311,8.13150463128276e-06,0.5429756251200292,0.0,120.0,0.106,7.23,0.0,100.00001058063552,8.000000054836002,400.00004036852044,6.714972731491402,120.5714418433652,2.000015770001908,1.6698756228318622e-05,-8.567251597035863e-06,1.3780024571080185e-07,1.3912868898431916e-07
72,2023-01-04T23:00:00Z,100.00001058063552,8.000000054836002,400.00004036852044,6.714972731491402,1.044001846904295e-05,1.640439310593308e-05,7.480916020681632e-06,2.702897422531948e-06,0.571424113637242,4.023175300147949e-06,1.9999798267240827,9.150919573952106e-06,0.552324823235813,0.0,120.0,0.0054,6.86,0.0,100.00000351514376,8.00000003853839,400.0000108424823,6.360768301067627,120.5714269504565,1.9999902727020897,1.959689758098639e-05,-1.0445978007034284e-05,1.4589245164845668e-07,1.621900643583527e-07
73,2023-01-05T00:00:00Z,100.00000351514376,8.00000003853839,400.0000108424823,6.360768301067627,1.4904173511901985e-05,1.3910206036202457e-05,8.564516312634238e-06,2.7620174651258464e-06,0.5714327533466909,4.281387835778559e-06,2.0000097182329237,9.664017258112356e-06,0.5572281980436957,0.0,120.0,0.00363,6.89,0.0,100.00000333335238,8.000000039825538,400.00001084248555,6.3458452981926055,120.57144383120084,2.000020808699601,2.0754483935578183e-05,-1.1090466677465827e-05,1.6702477057342501e-07,1.6573762166971777e-07
74,2023-01-05T01:00:00Z,100.00000333335238,8.000000039825538,400.00001084248555,6.3458452981926055,1.4882887257230064e-05,1.3727605221659785e-05,8.125257998828115e-06,2.6718381794282456e-06,0.5714325835531747,4.093016016914775e-06,2.000009344541369,9.290330466843256e-06,0.5669072239271605,0.0,120.0,0.0049,6.54,0.0,100.00000332133538,8.000000037957593,400.000010842484,6.0433242920934385,120.57144328527104,2.000019964808694,1.991059779152239e-05,-1.0620267324679133e-05,1.5845837681482972e-07,1.6032632339803456e-07
75,2023-01-05T02:00:00Z,100.00000332133538,8.000000037957593,400.000010842484,6.0433242920934385,1.541549880759704e-05,1.4180343994126637e-05,9.906436763578605e-06,3.0837422107970015e-06,0.5714333230973501,4.925434160115762e-06,2.000010968834183,1.0914613047593022e-05,0.5929897331677261,0.0,120.0,0.0,6.16,0.0,100.00000334902258,8.000000046109392,400.00001084249277,5.687431545999358,120.57144630638086,2.000023665640091,2.361141895557874e-05,-1.269680590798572e-05,1.9319483637342016e-07,1.8504303695151525e-07
76,2023-01-05T03:00:00Z,100.00000334902258,8.000000046109392,400.00001084249277,5.687431545999358,1.4671223325416242e-05,1.3557842391871088e-05,7.3447908594872925e-06,2.562021620334866e-06,0.5714323419904779,3.830545027953166e-06,2.0000088177486726,8.763546895226358e-06,0.6054129059991267,0.0,120.0,0.00687,6.14,0.0,100.00000331064449,8.000000035610466,400.0000108424821,5.634514153992823,120.57144206868567,2.000018782621384,1.872841960665845e-05,-9.964872711432093e-06,1.4323774553455567e-07,1.5373667088718068e-07
77,2023-01-05T04:00:00Z,100.00000331064449,8.000000035610466,400.0000108424821,5.634514153992823,1.3791301856973383e-05,1.2761292955455988e-05,5.560611324653645e-06,2.016109917615983e-06,0.5714315200911654,2.9196615193587896e-06,2.000006933095921,6.8788902133182865e-06,0.6526910965102067,0.0,120.0,0.01632,5.8,0.0,100.00000325728078,8.000000023074538,400.0000108424754,5.352251370748509,120.571439014263,2.0000146220609256,1.4567855218011248e-05,-7.68896500469296e-06,1.0844276510725681e-07,1.209786929262516e-07
78,2023-01-05T05:00:00Z,100.00000325728078,8.000000023074538,400.0000108424754,5.352251370748509,2.615074192839014e-05,2.0595529037735578e-05,6.849362370353457e-06,1.9927825775835375e-06,0.5714358570553516,2.9386245339080613e-06,2.0000220678471288,7.244568664104752e-06,0.7427796141851876,0.0,1318.580128111227,0.0678,5.57,0.0,100.00000690831695,8.00000003707155,400.00002561154145,5.156395017138253,1319.1515773186993,2.0000298038798237,1.4980601358987518e-05,-7.736032694882766e-06,1.3357592381427386e-07,1.195789125462669e-07
79,2023-01-05T06:00:00Z,100.00000690831695,8.00000003707155,400.00002561154145,5.156395017138253,3.7087483805872134e-05,2.9754777244928815e-05,8.455018593917744e-06,2.390224311674835e-06,0.5714380600474902,3.3461254419960768e-06,2.0000294208811704,8.367920097482562e-06,0.9608306875302336,0.0,1318.580128111227,0.1199,5.35,0.0,100.00001151774177,8.0000000585331,400.0000465364448,5.011154841518383,1319.1515829149007,2.0000381959874214,1.714302634845145e-05,-8.77510625096889e-06,1.6488935151654768e-07,1.4342780148063818e-07
80,2023-01-05T07:00:00Z,100.00001151774177,8.0000000585331,400.0000465364448,5.011154841518383,4.406162080886695e-05,3.6320426449070356e-05,8.156303550481071e-06,2.493935828277577e-06,0.5714384918470606,3.559837429367898e-06,2.000030702796968,8.916729888630657e-06,0.6863590206154797,0.0,1318.580128111227,0.179,5.79,0.0,100.00001598312019,8.00000006794581,400.00006808982965,5.291691545529075,1319.1515835664734,2.000039991458847,1.8205391767844944e-05,-9.288661879214288e-06,1.590638256169426e-07,1.4965111480813543e-07
81,2023-01-05T08:00:00Z,100.00001598312019,8.00000006794581,400.00006808982965,5.291691545529075,3.996063092527397e-05,3.707159060272683e-05,7.759955149881586e-06,2.516419679351912e-06,0.571431479485778,3.538785975135559e-06,2.000006207104508,8.858922240604107e-06,0.693482825203691,0.0,1318.580128111227,0.17104,5.71,0.0,100.00001572908566,8.000000068279789,400.00006509756275,5.253953180900551,1319.1515712620742,2.000015443092114,1.8094909846430886e-05,-9.235987605826779e-06,1.513342588485758e-07,1.5100028078919367e-07
82,2023-01-05T09:00:00Z,100.00001572908566,8.000000068279789,400.00006509756275,5.253953180900551,3.988253422955926e-05,3.6873568927692044e-05,7.7258744086202e-06,2.5140875287928545e-06,0.5714321565612651,3.5344300384954854e-06,2.0000085815407473,8.847244690154532e-06,0.6110760215962734,6.25,1255.0793529238942,0.16947,5.88,26.49,100.00001560635089,8.000000068089069,400.00006450637096,5.476454849114498,1249.400796835638,2.000017806911436,21.192018072615376,-9.225370688703549e-06,1.506696179298869e-07,1.508603377613474e-07
83,2023-01-05T10:00:00Z,100.00001560635089,8.000000068089069,400.00006450637096,5.476454849114498,3.748172486421273e-05,3.55871536930231e-05,7.543452265602482e-06,2.4873845733543884e-06,0.5714306046430334,3.487426328179325e-06,2.0000032018321225,8.718848461905037e-06,0.553877077308298,10.825,1225.594281772358,0.154,6.58,38.79,100.000014518855,8.000000065943098,400.0000586668228,6.14809887433741,1215.340722815066,2.0000123099718827,31.032017826988223,-9.10813976018332e-06,1.4711203038228662e-07,1.4925800020128343e-07
84,2023-01-05T11:00:00Z,100.000014518855,8.000000065943098,400.0000586668228,6.14809887433741,3.681809461203139e-05,3.454685465665199e-05,7.506797940975777e-06,2.464788271409265e-06,0.5714313698503861,3.4597835477612883e-06,2.000005905892791,8.6434448406353e-06,0.5412480737580594,6.88999999999995,1250.5487200396337,0.146,7.12,28.38,100.00001387791889,8.000000064438211,400.00005563593663,6.647410231590546,1244.2301621825175,2.0000149450138536,22.704017682565905,-9.039121062759392e-06,1.4639719956898458e-07,1.4790208649320523e-07
85,2023-01-05T12:00:00Z,100.00001387791889,8.000000064438211,400.00005563593663,6.647410231590546,3.707418325199705e-05,3.4265803938925513e-05,7.542915326822355e-06,2.4573278453103222e-06,0.5714321314716078,3.456510915908485e-06,2.000008571256717,8.634545369763407e-06,0.5296782170705587,9.325,1234.6795191434412,0.1451,7.59,35.0,100.00001377558904,8.000000064085354,400.00005529446827,7.1471631185614175,1225.9259626253904,2.0000176022259257,28.000017665514584,-9.030969208900785e-06,1.4710155902893883e-07,1.4745441616023536e-07
86,2023-01-05T13:00:00Z,100.00001377558904,8.000000064085354,400.00005529446827,7.1471631185614175,3.816704483030415e-05,3.4767689795596945e-05,7.637431078592381e-06,2.467519564712075e-06,0.5714328941610848,3.477457154934115e-06,2.00001121619726,8.691701165071564e-06,0.5242291149559094,9.674999999999999,1232.4022169000298,0.15103,7.79,35.95,100.00001419960854,8.000000064964174,400.000057542492,7.387754813173017,1223.2986618409143,2.0000202995100755,28.760017775013985,-9.083312815683087e-06,1.489448005126027e-07,1.480659804807726e-07
87,2023-01-05T14:00:00Z,100.00001419960854,8.000000064964174,400.000057542492,7.387754813173017,3.929656063118736e-05,3.561660173487901e-05,7.717921508230272e-06,2.485871391554496e-06,0.5714331979505065,3.504978209329037e-06,2.0000122507842186,8.766907964380602e-06,0.5220084711505604,9.665,1232.4022169000298,0.1594799999999999,7.98,35.95,100.00001482367993,8.000000066311495,400.0000607386558,7.583217695656053,1223.3086625149674,2.000021402865174,28.760017918988925,-9.152080955310282e-06,1.5051452086257658e-07,1.491672002132911e-07
88,2023-01-05T15:00:00Z,100.00001482367993,8.000000066311495,400.0000607386558,7.583217695656053,4.096716608351683e-05,3.68454201111444e-05,7.831005834705313e-06,2.5127000055440196e-06,0.5714337576880338,3.54339702071553e-06,2.000014170695956,8.872099361438022e-06,0.5294734490824027,0.61,1298.1802943307741,0.17273,7.84,8.51,100.00001577151343,8.000000068254304,400.0000657335591,7.354359900710722,1298.1417410719114,2.000023418761173,6.808018120164578,-9.248065216738155e-06,1.5271988576533015e-07,1.5077707804044523e-07
89,2023-01-05T16:00:00Z,100.00001577151343,8.000000068254304,400.0000657335591,7.354359900710722,4.692796021885353e-05,4.022116593689485e-05,8.207479325718054e-06,2.5800431337570695e-06,0.5714377132839735,3.6502901731711983e-06,2.0000279012925826,9.16627096579295e-06,0.5371250787433803,0.0,1318.580128111227,0.2221,7.43,0.0,100.00001892530739,8.000000073498088,400.00008413991293,6.930326830577025,1319.1515818090315,2.0000374163113728,1.8681289756000057e-05,-9.515018790207108e-06,1.6006185303680577e-07,1.5481806983240743e-07
90,2023-01-05T17:00:00Z,100.00001892530739,8.000000073498088,400.00008413991293,6.930326830577025,4.14250197357478e-05,3.957462497491149e-05,7.809056855747254e-06,2.5680590320995286e-06,0.5714295088520451,3.5968214536802e-06,1.9999992579731605,9.018770591867984e-06,0.546994853367141,0.0,1318.580128111227,0.1946699999999999,6.99,0.0,100.00001746975866,8.000000071690973,400.00007395841595,6.498309388301899,1319.1515683082932,2.0000086394767194,1.8400274150759765e-05,-9.38150355889178e-06,1.5229183787085854e-07,1.5409895182115383e-07
91,2023-01-05T18:00:00Z,100.00001746975866,8.000000071690973,400.00007395841595,6.498309388301899,4.002739676038391e-05,3.802362002412416e-05,7.70877701585891e-06,2.5398251732713686e-06,0.5714305746414379,3.5572321751301597e-06,2.000003028235762,8.909962233372848e-06,0.5617832951825953,0.0,1318.580128111227,0.17798,6.61,0.0,100.00001628812203,8.000000069622407,400.0000677068974,6.1205126744392535,1319.1515694158295,2.000012310782507,1.8192508978410327e-05,-9.282546745037479e-06,1.5033618542779154e-07,1.5240475087136925e-07
92,2023-01-05T19:00:00Z,100.00001628812203,8.000000069622407,400.0000677068974,6.1205126744392535,3.866544370432298e-05,3.661790919106824e-05,7.623370837342182e-06,2.511371145225959e-06,0.5714308062096114,3.518660225936273e-06,2.000003877065411,8.804182543141743e-06,0.5862038305175375,0.0,1318.580128111227,0.16399,6.23,0.0,100.00001526329258,8.000000067595668,400.0000624412458,5.754591095798684,1319.1515695956311,2.0000130631670654,1.7990284197598732e-05,-9.18610165445699e-06,1.4867059838801139e-07,1.5069733844740227e-07
93,2023-01-05T20:00:00Z,100.00001526329258,8.000000067595668,400.0000624412458,5.754591095798684,3.737213280880791e-05,3.531319281855433e-05,7.541540218128878e-06,2.483654870189065e-06,0.5714309680620565,3.4807504210897417e-06,2.0000044813821707,8.700494457823838e-06,0.6067923222470416,0.0,1318.580128111227,0.152,6.1,0.0,100.00001435596423,8.000000065636215,400.0000579099273,5.607900466405281,1319.1515696768647,2.0000135727185238,1.779183081089697e-05,-9.091336353073132e-06,1.470747417276859e-07,1.49034195630907e-07
94,2023-01-05T21:00:00Z,100.00001435596423,8.000000065636215,400.0000579099273,5.607900466405281,3.6674931996996656e-05,3.4363799641735785e-05,7.468932332788674e-06,2.4549893051421968e-06,0.5714314333404797,3.4548311097582872e-06,2.000006129317568,8.629372392528474e-06,0.6990173830636258,0.0,120.0,0.14464,5.63,0.0,100.00001376827431,8.000000063980872,400.0000551203228,5.218725714161088,120.57144221324698,2.0000151554669916,1.7655521815969628e-05,-9.026149423441154e-06,1.4565874636401556e-07,1.4731408971750355e-07
95,2023-01-05T22:00:00Z,100.00001376827431,8.000000063980872,400.0000551203228,5.218725714161088,3.37608853043763e-05,3.2422959865181007e-05,7.255919608540358e-06,2.4126092480104313e-06,0.5714302279227271,3.3824784933861615e-06,2.000001992694679,8.42986050058637e-06,0.8968665191972974,0.0,120.0,0.127,5.39,0.0,100.00001240480768,8.000000060714424,400.0000484075554,5.0347030661190795,120.57143979163703,2.0000108352097272,1.727237554876605e-05,-8.842515048179678e-06,1.4150458282481947e-07,1.4477103198382427e-07
96,2023-01-05T23:00:00Z,100.00001240480768,8.000000060714424,400.0000484075554,5.0347030661190795,3.0508499661921078e-05,2.970087381457083e-05,6.933753135764564e-06,2.337470706307315e-06,0.5714298148172443,3.278328127587622e-06,2.000000735930954,8.068110588431372e-06,0.9954511191991414,0.0,120.0,0.10721,5.34,0.0,100.00001075455714,8.000000055673864,400.000040833338,5.00123045990328,120.57143849705366,2.000009233634696,1.6565814330436685e-05,-8.497703742005314e-06,1.3522170831824083e-07,1.4026226860529944e-07
97,2023-01-06T00:00:00Z,100.00001075455714,8.000000055673864,400.000040833338,5.00123045990328,3.102143438995474e-05,2.9103511877148635e-05,7.642937624133344e-06,2.450711913657648e-06,0.5714314594825519,3.2374568565799606e-06,2.0000065264494324,8.072421980209217e-06,0.7966806630370658,0.0,120.0,0.1011,5.53,0.0,100.00001021897594,8.000000057668633,400.0000390831988,5.107003107236087,120.57144180708762,2.000015028769559,1.6574742106822446e-05,-8.502320126613228e-06,1.4905218888948917e-07,1.4705742056151503e-07
98,2023-01-06T01:00:00Z,100.00001021897594,8.000000057668633,400.0000390831988,5.107003107236087,3.0271033827152588e-05,2.8280647658439937e-05,7.493558550839301e-06,2.4493199976993523e-06,0.5714314259443566,3.2073864164784727e-06,2.000006453799037,7.991026720788636e-06,0.8074152068617866,0.0,120.0,0.09673,5.5,0.0,100.00000982016044,8.000000056833741,400.0000373505551,5.094198002946272,120.5714416679555,2.0000148806417988,1.641786948259924e-05,-8.426842761810605e-06,1.4613900564193056e-07,1.469738972516863e-07
99,2023-01-06T02:00:00Z,100.00000982016044,8.000000056833741,400.0000373505551,5.094198002946272,2.583524471647709e-05,2.5152407720714903e-05,6.332194239755689e-06,2.2167035192425225e-06,0.571429957904652,3.0844780495132822e-06,2.000001358998261,7.629808845503485e-06,0.8792068184446008,0.0,120.0,0.08142,5.42,0.0,100.00000842157066,8.000000047308365,400.0000308929917,5.045390571383171,120.57143784071043,2.0000094579920145,1.5728802598928306e-05,-8.098993753424821e-06,1.2349013668890483e-07,1.3301551270582195e-07
100,2023-01-06T03:00:00Z,100.00000842157066,8.000000047308365,400.0000308929917,5.045390571383171,2.5454570487792196e-05,2.4088732775499063e-05,7.010220054315465e-06,2.2836113606028136e-06,0.5714310298727099,3.0129917800750383e-06,2.000005247037697,7.468623614309827e-06,0.8208978857299556,0.0,120.0,0.07445,5.49,0.0,100.00000776552834,8.000000046990943,400.0000285169408,5.084284349825119,120.57144013531091,2.000013185944299,1.540753021619961e-05,-7.938906601889784e-06,1.367129623553871e-07,1.370303846746363e-07
101,2023-01-06T04:00:00Z,100.00000776552834,8.000000046990943,400.0000285169408,5.084284349825119,2.6306303854562712e-05,2.3966233485199705e-05,6.5366913065925665e-06,2.1605496389968847e-06,0.5714321028966817,3.05466238354886e-06,2.000008870514435,7.5520102151979975e-06,0.74009830229883,0.0,120.0,0.0783199999999999,5.62,0.0,100.0000080547535,8.000000044823228,400.00002969286027,5.172811438097566,120.5714418737711,2.0000168966388925,1.5578134672692173e-05,-8.026124457494177e-06,1.2747822830138518e-07,1.296459429341065e-07
102,2023-01-06T05:00:00Z,100.0000080547535,8.000000044823228,400.00002969286027,5.172811438097566,3.091330479449527e-05,2.6925106755694973e-05,7.205685720157484e-06,2.24159123639113e-06,0.5714339876201583,3.21059242486344e-06,2.000015288574099,7.968478476497168e-06,0.7523249859965754,0.0,1317.781942559518,0.09689,5.58,0.0,100.00000968453989,8.000000050839226,400.00003686449156,5.151091639825677,1318.353388710023,2.0000237042709204,1.6384175297692863e-05,-8.415696821195695e-06,1.405249240354745e-07,1.345089250759754e-07
103,2023-01-06T06:00:00Z,100.00000968453989,8.000000050839226,400.00003686449156,5.151091639825677,3.222155512902316e-05,2.8811434306925688e-05,7.269171205053675e-06,2.302828429510605e-06,0.5714331292408408,3.2771683570239664e-06,2.0000122269103437,8.147339482490467e-06,0.7828354930803698,0.0,1317.781942559518,0.1070199999999999,5.53,0.0,100.00001060532207,8.000000054418717,400.00004075974,5.116187718007628,1318.3533873423908,2.000020808719517,1.6729148655559855e-05,-8.581809173069388e-06,1.417630148000267e-07,1.3818352412304862e-07
104,2023-01-06T07:00:00Z,100.00001060532207,8.000000054418717,400.00004075974,5.116187718007628,3.501483069046102e-05,3.1003854120566254e-05,7.499554029726202e-06,2.3671362889208537e-06,0.5714338551303676,3.3633756789883802e-06,2.0000146819613907,8.380855718339742e-06,0.7040038213839924,0.0,1317.781942559518,0.12294,5.71,0.0,100.00001192387816,8.000000058632263,400.0000468570469,5.240238787920031,1318.3533889214186,2.000023479693611,1.717858793885102e-05,-8.797732220511278e-06,1.4625592917257822e-07,1.4204238157340856e-07
105,2023-01-06T08:00:00Z,100.00001192387816,8.000000058632263,400.0000468570469,5.240238787920031,4.18864693847659e-05,3.5490063212264844e-05,8.018668464759593e-06,2.475999656555443e-06,0.5714370083204813,3.52570691322954e-06,2.000025549803123,8.822763270831766e-06,0.7474056412260387,0.0,1317.781942559518,0.1664,5.58,0.0,100.00001516607293,8.0000000664371,400.00006334980156,5.155878192457686,1318.3533950326205,2.0000347527712883,1.8025731436143398e-05,-9.202968165311631e-06,1.563796730301151e-07,1.4857483687701427e-07
106,2023-01-06T09:00:00Z,100.00001516607293,8.0000000664371,400.00006334980156,5.155878192457686,4.333203177397653e-05,3.860688046542644e-05,8.654081403024096e-06,2.6816169844363745e-06,0.5714346214825016,3.565799243562839e-06,2.000017255992252,8.971598231513553e-06,0.711864176131787,9.075,1236.1890366323635,0.1824,5.44,34.06,100.00001654932294,8.000000074295453,400.00007131744655,5.14398910159014,1227.685485517261,2.0000265824618957,27.248018298067876,-9.326469643688995e-06,1.6877146450542042e-07,1.609131103772202e-07
107,2023-01-06T10:00:00Z,100.00001654932294,8.000000074295453,400.00007131744655,5.14398910159014,3.8443351880686784e-05,3.667043529310708e-05,7.448594901944703e-06,2.5244510313877675e-06,0.5714297413105869,3.5177105172123297e-06,2.0000001607081255,8.801395092890402e-06,0.5932431520216598,16.56,1190.8889235647625,0.1636699999999999,5.69,52.97,100.00001525657065,8.00000006807537,400.00006232017233,5.409173214149785,1174.9003635208442,2.000009344236188,42.376017984923145,-9.183528062450819e-06,1.4526212680060178e-07,1.5148221010427648e-07
108,2023-01-06T11:00:00Z,100.00001525657065,8.00000006807537,400.00006232017233,5.409173214149785,3.668626862044338e-05,3.540310942818225e-05,8.1252997544605e-06,2.6290659633626244e-06,0.5714299854385209,3.4357135262997325e-06,2.0000011907899578,8.613051442677882e-06,0.39026895932581257,253.255,359.5563885119036,0.1402,6.15,582.42,100.00001359714953,8.000000068774826,400.00005458631,8.917272250351386,106.87282871244867,2.0000101907373886,465.9360176129988,-8.999947430865518e-06,1.5845919113109286e-07,1.5775973377513498e-07
109,2023-01-06T12:00:00Z,100.00001359714953,8.000000068774826,400.00005458631,8.917272250351386,3.654108176654452e-05,3.415894068000303e-05,8.03373878507447e-06,2.6237397164117627e-06,0.5714315708220972,3.4149368729668403e-06,2.0000067674852997,8.556066825701388e-06,0.3966484604851641,264.965,359.5563885119036,0.135,6.48,610.12,100.00001309435815,8.000000068008273,400.0000525247969,9.874955989320629,95.16283128980275,2.0000157152826454,488.09601750386423,-8.947797345726372e-06,1.5667357366631884e-07,1.574401269974055e-07
110,2023-01-06T13:00:00Z,100.00001309435815,8.000000068008273,400.0000525247969,9.874955989320629,3.97890894145295e-05,3.517024584186981e-05,7.6249979990579505e-06,2.499855563673221e-06,0.5714344580891269,3.5003490778231494e-06,2.0000166780890822,8.754153670125617e-06,0.4112722503261826,225.445,359.5563885119036,0.158,6.91,520.45,100.00001465621123,8.000000066704269,400.0000601861083,9.79316550921567,134.68283621432784,2.0000258185564257,416.360017894621,-9.140467343460301e-06,1.4870233121475153e-07,1.5000633445383866e-07
111,2023-01-06T14:00:00Z,100.00001465621123,8.000000066704269,400.0000601861083,9.79316550921567,4.185031001122093e-05,3.755889710758979e-05,8.52799258347996e-06,2.6680152727393264e-06,0.5714341258938933,3.534523255590591e-06,2.000015559454337,8.885114817637225e-06,0.4291510993906173,145.53,497.2294449896945,0.1704,7.03,342.53,100.0000157086577,8.00000007291983,400.0000665595173,8.805968204511977,352.27089280150193,2.0000248074173403,274.02401813307785,-9.247963003389259e-06,1.663124866265219e-07,1.600969260569653e-07
112,2023-01-06T15:00:00Z,100.0000157086577,8.00000007291983,400.0000665595173,8.805968204511977,3.499244052368827e-05,3.43611555061176e-05,7.169557025562407e-06,2.4742440648225847e-06,0.5714284573489613,3.437679511148125e-06,1.9999957520840188,8.583229991406253e-06,0.4642798991680007,52.445,981.9478415046802,0.1401,6.72,140.19,100.00001350853029,8.000000064270683,400.00005339557373,7.22850788724531,930.0742787263067,2.000004735994926,112.1520175671409,-8.983910907200965e-06,1.3982034403287022e-07,1.4846949083843893e-07
113,2023-01-06T16:00:00Z,100.00001350853029,8.000000064270683,400.00005339557373,7.22850788724531,3.916792332973096e-05,3.511305709150606e-05,7.692407840748368e-06,2.4763979954665688e-06,0.5714339816925511,3.4937298929120297e-06,2.0000150044020493,8.73598014910129e-06,0.5652262017830728,0.0,1317.781942559518,0.15593,6.04,0.0,100.00001453363555,8.000000065688898,400.00005939701776,5.7129046204679215,1318.3533893058166,2.0000241281951197,1.78597732194882e-05,-9.12379307038691e-06,1.5001695459005218e-07,1.4859873960195434e-07
114,2023-01-06T17:00:00Z,100.00001453363555,8.000000065688898,400.00005939701776,5.7129046204679215,3.973183942371743e-05,3.6049884587680524e-05,7.745902760262611e-06,2.4958852905547624e-06,0.5714331169471987,3.5172054971627713e-06,2.0000119562608174,8.799951327862267e-06,0.6545518795146124,0.0,1317.781942559518,0.1635,5.77,0.0,100.00001512423827,8.000000066981013,400.0000622563422,5.335235854940041,1318.353388125643,2.000021138468341,1.7982158851523656e-05,-9.18220752366139e-06,1.5106020984610555e-07,1.4976809424271003e-07
115,2023-01-06T18:00:00Z,100.00001512423827,8.000000066981013,400.0000622563422,5.335235854940041,3.7871156593376406e-05,3.591211214536636e-05,8.238786858052027e-06,2.633615820632246e-06,0.5714307728991447,3.4600501842519197e-06,2.000003913091136,8.679904057402214e-06,0.785564182579934,0.0,1317.781942559518,0.14674,5.5,0.0,100.00001407209845,8.000000069620672,400.0000571782475,5.108198782473939,1318.353384356683,2.0000129741277632,1.774094068463589e-05,-9.061036627233676e-06,1.6067241097311187e-07,1.5803275251318608e-07
116,2023-01-06T19:00:00Z,100.00001407209845,8.000000069620672,400.0000571782475,5.108198782473939,3.589761365481901e-05,3.376483161926855e-05,7.2712034591251905e-06,2.4610642838389143e-06,13.384533748220385,3.4326627831087882e-06,2.0003560105761005,0.0003588047601320665,0.9999996791359806,0.0,1317.781942559518,0.13939,5.14,0.0,100.00001336210795,8.000000063744695,400.00005409817226,5.000000032643856,1331.1664866833223,46.8458732398525,44.845876034036536,-44.8455172292764,1.4180264771771302e-07,1.4767862489282415e-07
117,2023-01-06T20:00:00Z,100.00001336210795,8.000000063744695,400.00005409817226,5.000000032643856,3.4999317110536365e-05,3.283493019754926e-05,7.371220673227237e-06,2.428874393438672e-06,0.5714310707511507,3.4039455545191605e-06,2.000004919299924,8.490285345271e-06,0.7901271860849642,0.0,1317.781942559518,0.13184,5.54,0.0,100.00001275840008,8.000000061750836,400.00005025669594,5.113316625283256,1318.353384140948,2.000013817747202,1.7388732623409377e-05,-8.898447278138377e-06,1.437531784457757e-07,1.4574703831015135e-07
118,2023-01-06T21:00:00Z,100.00001275840008,8.000000061750836,400.00005025669594,5.113316625283256,3.499445007747002e-05,3.242403517201232e-05,7.366538985640155e-06,2.408534333359169e-06,0.5714319495655876,3.3956805337822256e-06,2.0000079923956724,8.46882416418384e-06,0.6226944499351438,0.0,120.0,0.12994,6.15,0.0,100.00001257803551,8.0000000608862,400.000049528984,5.586733932261045,120.57144287366569,2.0000168711773183,1.734760581008845e-05,-8.87878164590461e-06,1.436618764076238e-07,1.4452651265281542e-07
119,2023-01-06T22:00:00Z,100.00001257803551,8.0000000608862,400.000049528984,5.586733932261045,3.339998482980166e-05,3.1433807962336e-05,7.241068825012036e-06,2.383798998834429e-06,0.571431171642932,3.355417984506611e-06,2.0000053129596256,8.359735978696009e-06,0.5715297732908521,0.0,120.0,0.12131,6.83,0.0,100.00001189847099,8.000000059058918,400.00004623456266,6.207560817825528,120.57144135050761,2.0000140912733655,1.7138049718606013e-05,-8.778313739910004e-06,1.4121496358409312e-07,1.4304224415448118e-07
120,2023-01-06T23:00:00Z,100.00001189847099,8.000000059058918,400.00004623456266,6.207560817825528,2.8537009130086384e-05,2.8219379608752197e-05,6.745565557066342e-06,2.2966104690925624e-06,0.5714293208239137,3.213368276685199e-06,1.9999989883559812,7.976643417285366e-06,0.5485920581738121,0.0,120.0,0.09728,7.54,0.0,100.00000989881265,8.000000052800193,400.0000370151024,6.889090924717414,120.57143730077678,2.0000074117456204,1.640003305641928e-05,-8.423389639133916e-06,1.3155168353114678e-07,1.378104091864724e-07
121,2023-01-07T00:00:00Z,100.00000989881265,8.000000052800193,400.0000370151024,6.889090924717414,3.0025652424246103e-05,2.7691252976747883e-05,6.977975594595331e-06,2.2769439064598876e-06,0.5714320499429634,3.2195479199975555e-06,2.0000085171611364,7.993258718822068e-06,0.5369002285193064,0.0,120.0,0.09816,8.11,0.0,100.00000987838379,8.000000052254027,400.0000373539293,7.4640015535189965,120.57144230492202,2.000016956013547,1.643211112946364e-05,-8.438852410641573e-06,1.3608413250785977e-07,1.36630297417335e-07
122,2023-01-07T01:00:00Z,100.00000987838379,8.000000052254027,400.0000373539293,7.4640015535189965,2.9268276131616838e-05,2.7235158627818898e-05,6.9074841379747374e-06,2.2618782410910773e-06,0.5714315770415825,3.1966419291861897e-06,2.0000068860216254,7.931776977373749e-06,0.5308648020556606,0.0,120.0,0.0949599999999999,8.42,0.0,100.00000960597197,8.000000051237171,400.0000361214044,7.803254713882313,120.57144145240692,2.0000152676358174,1.6313391169406065e-05,-8.381614192032316e-06,1.3470941163167056e-07,1.3572626709217386e-07
123,2023-01-07T02:00:00Z,100.00000960597197,8.000000051237171,400.0000361214044,7.803254713882313,2.6627987041155607e-05,2.5477940590324717e-05,6.596915331265267e-06,2.2070208222114327e-06,0.5714306067411832,3.1067511529303288e-06,2.000003587257695,7.691307287166237e-06,0.5306677902703999,0.0,120.0,0.08386,7.78,0.0,100.00000862931809,8.000000047455393,400.0000318367478,7.289063177883181,120.57143925343328,2.000011744192358,1.5848241950438845e-05,-8.156934663272608e-06,1.2865271423109582e-07,1.3243449278196416e-07
124,2023-01-07T03:00:00Z,100.00000862931809,8.000000047455393,400.0000318367478,7.289063177883181,2.5294464438046295e-05,2.3970871972059993e-05,6.463631844323589e-06,2.1539649663809465e-06,0.5714309571220743,3.0379494625128423e-06,2.000004880342195,7.5081401988037365e-06,0.5419255177885469,0.0,120.0,0.0766599999999999,7.0,0.0,100.00000794234565,8.000000044257996,400.00002904976606,6.5495156550736136,120.57143962833088,2.000012865272704,1.5493070708045385e-05,-7.98493050924165e-06,1.2605342630694069e-07,1.2925082306516332e-07
125,2023-01-07T04:00:00Z,100.00000794234565,8.000000044257996,400.00002904976606,6.5495156550736136,2.3786338954117373e-05,2.2544669483053345e-05,6.294137621779527e-06,2.1000758948458564e-06,0.571430920406285,2.9636169025717926e-06,2.000004826385545,7.31111206058889e-06,0.5654424953581414,0.0,120.0,0.06988,6.46,0.0,100.00000729320034,8.0000000409888,400.0000264197907,5.9974483315939775,120.5714393197544,2.0000126254558572,1.5110182372819928e-05,-7.799070312231038e-06,1.2274795842054285e-07,1.2601715540629202e-07
126,2023-01-07T05:00:00Z,100.00000729320034,8.0000000409888,400.0000264197907,5.9974483315939775,2.6102938442138087e-05,2.350288288737267e-05,6.663119244774489e-06,2.1265929998188553e-06,0.5714324814868621,3.036196549469662e-06,2.0000101992167854,7.503383180726298e-06,0.596603111567734,0.0,1316.806863713619,0.0764899999999999,6.13,0.0,100.00000786985157,8.00000004332428,400.00002898352534,5.6574929572539965,1317.378306367884,2.000018179653701,1.5483820096470646e-05,-7.980436915744349e-06,1.2994381965506804e-07,1.2760834082321364e-07
127,2023-01-07T06:00:00Z,100.00000786985157,8.00000004332428,400.00002898352534,5.6574929572539965,2.996489560299445e-05,2.6237569659008915e-05,7.130960848076915e-06,2.2175425246142777e-06,0.5714336757260764,3.178405643209801e-06,2.0000142282236757,7.882588200573025e-06,0.6472437378261003,0.0,1316.806863713619,0.09253,5.82,0.0,100.00000930534962,8.000000049326065,400.0000351842432,5.369953526170239,1317.3783092084948,2.0000225639426215,1.621830714633526e-05,-8.335718945762238e-06,1.3906764330183004e-07,1.3306585806266294e-07
128,2023-01-07T07:00:00Z,100.00000930534962,8.000000049326065,400.0000351842432,5.369953526170239,3.311325550420511e-05,2.9058904590429576e-05,7.389112721154028e-06,2.3074907315529743e-06,0.5714339472513332,3.2945033716227734e-06,2.000015066573587,8.1945540646672e-06,0.7044250219734086,0.0,1316.806863713619,0.10994,5.66,0.0,100.00001082438261,8.000000054964882,400.0000418803415,5.222610079746328,1317.3783100913463,2.0000236921815167,1.6820161994358115e-05,-8.625607929690915e-06,1.4410210827333089e-07,1.3846329022220068e-07
129,2023-01-07T08:00:00Z,100.00001082438261,8.000000054964882,400.0000418803415,5.222610079746328,3.356264922475311e-05,3.057961021689543e-05,7.920341342949537e-06,2.481473593285995e-06,0.5714325753495632,3.3089554400952435e-06,2.0000103448240987,8.266609339737528e-06,0.9363372931690218,0.0,1316.806863713619,0.11287,5.36,0.0,100.00001119076522,8.000000060523679,400.00004374915454,5.019144372231909,1317.3783080198307,2.000019026620872,1.694840611322843e-05,-8.681796773490902e-06,1.5446210239775576e-07,1.4890330592775248e-07
130,2023-01-07T09:00:00Z,100.00001119076522,8.000000060523679,400.00004374915454,5.019144372231909,3.0719292633059964e-05,2.9253193000367105e-05,7.535527259141853e-06,2.481882276596009e-06,0.5714305743878481,3.234713464101385e-06,2.0000034546100456,8.064990566099873e-06,0.39197832590347875,114.155,665.0497818724563,0.10069,5.54,272.29,100.0000102092101,8.000000058553326,400.0000389200283,6.4860016766445225,551.4662222013023,2.0000119500413915,217.83201656042192,-8.495431345956206e-06,1.4695747730099625e-07,1.489278293786984e-07
131,2023-01-07T10:00:00Z,100.0000102092101,8.000000058553326,400.0000389200283,6.4860016766445225,2.7393595671079323e-05,2.6360918073614285e-05,6.7132023932697275e-06,2.3026910033826976e-06,0.571430329867786,3.144974803891327e-06,2.0000026275275586,7.793345986119391e-06,0.4902560556893098,41.43,1052.1449938719893,0.08832,6.27,110.57,100.0000090477723,8.000000051298587,400.0000335596098,6.354193321820462,1011.2864327900207,2.0000108799460095,88.45601604576443,-8.252418450815924e-06,1.3092053872263197e-07,1.3817527773073493e-07
132,2023-01-07T11:00:00Z,100.0000090477723,8.000000051298587,400.0000335596098,6.354193321820462,2.8052482906723248e-05,2.5937341602988696e-05,6.755454883837974e-06,2.2330359639639783e-06,0.5714318175302651,3.1415080363375725e-06,2.000007790767009,7.784103035676974e-06,0.4387507395427536,184.53,359.36137274272374,0.0879,7.39,426.35,100.0000089600917,8.000000049047575,400.0000333984757,9.05802412200213,175.40281433932225,2.0000160345740583,341.0800160279101,-8.243807049446161e-06,1.317445446893094e-07,1.3399555739357805e-07
133,2023-01-07T12:00:00Z,100.0000089600917,8.000000049047575,400.0000333984757,9.05802412200213,2.441758669925935e-05,2.3673501349408337e-05,6.321364773623796e-06,2.1467417522255047e-06,0.5714302224582685,3.0131073888040584e-06,2.0000023414117147,7.442261806390839e-06,0.4724267290838872,95.175,765.9406004835142,0.07429,8.33,230.14,100.0000077410777,8.000000043509129,400.0000281306332,9.12350873256685,671.3370386377884,2.000010264299481,184.11201536514957,-7.922887766298459e-06,1.23278940979762e-07,1.2881738687221752e-07
134,2023-01-07T13:00:00Z,100.0000077410777,8.000000043509129,400.0000281306332,9.12350873256685,2.941022657137107e-05,2.5817364813891746e-05,7.052031867198746e-06,2.2076301118150324e-06,0.571433617803968,3.158609296002597e-06,2.0000140481036395,7.829891447650456e-06,0.5142320729474592,5.155,1260.1978990599646,0.09,9.09,23.65,100.00000908180685,8.000000048566449,400.00003420819223,8.709473271927818,1255.6143442736413,2.000022334678169,18.92001611646598,-8.286574529670077e-06,1.3752837424780033e-07,1.3247105381428337e-07
135,2023-01-07T14:00:00Z,100.00000908180685,8.000000048566449,400.00003420819223,8.709473271927818,2.7760700359208702e-05,2.5784302573236217e-05,6.785556727686319e-06,2.2118491555933896e-06,0.5714315167541649,3.1331327761946185e-06,2.0000067358352,7.76176714423231e-06,0.5114805097528831,14.475,1200.9559593061404,0.0869,9.11,48.4,100.00000887343069,8.000000048173817,400.00003301121933,8.796179295075119,1187.052400506133,2.000014958735435,38.72001598466738,-8.22290023494432e-06,1.323315893488181e-07,1.3272422175777915e-07
136,2023-01-07T15:00:00Z,100.00000887343069,8.000000048173817,400.00003301121933,8.796179295075119,2.9758854154540363e-05,2.6820531301365368e-05,7.025059317354791e-06,2.2440525373267602e-06,0.5714327377266358,3.1918299729780486e-06,2.0000109431927293,7.918883962792954e-06,0.5163828775700098,4.244999999999999,1266.1819333785327,0.09431,8.87,21.15,100.00000950387724,8.000000050519557,400.00003587047195,8.46387875002732,1262.5083770274193,2.0000193127916748,16.92001628848291,-8.369598945456858e-06,1.3700235692411085e-07,1.3465661790139576e-07
137,2023-01-07T16:00:00Z,100.00000950387724,8.000000050519557,400.00003587047195,8.46387875002732,3.0324582530290664e-05,2.7592219456288814e-05,7.059453650036866e-06,2.269396500038893e-06,0.5714323956628669,3.2206536252225187e-06,2.0000097202220743,7.996238112230509e-06,0.5240399221739414,0.0,1316.806863713619,0.0983199999999999,8.23,0.0,100.0000098735812,8.000000052015261,400.0000374151035,7.76232760632803,1317.3783068523553,2.000018161844673,1.643786071095101e-05,-8.4416225987205e-06,1.376731134870676e-07,1.361774077431079e-07
138,2023-01-07T17:00:00Z,100.0000098735812,8.000000052015261,400.0000374151035,7.76232760632803,3.071032030214812e-05,2.8072936488728133e-05,7.0800660948369145e-06,2.2852999939295427e-06,0.571432265161809,3.238627897222361e-06,2.0000092474882387,8.044541248266891e-06,0.5310971406911685,0.0,1316.806863713619,0.10096,7.77,0.0,100.00001011284652,8.000000052958645,400.00003843097505,7.275347367882858,1317.3783066495585,2.0000177340179457,1.6531070955241613e-05,-8.486529706974721e-06,1.3807509635895573e-07,1.3713171280705328e-07
139,2023-01-07T18:00:00Z,100.00001011284652,8.000000052958645,400.00003843097505,7.275347367882858,2.9378693899106295e-05,2.746594378630695e-05,6.913912564613187e-06,2.268937234576864e-06,0.571431392862155,3.204210663545185e-06,2.000006234935567,7.95206544404167e-06,0.5375215054052453,0.0,1316.806863713619,0.096,7.49,0.0,100.00000970603455,8.000000051643575,400.0000365216903,6.972838637977949,1317.3783048684174,2.0000146354421635,1.6352572040603666e-05,-8.400506596561996e-06,1.3483477848780595e-07,1.361498490595178e-07
140,2023-01-07T19:00:00Z,100.00000970603455,8.000000051643575,400.0000365216903,6.972838637977949,2.7928324372612884e-05,2.6326480900386958e-05,6.752943542671787e-06,2.233720274150068e-06,0.571431119165241,3.1513559254117073e-06,2.0000053321523636,7.810415424217749e-06,0.5497361091550036,0.0,1316.806863713619,0.0891,6.78,0.0,100.00000909380834,8.000000049302523,400.00003386081875,6.32166812735455,1317.378304105207,2.000013600524902,1.60787879624182e-05,-8.268372538200452e-06,1.3169556863896374e-07,1.3403662011101518e-07
141,2023-01-07T20:00:00Z,100.00000909380834,8.000000049302523,400.00003386081875,6.32166812735455,2.097348001624115e-05,2.1633041183193145e-05,5.727543198898073e-06,2.052919441697508e-06,0.5714286921628988,2.876196698320346e-06,1.999997126513442,7.080617707294318e-06,0.5639482498356488,0.0,1316.806863713619,0.06298,6.65,0.0,100.00000669393127,8.0000000378133,400.0000237374104,6.135003580259934,1317.3782982970413,2.0000047070484865,1.4661152751865553e-05,-7.580535044571235e-06,1.116982622047329e-07,1.2318748525037552e-07
142,2023-01-07T21:00:00Z,100.00000669393127,8.0000000378133,400.0000237374104,6.135003580259934,1.8619779341675446e-05,1.8342753732187692e-05,5.53074641973879e-06,1.9239834519746125e-06,0.5714300650647609,2.6904081128031904e-06,2.000002122010245,6.594839788703978e-06,0.5541669885191084,0.0,120.0,0.0512,7.22,0.0,100.0000054618843,8.000000030223088,400.0000191458938,6.604375767565779,120.57143663926145,2.000009238019111,1.371084865486324e-05,-7.1160088661592624e-06,1.0786034121902831e-07,1.1545055217369413e-07
143,2023-01-07T22:00:00Z,100.0000054618843,8.000000030223088,400.0000191458938,6.604375767565779,1.4858428399397293e-05,1.4933213119676435e-05,4.749235579046457e-06,1.7205590545735305e-06,0.5714297084953284,2.4204665046610846e-06,2.0000011395355766,5.898767060144521e-06,0.5402976007517171,0.0,120.0,0.03879,7.98,0.0,100.00000417054522,8.000000019598577,400.0000142909328,7.317013033048957,120.57143508285364,2.000007580386827,1.2339618310711003e-05,-6.440851250566482e-06,9.261935572697861e-08,1.0324386766117795e-07
144,2023-01-07T23:00:00Z,100.00000417054522,8.000000019598577,400.0000142909328,7.317013033048957,1.370365802666582e-05,1.3457509258194046e-05,7.073525102597658e-06,2.175275641173873e-06,0.5714309210761042,3.3205309104868973e-06,2.0000043426110423,7.719612468003999e-06,0.5305784022684792,0.0,120.0,0.01155,8.78,0.0,100.00000330781812,8.00000002701652,400.0000108424767,8.097816909466875,120.57143938600524,2.000013033784915,1.6410786340592108e-05,-8.69117387258811e-06,1.3794753425407972e-07,1.3052959142957534e-07
145,2023-01-08T00:00:00Z,100.00000330781812,8.00000002701652,400.0000108424767,8.097816909466875,1.4476256927303963e-05,1.3351542331204923e-05,7.4029733938404215e-06,2.3420397481234508e-06,0.571432125881383,3.5733309960461145e-06,2.0000082948533615,8.240639008407431e-06,0.5241345549457307,0.0,120.0,0.00907,9.56,0.0,100.00000329716818,8.000000030852501,400.0000108424787,8.872448884776231,120.57144188486062,2.00001761761035,1.756339599702416e-05,-9.322756988616732e-06,1.443724184217304e-07,1.4053643853126019e-07
146,2023-01-08T01:00:00Z,100.00000329716818,8.000000030852501,400.0000108424787,8.872448884776231,1.447987856958036e-05,1.3345100126677996e-05,7.26707939756217e-06,2.3566342929862825e-06,0.5714321196361418,3.570053065369413e-06,2.0000082881460393,8.233933650526893e-06,0.5197560232984016,0.0,120.0,0.0091,10.26,0.0,100.00000329670564,8.000000031162523,400.0000108424786,9.578411538939104,120.57144173491275,2.000017602723036,1.7548510647348593e-05,-9.3145769968217e-06,1.4172222047450977e-07,1.4141219879905687e-07
147,2023-01-08T02:00:00Z,100.00000329670564,8.000000031162523,400.0000108424786,9.578411538939104,1.5055974291222934e-05,1.3845030836127456e-05,8.86272402261596e-06,2.74209587457818e-06,0.5714327837362314,4.307879892783515e-06,2.0000097706165287,9.71639770147733e-06,0.5167498093198283,0.0,120.0,0.00346,10.79,0.0,100.00000332853384,8.00000003946072,400.00001084248504,10.1288665232207,120.57144442318771,2.0000209273450165,2.087312618920408e-05,-1.1156728487726753e-05,1.7284040248125938e-07,1.6454220669536034e-07
148,2023-01-08T03:00:00Z,100.00000332853384,8.00000003946072,400.00001084248504,10.1288665232207,1.5106546014268427e-05,1.3917773668778492e-05,8.81297651716918e-06,2.8340401212368394e-06,0.5714328704074875,4.413804540745146e-06,2.000009978869314,9.924655932633792e-06,0.5147908724315963,0.0,120.0,0.0028,11.07,0.0,100.0000033331371,8.000000041271536,400.00001084248595,10.442718809369053,120.57144445192078,2.0000213999207865,2.1345707405193688e-05,-1.1421051472559896e-05,1.7187022910770982e-07,1.7005941321553192e-07
149,2023-01-08T04:00:00Z,100.0000033331371,8.000000041271536,400.00001084248595,10.442718809369053,1.4863935182373072e-05,1.3710928020921196e-05,8.018706465484156e-06,2.664040799614894e-06,0.5714325597956246,4.067605712783999e-06,2.000009294013985,9.239804732503192e-06,0.5137649016454882,0.0,120.0,0.00508,11.2,0.0,100.00000332029819,8.000000037793516,400.00001084248277,10.5960596632663,120.57144313507416,2.000019851042901,1.9796833648450535e-05,-1.0557028915947342e-05,1.563804141183529e-07,1.5985843382027566e-07
150,2023-01-08T05:00:00Z,100.00000332029819,8.000000037793516,400.00001084248277,10.5960596632663,1.4472799958502151e-05,1.3359806541479674e-05,7.078243804474373e-06,2.396901834759046e-06,0.5714321203858682,3.578764293276888e-06,2.0000083058130333,8.251774820846546e-06,0.5132701775852914,0.0,1315.6551801150476,0.00902,11.22,0.0,100.00000329772101,8.00000003200458,400.00001084230854,10.63321040218067,1316.226621608533,2.000017642158473,1.758812026071638e-05,-9.336345439869831e-06,1.3803955814306457e-07,1.4382849293483624e-07
151,2023-01-08T06:00:00Z,100.00000329772101,8.00000003200458,400.00001084230854,10.63321040218067,1.3784476141567574e-05,1.2743835509775167e-05,5.742104188222506e-06,2.01638698615918e-06,0.5714315086502332,2.908523270713322e-06,2.0000069097541973,6.855547623039521e-06,0.513138702759776,0.0,1315.6551801150476,0.01647,11.19,0.0,100.00000325598944,8.000000022991491,400.00001084230354,10.611941512038252,1316.226619298579,2.0000145711847446,1.4516978170351685e-05,-7.661430547312165e-06,1.1198222989332822e-07,1.2099531870142094e-07
152,2023-01-08T07:00:00Z,100.00000325598944,8.000000022991491,400.00001084230354,10.611941512038252,2.04135308603887e-05,1.6911808463710787e-05,6.2864291013474945e-06,1.932469747471769e-06,0.5714335999558275,2.672502690462813e-06,2.000014527070625,6.548362059062308e-06,0.5131702313920885,0.0,1315.6551801150476,0.05023,11.09,0.0,100.00000523651192,8.000000029629337,400.00001876680057,10.522315102115675,1316.2266242431879,2.000021598351883,1.3619643316937793e-05,-7.0712812578754836e-06,1.2259762723900005e-07,1.1595978082638879e-07
153,2023-01-08T08:00:00Z,100.00000523651192,8.000000029629337,400.00001876680057,10.522315102115675,2.91996034479194e-05,2.3910297095931694e-05,7.287616627128202e-06,2.121786326796994e-06,0.5714354555319815,3.0991870143628753e-06,2.0000205097404464,7.67117413081855e-06,0.5134149652488531,0.0,1315.6551801150476,0.08302,10.94,0.0,100.00000836157176,8.000000044432163,400.00003151153294,10.380425128940303,1316.2266291249034,2.0000286478075084,1.5809241192832027e-05,-8.138067062013477e-06,1.421227365026502e-07,1.2731991159897953e-07
154,2023-01-08T09:00:00Z,100.00000836157176,8.000000044432163,400.00003151153294,10.380425128940303,2.9977576346769573e-05,2.6589087755344064e-05,7.137130119104864e-06,2.2282928656203773e-06,0.571433116014546,3.1886225031221153e-06,2.000012260989787,7.910302388150134e-06,0.49642589757653666,55.364999999999995,970.0390937509918,0.0938799999999999,10.84,144.53,100.00000944307864,8.000000049909175,400.00003570466265,11.00793314552282,915.2455383529547,2.0000206225921953,115.6240162719048,-8.361602408246682e-06,1.3918795611815666e-07,1.337109430315258e-07
155,2023-01-08T10:00:00Z,100.00000944307864,8.000000049909175,400.00003570466265,11.00793314552282,3.1655621266838675e-05,2.8318838098829844e-05,7.223913527219949e-06,2.288295228911116e-06,0.5714330932321328,3.257586051351209e-06,2.0000121191782725,8.095601706617609e-06,0.4999312834002404,33.765,1088.6480876184046,0.10387,10.79,94.93,100.00001033368537,8.000000053478132,400.00003954971595,10.793108020593364,1055.4545322416243,2.0000206531293157,75.94401662955275,-8.5339510431659e-06,1.4088040182097112e-07,1.3731144487915487e-07
156,2023-01-08T11:00:00Z,100.00001033368537,8.000000053478132,400.00003954971595,10.793108020593364,3.0584807417943124e-05,2.831919026202303e-05,7.050149546926406e-06,2.2934542210700945e-06,0.57143174273007,3.2434655631644596e-06,2.0000074173423865,8.05759435835375e-06,0.5100036574376553,3.54,1270.411588099494,0.10169,10.89,18.92,100.00001019594396,8.000000053348781,400.0000387117154,10.466247583663526,1267.4430301080024,2.000015916004107,15.136016556256081,-8.498661720590661e-06,1.374916653315981e-07,1.3762101536574225e-07
157,2023-01-08T12:00:00Z,100.00001019594396,8.000000053348781,400.0000387117154,10.466247583663526,3.004075337413313e-05,2.7908543034943548e-05,6.983066161485989e-06,2.2824582163431976e-06,0.5714316657504704,3.2253557728105527e-06,2.0000071675459434,8.008900744168567e-06,0.5068188164299966,15.76,1191.2353020722758,0.099,10.83,52.03,100.0000099636682,8.000000052571,400.000037676802,10.537665345821742,1176.0467437962006,2.000015620949613,41.62401646230442,-8.453403669506088e-06,1.3618340848982578e-07,1.369611890995018e-07
158,2023-01-08T13:00:00Z,100.0000099636682,8.000000052571,400.000037676802,10.537665345821742,3.141687793911988e-05,2.8540943905815866e-05,7.145399268491941e-06,2.299575364232862e-06,0.5714325796342002,3.260251762993246e-06,2.000010325459117,8.10278021477234e-06,0.49814189533109615,44.865,1027.7174996397418,0.10429,10.7,120.41,100.00001039372113,8.0000000539319,400.00003971109686,10.78327481076545,983.4239432013854,2.0000188660717013,96.3280166433928,-8.54061258426242e-06,1.3934922065765863e-07,1.3798832068604033e-07
159,2023-01-08T14:00:00Z,100.00001039372113,8.0000000539319,400.00003971109686,10.78327481076545,3.092337649342674e-05,2.8555097584361243e-05,7.076575653667103e-06,2.3011933744003e-06,0.5714318882441701,3.254133183776856e-06,2.000007915961585,8.0863031013907e-06,0.5045969765758901,18.23,1176.8874399108952,0.10333,10.61,58.03,100.00001033526925,8.000000053853515,400.00003934219984,10.418832090160144,1159.228882196934,2.0000164412818093,46.42401661162332,-8.525320224439525e-06,1.3800702594910345e-07,1.3808541100511853e-07
160,2023-01-08T15:00:00Z,100.00001033526925,8.000000053853515,400.00003934219984,10.418832090160144,3.211428059780907e-05,2.919597448789011e-05,7.204546310767956e-06,2.3192995104913444e-06,0.5714325869773769,3.2856335786193255e-06,2.0000103266705467,8.171186961887697e-06,0.5113126729621407,2.375,1279.4507412611642,0.10843,10.39,15.14,100.0000107525052,8.000000055184332,400.0000413009724,9.964389162964274,1277.6471849373281,2.000018930707719,12.112016775224134,-8.60403717251046e-06,1.4050270333030818e-07,1.391718878182625e-07
161,2023-01-08T16:00:00Z,100.0000107525052,8.000000055184332,400.0000413009724,9.964389162964274,3.40543950669125e-05,3.057070359789578e-05,7.387764471593724e-06,2.3573340400740325e-06,0.5714332172964746,3.3423843669405223e-06,2.0000124737846305,8.324536735765906e-06,0.5151832732679049,0.0,1315.6551801150476,0.1187199999999999,10.03,0.0,100.00001160024155,8.00000005780596,400.0000452437154,9.517839859504727,1316.2266251888504,2.0000212196320124,1.7070384117629476e-05,-8.74584738186357e-06,1.4407581477755537e-07,1.414541878232243e-07
162,2023-01-08T17:00:00Z,100.00001160024155,8.00000005780596,400.0000452437154,9.517839859504727,3.4335376714254425e-05,3.1296308318441477e-05,7.381748352148063e-06,2.3786825129264163e-06,0.5714325577086387,3.3625048159642286e-06,2.0000101498165987,8.379034703769823e-06,0.517094916483174,0.0,1315.6551801150476,0.12276,9.74,0.0,100.00001196188204,8.000000059029224,400.0000467882788,9.208589714259535,1316.2266240773956,2.000018945937762,1.717515586721557e-05,-8.796121163445747e-06,1.439584887157588e-07,1.4273522429801478e-07
163,2023-01-08T18:00:00Z,100.00001196188204,8.000000059029224,400.0000467882788,9.208589714259535,3.12952499848641e-05,2.9845696095691508e-05,7.0561856419107e-06,2.341860023329493e-06,0.5714305835351784,3.2915885497726866e-06,2.0000033214379545,8.187244842764005e-06,0.518588071648453,0.0,1315.6551801150476,0.10944,9.53,0.0,100.00001091605526,8.00000005611295,400.0000416885305,8.986624782971877,1316.226620154051,2.0000119403478047,1.680615469303048e-05,-8.618909850266476e-06,1.3760938095535422e-07,1.4052565396516613e-07
164,2023-01-08T19:00:00Z,100.00001091605526,8.00000005611295,400.0000416885305,8.986624782971877,3.083873712335256e-05,2.886787114352939e-05,7.0318676913391335e-06,2.3133840394219113e-06,0.5714314505005857,3.261011757673343e-06,2.0000063820238743,8.104813963345822e-06,0.5196944116638887,0.0,1315.6551801150476,0.10441,9.51,0.0,100.00001045054378,8.00000005443116,400.0000397572977,8.941042291499489,1316.2266215159093,2.000014924522518,1.6647312606916974e-05,-8.54249864357115e-06,1.3713513349446257e-07,1.3881692405772046e-07
165,2023-01-08T20:00:00Z,100.00001045054378,8.00000005443116,400.0000397572977,8.941042291499489,2.9797430813439206e-05,2.7945189697496746e-05,6.938049911128537e-06,2.285177082664739e-06,0.5714313265837615,3.2229423734224585e-06,2.000005986021768,8.002402224929743e-06,0.5200333754880193,0.0,1315.6551801150476,0.09865,9.31,0.0,100.00000994650476,8.000000052612327,400.00003754213077,8.761410173597302,1316.2266211696876,2.000014433380073,1.6449760529782513e-05,-8.44735830485277e-06,1.353055038173882e-07,1.371243373936237e-07
166,2023-01-08T21:00:00Z,100.00000994650476,8.000000052612327,400.00003754213077,8.761410173597302,3.0284301258372012e-05,2.7874600789613172e-05,7.016932265174471e-06,2.281046217294074e-06,0.571432043571508,3.227970539697251e-06,2.0000084850015973,8.015909754010427e-06,0.5211009001717408,0.0,120.0,0.09938,9.16,0.0,100.00000998339148,8.000000052579729,400.00003782351195,8.608284911821736,120.57144241712855,2.0000169449234644,1.647583162105379e-05,-8.459921867043363e-06,1.368438635572579e-07,1.368764606837128e-07
167,2023-01-08T22:00:00Z,100.00000998339148,8.000000052579729,400.00003782351195,8.608284911821736,2.57163940216276e-05,2.5199125899981603e-05,6.465245622583577e-06,2.1990831844241228e-06,0.5714298184951027,3.0837301629785998e-06,2.0000008575664694,7.629964233989356e-06,0.5219308167179889,0.0,120.0,0.08134,9.18,0.0,100.00000842204027,8.00000004670644,400.00003086199666,8.606345000573416,120.57143768565582,2.000008956983949,1.572938171380149e-05,-8.099417479812132e-06,1.2608489813019278e-07,1.3195818688413578e-07
168,2023-01-08T23:00:00Z,100.00000842204027,8.00000004670644,400.00003086199666,8.606345000573416,2.499646564205824e-05,2.3638980361658583e-05,6.429270479429659e-06,2.142199793206752e-06,0.5714310482660533,3.022054640965339e-06,2.0000052150531236,7.465991818668731e-06,0.521777550100969,0.0,120.0,0.07513,9.34,0.0,100.0000077947094,8.00000004354491,400.000028456748,8.74517415727143,120.57143971487666,2.0000131603051368,1.541124383186602e-05,-7.94525201319729e-06,1.2538331268014639e-07,1.2854484207661278e-07
169,2023-01-09T00:00:00Z,100.0000077947094,8.00000004354491,400.000028456748,8.74517415727143,2.2222447674195855e-05,2.1460256946154977e-05,6.066769235896962e-06,2.0589511534604554e-06,0.5714304052909445,2.8950348044559463e-06,2.0000030981572396,7.130255033460342e-06,0.5208962642074322,0.0,120.0,0.0643799999999999,9.52,0.0,100.00000677382485,8.000000038309317,400.0000242823665,8.919158574977095,120.57143807033455,2.0000107258685698,1.4757966363576313e-05,-7.627711330115972e-06,1.1831383148313906e-07,1.2354942415004232e-07
170,2023-01-09T01:00:00Z,100.00000677382485,8.000000038309317,400.0000242823665,8.919158574977095,2.1582065282956e-05,2.0302184601304373e-05,6.034140496688041e-06,2.006907230995748e-06,0.5714310792599913,2.8381560759407192e-06,2.0000055065166755,6.9807650584150515e-06,0.5199086462595278,0.0,120.0,0.06028,9.71,0.0,100.00000634449856,8.000000035560348,400.00002268670625,9.106328187128256,120.57143922453002,2.0000129920195464,1.4466267929300393e-05,-7.485502870885341e-06,1.1767750743616043e-07,1.2042647650739563e-07
171,2023-01-09T02:00:00Z,100.00000634449856,8.000000035560348,400.00002268670625,9.106328187128256,1.454772728679905e-05,1.5403613226431993e-05,4.628089841432033e-06,1.7511254420624967e-06,0.5714287837667295,2.4364205869753754e-06,1.9999979002466237,5.939607437536388e-06,0.5189087598805464,0.0,120.0,0.0394099999999999,9.98,0.0,100.00000426488631,8.00000002073909,400.0000145339119,9.36476063530759,120.57143324126578,2.0000043810277437,1.2420388557513797e-05,-6.480781119977408e-06,9.025677758568323e-08,1.0507803432718252e-07
172,2023-01-09T03:00:00Z,100.00000426488631,8.00000002073909,400.0000145339119,9.36476063530759,1.7250633699028598e-05,1.560659049886893e-05,5.486984952958993e-06,1.756365726472065e-06,0.5714316197674539,2.525821114537708e-06,2.0000076947907215,6.16910174985637e-06,0.5176861209383969,0.0,120.0,0.04312,10.33,0.0,100.00000456862955,8.000000022353515,400.0000159869313,9.701846706727014,120.571439520251,2.000014399205001,1.2873516029157944e-05,-6.704414279301574e-06,1.0700690727342771e-07,1.0539248283660757e-07
173,2023-01-09T04:00:00Z,100.00000456862955,8.000000022353515,400.0000159869313,9.701846706727014,2.5690962336442714e-05,2.1266938630428823e-05,6.987238215908617e-06,2.0113733381499854e-06,0.5714345505209563,2.954020091944738e-06,2.0000174840792644,7.285844665186788e-06,0.5163111743783568,0.0,120.0,0.0690699999999999,10.61,0.0,100.00000707889232,8.000000037923817,400.00002610523126,9.988236324687945,120.57144690442964,2.000025259264575,1.5061029975885662e-05,-7.775185310698873e-06,1.3626477168738677e-07,1.2069446973597273e-07
174,2023-01-09T05:00:00Z,100.00000707889232,8.000000037923817,400.00002610523126,9.988236324687945,3.391872294032383e-05,2.7988933700917615e-05,7.705514258926816e-06,2.25642383732289e-06,0.5714362106992403,3.2778353295496485e-06,2.0000229774501914,8.150158022276374e-06,0.5152436543778346,0.0,1314.32723256551,0.1071299999999999,10.69,0.0,100.00001048572707,8.000000052797402,400.00004080199733,10.094463554112156,1314.8986834329241,2.000031562001004,1.6734708834705744e-05,-8.58455081242937e-06,1.5027255530460338e-07,1.3539897013638703e-07
175,2023-01-09T06:00:00Z,100.00001048572707,8.000000052797402,400.00004080199733,10.094463554112156,4.1799186971568576e-05,3.4534086351674026e-05,8.134764685299396e-06,2.444068565681843e-06,0.571438023537061,3.5065901531177314e-06,2.0000291086051694,8.771351782896068e-06,0.5148496992928381,0.0,1314.32723256551,0.16,10.67,0.0,100.00001463993995,8.000000064782398,400.00006093524075,10.090727779433097,1314.8986870514339,2.0000382647519612,1.7927498574762672e-05,-9.156146791866604e-06,1.5864377574091232e-07,1.4665877981889248e-07
176,2023-01-09T07:00:00Z,100.00001463993995,8.000000064782398,400.00006093524075,10.090727779433097,4.216554112967761e-05,3.731962224749792e-05,7.959413479233892e-06,2.517900310789437e-06,0.5714345043410799,3.56236648500009e-06,2.0000167589555207,8.924184336616427e-06,0.5149268306436146,0.0,1314.32723256551,0.18,11.39,0.0,100.00001624425293,8.000000068917355,400.00006846533574,10.715846683011689,1314.8986809196497,2.000026054466817,1.8219695632864265e-05,-9.295511296247838e-06,1.5522408525358626e-07,1.5108912756012224e-07
177,2023-01-09T08:00:00Z,100.00001624425293,8.000000068917355,400.00006846533574,10.715846683011689,4.070394515846579e-05,3.759686023989753e-05,7.792332828740247e-06,2.528675148670863e-06,0.571432047994613,3.55511855992057e-06,2.0000081802181766,8.904295208535983e-06,0.5129890671190481,0.0,1314.32723256551,0.1771599999999999,11.54,0.0,100.00001615664421,8.00000006914736,400.000067398932,10.926674624416863,1314.8986765393659,2.000017457621124,1.8181698155741343e-05,-9.27740294720536e-06,1.5196568672910775e-07,1.5173568248850064e-07
178,2023-01-09T09:00:00Z,100.00001615664421,8.00000006914736,400.000067398932,10.926674624416863,3.796112491627832e-05,3.61775502523605e-05,7.562078286235214e-06,2.4977886817312266e-06,0.5714303543409545,3.503887130522219e-06,2.0000023080956324,8.763972884314902e-06,0.4929803991823959,79.25,839.6060441653711,0.15913,11.67,198.74,100.00001491437594,8.000000066740325,400.0000606060601,12.081230420974856,760.9274848714634,2.0000114574936774,158.99201791337092,-9.149398044971946e-06,1.4747527410899758e-07,1.4988230913478708e-07
179,2023-01-09T10:00:00Z,100.00001491437594,8.000000066740325,400.0000606060601,12.081230420974856,3.904503012976147e-05,3.5942613946437494e-05,7.677199912681605e-06,2.494971011035005e-06,0.5714324703850729,3.508990315734505e-06,2.0000097045760503,8.777925946617228e-06,0.5077363513455907,2.355,1278.1630039634265,0.16078,11.94,15.14,100.000014957382,8.000000066747464,400.00006122967994,11.527333634918563,1276.379448227447,2.0000188667278755,12.112017940077772,-9.162151825226061e-06,1.4972037033432474e-07,1.4971323198529885e-07
180,2023-01-09T11:00:00Z,100.000014957382,8.000000066747464,400.00006122967994,11.527333634918563,3.5647747230863075e-05,3.421916612583997e-05,7.401850026206472e-06,2.4565191028473795e-06,0.5714300780946908,3.4411539071605678e-06,2.0000014069798744,8.592751729057896e-06,0.5085564263355944,5.07,1257.8355544651613,0.141,12.18,23.65,100.00001353425463,8.000000063692088,400.0000537377597,11.705993340698129,1253.336994358322,2.000010399637158,18.920017585409013,-8.992657283712902e-06,1.4435051056208242e-07,1.4740588675951872e-07
181,2023-01-09T12:00:00Z,100.00001353425463,8.000000063692088,400.0000537377597,11.705993340698129,3.675772699202781e-05,3.387671397727699e-05,7.520888884008578e-06,2.4479428453194345e-06,0.5714323307102015,3.445234106874664e-06,2.0000092789735966,8.603868784275537e-06,0.5063799122759559,12.685,1208.1276550457849,0.14207,12.42,44.46,100.00001353342883,8.000000063472829,400.00005414417575,12.042510474117508,1196.0140987756884,2.000018281827463,35.56801760672265,-9.002853866402205e-06,1.4667200043821112e-07,1.468912598451506e-07
182,2023-01-09T13:00:00Z,100.00001353342883,8.000000063472829,400.00005414417575,12.042510474117508,3.6198357761623056e-05,3.3581134195720456e-05,7.480428286193192e-06,2.4404487957363334e-06,0.571431865648248,3.433265833318999e-06,2.0000076640668216,8.571272150006662e-06,0.5067571553907143,7.715,1239.7534401641194,0.13897,12.39,31.22,100.00001330350416,8.000000062914197,400.00005296624954,11.993884334391733,1232.6098831202369,2.0000166370162,24.976017544221527,-8.97294937818316e-06,1.4588293987475472e-07,1.4644157190137015e-07
183,2023-01-09T14:00:00Z,100.00001330350416,8.000000062914197,400.00005296624954,11.993884334391733,3.850535438912077e-05,3.46388890655417e-05,7.67307094491468e-06,2.4623991489042456e-06,0.5714335795349091,3.4781386829241097e-06,2.0000136103407495,8.693614285914107e-06,0.5036967597224367,21.235,1157.392634206402,0.15123,12.34,65.7,100.00001418646826,8.00000006479532,400.00005761814475,12.118692399677892,1136.729080341213,2.0000226954088824,52.56001777868242,-9.085068132907992e-06,1.4963984741057731e-07,1.477587248067354e-07
184,2023-01-09T15:00:00Z,100.00001418646826,8.00000006479532,400.00005761814475,12.118692399677892,3.971893111917232e-05,3.5822456504257854e-05,7.759300463365522e-06,2.4905018844958046e-06,0.5714334612859197,3.5128255673214394e-06,2.000013163813553,8.788419383507876e-06,0.5089773540746784,0.0,1303.0288969454405,0.16204,12.28,4.73,100.00001500158328,8.000000066671753,400.00006170544816,11.775164874995156,1303.600343084825,2.0000223355493496,3.7840179601551807,-9.17173579662034e-06,1.513214911847462e-07,1.4944505757550584e-07
185,2023-01-09T16:00:00Z,100.00001500158328,8.000000066671753,400.00006170544816,11.775164874995156,4.108336620029484e-05,3.701335435920399e-05,7.836576940629574e-06,2.516461724265817e-06,0.5714336526365215,3.5475309181987517e-06,2.000013799358644,8.883485760921873e-06,0.5102106038604426,0.0,1314.32723256551,0.17427,12.08,0.0,100.00001588603737,8.000000068497481,400.0000663127938,11.53304535072729,1314.8986791558043,2.000023057806641,1.814193375762915e-05,-9.258447996707275e-06,1.528285331955963e-07,1.5100280373632266e-07
186,2023-01-09T17:00:00Z,100.00001588603737,8.000000068497481,400.0000663127938,11.53304535072729,4.166828144693586e-05,3.784453234009914e-05,7.857536823161574e-06,2.534160865243713e-06,0.57143321261032,3.5677952678501177e-06,2.0000122410878234,8.939091163656506e-06,0.5106650002684116,0.0,1314.32723256551,0.18218,11.73,0.0,100.00001646619971,8.000000069669914,400.0000692832265,11.197587796662805,1314.898678493041,2.0000215501660406,1.824816938082437e-05,-9.309078217167865e-06,1.532372917808288e-07,1.5206485840046282e-07
187,2023-01-09T18:00:00Z,100.00001646619971,8.000000069669914,400.0000692832265,11.197587796662805,3.9520607951142514e-05,3.7153986104664994e-05,7.692735282293693e-06,2.5211950277999527e-06,0.5714310509188527,3.5365752267404994e-06,2.0000047131903504,8.853449461889697e-06,0.511540754226838,0.0,1314.32723256551,0.17024,11.55,0.0,100.00001570391449,8.000000068406424,400.00006479655127,10.99769771656095,1314.8986746911662,2.0000139442619784,1.8084521089869454e-05,-9.231071627979759e-06,1.500233403387609e-07,1.5128683035103228e-07
188,2023-01-09T19:00:00Z,100.00001570391449,8.000000068406424,400.00006479655127,10.99769771656095,3.84888794214489e-05,3.616098804052291e-05,7.621186511255428e-06,2.5010886567839053e-06,0.5714312477590183,3.508161901412315e-06,2.0000054309184403,8.775657131087712e-06,0.5122226602644006,0.0,1314.32723256551,0.1605099999999999,11.76,0.0,100.00001498554285,8.000000066954096,400.00006112782984,11.154221804786475,1314.8986747694203,2.0000145909989064,1.793573759722952e-05,-9.160080466141807e-06,1.486279997694578e-07,1.5008032743977831e-07
189,2023-01-09T20:00:00Z,100.00001498554285,8.000000066954096,400.00006112782984,11.154221804786475,3.525658830432758e-05,3.403220210135346e-05,7.365831084391941e-06,2.4533956937440715e-06,0.5714298731883792,3.4331089628945412e-06,2.000000699760574,8.57084094025183e-06,0.5117555015815961,0.0,1314.32723256551,0.13893,11.73,0.0,100.0000133816571,8.000000063383704,400.0000529511103,11.148429744311596,1314.898672008629,2.000009672314186,1.754339455234842e-05,-8.97255361209659e-06,1.4364807095273814e-07,1.472184634709914e-07
190,2023-01-09T21:00:00Z,100.0000133816571,8.000000063383704,400.0000529511103,11.148429744311596,3.498602773275297e-05,3.2831273435383796e-05,7.3536709545690425e-06,2.4207578652572216e-06,0.5714314163981703,3.404636977599248e-06,2.0000061211063924,8.493394339913464e-06,0.5116757812492164,0.0,120.0,0.132,11.53,0.0,100.00001276900056,8.00000006153463,400.0000503140668,10.973951426963655,120.57144190870252,2.0000150225147095,1.7394802657021414e-05,-8.90140831710795e-06,1.4341092470656701e-07,1.4525999791522482e-07
191,2023-01-09T22:00:00Z,100.00001276900056,8.00000006153463,400.0000503140668,10.973951426963655,3.051752673310067e-05,2.9954775654960693e-05,6.9417238790179815e-06,2.346253723022098e-06,0.5714294485635218,3.284927981142102e-06,1.9999993621525074,8.169283921449603e-06,0.5118619777001732,0.0,120.0,0.10831,10.92,0.0,100.00001086293491,8.00000005612248,400.00004125536503,10.421434014252217,120.57143789171275,2.000007964428634,1.677156004798435e-05,-8.602276126534747e-06,1.3537715335618626e-07,1.4078930231155705e-07
192,2023-01-09T23:00:00Z,100.00001086293491,8.00000005612248,400.00004125536503,10.421434014252217,3.122581212784919e-05,2.904979452971265e-05,7.067600562929546e-06,2.318457758896483e-06,0.5714317603590209,3.2710003844207554e-06,2.000007455000994,8.131728367541337e-06,0.5133648819335739,0.0,120.0,0.10601,10.16,0.0,100.00001057951192,8.000000054833098,400.00004037236084,9.689650009082333,120.57144195651979,2.0000160224673853,1.6699194758981685e-05,-8.567466391440348e-06,1.378319941765438e-07,1.3912137767155613e-07
193,2023-01-10T00:00:00Z,100.00001057951192,8.000000054833098,400.00004037236084,9.689650009082333,2.9245573273830196e-05,2.7711852595525223e-05,6.87086844189106e-06,2.2786878448082984e-06,0.5714309245879484,3.209389249734977e-06,2.0000045949444027,7.966002322234127e-06,0.5162828368492537,0.0,120.0,0.09672,9.63,0.0,100.00000978874914,8.000000052093489,400.00003679944115,9.134951132976711,120.57144025987847,2.0000130084346677,1.6379492587158786e-05,-8.413490264924661e-06,1.3399533415029072e-07,1.367349441829162e-07
194,2023-01-10T01:00:00Z,100.00000978874914,8.000000052093489,400.00003679944115,9.134951132976711,2.9371835416429232e-05,2.7233036772446946e-05,6.918224445949164e-06,2.2620776285611607e-06,0.5714317572294986,3.1980360391465177e-06,2.0000075147031606,7.935527933611804e-06,0.5190919534816536,0.0,120.0,0.09515,9.05,0.0,100.00000961796451,8.000000051274126,400.00003619461916,8.559994841054905,120.571441750211,2.000015899813264,1.6320638037204355e-05,-8.385110103592552e-06,1.34918868582867e-07,1.3573823153682334e-07
195,2023-01-10T02:00:00Z,100.00000961796451,8.000000051274126,400.00003619461916,8.559994841054905,2.8288446365461497e-05,2.647563416841752e-05,6.803723306139426e-06,2.2380805631659546e-06,0.5714313588945221,3.1612500818257485e-06,2.000006159261621,7.836945235956602e-06,0.523090509925052,0.0,120.0,0.09033,8.42,0.0,100.00000919608743,8.000000049661736,400.0000343359624,7.939584075216838,120.57144089859953,2.000014452424803,1.6130108417917096e-05,-8.293163181960495e-06,1.3268587305702452e-07,1.342982636163189e-07
196,2023-01-10T03:00:00Z,100.00000919608743,8.000000049661736,400.0000343359624,7.939584075216838,2.9862904979193834e-05,2.7105781234871203e-05,7.012270774663865e-06,2.2549872141164247e-06,0.5714325136283218,3.2013930627922884e-06,2.0000101520909817,7.944514445138141e-06,0.529056205229068,0.0,120.0,0.09561,7.89,0.0,100.00000962928742,8.000000051101928,400.00003637185915,7.401477682450584,120.5714432294287,2.0000185455693082,1.6337992771734124e-05,-8.393478326595982e-06,1.3675295540148555e-07,1.3531276412339783e-07
197,2023-01-10T04:00:00Z,100.00000962928742,8.000000051101928,400.00003637185915,7.401477682450584,3.2597442354903365e-05,2.8984336521722207e-05,7.296406946923442e-06,2.308952740351581e-06,0.5714334534325084,3.2866500128331354e-06,2.0000133505394566,8.173877252707687e-06,0.5363942162298708,0.0,120.0,0.1085999999999999,7.46,0.0,100.00001073081488,8.000000054845074,400.00004136666206,6.962065389158397,120.57144534064255,2.0000219570642104,1.6780402006470246e-05,-8.606524753762557e-06,1.4229416488149525e-07,1.3855101952304716e-07
198,2023-01-10T05:00:00Z,100.00001073081488,8.000000054845074,400.00004136666206,6.962065389158397,3.7859740952040525e-05,3.2630799005211296e-05,7.755646103731751e-06,2.407534951068898e-06,0.5714354094092173,3.4299449293297963e-06,2.0000200492758644,8.562159380001029e-06,0.5424237465746574,0.0,1312.8234140260506,0.13813,7.33,0.0,100.00001308575057,8.000000061628755,400.0000526469452,6.796490325027392,1313.3948634424576,2.0000290138522065,1.7526735722141902e-05,-8.964576342140873e-06,1.5125022404517367e-07,1.4446654371850576e-07
199,2023-01-10T06:00:00Z,100.00001308575057,8.000000061628755,400.0000526469452,6.796490325027392,3.9451341865841305e-05,3.498771871739043e-05,7.790033149920073e-06,2.4688284481084395e-06,0.5714342039604444,3.4939557846333143e-06,2.000015776552919,8.736736890741158e-06,0.5456752433377957,0.0,1312.8234140260506,0.156,7.22,0.0,100.00001451349843,8.000000065405073,400.0000594235265,6.681575004312803,1313.3948615087947,2.0000249010576963,1.7861241667821646e-05,-9.124504777080489e-06,1.5192083850729216e-07,1.4814452133864024e-07
200,2023-01-10T07:00:00Z,100.00001451349843,8.000000065405073,400.0000594235265,6.681575004312803,4.7507248988246685e-05,3.97485815586887e-05,8.287329621490046e-06,2.567919969186896e-06,0.5714392830819244,3.646620817669755e-06,2.000033392649863,9.156122446171263e-06,0.5475399009260082,0.0,1312.8234140260506,0.22,7.19,0.0,100.000018715685,8.000000072933556,400.00008336293627,6.642089941585977,1313.3948704338306,2.0000428984853236,1.8661957906726098e-05,-9.505835460554835e-06,1.6161908952800873e-07,1.5409060721193495e-07
201,2023-01-10T08:00:00Z,100.000018715685,8.000000072933556,400.00008336293627,6.642089941585977,4.497616080797215e-05,4.105830207257988e-05,8.050459211927265e-06,2.5964310087874447e-06,0.5714326874291022,3.650116832787162e-06,2.000010322547462,9.165778585924988e-06,0.5472337288620936,0.0,1312.8234140260506,0.222,7.25,0.0,100.00001912373472,8.00000007413177,400.00008410289047,6.689346987824317,1313.3948597354836,2.0000198371192286,1.8680350352380747e-05,-9.51457176645576e-06,1.569996545980415e-07,1.5580144067131383e-07
202,2023-01-10T09:00:00Z,100.00001912373472,8.00000007413177,400.00008410289047,6.689346987824317,3.6738321088623144e-05,3.7432894632046196e-05,7.44984836038582e-06,2.5231154115383756e-06,0.571426090273453,3.517262951114031e-06,1.999987381443409,8.800537193786596e-06,0.4611858645988366,123.345,610.8706913400001,0.16352,7.65,294.24,100.00001539992438,8.000000068016275,400.0000622632822,8.56428345177391,488.09712517969587,1.9999965642281954,235.39201798332198,-9.18278478634349e-06,1.4528657168469196e-07,1.5140206489879242e-07
203,2023-01-10T10:00:00Z,100.00001539992438,8.000000068016275,400.0000622632822,8.56428345177391,3.651891508393238e-05,3.495728319198524e-05,7.444002299107402e-06,2.4719834235522705e-06,0.5714305262465974,3.465515865357476e-06,2.0000029496173286,8.659135360242722e-06,0.48257154939880054,65.22999999999999,921.4103389475423,0.1475999999999999,8.03,164.07,100.0000140442462,8.000000064854998,400.0000562424478,8.439503695903307,856.7517794729555,2.000012003112194,131.25601771263024,-9.053494865352008e-06,1.4517256208880325e-07,1.4833383879701595e-07
204,2023-01-10T11:00:00Z,100.0000140442462,8.000000064854998,400.0000562424478,8.439503695903307,3.6271635275745006e-05,3.394989801102165e-05,7.454686970881482e-06,2.447259108288417e-06,0.5714315259410903,3.4421101482722233e-06,2.0000064665402095,8.595340392218908e-06,0.4682948458880302,113.43499999999999,668.4840622374585,0.14125,8.31,270.09,100.00001350053897,8.0000000633857,400.00005383243536,9.23827529527724,555.6205045346749,2.0000154615642387,216.07201759036442,-8.995024029179177e-06,1.4538093402559145e-07,1.4685023152045708e-07
205,2023-01-10T12:00:00Z,100.00001350053897,8.0000000633857,400.00005383243536,9.23827529527724,3.670135376035971e-05,3.382262525924673e-05,7.510397793061838e-06,2.4429036005626428e-06,0.57143226060249,3.4437514328702797e-06,2.000009032330046,8.599811564642119e-06,0.47052948555731294,99.385,742.0574104145854,0.14168,8.36,239.25,100.00001350193727,8.00000006326423,400.0000539957917,9.224999901621015,643.2438540651622,2.000018031455154,191.40001759893667,-8.999125107767014e-06,1.4646740370507636e-07,1.465888749212507e-07
206,2023-01-10T13:00:00Z,100.00001350193727,8.00000006326423,400.0000539957917,9.224999901621015,3.842402792782781e-05,3.506520919161974e-05,8.296496026648087e-06,2.6072555726142693e-06,0.5714329700618261,3.4552518941718155e-06,2.000011592005361,8.66671226717891e-06,0.4546738041874597,160.84,418.1104276333905,0.1454099999999999,8.4,375.04,100.00001386274451,8.000000068611103,400.0000566511058,10.016288042754283,257.84187310676344,2.0000206409946677,300.0320177157016,-9.048989306759125e-06,1.6179785230486817e-07,1.5645097945480164e-07
207,2023-01-10T14:00:00Z,100.00001386274451,8.000000068611103,400.0000566511058,10.016288042754283,3.722317237076647e-05,3.433230407689186e-05,7.4023393986023635e-06,2.471246951939041e-06,0.5714319325498298,3.4594931431288836e-06,2.0000078802463523,8.64270878282064e-06,0.4864840767974975,42.705,1040.4302591990618,0.14592,8.17,114.18,100.00001383417323,8.00000006468151,400.00005560538784,8.49526809599798,998.2967024130654,2.0000169186954824,91.34401768115792,-9.038449130027715e-06,1.4436005427817392e-07,1.4828964608095057e-07
208,2023-01-10T15:00:00Z,100.00001383417323,8.00000006468151,400.00005560538784,8.49526809599798,3.620956127738013e-05,3.378278155913058e-05,7.446969513004704e-06,2.4450187032350703e-06,0.5714315784779465,3.4377191408824763e-06,2.0000066554990887,8.583354708212146e-06,0.5073483330776083,16.875,1181.565125546624,0.14011,7.77,55.02,100.0000134049546,8.000000063196145,400.00005339950525,7.637299222268833,1165.2615679915516,2.000015639527854,44.01601756738347,-8.984028765368635e-06,1.452304285464464e-07,1.4671579377348157e-07
209,2023-01-10T16:00:00Z,100.0000134049546,8.000000063196145,400.00005339950525,7.637299222268833,3.7872760043784154e-05,3.4377581531109806e-05,7.6243740140296675e-06,2.4584229639465894e-06,0.5714330826557826,3.466580823209266e-06,2.0000118860062353,8.661981387522192e-06,0.5371424322053996,0.0,1312.8234140260506,0.1479,7.01,0.0,100.00001395282348,8.000000064366178,400.0000563565326,6.600037348737547,1313.3948592364168,2.000020942106329,1.7718081481351592e-05,-9.0561000938294e-06,1.486901622898075e-07,1.4752012984978036e-07
210,2023-01-10T17:00:00Z,100.00001395282348,8.000000064366178,400.0000563565326,6.600037348737547,3.696641018773865e-05,3.425923014410545e-05,7.5371533237174596e-06,2.4557244912455824e-06,0.5714318862381891,3.4551927736678587e-06,2.0000077139730275,8.630791602113415e-06,0.5805656813454493,0.0,1312.8234140260506,0.14474,6.1,0.0,100.00001375387919,8.000000063997161,400.00005515793134,5.695324418481962,1313.3948571560902,2.0000167414816516,1.765830022630652e-05,-9.027508624193104e-06,1.4698918873136362e-07,1.4735820529526448e-07
211,2023-01-10T18:00:00Z,100.00001375387919,8.000000063997161,400.00005515793134,5.695324418481962,3.5563539488288635e-05,3.375785982113214e-05,8.05144285190618e-06,2.582156982019889e-06,0.5714308357613852,3.3940651514582534e-06,2.000004197387286,8.49890842278297e-06,0.7705430578637129,0.0,1312.8234140260506,0.1301,5.47,0.0,100.00001273043979,8.000000066071085,400.00005058062055,5.1113021517877435,1313.3948555308425,2.000013092799236,1.7394320372488304e-05,-8.895411949705334e-06,1.570188374959201e-07,1.5494491341253458e-07
212,2023-01-10T19:00:00Z,100.00001273043979,8.000000066071085,400.00005058062055,5.1113021517877435,3.358985787088596e-05,3.163576009119777e-05,7.100958278037862e-06,2.407374297899867e-06,7.994632599525072,3.360649204479333e-06,2.0003372910129413,0.0003403195701583175,0.9999998000371259,0.0,1312.8234140260506,0.12281,5.22,0.0,100.00001202278659,8.000000060096715,400.00004729916026,5.000000031933468,1320.818056633907,27.981219110542472,25.98122213909969,-25.980881819529532,1.3848253467520584e-07,1.4445690356434846e-07
213,2023-01-10T20:00:00Z,100.00001202278659,8.000000060096715,400.00004729916026,5.000000031933468,2.9573943120457114e-05,2.89123434240079e-05,6.865586336047971e-06,2.3250231346228733e-06,27.52857239985075,3.2427796746096006e-06,2.0002827864960557,0.0002907557944143894,1.036127972759412e-07,0.0,1312.8234140260506,0.1019,4.59,0.0,100.00001029674759,8.000000054473698,400.00003909336607,5.000000150012038,1340.3519948708438,96.35000823734569,94.35001620664404,-94.34972545084963,1.3389232278521396e-07,1.3951533961133354e-07
214,2023-01-10T21:00:00Z,100.00001029674759,8.000000054473698,400.00003909336607,5.000000150012038,2.6613625255557532e-05,2.620069282067736e-05,7.182081158186198e-06,2.3757669847959563e-06,33.52857166591251,3.08793520327781e-06,2.000240282253434,0.00024767056011637935,3.9983727461421825e-08,0.0,120.0,0.082,3.99,0.0,100.00000855343949,8.000000051978013,400.0000315095926,5.000000143062028,153.5285799730943,117.3500055507865,115.35001293909319,-115.34976526853308,1.400645890435352e-07,1.4256027511526892e-07
215,2023-01-10T22:00:00Z,100.00000855343949,8.000000051978013,400.0000315095926,5.000000143062028,1.557627165910282e-05,1.8003245419984204e-05,5.393705753783243e-06,2.099683990447406e-06,28.028568851129915,2.520850471202678e-06,2.0001143323093538,0.0001296525706274575,7.261780908702589e-08,0.0,120.0,0.04296,4.54,0.0,100.00000475327964,8.000000031172155,400.00001603178333,5.000000117568756,148.02857223902836,98.09999494437547,96.10001026463674,-96.09988061206612,1.0518778097687093e-07,1.2599363879072343e-07
216,2023-01-10T23:00:00Z,100.00000475327964,8.000000031172155,400.00001603178333,5.000000117568756,1.4389771956879014e-05,1.4589356011213269e-05,8.768086644450203e-06,2.7268896916546494e-06,23.92857360585312,4.075562952558574e-06,2.0000854297387667,9.048649754393067e-05,1.0603628408375633e-06,0.0,120.0,0.005,4.95,0.0,100.00000337021487,8.000000038537198,400.0000108948656,5.000000187460699,143.92858352302898,83.75001356411602,81.7500186208748,-81.74992813437726,1.7099478904568354e-07,1.6362974447372635e-07
217,2023-01-11T00:00:00Z,100.00000337021487,8.000000038537198,400.0000108948656,5.000000187460699,1.5579892205420707e-05,1.437233065672944e-05,1.0290325435243974e-05,3.19497596035888e-06,10.00000395616656,4.920693587535079e-06,2.0000905407416414,9.048620646969476e-05,0.999999682062112,0.0,120.0,0.0,5.2,0.0,100.00000335573363,8.000000047500883,400.00001089492645,5.000000047249262,130.00001717977116,35.00002095455278,33.00002090001761,-32.99993041381114,2.0068141412867038e-07,1.9171772939447226e-07
218,2023-01-11T01:00:00Z,100.00000335573363,8.000000047500883,400.00001089492645,5.000000047249262,1.5623308809576376e-05,1.4397120894041781e-05,1.0215889417434887e-05,3.2924590502208674e-06,0.5714333716369417,4.988525594945582e-06,2.000011146452791,1.109189756606458e-05,0.9259800640834738,0.0,120.0,-0.00033,5.39,0.0,100.00000335710915,8.00000004916335,400.000010895007,5.024380724033281,120.57144650978081,2.0000240440909702,2.3989535745307967e-05,-1.2897638179243387e-05,1.99229766616642e-07,1.9756729974322637e-07
219,2023-01-11T02:00:00Z,100.00000335710915,8.00000004916335,400.000010895007,5.024380724033281,1.5417272536638377e-05,1.4214218427478756e-05,9.639584061466533e-06,3.1608648105348633e-06,0.5714333269029103,4.972606765705472e-06,2.000010988629828,1.098665868911673e-05,0.9648410949711361,0.0,120.0,-0.00023,5.36,0.0,100.00000335121327,8.000000047483184,400.00001084250306,5.0103557005259285,120.57144598128303,2.0000237796462517,2.3777675112935478e-05,-1.2791016423818746e-05,1.8799068826742414e-07,1.8967085571766358e-07
220,2023-01-11T03:00:00Z,100.00000335121327,8.000000047483184,400.00001084250306,5.0103557005259285,1.5394571668054984e-05,1.418908794903458e-05,9.596329762567885e-06,3.1283331714864056e-06,15.981221160957299,4.920871547696351e-06,2.000089107945466,8.902828717014551e-05,0.9999994217995944,0.0,120.0,0.0,5.11,0.0,100.00000334970211,8.000000046911566,400.00001086794884,5.000000047240683,135.98123375530918,55.93428112484659,53.9342810451883,-53.93419201690113,1.8714714508458225e-07,1.877187621654009e-07
221,2023-01-11T04:00:00Z,100.00000334970211,8.000000046911566,400.00001086794884,5.000000047240683,1.531146255007262e-05,1.4119878798091494e-05,9.169149184667068e-06,3.025315833632884e-06,12.01428999897335,4.444681103737542e-06,2.000090567542967,9.048626020868302e-05,0.99999966105379,0.0,120.0,0.00259,5.17,0.0,100.00000334049909,8.000000044190752,400.00001089489183,5.000000042578861,132.01430177907156,42.0500215143621,40.05002143307934,-40.04993094681913,1.7881629073008086e-07,1.815371037283459e-07
222,2023-01-11T05:00:00Z,100.00000334049909,8.000000044190752,400.00001089489183,5.000000042578861,2.279813601994607e-05,1.8527662728013154e-05,5.689282833145481e-06,2.0070109964111236e-06,16.7142913852705,2.791868216638722e-06,2.000178487813854,0.00016770565461773722,0.9999996310748586,0.0,1311.1441695007693,0.05731,5.1,0.0,100.000005927061,8.00000003471016,400.0000216225766,5.000000026359753,1327.8584716306534,58.50002401730398,56.50001323514474,-56.49984552949012,1.1095211045738263e-07,1.2043270305497293e-07
223,2023-01-11T06:00:00Z,100.000005927061,8.00000003471016,400.0000216225766,5.000000026359753,3.08542816126862e-05,2.53948354958856e-05,7.3999694236500334e-06,2.184297601279611e-06,24.12857847351363,3.165431614076309e-06,2.000274963510229,0.00026160169438424713,5.947111739104141e-07,0.0,1311.1441695007693,0.09111,4.93,0.0,100.0000090942177,8.000000047953032,400.0000348762795,5.000000146533524,1335.2727618148326,84.45002932008332,82.45001595826749,-82.4497543565731,1.4431383514469013e-07,1.3107096317309398e-07
224,2023-01-11T07:00:00Z,100.0000090942177,8.000000047953032,400.0000348762795,5.000000146533524,4.328617879424683e-05,3.4411506092278585e-05,8.35455143836865e-06,2.4355661865438417e-06,30.728582389974402,3.5150284787752626e-06,2.0004786524174056,0.000450272028392531,6.276072250669351e-08,0.0,1311.1441695007693,0.16358,4.27,0.0,100.00001480363049,8.000000064734492,400.00006308228717,5.000000162250927,1341.8727701994305,107.55004354968493,105.55001516929592,-105.54956489726753,1.6293004605279397e-07,1.4614858605123562e-07
225,2023-01-11T08:00:00Z,100.00001480363049,8.000000064734492,400.00006308228717,5.000000162250927,3.829124930328929e-05,3.549612140688936e-05,7.700132247021487e-06,2.482954929711205e-06,30.62857335557854,3.490278140060985e-06,2.0004275509777965,0.00043033113085112664,6.320452505654293e-08,0.0,1311.1441695007693,0.1556,4.28,0.0,100.00001458810335,8.000000065909893,400.00005998672265,5.0000001611384315,1341.7727543589313,107.2000119379687,105.20001471812176,-105.1995843869909,1.5016759557647666e-07,1.4899219500217251e-07
226,2023-01-11T09:00:00Z,100.00001458810335,8.000000065909893,400.00005998672265,5.0000001611384315,3.4202019515460884e-05,3.321724518018407e-05,7.30223552413205e-06,2.4368760770866687e-06,13.96971436383563,3.4014654079904898e-06,2.000361305831524,0.0003702670651523166,9.879746238991226e-08,20.07999999999995,1165.6578206379454,0.13178,4.55,61.07,100.00001282074503,8.000000062090539,400.0000507255554,5.000000157131908,1159.5475442533805,48.89400534668871,95.75001430792233,-46.89364404085718,1.4240783350392538e-07,1.4622718734393452e-07
227,2023-01-11T10:00:00Z,100.00001282074503,8.000000062090539,400.0000507255554,5.000000157131908,3.506285576668555e-05,3.2498900621810635e-05,7.380833450252812e-06,2.414760362079765e-06,0.5714318902232279,3.3985280228411282e-06,2.000007784651211,8.476625856103567e-06,0.3442322293453183,148.82999999999998,492.4946046862807,0.1306,5.16,343.64,100.00001262806508,8.000000061131074,400.000049779953,6.696565821085413,344.2360475050601,2.0000166706562936,274.91201736263093,-8.886005082420212e-06,1.439406463445643e-07,1.449001117359595e-07
228,2023-01-11T11:00:00Z,100.00001262806508,8.000000061131074,400.000049779953,6.696565821085413,3.26283972238958e-05,3.104392230116148e-05,7.2880932504813794e-06,2.401467388907646e-06,0.571430678409602,3.3370386708650196e-06,2.0000036271906008,8.310239933626891e-06,0.3984885724018384,122.64499999999995,627.6894679246179,0.11782,5.79,286.89,100.00001161390736,8.000000059160651,400.0000448480039,7.032510905788439,505.61590841116697,2.0000123591290637,229.5120170421784,-8.731938462958055e-06,1.4213203158754567e-07,1.4410245357981674e-07
229,2023-01-11T12:00:00Z,100.00001161390736,8.000000059160651,400.0000448480039,7.032510905788439,3.2683854140680214e-05,3.066388823200152e-05,7.78544554358587e-06,2.502421018777465e-06,0.5714314475922689,3.2957856050293116e-06,2.0000064323713036,8.230760674743888e-06,0.433115163293943,113.145,675.4067033548187,0.11054,6.42,266.86,100.00001104885709,8.000000060831745,400.0000428253745,7.446620746160021,562.833145401187,2.0000150810954036,213.48801687948477,-8.64872410000217e-06,1.518313712370482e-07,1.5016027715436335e-07
230,2023-01-11T13:00:00Z,100.00001104885709,8.000000060831745,400.0000428253745,7.446620746160021,3.323273404278269e-05,3.0311158261603775e-05,7.130835942131344e-06,2.3676190451727604e-06,0.5714324371745862,3.3268010605780374e-06,2.0000097741150134,8.28233142236736e-06,0.473939089386358,62.035,939.102199598899,0.11574,6.87,156.17,100.00001137815859,8.000000057825602,400.00004410303126,7.248093971153045,877.6386430476674,2.0000184809774333,124.93601698919382,-8.706862419938233e-06,1.3906520739230044e-07,1.4207134984535016e-07
231,2023-01-11T14:00:00Z,100.00001137815859,8.000000057825602,400.00004410303126,7.248093971153045,3.367230170127943e-05,3.077997570633567e-05,7.300963558218871e-06,2.367091701283143e-06,0.5714324314132986,3.3429466290186443e-06,2.0000097292357424,8.326001672448541e-06,0.5261190133818562,8.28999999999995,1234.5297765184798,0.11883,7.1,32.16,100.00001164109354,8.000000058168924,400.00004528575016,6.782183024426601,1226.8112201190377,2.0000184764278983,25.72801707319383,-8.747192155933448e-06,1.423830276880368e-07,1.4203970604759334e-07
232,2023-01-11T15:00:00Z,100.00001164109354,8.000000058168924,400.00004528575016,6.782183024426601,3.3912269186462275e-05,3.109035672175748e-05,7.3307051639087005e-06,2.374363584548677e-06,0.5714323221137816,3.3529322817086877e-06,2.0000093367106975,8.35304287695762e-06,0.542390041757969,0.015,1297.6127717352406,0.12081,7.29,5.68,100.00001181108371,8.000000058655909,400.00004604298925,6.766387312543318,1298.1692151885406,2.0000181088557034,4.5440171251878825,-8.772145005941923e-06,1.4296304700091976e-07,1.4247606267918855e-07
233,2023-01-11T16:00:00Z,100.00001181108371,8.000000058655909,400.00004604298925,6.766387312543318,3.6352101786933286e-05,3.2533289842294285e-05,7.556022460823635e-06,2.4109408463364654e-06,0.5714335860417732,3.412224641481878e-06,2.00001369662319,8.513937893028967e-06,0.5482407691401939,0.0,1311.1441695007693,0.13379,7.06,0.0,100.00001282025784,8.000000061342165,400.0000509954596,6.5395978992473,1311.7156154629292,2.0000226169071937,1.743422189692829e-05,-8.920284003899326e-06,1.4735717370343125e-07,1.4467091787197513e-07
234,2023-01-11T17:00:00Z,100.00001282025784,8.000000061342165,400.0000509954596,6.5395978992473,3.5715484139067865e-05,3.285666509210135e-05,7.468011257003069e-06,2.420913501379744e-06,0.5714321852361237,3.412560045454046e-06,2.0000088002826004,8.514845640643505e-06,0.5520486420408202,0.0,1311.1441695007693,0.13387,7.02,0.0,100.00001288142981,8.000000061713612,400.0000510259193,6.478573737032037,1311.7156130044823,2.000017721400329,1.743596336918771e-05,-8.921117728544203e-06,1.4564078358991883e-07,1.452693370164863e-07
235,2023-01-11T18:00:00Z,100.00001288142981,8.000000061713612,400.0000510259193,6.478573737032037,3.4919182686007424e-05,3.2468455606249574e-05,7.385853324375827e-06,2.4122601944091796e-06,0.5714317255376764,3.3954979088348865e-06,2.00000721101911,8.468482011873602e-06,0.5522215440804761,0.0,1311.1441695007693,0.1299,7.06,0.0,100.00001258253727,8.00000006100207,400.0000495133268,6.506028770870968,1311.715612046125,2.000016089506933,1.73469698350343e-05,-8.878487823160697e-06,1.440385436796966e-07,1.447500866732181e-07
236,2023-01-11T19:00:00Z,100.00001258253727,8.00000006100207,400.0000495133268,6.506028770870968,3.2837966805493184e-05,3.1130094510176955e-05,7.190132209883544e-06,2.378062008824219e-06,0.5714308565069036,3.341410200671452e-06,2.0000042270832123,8.321820910518412e-06,0.5539866247178071,0.0,1311.1441695007693,0.11853,6.94,0.0,100.00001167980362,8.000000058525679,400.00004517102246,6.405638249712678,1311.7156102186286,2.0000129704136675,1.7065151365714898e-05,-8.743330455196485e-06,1.402216002527544e-07,1.4269799032848598e-07
237,2023-01-11T20:00:00Z,100.00001167980362,8.000000058525679,400.00004517102246,6.405638249712678,2.810472392933943e-05,2.7817909518840746e-05,6.696458508926025e-06,2.2848658177429393e-06,0.5714293392902268,3.1959713057475866e-06,1.9999990710577102,7.92992179235281e-06,0.5578395004475853,0.0,1311.1441695007693,0.09487,6.83,0.0,100.0000096833495,8.00000005201402,400.0000360863033,6.299293913364152,1311.7156067344379,2.000007450933459,1.630979754121793e-05,-8.379875748865118e-06,1.305940003240899e-07,1.3710565963053942e-07
238,2023-01-11T21:00:00Z,100.0000096833495,8.00000005201402,400.0000360863033,6.299293913364152,2.8671946000804175e-05,2.6748071605985886e-05,6.8303306059194555e-06,2.2484200059744796e-06,0.5714315909055084,3.174570218887297e-06,2.0000069584974076,7.872552554792818e-06,0.5590985598740931,0.0,120.0,0.09203,6.85,0.0,100.00000934584308,8.000000050300095,400.0000349918166,6.304390899345092,120.57144127126072,2.0000152848878003,1.619894294751391e-05,-8.326390392721095e-06,1.3320476729215861e-07,1.3491869222769155e-07
239,2023-01-11T22:00:00Z,100.00000934584308,8.000000050300095,400.0000349918166,6.304390899345092,2.270571979593929e-05,2.289801140091934e-05,6.065436481330987e-06,2.118860911009155e-06,0.5714291461848069,2.955928845829744e-06,1.999998641334132,7.290821462801872e-06,0.5579015012355285,0.0,120.0,0.06923,6.9,0.0,100.00000729123887,8.000000041443565,400.00002616737015,6.348022805053068,120.57143585639764,2.000006421219019,1.5070706350006475e-05,-7.779884887204602e-06,1.1828784016997124e-07,1.2714436909745906e-07
240,2023-01-11T23:00:00Z,100.00000729123887,8.000000041443565,400.00002616737015,6.348022805053068,1.0857237085704978e-05,1.3789009971191141e-05,4.895311274294741e-06,1.940365702279938e-06,0.5714268073551415,2.5635212596471262e-06,1.9999909232400483,6.117302101513628e-06,0.5615758013042534,0.0,120.0,0.02174,6.72,0.0,100.00000335063442,8.000000020478096,400.0000108424712,6.198142740959912,120.57142939404909,1.999997721885034,1.2915947087164154e-05,-6.798644985650526e-06,9.546811666041349e-08,1.1643358549534582e-07
241,2023-01-12T00:00:00Z,100.00000335063442,8.000000020478096,400.0000108424712,6.198142740959912,1.4767027773303262e-05,1.3642507413255512e-05,8.45345298566143e-06,2.511009743970171e-06,0.5714324753521143,3.952938732318715e-06,2.0000090643148423,9.01009081667648e-06,0.5792452056869963,0.0,120.0,0.00592,6.32,0.0,100.00000331603586,8.000000034661262,400.0000108424829,5.839236183268687,120.57144349525446,2.0000193348485658,1.928062454016522e-05,-1.027053372348874e-05,1.6485881910230815e-07,1.506756522034306e-07
242,2023-01-12T01:00:00Z,100.00000331603586,8.000000034661262,400.0000108424829,5.839236183268687,1.4815032539020692e-05,1.3653019452551982e-05,8.060503273126785e-06,2.592094242845286e-06,0.5714324939648904,3.987758902390771e-06,2.000009133973075,9.079759857336319e-06,0.6263790474387907,0.0,120.0,0.00566,5.9,0.0,100.00000331657183,8.000000036315587,400.0000108424837,5.451287736523405,120.57144311214591,2.0000194912244,1.9437011182369054e-05,-1.0357251325032735e-05,1.5719553337931027e-07,1.5554120869158632e-07
243,2023-01-12T02:00:00Z,100.00000331657183,8.000000036315587,400.0000108424837,5.451287736523405,1.5595234570972e-05,1.4337916708243654e-05,1.0292517306766385e-05,3.1679417291870247e-06,0.5714333246863231,4.900498759445753e-06,2.000011028837422,1.0922129112768845e-05,0.7145812396060225,0.0,120.0,0.0001,5.62,0.0,100.00000335266712,8.000000046944233,400.0000108949796,5.199798786510522,120.57144660707853,2.0000237054551135,2.359874680432266e-05,-1.2676617691553815e-05,2.0072415989793432e-07,1.9009551330255174e-07
244,2023-01-12T03:00:00Z,100.00000335266712,8.000000046944233,400.0000108949796,5.199798786510522,1.5099496009930291e-05,1.3933444734385048e-05,8.597686447832574e-06,2.8757081399624215e-06,0.5714328569598853,4.42533476475946e-06,2.0000099467602053,9.94477670439246e-06,0.8390889935017648,0.0,120.0,0.00273,5.45,0.0,100.00000333417836,8.000000042056142,400.00001084248817,5.068993639268757,120.57144417032424,2.000021393436714,2.1391453213267444e-05,-1.1446676508874987e-05,1.6767165289802502e-07,1.7255974437218252e-07
245,2023-01-12T04:00:00Z,100.00000333417836,8.000000042056142,400.00001084248817,5.068993639268757,1.2989844019820123e-05,1.2091904632382089e-05,4.067233600639961e-06,1.7541648998299459e-06,1.5321831265053145,2.3581804506201325e-06,2.00008995872672,8.988785492022469e-05,0.9999999020093102,0.0,120.0,0.02555,5.32,0.0,100.00000320869462,8.00000001611471,400.00001085914755,5.0000000220759855,121.53218869569386,5.3626445052826766,3.362644434410877,-3.3625545465559568,7.931898711119036e-08,1.0526042003179994e-07
246,2023-01-12T05:00:00Z,100.00000320869462,8.00000001611471,400.00001085914755,5.0000000220759855,3.120923805956078e-05,2.3676370744033606e-05,7.833713433929612e-06,2.085994087435514e-06,6.6428664865881775,3.121266977012902e-06,2.000269694858041,0.00024774614202784475,0.9999998360830094,0.0,1309.2899959051374,0.08572,5.25,0.0,100.00000850667696,8.000000043715236,400.00003275356784,5.000000029584341,1315.9328787935792,23.25003725330879,21.250015304592775,-21.24976755845075,1.527726892305505e-07,1.2517216246237708e-07
247,2023-01-12T06:00:00Z,100.00000850667696,8.000000043715236,400.00003275356784,5.000000029584341,3.478136094236323e-05,2.9452626856584393e-05,7.7016028723076e-06,2.305439552455283e-06,10.671435142906207,3.322621543690986e-06,2.0003391749486332,0.0003274352675693929,0.9999997709174203,0.0,1309.2899959051374,0.11535,5.19,0.0,100.00001121696383,8.000000055571304,400.00004432948106,5.000000031563117,1319.9614450955626,37.350027903374745,35.35001616369368,-35.34968872842611,1.5019627563756196e-07,1.383402071680338e-07
248,2023-01-12T07:00:00Z,100.00001121696383,8.000000055571304,400.00004432948106,5.000000031563117,3.7640062464333536e-05,3.2834935787171986e-05,7.754675094828639e-06,2.4146567334673043e-06,0.5714346199306876,3.4318097808502646e-06,2.0000172888446004,8.566640724391085e-06,0.7054400523785221,0.0,1309.2899959051374,0.1386,5.73,0.0,100.00001314836568,8.000000061908699,400.0000528300376,5.246516019549457,1309.8614441020227,2.0000262575088033,1.7535304927248552e-05,-8.968664202857468e-06,1.5123128747790625e-07,1.44893893397378e-07
249,2023-01-12T08:00:00Z,100.00001314836568,8.000000061908699,400.0000528300376,5.246516019549457,3.951017532417599e-05,3.505786932392673e-05,7.789255145911182e-06,2.471079624517569e-06,0.5714342185204454,3.4958864117425156e-06,2.0000158263424272,8.741853875577861e-06,0.6154282215011707,0.0,1309.2899959051374,0.1566,6.18,0.0,100.00001455952011,8.00000006553476,400.00005965037593,5.624175423030255,1309.8614433900257,2.000024955504844,1.787101629226568e-05,-9.12916241668782e-06,1.5190566591185925e-07,1.482796054315973e-07
250,2023-01-12T09:00:00Z,100.00001455952011,8.00000006553476,400.00005965037593,5.624175423030255,2.9753407375476984e-05,3.074978249675786e-05,6.851706844873813e-06,2.3674915067040844e-06,0.5714269871417716,3.294851173465257e-06,1.9999907471581873,8.19597555612481e-06,0.547119639890408,10.46,1219.2845290150365,0.11,6.84,37.84,100.00001109176776,8.00000005709271,400.0000419033066,6.385813229214365,1209.3959627848697,1.9999993741429172,30.272016822960293,-8.626984729920295e-06,1.3362164563960335e-07,1.4206369677192225e-07
251,2023-01-12T10:00:00Z,100.00001109176776,8.00000005709271,400.0000419033066,6.385813229214365,3.239231157048924e-05,2.987002927822527e-05,7.176358177610883e-06,2.3427702258567524e-06,0.5714322609171055,3.305836708606883e-06,2.000009171451063,8.225673258271887e-06,0.5299536547285455,11.895,1210.2934966459939,0.11192,7.54,41.62,100.00001107377304,8.000000056465417,400.0000426395679,7.1027996295868965,1198.9699395686182,2.0000178259273693,33.296016880149566,-8.654476306269032e-06,1.3995297976138837e-07,1.40580271578563e-07
252,2023-01-12T11:00:00Z,100.00001107377304,8.000000056465417,400.0000426395679,7.1027996295868965,3.1252578900502484e-05,2.921196928355643e-05,7.0737205661408785e-06,2.32234009542982e-06,0.5714314466986061,3.2752212572930204e-06,2.0000063535624895,8.143083985070414e-06,0.5209952308621579,13.719999999999999,1199.0428132847312,0.1067,8.19,46.35,100.00001064711411,8.000000055062422,400.00004063684855,7.7802704740230135,1185.894254798641,2.0000149315522333,37.080016721073726,-8.577989743852044e-06,1.379513461743646e-07,1.393543411599052e-07
253,2023-01-12T12:00:00Z,100.00001064711411,8.000000055062422,400.00004063684855,7.7802704740230135,3.0655503066211644e-05,2.8576356892655225e-05,7.026583658395398e-06,2.3035125905218208e-06,0.5714315705189223,3.2511686133997537e-06,2.0000068100327737,8.078311067037942e-06,0.5166442231275968,14.015,1196.7831622925114,0.10287,9.34,47.3,100.00001030935863,8.000000053869929,400.00003916538606,8.870954216097681,1183.3396039164159,2.000015327931969,37.84001659621027,-8.517899195314982e-06,1.3703208454716499e-07,1.3822457788909817e-07
254,2023-01-12T13:00:00Z,100.00001030935863,8.000000053869929,400.00003916538606,8.870954216097681,3.25280714230401e-05,2.941241256839554e-05,7.241119900642258e-06,2.32443957329726e-06,0.5714328473611803,3.296241275983028e-06,2.0000112256068876,8.199809326702861e-06,0.5120975800036384,14.7,1192.2876461079898,0.1102399999999999,10.26,49.19,100.00001089837744,8.000000055605566,400.0000419953567,9.820283196834875,1178.1590902839314,2.0000198561506957,39.35201683035313,-8.630543808063607e-06,1.412159596584899e-07,1.394803224300786e-07
255,2023-01-12T14:00:00Z,100.00001089837744,8.000000055605566,400.0000419953567,9.820283196834875,3.1802834738261916e-05,2.9404726868626017e-05,7.148388332675932e-06,2.3258483855885993e-06,0.5714318582643926,3.286997315885392e-06,2.0000077787034267,8.174864184840699e-06,0.5116828352222172,6.115,1246.2814119220832,0.1086599999999999,10.15,26.49,100.00001079917496,8.00000005544822,400.0000413892191,9.734768763672683,1240.7378542879926,2.0000163861465867,21.19201678230734,-8.607443160002504e-06,1.3940751323850453e-07,1.3956485962127808e-07
256,2023-01-12T15:00:00Z,100.00001079917496,8.00000005544822,400.0000413892191,9.734768763672683,3.1700969155381176e-05,2.9279148942663645e-05,7.13905323090264e-06,2.3233544043000604e-06,0.5714319434768921,3.282532475745989e-06,2.0000080819414747,8.162818252907069e-06,0.5137050013375268,2.105,1275.5379458213497,0.1079099999999999,9.82,14.19,100.00001073299187,8.000000055258475,400.0000411013963,9.375895128810773,1274.0043882848781,2.0000166782243562,11.352016759101135,-8.596282881523365e-06,1.3922546054865636e-07,1.394152057785815e-07
257,2023-01-12T16:00:00Z,100.00001073299187,8.000000055258475,400.0000411013963,9.375895128810773,3.632502780880023e-05,3.180535295254942e-05,7.602434746930729e-06,2.3889853506145155e-06,0.571434563055831,3.395938393647373e-06,2.0000171253068673,8.469744326221785e-06,0.5177676778414964,0.0,1309.2899959051374,0.13,9.24,0.0,100.00001247444258,8.000000060167322,400.0000495514518,8.755839449852465,1309.8614435972559,2.0000260049641634,1.7349401622345396e-05,-8.879657296123611e-06,1.4826230379552879e-07,1.4335345638250919e-07
258,2023-01-12T17:00:00Z,100.00001247444258,8.000000060167322,400.0000495514518,8.755839449852465,3.787994564265425e-05,3.377926028343834e-05,7.67746632288379e-06,2.440881112289492e-06,0.5714337968162466,3.454310446207982e-06,2.00001439173863,8.628575851397189e-06,0.5213670174862388,0.0,1309.2899959051374,0.1445,8.87,0.0,100.00001365246094,8.000000063425373,400.00005506685727,8.355478695204239,1309.8614424935347,2.0000234172409836,1.7654078204885168e-05,-9.02550235348798e-06,1.497255658528192e-07,1.464675134887184e-07
259,2023-01-12T18:00:00Z,100.00001365246094,8.000000063425373,400.00005506685727,8.355478695204239,3.444168459275138e-05,3.272127963911889e-05,7.330624992794043e-06,2.418743784229118e-06,0.5714305869158284,3.3959384082221314e-06,2.000003229657684,8.469734743461242e-06,0.5241216093547352,0.0,1309.2899959051374,0.13,8.65,0.0,100.00001263181184,8.000000061247716,400.00004955144595,8.113854722280912,1309.8614365202777,2.0000121093050724,1.734938213195458e-05,-8.879647388493339e-06,1.4296148350783464e-07,1.4513914096784387e-07
260,2023-01-12T19:00:00Z,100.00001263181184,8.000000061247716,400.00004955144595,8.113854722280912,3.531849731812003e-05,3.251878807507494e-05,7.4234211083021534e-06,2.413722166528438e-06,0.5714322860338436,3.4009202975753435e-06,2.0000091655456123,8.483262472354611e-06,0.5263828839112789,0.0,1309.2899959051374,0.1311399999999999,8.34,0.0,100.00001266383168,8.00000006118109,400.0000499859719,7.814201540325157,1309.8614394014999,2.0000180576350637,1.7375351923783442e-05,-8.89208945142883e-06,1.447711887307651e-07,1.448378137730836e-07
261,2023-01-12T20:00:00Z,100.00001266383168,8.00000006118109,400.0000499859719,7.814201540325157,2.5253150245530166e-05,2.683235724688031e-05,6.336490936756674e-06,2.2546771599109776e-06,0.5714269142865892,3.1254706121300082e-06,1.9999906687653084,7.74127867959703e-06,0.5298341204298067,0.0,1309.2899959051374,0.086,7.97,0.0,100.0000089564838,8.000000049460862,400.0000326635286,7.45550244557245,1309.8614284475013,1.99999887249298,1.594500635122661e-05,-8.20372767162958e-06,1.2357393065982115e-07,1.352941590105597e-07
262,2023-01-12T21:00:00Z,100.0000089564838,8.000000049460862,400.0000326635286,7.45550244557245,2.4365109147301882e-05,2.363842339802376e-05,6.2969233471187395e-06,2.146475490880729e-06,0.5714304080791491,3.011077838172346e-06,2.000002994000393,7.436840160656571e-06,0.5362511749281734,0.0,120.0,0.0741,7.4,0.0,100.00000772363087,8.000000043461737,400.0000280573712,6.916544281507562,120.57143829629058,2.000010911776925,1.5354616692852403e-05,-7.91777653219583e-06,1.228022854973652e-07,1.2880140959380312e-07
263,2023-01-12T22:00:00Z,100.00000772363087,8.000000043461737,400.0000280573712,6.916544281507562,1.4073013528384702e-05,1.6145183598310873e-05,4.461910440945045e-06,1.7989224028497585e-06,0.5714273885302168,2.461515851246047e-06,1.9999930124925407,6.003857616543869e-06,0.5499345372557082,0.0,120.0,0.0404099999999999,6.82,0.0,100.00000441582428,8.000000022531554,400.00001492571926,6.349679562123394,120.57143044086403,1.9999995560021335,1.2547367209381761e-05,-6.543509592837893e-06,8.701595519394778e-08,1.07946138784864e-07
264,2023-01-12T23:00:00Z,100.00000441582428,8.000000022531554,400.00001492571926,6.349679562123394,1.3157213539108779e-05,1.2979484120666231e-05,4.776126094371855e-06,1.6754733037721505e-06,0.5714300646355852,2.252497681498836e-06,2.0000026084669145,5.47131160340374e-06,0.570562188193635,0.0,120.0,0.03292,6.44,0.0,100.00000352645331,8.000000015136875,400.00001198824594,5.958189456384388,120.57143559551547,2.0000086290285655,1.1491873254402697e-05,-6.020561650998957e-06,9.314377321757295e-08,1.0053845207153619e-07
265,2023-01-13T00:00:00Z,100.00000352645331,8.000000015136875,400.00001198824594,5.958189456384388,1.3578838085034763e-05,1.277110955557378e-05,6.06116483164665e-06,1.8886586540906647e-06,0.5714311534594306,2.855613708028054e-06,2.0000056572436984,6.743073911900707e-06,0.599554444327274,0.0,120.0,0.0172,6.11,0.0,100.00000325889876,8.000000020010557,400.0000108424745,5.636796930527056,120.57143898930782,2.0000131862266364,1.4272056849888356e-05,-7.528982937987649e-06,1.1820453467057674e-07,1.1333085233067296e-07
266,2023-01-13T01:00:00Z,100.00000325889876,8.000000020010557,400.0000108424745,5.636796930527056,1.4374116985014923e-05,1.3219023231064777e-05,7.298287135623341e-06,2.232427306104079e-06,0.5714320020711683,3.430313315374973e-06,2.0000080007320906,7.946515349143766e-06,0.6158133870657293,0.0,120.0,0.01043,6.05,0.0,100.00000328823519,8.000000028382354,400.0000108424789,5.554970082855952,120.57144165333806,2.0000169659583857,1.6911741644264964e-05,-8.965226295121198e-06,1.4233083222787794e-07,1.339590342696717e-07
267,2023-01-13T02:00:00Z,100.00000328823519,8.000000028382354,400.0000108424789,5.554970082855952,1.5147566583437443e-05,1.3917076463549145e-05,9.23000652350345e-06,2.796497128389122e-06,0.5714329022365853,4.438584020348366e-06,2.0000100271070824,9.972885818294974e-06,0.6133372551871263,0.0,120.0,0.00265,6.1,0.0,100.00000333294446,8.000000040578874,400.0000108424877,5.588210828836483,120.57144500482012,2.000021509574218,2.145535295407658e-05,-1.1482467135781604e-05,1.800031275210694e-07,1.6780660836418374e-07
268,2023-01-13T03:00:00Z,100.00000333294446,8.000000040578874,400.0000108424877,5.588210828836483,1.5045574648272435e-05,1.386870974461738e-05,8.593991118196802e-06,2.7947965798719576e-06,0.5714327902136513,4.325191099406332e-06,2.000009804452906,9.750241755543349e-06,0.6033570539276253,0.0,120.0,0.00335,6.2,0.0,100.00000333012348,8.000000040473894,400.00001084248646,5.6745433770307905,120.57144409146417,2.000021004044574,2.0949833423386472e-05,-1.1199591667843123e-05,1.67599586763514e-07,1.6770456524884236e-07
269,2023-01-13T04:00:00Z,100.00000333012348,8.000000040473894,400.00001084248646,5.6745433770307905,1.2972850173092988e-05,1.207350263788021e-05,4.3834322857333556e-06,1.812278590379617e-06,0.5714309664321523,2.3514785226793544e-06,2.0000057109377263,5.656741168963333e-06,0.623930429961574,0.0,120.0,0.0257,5.97,0.0,100.00000320749439,8.000000017211782,400.0000108424706,5.493000712167888,120.5714367884119,2.000011979071284,1.1924874726493197e-05,-6.268133557529865e-06,8.548547811961241e-08,1.087475901817952e-07
270,2023-01-13T05:00:00Z,100.00000320749439,8.000000017211782,400.0000108424706,5.493000712167888,2.224540685758607e-05,1.8064068013964003e-05,6.775064337916991e-06,1.9545112144050066e-06,0.5714342911555849,2.76451751269091e-06,2.0000168230528876,6.787680134555708e-06,0.6816441723022986,0.0,1307.2614419189529,0.0555,5.71,0.0,100.00000574634747,8.000000032056349,400.00002082363096,5.2701589772941215,1307.8328879765181,2.0000241240747347,1.408870198165051e-05,-7.301021847094802e-06,1.3212696728610996e-07,1.1728240110441084e-07
271,2023-01-13T06:00:00Z,100.00000574634747,8.000000032056349,400.00002082363096,5.2701589772941215,3.060935476179469e-05,2.519093776345463e-05,7.818636841893397e-06,2.253781301662214e-06,0.5714356661403954,3.1456839386633778e-06,2.000021251397665,7.824506650079734e-06,0.8060335251970061,0.0,1307.2614419189529,0.08865,5.48,0.0,100.00000889076786,8.000000049294613,400.0000341464038,5.091262177664802,1307.8328917140495,2.0000295233653946,1.6096474379536e-05,-8.271967729456264e-06,1.524786662835496e-07,1.3524040213994682e-07
272,2023-01-13T07:00:00Z,100.00000889076786,8.000000049294613,400.0000341464038,5.091262177664802,3.3925703585216616e-05,2.9236588135576437e-05,7.470821488715393e-06,2.3205984792597684e-06,4.085350168046252,3.3068193745171623e-06,2.000331047183877,0.00032188268375984926,0.9999998453969859,0.0,1307.2614419189529,0.11243,5.28,0.0,100.00001100466399,8.000000055740367,400.0000431401719,5.000000031395756,1311.3468052331568,14.298730486331998,12.29872132183188,-12.29839943914812,1.4569558858880905e-07,1.3924983373896e-07
273,2023-01-13T08:00:00Z,100.00001100466399,8.000000055740367,400.0000431401719,5.000000031395756,3.139637860061054e-05,2.9251001425809925e-05,7.136041513981718e-06,2.327023342006097e-06,23.428571703400365,3.275372303977331e-06,2.000302881089023,0.0003046914140583906,0.3190017711039548,0.0,1307.2614419189529,0.10707,5.0,0.0,100.0000106753943,8.000000055271729,400.000041114146,5.000000069360392,1330.6900238521207,82.00000583343619,80.00000764376122,-79.99970295234716,1.3916672619526304e-07,1.396353640567715e-07
274,2023-01-13T09:00:00Z,100.0000106753943,8.000000055271729,400.000041114146,5.000000069360392,3.0137675811593837e-05,2.8541486761856798e-05,7.551055509213445e-06,2.4344079834941393e-06,0.5714308965801296,3.2100024905846574e-06,2.0000045864951925,7.998213996074596e-06,0.9856889249909402,8.01,1233.1288374855335,0.0970999999999999,5.24,31.22,100.00000987684768,8.00000005645295,400.0000374968564,5.002723972131109,1225.6902783049525,2.000013020018508,24.97601643173731,-8.433523315254376e-06,1.4726030846050827e-07,1.460790869183402e-07
275,2023-01-13T10:00:00Z,100.00000987684768,8.00000005645295,400.0000374968564,5.002723972131109,2.7787417019190867e-05,2.635989890873557e-05,6.598057042103055e-06,2.252923548453626e-06,0.5714308296708039,3.1507853623984676e-06,2.000004333209339,7.808909008671432e-06,0.43828284014641194,108.14,697.3177487475101,0.08903,6.15,256.87,100.00000909453999,8.000000049938999,400.0000338336725,6.858024963409763,589.749188500618,2.0000126001718064,205.49601607587152,-8.266962467473604e-06,1.2867497981899148e-07,1.351889318003976e-07
276,2023-01-13T11:00:00Z,100.00000909453999,8.000000049938999,400.0000338336725,6.858024963409763,2.5127874360012275e-05,2.4229328830811838e-05,6.3192632353561176e-06,2.149483836818044e-06,0.5714304038822762,3.0390749436505472e-06,2.0000029391189527,7.511176124303315e-06,0.41743338595441326,239.415,357.45228838379063,0.0767699999999999,7.03,548.98,100.00000797841517,8.000000044195028,400.00002909244694,9.582405795109112,118.60872689507286,2.0000109269108464,439.1840154989681,-7.987791893704355e-06,1.2323795688513281e-07,1.2898192840192284e-07
277,2023-01-13T12:00:00Z,100.00000797841517,8.000000044195028,400.00002909244694,9.582405795109112,2.3871717460776284e-05,2.2624561422921118e-05,6.330893470969629e-06,2.1064196186699807e-06,0.571430951866706,2.9678173382241272e-06,2.000004934507224,7.3223056578625555e-06,0.48129044074684335,49.51,1000.11690689452,0.07024,7.78,129.35,100.00000732801244,8.00000004126198,400.00002655918627,8.181272703407178,951.1783462858338,2.000012744166369,103.48001513196479,-7.809659144708547e-06,1.2346476916082385e-07,1.2639781690188904e-07
278,2023-01-13T13:00:00Z,100.00000732801244,8.00000004126198,400.00002655918627,8.181272703407178,2.543736149515249e-05,2.3118365325376177e-05,6.576851126900712e-06,2.1166906573070383e-06,0.5714321653652774,3.012463465273572e-06,2.0000091215286218,7.440548519423542e-06,0.47802076080438904,79.99499999999999,841.1663450504103,0.07423,8.02,196.29,100.00000766624893,8.000000042509262,400.00002810737044,8.550858413867042,761.7427870073957,2.0000170428007613,157.03201536182067,-7.921272139554958e-06,1.2826142311687558e-07,1.2701414085250757e-07
279,2023-01-13T14:00:00Z,100.00000766624893,8.000000042509262,400.00002810737044,8.550858413867042,2.750074404023703e-05,2.4753551422680678e-05,7.329377974723338e-06,2.2826729330449463e-06,0.5714325926508749,3.0748354553320235e-06,2.0000106221035616,7.634110615251239e-06,0.4557513467810666,140.945,519.7984179517881,0.0805999999999999,8.03,331.63,100.00000828201381,8.000000048472353,400.00003095482657,9.364538200823112,379.42486141317215,2.000018716236216,265.30401572824326,-8.094132654345998e-06,1.4293716422352746e-07,1.369740733900358e-07
280,2023-01-13T15:00:00Z,100.00000828201381,8.000000048472353,400.00003095482657,9.364538200823112,2.8446548875596264e-05,2.5626336864816662e-05,6.810401765655096e-06,2.2147238775103817e-06,0.5714325229199074,3.1388413308830705e-06,2.0000102508314863,7.777003514663216e-06,0.5061024451402415,9.34,1223.4645293483134,0.08758,7.69,35.29,100.00000889659984,8.000000048391747,400.00003327388043,7.582509642778032,1214.6959724259646,2.000018487979308,28.232016014151334,-8.237147821610336e-06,1.3281611604187857e-07,1.3289672232285518e-07
281,2023-01-13T16:00:00Z,100.00000889659984,8.000000048391747,400.00003327388043,7.582509642778032,3.972403990074032e-05,3.2424423530439743e-05,8.018127333085433e-06,2.390205010570301e-06,0.571438132691561,3.4443241598267853e-06,2.000029546931812,8.60132726951777e-06,0.5341757224411379,0.0,1307.2614419189529,0.14183,7.51,0.0,100.00001325623695,8.000000061334225,400.0000540531155,7.027488785218836,1307.8328964235072,2.0000385474448885,1.7601840346135746e-05,-9.000513076617978e-06,1.5636911990715667e-07,1.4342664329854794e-07
282,2023-01-13T17:00:00Z,100.00001325623695,8.000000061334225,400.0000540531155,7.027488785218836,3.917457053971653e-05,3.495460549252643e-05,7.786489785484346e-06,2.4658885507523234e-06,0.571433692811221,3.4907094139523484e-06,2.0000139903422984,8.727892272697639e-06,0.5373814042673006,0.0,1307.2614419189529,0.155,7.85,0.0,100.00001445277728,8.00000006521785,400.00005904529996,7.255205670545987,1307.8328886430395,2.000023106763579,1.7844313553239326e-05,-9.116421280541687e-06,1.518517359905438e-07,1.4796810985612502e-07
283,2023-01-13T18:00:00Z,100.00001445277728,8.00000006521785,400.00005904529996,7.255205670545987,3.654672936210297e-05,3.4363333575663724e-05,7.506311093586584e-06,2.4588420487270864e-06,0.5714310603801458,3.453204074393704e-06,2.0000048284679273,8.625546120258744e-06,0.5330305444499379,0.0,1307.2614419189529,0.1442,8.28,0.0,100.00001374249833,8.000000064060279,400.00005495299524,7.65607601437082,1307.8328836634018,2.000013851191978,1.7648270170825664e-05,-9.022724050566922e-06,1.4638770509544795e-07,1.4754527745137032e-07
284,2023-01-13T19:00:00Z,100.00001374249833,8.000000064060279,400.00005495299524,7.65607601437082,3.2757136913561324e-05,3.1865065263665234e-05,7.153933360290898e-06,2.3987114644072476e-06,0.5714296795716916,3.3576767121956293e-06,2.000000097658139,8.365935015904575e-06,0.5287097528162298,0.0,1307.2614419189529,0.1217699999999999,8.66,0.0,100.00001199657345,8.000000059638849,400.00004640995337,8.035430056811418,1307.832880603495,2.0000088816988906,1.71499757675683e-05,-8.784040751663724e-06,1.395156520908816e-07,1.4393708157259213e-07
285,2023-01-13T20:00:00Z,100.00001199657345,8.000000059638849,400.00004640995337,8.035430056811418,3.460858129821082e-05,3.1711190913943876e-05,7.371520507228847e-06,2.392690687121799e-06,0.5714325265869749,3.3750688603801935e-06,2.0000100317474336,8.41309551880118e-06,0.5249786242290748,0.0,1307.2614419189529,0.1254,9.26,0.0,100.00001218832097,8.000000059822076,400.00004779655546,8.603950292500658,1307.8328856968287,2.000018859256065,1.7240604149982938e-05,-8.827508631181757e-06,1.4375902579354189e-07,1.4357579880718865e-07
286,2023-01-13T21:00:00Z,100.00001218832097,8.000000059822076,400.00004779655546,8.603950292500658,3.338314431652003e-05,3.116277226820702e-05,7.250689343819435e-06,2.3762181460780276e-06,0.5714315147501947,3.3488873643311866e-06,2.0000065182836937,8.342139951851856e-06,0.5212366593378103,0.0,120.0,0.12,9.89,0.0,100.0000117749184,8.000000058637312,400.0000457337164,9.222882050425543,120.57144195848079,2.0000152803768745,1.7104233132643762e-05,-8.762093180791908e-06,1.4140258246272526e-07,1.425873474994316e-07
287,2023-01-13T22:00:00Z,100.0000117749184,8.000000058637312,400.0000457337164,9.222882050425543,2.8618300098198356e-05,2.8180499902043383e-05,6.759864357036985e-06,2.295085067195959e-06,0.571429464725107,3.213439000281895e-06,1.9999994907858545,7.976880391713538e-06,0.5182499331269602,0.0,120.0,0.09729,10.34,0.0,100.0000098937991,8.000000052748973,400.00003701895326,9.692450938177325,120.5714375807436,2.0000079144020324,1.6400496569635182e-05,-8.423616177921645e-06,1.3183053801602285e-07,1.3771887591934948e-07
288,2023-01-13T23:00:00Z,100.0000098937991,8.000000052748973,400.00003701895326,9.692450938177325,3.781039245312746e-05,3.205068497287051e-05,7.759632189439634e-06,2.389555230002861e-06,0.5714362935875276,3.41726784686318e-06,2.000023150378931,8.527727489995323e-06,0.5163500537034643,0.0,120.0,0.135,10.46,0.0,100.00001280564567,8.000000060689281,400.0000514565099,9.856677747079354,120.5714508406398,2.0000320833401757,1.7460688734485268e-05,-8.932961244489945e-06,1.5132796049012188e-07,1.433876525654282e-07
289,2023-01-14T00:00:00Z,100.00001280564567,8.000000060689281,400.0000514565099,9.856677747079354,3.2406028104018984e-05,3.103763281549053e-05,7.164954015711657e-06,2.3712370860901695e-06,0.5714301519220327,3.334525391973138e-06,2.00000176656278,8.303267935115143e-06,0.5157039249254516,0.0,120.0,0.1172,10.38,0.0,100.00001158456513,8.000000058131404,400.00004466252216,9.808192897888626,120.57143964855963,2.000010492773213,1.702947836802292e-05,-8.726210432907777e-06,1.3973057636401375e-07,1.4228845401081125e-07
290,2023-01-14T01:00:00Z,100.00001158456513,8.000000058131404,400.00004466252216,9.808192897888626,2.9068181508991787e-05,2.830874827991218e-05,6.814101685662258e-06,2.298679378891387e-06,0.5714299318969689,3.223089070544037e-06,2.000001113840738,8.002800958973583e-06,0.5158701052608953,0.0,120.0,0.09867,10.16,0.0,100.00001000173992,8.000000053085119,400.0000375502493,9.610784534374066,120.57143842984156,2.0000095615731364,1.6450533357471304e-05,-8.44773239849772e-06,1.3288827169758383e-07,1.3793455618910215e-07
291,2023-01-14T02:00:00Z,100.00001000173992,8.000000053085119,400.0000375502493,9.610784534374066,1.863919128788235e-05,2.082838462974848e-05,5.394265574923729e-06,2.041060030830116e-06,0.5714269353209344,2.795596785783807e-06,1.9999910909154595,6.869252456779039e-06,0.5166954716151753,0.0,120.0,0.05745,10.06,0.0,100.00000619912957,8.000000035807968,400.00002158416106,9.498604772188035,120.5714308949299,1.9999984700061098,1.4248343107073667e-05,-7.3790906502946285e-06,1.0519869858087081e-07,1.2247584943475043e-07
292,2023-01-14T03:00:00Z,100.00000619912957,8.000000035807968,400.00002158416106,9.498604772188035,1.5187575101925496e-05,1.5717283431780103e-05,4.770324181570982e-06,1.7785610550555917e-06,0.5714292946936428,2.472316367580064e-06,1.999999653439109,6.031601578514644e-06,0.5171836531037057,0.0,120.0,0.04085,9.67,0.0,100.00000440703144,8.000000022114257,400.00001509807777,9.145289208556662,120.5714342290648,2.0000062240136924,1.2602176162045586e-05,-6.5705745835309415e-06,9.303062460309445e-08,1.067243357369092e-07
293,2023-01-14T04:00:00Z,100.00000440703144,8.000000022114257,400.00001509807777,9.145289208556662,1.6372540462797663e-05,1.5132852989367067e-05,5.242113526230152e-06,1.727265335512887e-06,0.5714311726942981,2.4764507465827525e-06,2.0000061842866863,6.042209081779842e-06,0.5189216376199659,0.0,120.0,0.04102,9.47,0.0,100.00000436128175,8.000000020699408,400.000015164665,8.926421081063834,120.5714384036807,2.0000127652020168,1.262312441223619e-05,-6.5809153304563495e-06,1.022314369051785e-07,1.0364628475924915e-07
294,2023-01-14T05:00:00Z,100.00000436128175,8.000000020699408,400.000015164665,8.926421081063834,1.786640806708012e-05,1.6075070760271924e-05,5.964093791766251e-06,1.8567013956336518e-06,0.5714316928862291,2.5696472902705073e-06,2.0000079547142686,6.282061227708446e-06,0.5201126862393131,0.0,1305.0591078239768,0.0451,9.35,0.0,100.00000476816813,8.000000025597643,400.0000167614947,8.794346038765196,1305.6305479852401,2.0000147687435965,1.3096090555603544e-05,-6.814029327895099e-06,1.1631146008545045e-07,1.1141322506052516e-07
295,2023-01-14T06:00:00Z,100.00000476816813,8.000000025597643,400.0000167614947,8.794346038765196,2.1074586393548954e-05,1.8480669456181435e-05,6.2444900957460804e-06,1.93082627588272e-06,0.5714325349152795,2.754653777855583e-06,2.0000106741858854,6.762243344743346e-06,0.5208289140280616,0.0,1305.0591078239768,0.0549,9.28,0.0,100.00000574907371,8.000000031516215,400.00002058962974,8.716760783466752,1305.6305500211263,2.000017950889111,1.4038946570499256e-05,-7.2767032257559094e-06,1.2177973484053262e-07,1.1586116266923013e-07
296,2023-01-14T07:00:00Z,100.00000574907371,8.000000031516215,400.00002058962974,8.716760783466752,2.7269899077908405e-05,2.310275233130642e-05,7.009878752386057e-06,2.0960854648312e-06,0.5714342261949032,3.0429288572922866e-06,2.0000162740065166,7.52142581214787e-06,0.5209161681402303,0.0,1305.0591078239768,0.07715,9.67,0.0,100.00000786280981,8.000000042444816,400.0000292392623,9.045945024181883,1305.6305541740408,2.0000242714415557,1.5518860851245536e-05,-7.997435039097667e-06,1.3670630630215834e-07,1.2577770566043807e-07
297,2023-01-14T08:00:00Z,100.00000786280981,8.000000042444816,400.0000292392623,9.045945024181883,3.179577112277729e-05,2.7304672838329202e-05,7.376174515531643e-06,2.2465836464283373e-06,0.5714344957356179,3.232855081913571e-06,2.000017036073818,8.029049554573956e-06,0.509209347527794,16.52499999999995,1171.7636593759357,0.1001,9.53,56.24,100.00000994438255,8.000000051486104,400.0000381000902,9.244016780382605,1155.810106725216,2.0000255082097462,44.99201650118548,-8.472135928361268e-06,1.4384978803167022e-07,1.3480849963566382e-07
298,2023-01-14T09:00:00Z,100.00000994438255,8.000000051486104,400.0000381000902,9.244016780382605,2.965847219470739e-05,2.7510468281660813e-05,6.982821108762673e-06,2.2663720264211033e-06,0.571431574063092,3.2094508268406197e-06,2.000006859390413,7.96617350049264e-06,0.5015597645353409,35.14,1073.474856973015,0.09673,9.54,97.71,100.00000975977807,8.000000051668813,400.0000368028067,9.488776547226486,1038.9062986209817,2.000015273037559,78.16801637982066,-8.413647146099379e-06,1.3617862948382053e-07,1.3599592117738395e-07
299,2023-01-14T10:00:00Z,100.00000975977807,8.000000051668813,400.0000368028067,9.488776547226486,3.036284504876375e-05,2.7790824122368506e-05,7.043367059463778e-06,2.2768129418574275e-06,0.5714322331697834,3.226727851217701e-06,2.0000091474926647,8.012587258520545e-06,0.4823354761534417,101.17,725.0674792727659,0.0992,9.76,244.71,100.0000099593342,8.000000052405769,400.00003775369805,10.483028351976571,624.4689220712386,2.0000176043238738,195.76801646941848,-8.456831209091575e-06,1.3735939359890357e-07,1.366224387553212e-07
300,2023-01-14T11:00:00Z,100.0000099593342,8.000000052405769,400.00003775369805,10.483028351976571,3.1573416574163576e-05,2.8627414839015836e-05,7.166202841759179e-06,2.301101956115444e-06,0.5714326372477077,3.2645312790486382e-06,2.00001052171961,8.114305077789859e-06,0.49238317616595306,58.235,949.5176742946271,0.10497,10.1,150.01,100.00001044959032,8.000000054080774,400.0000399723441,10.410982980842013,891.8541180075086,2.0000190730243124,120.00801666560977,-8.551304702564266e-06,1.3975493090739475e-07,1.380799253594626e-07
301,2023-01-14T12:00:00Z,100.00001044959032,8.000000054080774,400.0000399723441,10.410982980842013,2.8640431208738828e-05,2.7269212501468868e-05,6.815079386513225e-06,2.264008032206445e-06,0.5714307012136245,3.188473755719788e-06,2.000003834415946,7.909899167307531e-06,0.5077275899929173,11.709999999999999,1206.4147876887089,0.09386,10.46,41.62,100.0000095389746,8.000000051134045,400.00003569699913,10.156749777850738,1195.2762275006862,2.0000121956423267,33.296016271125545,-8.361226380593223e-06,1.3290733877088497e-07,1.3585406733912062e-07
302,2023-01-14T13:00:00Z,100.0000095389746,8.000000051134045,400.00003569699913,10.156749777850738,2.9220500271074584e-05,2.6971187669475835e-05,6.913050350143039e-06,2.2530490542594756e-06,0.5714319176386763,3.1883992084925e-06,2.000008084345961,7.909698163927416e-06,0.511900176344556,3.25,1262.468083488783,0.0938499999999999,10.4,17.97,100.0000094956677,8.000000050755546,400.0000356931619,9.953187588917167,1259.7895255041344,2.000016445384921,14.376016270737123,-8.361038959847633e-06,1.348179636241517e-07,1.3519646290185871e-07
303,2023-01-14T14:00:00Z,100.0000094956677,8.000000050755546,400.0000356931619,9.953187588917167,3.072641107872045e-05,2.7819591182579215e-05,7.096535930241263e-06,2.276880449623562e-06,0.5714326431328652,3.232179311743054e-06,2.0000105741859224,8.027238034468107e-06,0.5129540578449124,2.66,1266.9476069163575,0.1,10.41,16.08,100.00001001428151,8.000000052525346,400.000038061644,9.926153874269191,1264.8590505181448,2.000019044638862,12.864016497690974,-8.470452939501882e-06,1.383962902687315e-07,1.3662648962637636e-07
304,2023-01-14T15:00:00Z,100.00001001428151,8.000000052525346,400.000038061644,9.926153874269191,3.0393471212623468e-05,2.7986825229760068e-05,7.0373468930467385e-06,2.2833722040868653e-06,0.5714319685049061,3.2321790458877975e-06,2.000008217531055,8.027238950899374e-06,0.5105751292195759,9.06,1222.3656832800195,0.1,10.61,34.89,100.00001003907093,8.0000000527513,400.00003806162783,10.190022368488643,1213.8771256413243,2.00001668798497,27.912016497692864,-8.470453914721787e-06,1.3724198861327273e-07,1.3701603384859678e-07
305,2023-01-14T16:00:00Z,100.00001003907093,8.0000000527513,400.00003806162783,10.190022368488643,3.758687865549784e-05,3.2029012488319435e-05,7.760466018171935e-06,2.3905940488397447e-06,0.5714359126473729,3.4141902345812215e-06,2.000021822452467,8.519361210251148e-06,0.514553609355005,0.0,1305.0591078239768,0.13426,10.91,0.0,100.00001275891977,8.000000060645535,400.000051174411,10.311555438262564,1305.6305580785522,2.000030747729972,1.744463871531859e-05,-8.925277505067442e-06,1.513442217765304e-07,1.434499879291776e-07
306,2023-01-14T17:00:00Z,100.00001275891977,8.000000060645535,400.000051174411,10.311555438262564,3.764240247014134e-05,3.383906642419129e-05,7.658215971995706e-06,2.442221767186214e-06,0.5714333013063079,3.453204051539196e-06,2.0000126600375494,8.625582427341754e-06,0.5142195354740721,0.0,1305.0591078239768,0.1442,11.38,0.0,100.00001364659862,8.00000006344772,400.00005495299405,10.73555191293597,1305.6305535978174,2.0000216827993254,1.7648344203287052e-05,-9.022761775945298e-06,1.4935014646856314e-07,1.4654796082725556e-07
307,2023-01-14T18:00:00Z,100.00001364659862,8.00000006344772,400.00005495299405,10.73555191293597,3.3862013639954206e-05,3.240379834370332e-05,7.274844747596051e-06,2.410920534531929e-06,0.5714302776951793,3.3824710769710546e-06,2.000002162198405,8.433198966389053e-06,0.5129852801507421,0.0,1305.0591078239768,0.127,11.76,0.0,100.0000124001751,8.000000060651681,400.0000484072285,11.120333256716494,1305.6305478062825,2.000011008223868,1.727922442919438e-05,-8.84602546280533e-06,1.4187365994411743e-07,1.4466969904181993e-07
308,2023-01-14T19:00:00Z,100.0000124001751,8.000000060651681,400.0000484072285,11.120333256716494,3.775212182487366e-05,3.366375458966041e-05,7.647450325391975e-06,2.4407404399852433e-06,0.5714340103436616,3.450644501388883e-06,2.0000151444901926,8.618608307697257e-06,0.5118819291269567,0.0,1305.0591078239768,0.14351,11.8,0.0,100.00001357580102,8.000000063332804,400.00005469107424,11.204842466795842,1305.6305545800421,2.00002416085918,1.7634977295121783e-05,-9.016368987424528e-06,1.4914019536468e-07,1.4645907230634524e-07
309,2023-01-14T20:00:00Z,100.00001357580102,8.000000063332804,400.00005469107424,11.204842466795842,2.7973259154413544e-05,2.9062195582227304e-05,6.66113933887272e-06,2.320996999838455e-06,0.5714271590785729,3.227893808384407e-06,1.999991417337637,8.015724812004216e-06,0.5116412960120647,0.0,1305.0591078239768,0.09937,11.8,0.0,100.00001015700941,8.000000053964264,400.0000378192317,11.215793067594912,1305.6305414621552,1.9999998770877754,1.6475474950416263e-05,-8.459750138412048e-06,1.2990520762878094e-07,1.3927374736504382e-07
310,2023-01-14T21:00:00Z,100.00001015700941,8.000000053964264,400.0000378192317,11.215793067594912,2.8713208998074368e-05,2.7105034632049336e-05,6.806242423406246e-06,2.2616996740822674e-06,0.5714312614937768,3.1851772498140795e-06,2.000005798750351,7.901063909208174e-06,0.5116275629110746,0.0,120.0,0.09342,11.84,0.0,100.00000948727897,8.000000050983713,400.000035527822,11.251956414455774,120.57144059938814,2.0000141517434677,1.625405702595293e-05,-8.352993116744756e-06,1.3273500075649746e-07,1.3571555200013607e-07
311,2023-01-14T22:00:00Z,100.00000948727897,8.000000050983713,400.000035527822,11.251956414455774,2.2577932763714335e-05,2.2921986566662714e-05,6.037193670087104e-06,2.120637760823456e-06,0.5714289772286975,2.9543784923414355e-06,1.9999980534944921,7.28679701849734e-06,0.5115390772658663,0.0,120.0,0.0691,11.87,0.0,100.00000728502509,8.000000041469773,400.00002611688035,11.282702552865151,120.57143550410929,2.000005829581581,1.5062884107403877e-05,-7.776087088906536e-06,1.1773705027172571e-07,1.2725099074848222e-07
312,2023-01-14T23:00:00Z,100.00000728502509,8.000000041469773,400.00002611688035,11.282702552865151,2.1173021411426318e-05,2.042134204988634e-05,5.915468285331638e-06,2.0169875876813697e-06,0.571430521029947,2.8342178988356965e-06,2.000003565704804,6.970443958630843e-06,0.5114201686537937,0.0,120.0,0.06001,11.8,0.0,100.00000633889434,8.000000035801582,400.0000225815568,11.225888392982565,120.5714380054079,2.0000110413718457,1.4446111000476057e-05,-7.475667041845213e-06,1.1536316788075502e-07,1.2103135839672185e-07
313,2023-01-15T00:00:00Z,100.00000633889434,8.000000035801582,400.0000225815568,11.225888392982565,1.0821064156180523e-05,1.2902977037055854e-05,3.7988279626554074e-06,1.6223344784627718e-06,0.571427487010447,2.1812670888137105e-06,1.9999936572349633,5.283414809497181e-06,0.5115496072803272,0.0,120.0,0.0294,11.73,0.0,100.00000328651485,8.000000012536333,400.0000108424691,11.157719417177073,120.57142976285814,1.9999994996251174,1.1125804963606548e-05,-5.842390154109367e-06,7.408455372715317e-08,9.734980368813513e-08
314,2023-01-15T01:00:00Z,100.00000328651485,8.000000012536333,400.0000108424691,11.157719417177073,1.2824524221969832e-05,1.1907401811859084e-05,4.73029942945472e-06,1.5626356591235937e-06,0.5714309049143567,2.2460412556412014e-06,2.000005480150958,5.42593788458961e-06,0.5116396132524724,0.0,120.0,0.02793,11.51,0.0,100.00000319451456,8.00000001101888,400.0000108424698,10.957784055361014,120.57143723574178,2.000011484626053,1.1430412979501364e-05,-6.004475094911754e-06,9.225006388075511e-08,9.376751629904553e-08
315,2023-01-15T02:00:00Z,100.00000319451456,8.00000001101888,400.0000108424698,10.957784055361014,1.4758873510125589e-05,1.3494720233592437e-05,8.474561062776653e-06,2.399802733568058e-06,0.5714323657906237,3.821814841008464e-06,2.0000088003639513,8.7461407269303e-06,0.5120276177765206,0.0,120.0,0.00694,11.09,0.0,100.0000033060329,8.000000032286783,400.00001084248066,10.567028071459195,120.57144352651706,2.000018743725789,1.868950256439144e-05,-9.94336183746114e-06,1.6527046777092185e-07,1.4400256427051054e-07
316,2023-01-15T03:00:00Z,100.0000033060329,8.000000032286783,400.00001084248066,10.567028071459195,1.5106558508625328e-05,1.3897462647794748e-05,8.999380319014567e-06,2.789288959048553e-06,0.5714328582966501,4.392544344708637e-06,2.000009937161119,9.882943554865369e-06,0.5130751890015678,0.0,120.0,0.00293,10.58,0.0,100.00000333180547,8.000000040418175,400.0000108424858,10.073398217438163,120.5714446700282,2.000021305159448,2.1250941884213352e-05,-1.1367998329347984e-05,1.7550546676746082e-07,1.6737407495040824e-07
317,2023-01-15T04:00:00Z,100.00000333180547,8.000000040418175,400.0000108424858,10.073398217438163,1.49722547977071e-05,1.380390173212821e-05,8.363329814677516e-06,2.73666285516515e-06,0.5714326946812477,4.217267438543671e-06,2.0000095915583596,9.5373475574333e-06,0.514819527334267,0.0,120.0,0.00405,10.27,0.0,100.00000332610577,8.000000039303224,400.00001084248413,9.740419947868721,120.57144370696872,2.0000205221431298,2.0467932327630116e-05,-1.0930584770196816e-05,1.6310124151036263e-07,1.6421619292920192e-07
318,2023-01-15T05:00:00Z,100.00000332610577,8.000000039303224,400.00001084248413,9.740419947868721,1.5229664426086435e-05,1.402258477598686e-05,9.449155383856698e-06,2.9917694477979043e-06,0.5714330457160323,4.623395799190117e-06,2.000010387470239,1.033342591148223e-05,0.5161431383753046,0.0,1302.6836453262993,0.00158,10.07,0.0,100.00000333972449,8.000000044056062,400.00001084231604,9.523884333765244,1303.2550906598767,2.0000223314065675,2.227736223990018e-05,-1.1943936328417948e-05,1.8427695768097373e-07,1.7952411927980224e-07
319,2023-01-15T06:00:00Z,100.00000333972449,8.000000044056062,400.00001084231604,9.523884333765244,1.5196282637193177e-05,1.400582371036391e-05,9.223477575663218e-06,2.9966907501436675e-06,0.5714330044184321,4.582409827583936e-06,2.0000103080405336,1.0253829395107503e-05,0.5170668837958367,0.0,1302.6836453262993,0.00181,10.04,0.0,100.00000333875612,8.000000044112435,400.00001084231565,9.470114521267115,1303.2550903303734,2.0000221497337667,2.2095522628201978e-05,-1.1841693233094475e-05,1.798758003054633e-07,1.7981942695131518e-07
320,2023-01-15T07:00:00Z,100.00000333875612,8.000000044112435,400.00001084231565,9.470114521267115,1.42492853067153e-05,1.318267856242939e-05,6.370012154779377e-06,2.306854411011388e-06,0.5714319094355622,3.3540698624274306e-06,2.0000078433527837,7.789150496999992e-06,0.5171457641522271,0.0,1302.6836453262993,0.0112,10.8,0.0,100.00000328611317,8.000000029914988,400.0000108423063,10.123720648196512,1303.2550857195695,2.000016618351719,1.656414943247905e-05,-8.774998935479061e-06,1.2422765978417627e-07,1.3842510717140044e-07
321,2023-01-15T08:00:00Z,100.00000328611317,8.000000029914988,400.0000108423063,10.123720648196512,1.5669139076876055e-05,1.3800950161144295e-05,4.75514411608503e-06,1.726668591610773e-06,0.5714318692187017,2.383531181184899e-06,2.000008762157791,5.804431962015904e-06,0.5144828986158073,0.0,1298.2131011469658,0.0373999999999999,10.69,1.89,100.00000395249694,8.000000019039096,400.00001374582064,10.121200631283227,1298.7845402963799,2.0000151106293393,1.5120121529035104,-6.3484715484563026e-06,9.27345837220303e-08,1.0361047654430082e-07
322,2023-01-15T09:00:00Z,100.00000395249694,8.000000019039096,400.00001374582064,10.121200631283227,1.5823213737674695e-05,1.4417021461832419e-05,5.231654795850629e-06,1.7012806006569143e-06,0.5714312573991436,2.4222676836077456e-06,2.000006544459116,5.903398429965148e-06,0.5096758417858868,9.9,1215.425245974125,0.03886,10.66,36.89,100.00000412505143,8.000000018979522,400.00001431815224,10.268838432017636,1206.096684590358,2.00001298983843,29.512012348777745,-6.445379313824162e-06,1.020274712662139e-07,1.0208704474388925e-07
323,2023-01-15T10:00:00Z,100.00000412505143,8.000000018979522,400.00001431815224,10.268838432017636,2.767255007648699e-05,2.21755649095812e-05,7.343007999023415e-06,2.036140701987682e-06,0.5714357441751593,3.0196120058390243e-06,2.0000215801685743,7.459526249475095e-06,0.5100781337251299,8.125,1226.6134332589118,0.0749,10.91,32.16,100.00000759115272,8.000000040001838,400.00002836720375,10.481555509557735,1219.0598828265513,2.000029519327435,25.728015398685113,-7.93915886054819e-06,1.4320297627858446e-07,1.2218066018527944e-07
324,2023-01-15T11:00:00Z,100.00000759115272,8.000000040001838,400.00002836720375,10.481555509557735,2.688040610836122e-05,2.419079533304931e-05,6.834658416130451e-06,2.1443620067324046e-06,0.5714323543100274,3.0710282832227346e-06,2.000009713772324,7.5961615111764285e-06,0.5093989757389126,8.815,1222.1192354066718,0.08,11.14,34.06,100.00000819759745,8.000000044616419,400.0000303429785,10.718541250641707,1213.8756782119171,2.000017781456501,27.24801566384569,-8.067684177159862e-06,1.3328916803134694e-07,1.2867458786273055e-07
325,2023-01-15T12:00:00Z,100.00000819759745,8.000000044616419,400.0000303429785,10.718541250641707,2.2164870685056866e-05,2.1721261736445842e-05,6.053091126895323e-06,2.065865308428143e-06,0.5714299473817339,2.9033031752449886e-06,2.0000014878175354,7.152044241422125e-06,0.5072629967635844,12.78,1197.519415583885,0.06501,11.03,44.46,100.000006849559,8.000000038699186,400.0000245270369,10.70625388822174,1185.3108528654045,2.0000091362119283,35.56801480043863,-7.648394392933966e-06,1.1804708168262707e-07,1.239643149371823e-07
326,2023-01-15T13:00:00Z,100.000006849559,8.000000038699186,400.0000245270369,10.70625388822174,2.739375064572872e-05,2.3970247538656222e-05,6.88357315706848e-06,2.1403146023487217e-06,0.5714334651232915,3.072464931272004e-06,2.0000135966205006,7.59998212748231e-06,0.5062365265069472,12.09,1201.9899597632182,0.08015,10.3,42.57,100.00000817855177,8.000000044510568,400.00003040104,10.061394134991918,1190.4714044675682,2.0000216678920237,34.05601567125365,-8.071271523135692e-06,1.3424310087292265e-07,1.284317193128546e-07
327,2023-01-15T14:00:00Z,100.00000817855177,8.000000044510568,400.00003040104,10.061394134991918,2.8108487327461848e-05,2.5350741602621417e-05,6.892047200244536e-06,2.1924397287563654e-06,0.5714324968718552,3.1256415399636755e-06,2.000010163959485,7.74176377562609e-06,0.5070678209217553,14.715,1186.3312282990978,0.08602,10.0,49.19,100.0000087556771,8.00000004735939,400.0000326712305,9.749636144200393,1172.1876713789645,2.0000183681444277,39.352015945948715,-8.2041849425174e-06,1.3440836124089255e-07,1.3155953967934987e-07
328,2023-01-15T15:00:00Z,100.0000087556771,8.00000004735939,400.0000326712305,9.749636144200393,3.000281173392129e-05,2.6881198028154414e-05,7.072040973568749e-06,2.243976033130631e-06,0.5714329164790521,3.196926792256428e-06,2.000011561074107,7.932560192838668e-06,0.5128714370302806,2.68,1264.6485392926056,0.095,9.38,16.08,100.00000955712842,8.000000050625953,400.00003613638825,9.004795635440395,1262.53998335569,2.00001994341743,12.864016314903516,-8.382343323010133e-06,1.37918590843675e-07,1.3465202719055692e-07
329,2023-01-15T16:00:00Z,100.00000955712842,8.000000050625953,400.00003613638825,9.004795635440395,3.889723719871149e-05,3.241548153988148e-05,7.917097790627395e-06,2.395009947739035e-06,0.5714370700321013,3.4358911872634958e-06,2.0000258436812763,8.578383450493446e-06,0.5200829587399101,0.0,1302.6836453262993,0.13964,8.3,0.0,100.00001313234952,8.000000061309832,400.0000532210041,7.89138710885281,1303.255097836066,2.0000348231515934,1.7557853767576573e-05,-8.979470317083127e-06,1.543988468019144e-07,1.4371496836117824e-07
330,2023-01-15T17:00:00Z,100.00001313234952,8.000000061309832,400.0000532210041,7.89138710885281,4.2351896401593356e-05,3.647782842737188e-05,8.018142128746625e-06,2.4976267515189167e-06,0.5714361048730341,3.548408409892907e-06,2.000022367736726,8.885836444168306e-06,0.5301940118640446,0.0,1302.6836453262993,0.1746,7.7,0.0,100.00001579243212,8.000000067806647,400.0000664367994,7.2304148543691324,1303.255096374164,2.000031628318671,1.8146418389448983e-05,-9.260581945280677e-06,1.5636940845140433e-07,1.4987259235037005e-07
331,2023-01-15T18:00:00Z,100.00001579243212,8.000000067806647,400.0000664367994,7.2304148543691324,4.387625843381192e-05,3.884002948396233e-05,8.024928720846212e-06,2.551325471782222e-06,0.5714348761764361,3.603372163797821e-06,2.0000180219793635,9.036827851562722e-06,0.5375290611815703,0.0,1302.6836453262993,0.1977,7.55,0.0,100.00001745527618,8.00000007121357,400.0000750897669,7.019459662407584,1303.25509431568,2.000027419883798,1.8434732286223098e-05,-9.397904434660376e-06,1.565017602325244e-07,1.530948377907124e-07
332,2023-01-15T19:00:00Z,100.00001745527618,8.00000007121357,400.0000750897669,7.019459662407584,4.308002227349658e-05,3.946491709695987e-05,7.930311856040383e-06,2.566000966401249e-06,0.5714326534504696,3.6080179677102893e-06,2.000010245745442,9.049574219210075e-06,0.5476585384788761,0.0,1302.6836453262993,0.1999,6.86,0.0,100.00001770280892,8.000000071894661,400.0000759104893,6.396311273751621,1303.2550905671837,2.0000196552151084,1.8459043885753732e-05,-9.409469666543657e-06,1.5465654684747224e-07,1.539754555296279e-07
333,2023-01-15T20:00:00Z,100.00001770280892,8.000000071894661,400.0000759104893,6.396311273751621,3.84260241323312e-05,3.738450818616225e-05,7.596654914021819e-06,2.5261269149770142e-06,0.5714289549184242,3.531251554446082e-06,1.999997388791574,8.838748332988596e-06,0.559398329423661,0.0,1302.6836453262993,0.16834,6.77,0.0,100.00001564959605,8.000000068461473,400.0000640809801,6.246575076769682,1303.2550839245132,2.000006606442364,1.805639912274982e-05,-9.217650789761223e-06,1.4814958578200368e-07,1.5158277317593844e-07
334,2023-01-15T21:00:00Z,100.00001564959605,8.000000068461473,400.0000640809801,6.246575076769682,3.842712586208574e-05,3.6090708436255665e-05,7.59562045564791e-06,2.4967845019702525e-06,0.5714313950980051,3.5065955014767704e-06,2.0000059460834887,8.771258555051217e-06,0.5621899501595436,0.0,120.0,0.16,6.76,0.0,100.00001494514893,8.000000066768832,400.00006093540014,6.22101134271619,120.57144233694689,2.0000151021217154,1.7927296781760957e-05,-9.15603822670974e-06,1.4812941182631687e-07,1.498220523234475e-07
335,2023-01-15T22:00:00Z,100.00001494514893,8.000000066768832,400.00006093540014,6.22101134271619,3.416683133046682e-05,3.342243118895592e-05,7.2577640385659014e-06,2.435429150993049e-06,0.5714292575647272,3.408900573177519e-06,1.9999985691420616,8.504872681315626e-06,0.5628964834345594,0.0,120.0,0.133,6.75,0.0,100.00001293027452,8.000000062169022,400.0000506949925,6.20953828047822,120.57143823320033,2.0000074810885184,1.741681913811778e-05,-8.911946456802156e-06,1.415405528073158e-07,1.4614036309589252e-07
