operating_step,timestamp_utc,start_soc_battery_kwh,start_soc_hydrogen_kg,start_soc_thermal_kwh,start_indoor_temperature_c,battery_charge_kw,battery_discharge_kw,electrolyser_kw,fuel_cell_kw,heat_pump_kw,electric_boiler_kw,thermal_charge_kw,thermal_discharge_kw,ventilation_fraction,pv_kw,electric_load_kw,price_eur_per_kwh,outdoor_temperature_c,irradiance_w_per_m2,reached_soc_battery_kwh,reached_soc_hydrogen_kg,reached_soc_thermal_kwh,reached_indoor_temperature_c,grid_kw,generated_heat_kw,heat_to_air_kw,thermal_charge_margin_kw,hydrogen_production_kg_per_h,hydrogen_consumption_kg_per_h
0,2023-01-01T23:00:00Z,500.0,60.0,0.0,19.0,2.0209897527488327e-05,262.0041499750214,8.070157671696417e-06,4.7398150468647474e-06,141.80000546974,4.469196925113501e-06,0.0,0.0,3.987758971755933e-09,0.0,120.0,0.1099,2.32,0.0,227.07902984418763,59.99999987296647,0.0,16.00000028613654,-0.204116495844296,496.3000268864655,496.3000268864655,-496.3000268864655,1.573838129793781e-07,2.844173445463395e-07
1,2023-01-02T00:00:00Z,227.07902984418763,59.99999987296647,0.0,16.00000028613654,2.0637332298553165e-05,121.99587278595591,8.12179229957641e-06,4.770521743547787e-06,159.75714572035972,4.498693305059212e-06,0.0,0.0,4.011578052794648e-09,0.0,120.0,0.0949,2.31,0.0,100.00001550398922,59.99999974509733,0.0,16.000000229107005,157.7613014217,559.1500178143307,559.1500178143307,-559.1500178143307,1.5839078892063207e-07,2.8625993060592786e-07
2,2023-01-02T01:00:00Z,100.00001550398922,59.99999974509733,0.0,16.000000229107005,0.0002886383972875584,2.580024281444776e-05,5.858260110408489e-05,2.972774931144196e-06,159.257150904586,7.058986186183391e-06,0.0,0.0,6.382898502385497e-09,0.0,120.0,0.05293,2.36,0.0,100.00026572159769,60.00000070918796,0.0,16.000000440523664,279.2574764115528,557.4000372353897,557.4000372353897,-557.4000372353897,1.142474969026558e-06,1.7838433430208198e-07
3,2023-01-02T02:00:00Z,100.00026572159769,60.00000070918796,0.0,16.000000440523664,499.9999306609446,1.7201403087836974e-05,249.99978364194763,2.784720175627145e-06,158.3571524085933,8.140700589069532e-06,0.0,0.0,7.428837551088194e-09,0.0,120.0,0.04416,2.45,0.0,580.0001812379762,64.87548387143895,0.0,16.000000581804773,1028.3568548660628,554.2500434386742,554.2500434386742,-554.2500434386742,4.8754833293509146,1.6709992052968169e-07
4,2023-01-02T03:00:00Z,580.0001812379762,64.87548387143895,0.0,16.000000581804773,333.3331484059351,2.391173941866218e-05,0.00010445067994207898,3.0233727817370648e-06,157.6571526673843,7.653090463603728e-06,0.0,0.0,7.014743187199861e-09,0.0,120.0,0.05008,2.52,0.0,899.999978799612,64.8754857270104,0.0,16.000000666948356,610.9903862419777,551.8000440287657,551.8000440287657,-551.8000440287657,2.036991958066347e-06,1.8142050895511942e-07
5,2023-01-02T04:00:00Z,899.999978799612,64.8754857270104,0.0,16.000000666948356,5.177873702186505e-05,4.205846896996929e-05,1.3735969126891958e-05,4.055446567402734e-06,156.35714770935496,5.6982131499119666e-06,0.0,0.0,5.24775630541658e-09,0.0,120.0,0.07709,2.65,0.0,899.9999846962944,64.87548575153745,0.0,16.000000453958815,276.3571728083587,547.2500254627861,547.2500254627861,-547.2500254627861,2.6787818579297247e-07,2.4335112915707976e-07
6,2023-01-02T05:00:00Z,899.9999846962944,64.87548575153745,0.0,16.000000453958815,4.482867245750679e-05,3.9123819870318505e-05,7.2758925133676076e-06,6.07570924830064e-06,153.85714636923157,4.4928433165776184e-06,0.0,0.0,4.1979138678819405e-09,0.0,1319.9112251734641,0.1050799999999999,2.9,0.0,899.9999869778409,64.87548552885254,0.0,16.00000034839694,1473.7683829405748,538.5000209932219,538.5000209932219,-538.5000209932219,1.4189409342001035e-07,3.645790127993183e-07
7,2023-01-02T06:00:00Z,899.9999869778409,64.87548552885254,0.0,16.00000034839694,3.1804022268537575e-05,4.5191940452345375e-05,4.561989830483381e-06,1.5553043184977934e-05,151.15714286428602,3.532071674429106e-06,0.0,0.0,3.351715973302993e-09,0.0,1319.9112251734641,0.14064,3.17,0.0,899.9999704347644,64.87548468454432,0.0,16.000000234029525,1471.0683471908503,529.0500144088822,529.0500144088822,-529.0500144088822,8.896769846427236e-08,9.332759186905451e-07
8,2023-01-02T07:00:00Z,899.9999704347644,64.87548468454432,0.0,16.000000234029525,2.042988407926914e-05,0.00013937398566215412,3.71665750736428e-06,0.0002349071430470922,157.25709886450633,3.1219431092933285e-06,0.0,0.0,2.8052665078027297e-09,0.0,1319.9112251734641,0.16244,2.56,0.0,899.9998448662179,64.87547066118822,0.0,16.000000194983066,1477.1679770253265,550.4000135514959,550.4000135514959,-550.4000135514959,7.248206960056352e-08,1.4095838166642198e-05
9,2023-01-02T08:00:00Z,899.9998448662179,64.87547066118822,0.0,16.000000194983066,1.1708206766308206e-05,499.99996166384,3.203159199234208e-06,199.99997709845076,114.4571496415772,2.847448090394658e-06,0.0,0.0,2.6085174110794958e-09,0.0,1319.9112251734641,0.18,2.84,0.0,379.1665627062631,52.87427197787444,0.0,16.000000138446662,734.3684538115647,540.6000105334093,540.6000105334093,-540.6000105334093,6.246785117018408e-08,12.001198745781624
10,2023-01-02T09:00:00Z,379.1665627062631,52.87427197787444,0.0,16.000000138446662,0.00023892191341527962,1.9034258591225206e-05,4.444038106601335e-06,1.5504491953227994e-05,141.23314358798865,3.4425319518255344e-06,0.0,0.0,3.2890472760269897e-09,11.299999999999999,1225.1662348337675,0.14561,3.26,39.48,379.1667722439473,52.8742711341793,0.0,16.000000202800432,1355.099590691489,494.31601681921126,525.9000168192113,-494.31601681921126,8.666740981970801e-08,9.303625534490246e-07
11,2023-01-02T10:00:00Z,379.1667722439473,52.8742711341793,0.0,16.000000202800432,499.9989189580983,1.6767876428082947e-05,4.5954411014392865e-06,1.383743301465382e-05,131.1005722733371,3.5147854534896874e-06,0.0,0.0,3.5510794286441135e-09,17.885,1185.977134219602,0.14335,3.9,55.81,859.1657169771837,52.874270393470354,0.0,16.000000210517925,1799.1916029559547,458.8520161225205,503.50001612252055,-458.8520161225205,8.962006348441454e-08,8.303290137806073e-07
12,2023-01-02T11:00:00Z,859.1657169771837,52.874270393470354,0.0,16.000000210517925,0.0007193916232045702,1.8323743069675588e-05,4.579845345997308e-06,1.450569895294968e-05,123.36857207873558,3.51966859245387e-06,0.0,0.0,3.800514374293178e-09,18.605,1181.4414697884465,0.14438,4.63,57.7,859.1663885059097,52.87426961235729,0.0,16.000000208790254,1286.2057365288772,431.7900159140357,477.9500159140357,-431.7900159140357,8.931591583853137e-08,8.704289800749883e-07
13,2023-01-02T12:00:00Z,859.1663885059097,52.87426961235729,0.0,16.000000208790254,42.53462351090181,1.7902794034319662e-05,4.636642599291461e-06,1.4241445036208463e-05,119.38171513727313,3.5541395576760803e-06,0.0,0.0,4.046389711103993e-09,15.83,1197.328294409743,0.14376,5.18,51.08,899.9996084276316,52.8742688482087,0.0,16.000000216026418,1343.414609104461,417.8360164680656,458.7000164680656,-417.8360164680656,9.042357304348785e-08,8.545721593884467e-07
14,2023-01-02T13:00:00Z,899.9996084276316,52.8742688482087,0.0,16.000000216026418,0.00013370460466974202,2.0805166000962445e-05,4.449351039295572e-06,1.724873132615518e-05,110.08742869655362,3.476614459461904e-06,0.0,0.0,4.234141554316777e-09,20.465,1170.0903095983056,0.1482,5.85,62.43,899.9997151120043,52.87426789995234,0.0,16.00000021240252,1259.712841871532,385.3060159538979,435.2500159538979,-385.3060159538979,8.677102236850052e-08,1.0350273823075416e-06
15,2023-01-02T14:00:00Z,899.9997151120043,52.87426789995234,0.0,16.00000021240252,5.022773320272211e-05,2.8145279341948074e-05,4.165757608058501e-06,2.583916120647086e-05,111.72514109020969,3.3475365011199707e-06,0.0,0.0,4.261211742069505e-09,10.11999999999995,1231.381774980166,0.15534,6.27,36.89,899.9997340126289,52.87426643068802,0.0,16.000000203282546,1332.9869198269625,391.0380152172079,420.5500152172079,-391.0380152172079,8.124039739688047e-08,1.5505047228605376e-06
16,2023-01-02T15:00:00Z,899.9997340126289,52.87426643068802,0.0,16.000000203282546,2.789564040530665e-05,5.4095486848595044e-05,3.8616115271526984e-06,6.40440525064394e-05,117.01199057033847,3.197946359526091e-06,0.0,0.0,4.122178779813941e-09,0.615,1299.488736121012,0.164,6.39,8.51,899.9997044429782,52.87426266296952,0.0,16.000000202481438,1415.8856435070093,409.54201499298836,416.35001499298835,-409.54201499298836,7.530895567504513e-08,3.843027453131677e-06
17,2023-01-02T16:00:00Z,899.9997044429782,52.87426266296952,0.0,16.000000202481438,1.2079613827324233e-05,499.9999586141984,3.2205257343651617e-06,199.99997606893265,79.0571500566615,2.855570827551791e-06,0.0,0.0,3.6709953232714957e-09,0.0,1319.9112251734641,0.18568,6.38,0.0,379.1664258162841,40.8730640417717,0.0,16.000000150966294,698.9684587027045,416.7000112735832,416.7000112735832,-416.7000112735832,6.2806532473368e-08,12.00119868400436
18,2023-01-02T17:00:00Z,379.1664258162841,40.8730640417717,0.0,16.000000150966294,1.7400978355524805e-05,267.9995762414591,3.4877930802688273e-06,199.99992215429899,78.35716146465158,3.0071036336998994e-06,0.0,0.0,3.898849521331768e-09,0.0,1319.9112251734641,0.17474,6.45,0.0,100.00021726970346,28.871868660987644,0.0,16.000000166740016,930.2689121382327,414.2500136113224,414.2500136113224,-414.2500136113224,6.801876694193633e-08,12.00119544880282
19,2023-01-02T18:00:00Z,100.00021726970346,28.871868660987644,0.0,16.000000166740016,1.9993632143725084e-05,0.000168572551811004,3.663339041735657e-06,0.0004088864560682392,116.15706400520418,3.0802663080983254e-06,0.0,0.0,4.095098341425427e-09,0.0,1319.9112251734641,0.1699,6.67,0.0,100.00006086718217,28.87184419678897,0.0,16.000000163352137,1436.0677384568976,406.55001328819753,406.55001328819753,-406.55001328819753,7.144225553939926e-08,2.453564092818717e-05
20,2023-01-02T19:00:00Z,100.00006086718217,28.87184419678897,0.0,16.000000163352137,2.10990524687123e-05,3.2538878309841583e-05,4.256250279851641e-06,2.1023329757673467e-05,115.0571421353874,3.3781483802069798e-06,0.0,0.0,4.552459782879728e-09,0.0,1319.9112251734641,0.153,6.78,0.0,100.00004722760764,28.871843018268212,0.0,16.000000188829617,1434.9683424800949,402.70001553455364,402.70001553455364,-402.70001553455364,8.300518097520452e-08,1.2615259380542135e-06
21,2023-01-02T20:00:00Z,100.00004722760764,28.871843018268212,0.0,16.000000188829617,4.438938508571665e-05,2.811811891517788e-05,4.778075616610775e-06,1.2817333662356463e-05,112.35714406400018,3.6144184422808925e-06,0.0,0.0,5.0286466074581596e-09,0.0,1319.9112251734641,0.14167,7.05,0.0,100.00006055171012,28.871842342333075,0.0,16.00000020967906,1432.2683810838905,393.25001677440844,393.25001677440844,-393.25001677440844,9.318179270318044e-08,7.691169314345313e-07
22,2023-01-02T21:00:00Z,100.00006055171012,28.871842342333075,0.0,16.00000020967906,5.393246677777139e-05,2.9728300220391896e-05,5.141722073302397e-06,1.0359149152816502e-05,108.75714459929551,3.7613994669863263e-06,0.0,0.0,5.4645590510178885e-09,0.0,120.0,0.13491,7.41,0.0,100.00008135989883,28.871841820995574,0.0,16.00000021587329,228.75716734743443,380.65001707272415,380.65001707272415,-380.65001707272415,1.0027360779017577e-07,6.216111102800182e-07
23,2023-01-02T22:00:00Z,100.00008135989883,28.871841820995574,0.0,16.00000021587329,0.0001542407306065509,2.219044069273124e-05,5.844321139416637e-06,7.925044135607672e-06,105.15714576795804,4.01743568270416e-06,0.0,0.0,6.104959615004632e-09,0.0,120.0,0.12422,7.77,0.0,100.00020631595783,28.87184145942103,0.0,16.00000025363418,225.15727975496065,368.0500197126454,368.0500197126454,-368.0500197126454,1.1397565978460288e-07,4.7555020315677605e-07
24,2023-01-02T23:00:00Z,100.00020631595783,28.87184145942103,0.0,16.00000025363418,4.5191747625378924e-05,3.6052013501451645e-05,5.37430500516182e-06,8.97469006511982e-06,101.85714473668884,3.825724422976271e-06,0.0,0.0,6.0658662521289006e-09,0.0,120.0,0.13001,8.1,0.0,100.0002121458548,28.8718410256952,0.0,16.000000221160676,221.85715410176232,356.50001664816114,356.50001664816114,-356.50001664816114,1.0480942854350986e-07,5.385352574329325e-07
25,2023-01-03T00:00:00Z,100.0002121458548,28.8718410256952,0.0,16.000000221160676,0.00015292480688430463,2.2021112044982983e-05,6.049353434632483e-06,7.0937170188403025e-06,99.45714582821589,4.0395541925830146e-06,0.0,0.0,6.614086896668241e-09,0.0,120.0,0.12,8.34,0.0,100.00033601501103,28.871840718003803,0.0,16.000000247849236,219.45727972710134,348.1000193635162,348.1000193635162,-348.1000193635162,1.1797418939427285e-07,4.256655876891871e-07
26,2023-01-03T01:00:00Z,100.00033601501103,28.871840718003803,0.0,16.000000247849236,0.00014997728050773927,2.182339498481601e-05,6.06461983955818e-06,6.819365612559911e-06,97.45714564791085,4.012551705643901e-06,0.0,0.0,6.752684610340046e-09,0.0,120.0,0.11876,8.54,0.0,100.0004572604972,28.87184042707286,0.0,16.000000243621315,217.45727705960232,341.10001851367014,341.10001851367014,-341.10001851367014,1.1827191406279081e-07,4.0920285703929865e-07
27,2023-01-03T02:00:00Z,100.0004572604972,28.87184042707286,0.0,16.000000243621315,333.33253418285784,1.8088202825411214e-05,6.258210623974326e-06,6.204297828443524e-06,96.6571458824049,4.022688703825665e-06,0.0,0.0,6.845833154971655e-09,0.0,120.0,0.115,8.62,0.0,419.99967123416275,28.871840176825074,0.0,16.00000024868444,549.9896660536614,338.30001891388747,338.30001891388747,-338.30001891388747,1.2204731189868922e-07,3.722950992165331e-07
28,2023-01-03T03:00:00Z,419.99967123416275,28.871840176825074,0.0,16.00000024868444,499.99970833735665,1.623300331041467e-05,6.167940773925207e-06,5.842918608821505e-06,97.65714586924078,3.917886655320258e-06,0.0,0.0,6.575130811543432e-09,0.0,120.0,0.11363,8.52,0.0,899.9993743286466,28.87183994650177,0.0,16.00000024816042,717.6568422165029,341.8000185110935,341.8000185110935,-341.8000185110935,1.2028687377891944e-07,3.5061017754704505e-07
29,2023-01-03T04:00:00Z,899.9993743286466,28.87183994650177,0.0,16.00000024816042,0.0006394588313196549,1.7783174550106844e-05,5.712080206839889e-06,5.908946113213206e-06,99.15714594733245,3.70026907751757e-06,0.0,0.0,6.083010705668461e-09,0.0,120.0,0.11627,8.37,0.0,899.9999696849845,28.87183970332625,0.0,16.00000025974674,219.1577711263924,347.0500186151923,347.0500186151923,-347.0500186151923,1.1139670370374823e-07,3.545722240151939e-07
30,2023-01-03T05:00:00Z,899.9999696849845,28.87183970332625,0.0,16.00000025974674,3.4525479822638747e-05,2.9756688433162027e-05,4.108149274036009e-06,9.777422115612146e-06,99.25714393403742,3.0501741044674137e-06,0.0,0.0,5.006830077205243e-09,0.0,1319.644926963756,0.13892,8.36,0.0,899.9999718328947,28.871839196739174,0.0,16.00000020407079,1418.9020730474863,347.40001363299876,347.40001363299876,-347.40001363299876,8.011692253595579e-08,5.867039973364625e-07
31,2023-01-03T06:00:00Z,899.9999718328947,28.871839196739174,0.0,16.00000020407079,1.8990398272588787e-05,6.752329585251285e-05,3.2251368952358444e-06,2.790007503409653e-05,98.15713973343159,2.6067662343814082e-06,0.0,0.0,4.3446086532067554e-09,0.0,1319.644926963756,0.1599199999999999,8.47,0.0,899.9999197269105,28.871837585463712,0.0,16.00000015915682,1417.801996096118,343.55001117776163,343.55001117776163,-343.55001117776163,6.289645910300927e-08,1.6741719192377157e-06
32,2023-01-03T07:00:00Z,899.9999197269105,28.871837585463712,0.0,16.00000015915682,1.4706078889682011e-05,0.00040232810969880036,2.89447002002272e-06,0.00017983928353185785,89.55710923885437,2.407801712653673e-06,0.0,0.0,4.562647890789815e-09,0.0,1319.644926963756,0.16917,9.33,0.0,899.9995147529653,28.87182685047537,0.0,16.000000140353563,1409.201474043568,313.4500106072125,313.4500106072125,-313.4500106072125,5.644781017146019e-08,1.0791436155527024e-05
33,2023-01-03T08:00:00Z,899.9995147529653,28.87182685047537,0.0,16.000000140353563,1.3313839174319124e-05,499.9990206007558,2.8027144514203565e-06,199.99919011992841,47.757307196217134,2.3644025678216006e-06,0.0,0.0,4.612170130617678e-09,0.0,1319.644926963756,0.17118,9.51,0.0,379.16721440846356,16.870675382785826,0.0,16.00000013520425,667.4040419202452,307.15001061146836,307.15001061146836,-307.15001061146836,5.4658397642461206e-08,12.001151522347941
34,2023-01-03T09:00:00Z,379.16721440846356,16.870675382785826,0.0,16.00000013520425,1.531167255530466e-05,0.00015574779948200019,2.862632997912622e-06,0.0001293364389137695,78.52111944510668,2.37540221891551e-06,0.0,0.0,4.7967672816301054e-09,7.83,1244.739097724139,0.16857,9.72,31.22,379.1670668703781,16.87066767765032,0.0,16.000000138573927,1315.429952634715,274.8240109450288,299.8000109450288,-274.8240109450288,5.5826926151911326e-08,7.760962431069277e-06
35,2023-01-03T10:00:00Z,379.1670668703781,16.87066767765032,0.0,16.000000138573927,1.4510932039331375e-05,0.00026006431768522877,2.80126982802563e-06,0.000215516957475003,75.82110207558254,2.3296210032397626e-06,0.0,0.0,4.927894299137999e-09,7.82,1244.739097724139,0.16949,9.99,31.22,379.1668099005419,16.870654799969866,0.0,16.00000013247215,1312.7397438602693,265.37401043273394,290.35001043273394,-265.37401043273394,5.463022466896669e-08,1.2932310679568137e-05
36,2023-01-03T11:00:00Z,379.1668099005419,16.870654799969866,0.0,16.00000013247215,1.8164451957504995e-05,5.383026566072573e-05,2.8821754989484156e-06,4.489107496489856e-05,42.59370773783081,2.3587259634894946e-06,0.0,0.0,5.059266586044088e-09,68.9,904.3518461474429,0.1645,10.07,173.09,379.16677126522245,16.87065216244404,0.0,16.000000136134545,878.0454785692865,149.07801084129903,287.550010841299,-149.07801084129903,5.620804303379749e-08,2.693733871281042e-06
37,2023-01-03T12:00:00Z,379.16677126522245,16.87065216244404,0.0,16.000000136134545,2.221995411250677e-05,3.381439385165458e-05,2.935185474578931e-06,2.8224047928184556e-05,82.1514254164352,2.3724795733172296e-06,0.0,0.0,4.6428931120322896e-09,5.14499999999995,1262.9017219183704,0.16091,9.53,23.65,379.1667573730515,16.870650526073643,0.0,16.000000141337505,1339.908112823983,287.5300110631115,306.4500110631115,-287.5300110631115,5.724184093838299e-08,1.693612236914765e-06
38,2023-01-03T13:00:00Z,379.1667573730515,16.870650526073643,0.0,16.000000141337505,1.911987192609925e-05,4.253521762598642e-05,2.8325879643969846e-06,3.549835824809287e-05,78.86456669059827,2.30447517323973e-06,0.0,0.0,4.28662258513747e-09,15.905,1194.8098758639076,0.16306,9.21,52.03,379.1667314206102,16.870648451200125,0.0,16.000000137385186,1257.769388777865,276.0260105473751,317.65001054737513,-276.0260105473751,5.5240989404681675e-08,2.130114506336206e-06
39,2023-01-03T14:00:00Z,379.1667314206102,16.870648451200125,0.0,16.000000137385186,1.541002422436943e-05,8.05708904340832e-05,2.6914406296931953e-06,6.714068513826205e-05,78.06284593111592,2.214054001555119e-06,0.0,0.0,3.859249217360114e-09,25.275,1141.2577263242454,0.16679,8.78,74.35,379.16666228622256,16.870644474844475,0.0,16.00000012964897,1194.045444859304,273.22000994929874,332.70000994929876,-273.22000994929874,5.248834111312863e-08,4.028843992694993e-06
40,2023-01-03T15:00:00Z,379.16666228622256,16.870644474844475,0.0,16.00000012964897,1.5338590866482462e-05,7.524201974372118e-05,2.6550191959177105e-06,6.269967678026848e-05,75.28913256861556,2.1811130020628114e-06,0.0,0.0,3.500684165869702e-09,39.934999999999995,1051.2603639034244,0.16657,8.2,111.86,379.1665986341659,16.870640764265683,0.0,16.000000130373422,1086.6143787050664,263.51201003923006,353.00001003923006,-263.51201003923006,5.177805212560792e-08,3.762356842500359e-06
41,2023-01-03T16:00:00Z,379.1665986341659,16.870640764265683,0.0,16.000000130373422,1.2260845103732076e-05,267.9995687384679,2.508325875166193e-06,147.8288629709499,75.49137232675534,2.0987663484881337e-06,0.0,0.0,3.1833216504290125e-09,0.0,1319.644926963756,0.17082,7.78,0.0,100.00039296867311,8.000021973041923,0.0,16.00000012150124,979.3078844490309,367.7000093010873,367.7000093010873,-367.7000093010873,4.89172462903698e-08,8.870618840141008
42,2023-01-03T17:00:00Z,100.00039296867311,8.000021973041923,0.0,16.00000012150124,1.2995194586594874e-05,0.000306127228659977,2.5363244943526722e-06,0.00022785629427473042,107.45709935319559,2.1017262956536535e-06,0.0,0.0,3.0903221911513425e-09,0.0,1319.644926963756,0.16895,7.54,0.0,100.00008656153005,8.000008349760266,0.0,16.000000118544776,1427.101509966674,376.1000093162995,376.1000093162995,-376.1000093162995,4.9463273967273835e-08,1.3672744930976923e-05
43,2023-01-03T18:00:00Z,100.00008656153005,8.000008349760266,0.0,16.000000118544776,1.5781584982016407e-05,5.987342103547812e-05,2.6820518794149146e-06,2.9038588807973477e-05,110.05713921648014,2.1683262572426117e-06,0.0,0.0,3.086581995924606e-09,0.0,1319.644926963756,0.16099,7.28,0.0,100.00003934370473,8.00000665957593,0.0,16.000000122113782,1429.7019979001898,385.2000097313357,385.2000097313357,-385.2000097313357,5.230524217280812e-08,1.7424895774361523e-06
44,2023-01-03T19:00:00Z,100.00003934370473,8.00000665957593,0.0,16.000000122113782,1.9395138634573327e-05,3.6596251426644376e-05,2.921405758201554e-06,1.438186923478994e-05,113.25714224664306,2.2875217377255478e-06,0.0,0.0,3.1339492601054063e-09,0.0,1319.644926963756,0.14962,6.96,0.0,100.00001984194259,8.000005853550586,0.0,16.000000126681716,1432.9020428363444,396.40001019520565,396.40001019520565,-396.40001019520565,5.6973109595889904e-08,8.629984539327898e-07
45,2023-01-03T20:00:00Z,100.00001984194259,8.000005853550586,0.0,16.000000126681716,2.665306150817413e-05,2.6267943375046837e-05,3.5131319720191097e-06,7.3933953960790045e-06,118.95714404012715,2.554158000843886e-06,0.0,0.0,3.2814441354611992e-09,0.0,1319.644926963756,0.13063,6.39,0.0,100.00001806644062,8.000005478415423,0.0,16.000000146448446,1438.6020700628958,416.35001184443826,416.35001184443826,-416.35001184443826,6.851292474684733e-08,4.4364808857359767e-07
46,2023-01-03T21:00:00Z,100.00001806644062,8.000005478415423,0.0,16.000000146448446,2.7599080736603886e-05,2.865956607201082e-05,4.296252312518983e-06,5.252020217818631e-06,122.65714473314715,2.866999771261136e-06,0.0,0.0,3.5439225912571475e-09,0.0,120.0,0.11442,6.02,0.0,100.00001470784346,8.000005247047993,0.0,16.0000001622346,242.65714558389368,429.30001308075896,429.30001308075896,-429.30001308075896,8.378529862398257e-08,3.151527283419521e-07
47,2023-01-03T22:00:00Z,100.00001470784346,8.000005247047993,0.0,16.0000001622346,3.61147487184315e-05,2.6256552611939817e-05,6.150394069339216e-06,3.7306680313557952e-06,126.957145886754,3.4222591097813244e-06,0.0,0.0,4.056611981788535e-09,0.0,120.0,0.09248,5.59,0.0,100.0000220274266,8.000005143130203,0.0,16.000000206635782,246.95716158693526,444.35001660314316,444.35001660314316,-444.35001660314316,1.1994467881999672e-07,2.2386246812816053e-07
48,2023-01-03T23:00:00Z,100.0000220274266,8.000005143130203,0.0,16.000000206635782,3.4075834598761684e-05,3.088307483075193e-05,8.084545788048275e-06,3.2738981888860925e-06,125.75714637975341,3.866837528091319e-06,0.0,0.0,4.649058976132097e-09,0.0,120.0,0.0800699999999999,5.71,0.0,100.0000225703582,8.000005104341076,0.0,16.000000236170447,245.7571582499983,440.1500184490348,440.1500184490348,-440.1500184490348,1.5766440930787215e-07,1.9645353668683425e-07
49,2023-01-04T00:00:00Z,100.0000225703582,8.000005104341076,0.0,16.000000236170447,2.9106078606756e-05,3.903634601504777e-05,1.0902746388799608e-05,2.8445402363790603e-06,126.45714633832893,4.226111366324124e-06,0.0,0.0,5.051176489144356e-09,0.0,120.0,0.06844,5.64,0.0,100.00000984933324,8.00000514627641,0.0,16.000000229493004,246.45714869237904,442.60001835917967,442.60001835917967,-442.60001835917967,2.126248170632987e-07,1.7068948313105673e-07
50,2023-01-04T01:00:00Z,100.00000984933324,8.00000514627641,0.0,16.000000229493004,3.8494939040098583e-05,3.656938831069743e-05,249.99989369705608,2.049951040410228e-06,125.95714854160607,6.167451113621833e-06,0.0,0.0,7.440009612527279e-09,0.0,120.0,0.03792,5.69,0.0,100.0000087113619,12.875490498907205,0.0,16.000000302259718,495.9570482817129,440.8500274363636,440.8500274363636,-440.8500274363636,4.875485475640159,1.2300936336094978e-07
51,2023-01-04T02:00:00Z,100.0000087113619,12.875490498907205,0.0,16.000000302259718,416.6618522121758,2.0859303926565313e-05,249.9999931439975,1.499744527690016e-06,124.85716491323386,1.5517238185950937e-05,0.0,0.0,1.902684106909246e-08,0.0,120.0,0.0,5.8,0.0,499.99536510660903,17.75097782396299,0.0,16.000001094158616,911.5190034275969,437.0000936082055,437.0000936082055,-437.0000936082055,4.875487415049457,8.999367102850381e-08
52,2023-01-04T03:00:00Z,499.99536510660903,17.75097782396299,0.0,16.000001094158616,416.6714390842272,2.0859273832115675e-05,249.99999314399741,1.4997445288124462e-06,123.45716339228882,1.5517236380732497e-05,0.0,0.0,1.9295112619234607e-08,0.0,120.0,0.0,5.94,0.0,899.9999248990569,22.626465149018774,0.0,16.000001294174847,910.1285887787316,432.100088284896,432.100088284896,-432.100088284896,4.875487415049455,8.999367109585637e-08
53,2023-01-04T04:00:00Z,899.9999248990569,22.626465149018774,0.0,16.000001294174847,0.00010214286194439013,2.7798873704135645e-05,249.99999184077797,1.5725281473516977e-06,122.85732552537321,1.239039382130591e-05,0.0,0.0,1.5488180959416575e-08,0.0,120.0,0.00633,6.0,0.0,899.9999939990442,27.50195244429178,0.0,16.0000116183578,492.857402528005,430.0006527060658,430.0006527060658,-430.0006527060658,4.875487389634134,9.436112495359723e-08
54,2023-01-04T05:00:00Z,899.9999939990442,27.50195244429178,0.0,16.0000116183578,3.3892583639131456e-05,3.391419822041899e-05,1.9729815585241582e-05,2.430024971531909e-06,123.55708208649452,4.789282178868519e-06,0.0,0.0,5.90586314416635e-09,0.0,1319.2011841728,0.0549,5.93,0.0,899.9999912086348,27.501952683245584,0.0,16.000000428057007,1442.7582883267528,432.44979374513764,432.44979374513764,-432.44979374513764,3.847698809003009e-07,1.4581607989990451e-07
55,2023-01-04T06:00:00Z,899.9999912086348,27.501952683245584,0.0,16.000000428057007,3.2728462358240916e-05,2.722720225706993e-05,6.3026197171234295e-06,3.6173970423129803e-06,122.85714687476869,3.447898831027582e-06,0.0,0.0,4.265352838151347e-09,0.0,1319.2011841728,0.08532,6.0,0.0,899.9999942662896,27.50195258909343,0.0,16.000000365273486,1442.0583426819503,430.0000200072882,430.0000200072882,-430.0000200072882,1.2291337582148902e-07,2.1706552909168799e-07
56,2023-01-04T07:00:00Z,899.9999942662896,27.50195258909343,0.0,16.000000365273486,1.0191616113817562e-05,499.9999278613388,2.5643027251676827e-06,125.00101535732091,95.45694054518037,2.152899098387949e-06,0.0,0.0,2.7112147159142743e-09,0.0,1319.2011841728,0.15,6.24,0.0,379.1667458613465,20.001141636562828,0.0,16.00000012729312,789.6571964081386,421.60000478962604,421.60000478962604,-421.60000478962604,5.0008904031172934e-08,7.500811002539509
57,2023-01-04T08:00:00Z,379.1667458613465,20.001141636562828,0.0,16.00000012729312,1.2302654566460235e-05,267.9998234672085,2.7323750839644353e-06,2.160468896691775e-05,115.95714075970844,2.2366277635950884e-06,0.0,0.0,2.9672147157339447e-09,0.0,1319.2011841728,0.146,6.69,0.0,100.00027489355267,20.00114039343849,0.0,16.000000127585242,1167.1584971322684,405.8500099965233,405.8500099965233,-405.8500099965233,5.3286642801586656e-08,1.2964109791129763e-06
58,2023-01-04T09:00:00Z,100.00027489355267,20.00114039343849,0.0,16.000000127585242,3.209449774324449e-05,2.143291112670354e-05,3.203038132169885e-06,1.3062635646417891e-05,67.90971442756766,2.491149258849039e-06,0.0,0.0,3.408546892534297e-09,81.10499999999999,841.2715442325721,0.13119,6.94,199.27,100.00028337832141,20.001139672067456,0.0,16.000000153820448,828.0762619532782,237.68401210656953,397.1000121065695,-237.68401210656953,6.24654901263254e-08,7.838365224373172e-07
59,2023-01-04T10:00:00Z,100.00028337832141,20.001139672067456,0.0,16.000000153820448,3.150610632990092e-05,2.243326984024531e-05,3.280848941704359e-06,1.2820018818041613e-05,25.44571350077811,2.5456871202260476e-06,0.0,0.0,3.6208137579258308e-09,160.045,429.273985398165,0.13053,7.26,371.05,100.00029025619408,20.001138966772352,0.0,16.000000100699285,294.6747009782968,89.0600087469668,385.90000874696676,-89.0600087469668,6.398295265850085e-08,7.692780568881856e-07
60,2023-01-04T11:00:00Z,100.00029025619408,20.001138966772352,0.0,16.000000100699285,3.863025684521034e-05,2.022295683922646e-05,3.419862740514048e-06,7.855482285797025e-06,5.186261229055231e-06,2.2588075188391795e-06,0.0,0.0,9.823521265966336e-09,247.28,359.84023683456,0.12787,7.6,566.01,100.0003062756606,20.00113856209027,0.0,17.411486723132004,112.56025825130921,2.5886971345402013e-05,452.80802588697134,-2.5886971345402013e-05,6.669399283930787e-08,4.7137607475529703e-07
61,2023-01-04T12:00:00Z,100.0003062756606,20.00113856209027,0.0,17.411486723132004,42.53473366617299,1.330906109674756e-05,3.9145320068955915e-06,7.2521861303912395e-06,78.0051529990742,2.8107549888637305e-06,0.0,0.0,4.281357506538694e-09,28.055,1125.602144999943,0.1190799999999999,7.8,80.72,140.83363673158135,20.00113820325659,0.0,16.00000017432408,1218.0870178292298,273.0180433559374,337.5940433559374,-273.0180433559374,7.634100823528757e-08,4.351746852920036e-07
62,2023-01-04T13:00:00Z,140.83363673158135,20.00113820325659,0.0,16.00000017432408,499.9998796699859,1.1654541451151617e-05,4.094059606737041e-06,6.830427532451091e-06,93.34000193918799,2.896022281526475e-06,0.0,0.0,4.607376576438298e-09,9.67,1232.9786190307755,0.11655,8.13,35.95,620.8335090746205,20.0011378732321,0.0,16.00000019370615,1816.6484891450623,326.69001443551923,355.4500144355192,-326.69001443551923,7.984214654602692e-08,4.0986663861092657e-07
63,2023-01-04T14:00:00Z,620.8335090746205,20.0011378732321,0.0,16.00000019370615,3.536754442938704e-05,2.2508761177031614e-05,3.5907631382800536e-06,9.996114924553571e-06,98.20057216724165,2.707928230121998e-06,0.0,0.0,4.227777642266239e-09,4.225,1269.290430887528,0.12799,7.99,20.81,620.8335195808369,20.001137343432106,0.0,16.000000170617074,1363.2660122161292,343.7020122634751,360.35001226347515,-343.7020122634751,7.002688388484954e-08,5.998268781610304e-07
64,2023-01-04T15:00:00Z,620.8335195808369,20.001137343432106,0.0,16.000000170617074,2.6214066273589223e-05,2.9724817624329625e-05,3.501706807748945e-06,1.1581318910131889e-05,103.0251435841731,2.6837801951205056e-06,0.0,0.0,4.162398438861074e-09,0.0,1314.668203696627,0.13125,7.94,1.89,620.8335137829888,20.001136716773587,0.0,16.000000181848492,1417.6933383742169,360.5880133084715,362.1000133084715,-360.5880133084715,6.829011176228066e-08,6.949486294708604e-07
65,2023-01-04T16:00:00Z,620.8335137829888,20.001136716773587,0.0,16.000000181848492,9.974992071300897e-06,499.9999608466274,2.985314928077722e-06,2.8934258237493104e-05,103.25713921769827,2.418952744609955e-06,0.0,0.0,3.759994369325132e-09,0.0,1319.2011841728,0.1502,7.96,0.0,100.00023081041093,20.001135038763934,0.0,16.00000013707093,922.4583489888724,361.4000099106879,361.4000099106879,-361.4000099106879,5.8219463043819965e-08,1.7362291171613024e-06
66,2023-01-04T17:00:00Z,100.00023081041093,20.001135038763934,0.0,16.00000013707093,1.6914995467619293e-05,0.00010591481069813474,3.6789924154520373e-06,8.195108502290693e-06,102.35714409645107,2.69761966615696e-06,0.0,0.0,4.245298944993447e-09,0.0,1319.2011841728,0.1375,8.05,0.0,100.00013672087876,20.001134618755774,0.0,16.000000158514936,1421.5582374509395,358.25001274479814,358.25001274479814,-358.25001274479814,7.174752685400013e-08,4.917556857060122e-07
67,2023-01-04T18:00:00Z,100.00013672087876,20.001134618755774,0.0,16.000000158514936,2.4734087992397705e-05,3.882176920443279e-05,4.1398878246191885e-06,6.7503783562303485e-06,101.55714458770137,2.910409801206879e-06,0.0,0.0,4.630324018459274e-09,0.0,1319.2011841728,0.12949,8.13,0.0,100.0001200262603,20.001134294428454,0.0,16.000000173333547,1420.758314972739,355.45001366352534,355.45001366352534,-355.45001366352534,8.073588616869106e-08,4.050632076945904e-07
68,2023-01-04T19:00:00Z,100.0001200262603,20.001134294428454,0.0,16.000000173333547,3.737630643937937e-05,2.6611429437174046e-05,4.670311142171933e-06,5.665425140878573e-06,104.0571452376572,3.1155305251232722e-06,0.0,0.0,4.7970944780570286e-09,0.0,1319.2011841728,0.1224,7.88,0.0,100.00012818727548,20.001134045549126,0.0,16.000000200643708,1423.2583422957507,364.200015381973,364.200015381973,-364.200015381973,9.108017528988169e-08,3.3995950440315474e-07
69,2023-01-04T20:00:00Z,100.00012818727548,20.001134045549126,0.0,16.000000200643708,2.0893861015624858e-05,0.00011546759625843309,4.437369924595712e-06,5.960128904000762e-06,106.45714445982775,3.0151075607540758e-06,0.0,0.0,4.501446864480301e-09,0.0,1319.2011841728,0.1293899999999999,7.64,0.0,100.00002796663595,20.001133774442994,0.0,16.00000016871824,1425.658235551241,372.60001276644385,372.60001276644385,-372.60001276644385,8.653736726634304e-08,3.576434985899047e-07
70,2023-01-04T21:00:00Z,100.00002796663595,20.001133774442994,0.0,16.00000016871824,4.1625118860347314e-05,2.7827124860654398e-05,6.087343708149973e-06,4.215593068037676e-06,107.35714602799962,3.527528774721557e-06,0.0,0.0,5.211892588874412e-09,0.0,120.0,0.1089599999999999,7.55,0.0,100.00003894016167,20.00113364019719,0.0,16.000000219367735,227.35716522527304,375.75001754116727,375.75001754116727,-375.75001754116727,1.1871507381630613e-07,2.529608801702776e-07
71,2023-01-04T22:00:00Z,100.00003894016167,20.00113364019719,0.0,16.000000219367735,2.522314830059686e-05,5.709292766838698e-05,6.5041005810865486e-06,4.092332752098218e-06,110.55714458822928,3.658573205760479e-06,0.0,0.0,5.200124818450349e-09,0.0,120.0,0.106,7.23,0.0,100.00000368258438,20.001133521475314,0.0,16.000000143186238,230.55711878879094,386.95001254542285,386.95001254542285,-386.95001254542285,1.2684264559574728e-07,2.455645215780509e-07
72,2023-01-04T23:00:00Z,100.00000368258438,20.001133521475314,0.0,16.000000143186238,0.00042196334396829506,2.970451599944729e-05,249.99999224526883,1.6801105126109206e-06,114.25716645576766,1.638352638472783e-05,0.0,0.0,2.245309749447481e-08,0.0,120.0,0.0054,6.86,0.0,100.00037782519043,24.876620818181095,0.0,16.00000110918928,484.25756566328033,399.9000999909553,399.9000999909553,-399.9000999909553,4.8754873975224955,1.0081671242789804e-07
73,2023-01-05T00:00:00Z,100.00037782519043,24.876620818181095,0.0,16.00000110918928,333.33259643998895,2.7469616533002085e-05,249.99999226621154,1.7236661345042953e-06,113.95716447014463,1.8031726408786256e-05,0.0,0.0,2.479730026090146e-08,0.0,120.0,0.00363,6.89,0.0,419.99964179339594,29.752108112681704,0.0,16.000001300852016,817.2897420147889,398.85009470348166,398.85009470348166,-398.85009470348166,4.875487397930918,1.0343031110136786e-07
74,2023-01-05T01:00:00Z,419.99964179339594,29.752108112681704,0.0,16.000001300852016,0.0002954323174826703,3.325346904164005e-05,249.99999178979706,1.7954962898652615e-06,117.45716058079302,1.783336069813508e-05,0.0,0.0,2.3607416539847483e-08,0.0,120.0,0.0049,6.54,0.0,419.99989076939045,34.62759539358106,0.0,16.00000113517307,487.4574305873029,411.10008094465,411.10008094465,-411.10008094465,4.875487388639907,1.077405514470604e-07
75,2023-01-05T02:00:00Z,419.99989076939045,34.62759539358106,0.0,16.00000113517307,499.999888619625,2.2677990229580835e-05,249.9999923516549,1.798950591449466e-06,121.25717491826114,2.2004746514419513e-05,0.0,0.0,2.80062628679829e-08,0.0,120.0,0.0,6.16,0.0,899.999760221324,39.50308268523046,0.0,16.00000185894295,991.2570534173466,424.40013525787845,424.40013525787845,-424.40013525787845,4.8754873995972305,1.0794783026999497e-07
76,2023-01-05T03:00:00Z,899.999760221324,39.50308268523046,0.0,16.00000185894295,0.000232206141170671,3.675216183232496e-05,249.99999093477618,1.922494546335605e-06,121.45716315215932,1.767875063386922e-05,0.0,0.0,2.2442796573214005e-08,0.0,120.0,0.00687,6.14,0.0,899.9999448557176,44.378569941834584,0.0,16.000001510764957,491.4573652971709,425.1000898802669,425.1000898802669,-425.1000898802669,4.875487371965332,1.1536120890102642e-07
77,2023-01-05T04:00:00Z,899.9999448557176,44.378569941834584,0.0,16.000001510764957,9.730248374139514e-05,4.4581251490623044e-05,249.99998824131342,2.0807600226716112e-06,124.8572009267104,1.3889195158244422e-05,0.0,0.0,1.702370349978963e-08,0.0,120.0,0.01632,5.8,0.0,899.9999918272982,49.254057136414055,0.0,16.00000385426071,494.8572536976912,437.0002184503216,437.0002184503216,-437.0002184503216,4.875487319437556,1.2485808716901358e-07
78,2023-01-05T05:00:00Z,899.9999918272982,49.254057136414055,0.0,16.00000385426071,5.006493176036203e-05,4.5950922720175887e-05,2.595952963641251e-05,3.1556739102813947e-06,127.15713217033479,6.218685326596953e-06,0.0,0.0,7.413182322365479e-09,0.0,1318.580128111227,0.0678,5.57,0.0,899.9999920240882,49.254057453316136,0.0,16.000000641101632,1445.7372934181117,445.04997096164203,445.04997096164203,-445.04997096164203,5.062614540554496e-07,1.8935937055393907e-07
79,2023-01-05T06:00:00Z,899.9999920240882,49.254057453316136,0.0,16.000000641101632,3.921414047281045e-05,3.888305960722555e-05,6.188821157494493e-06,6.083986277015254e-06,129.35714495069487,3.964117709315108e-06,0.0,0.0,4.598077244404253e-09,0.0,1318.580128111227,0.1199,5.35,0.0,899.999989166476,49.25405720893453,0.0,16.000000341607368,1447.937277461955,452.750015510699,452.750015510699,-452.750015510699,1.2069408197934056e-07,3.650756841893342e-07
80,2023-01-05T07:00:00Z,899.999989166476,49.25405720893453,0.0,16.000000341607368,1.2424164860656488e-05,499.9999466176905,3.252118367331312e-06,199.99965206227807,84.95721396784673,2.7611130930219933e-06,0.0,0.0,3.328316205473474e-09,0.0,1318.580128111227,0.179,5.79,0.0,379.1667233669132,37.25287803069633,0.0,16.00000015017836,703.5377618365014,437.35000806456014,437.35000806456014,-437.35000806456014,6.342265042800339e-08,12.001179241660852
81,2023-01-05T08:00:00Z,379.1667233669132,37.25287803069633,0.0,16.00000015017836,1.628204482278593e-05,267.98144822218137,3.4413519785488548e-06,5.027129656337625e-05,125.75713566268875,2.8289745308736625e-06,0.0,0.0,3.3832866146526773e-09,0.0,1318.580128111227,0.17104,5.71,0.0,100.0193970995706,37.25287508122995,0.0,16.000000160762657,1176.3557878328093,440.15001281000303,440.15001281000303,-440.15001281000303,6.711307488919158e-08,3.0165794517477503e-06
82,2023-01-05T09:00:00Z,100.0193970995706,37.25287508122995,0.0,16.000000160762657,1.772654266648537e-05,0.0002701043694221078,3.4830443226601893e-06,4.090416072312231e-05,118.00228021344444,2.848826151072187e-06,0.0,0.0,3.468899576400918e-09,6.25,1255.0793529238942,0.16947,5.88,26.49,100.0191327583334,37.252872694661015,0.0,16.000000152748804,1366.8313461872217,413.0080122003059,434.20001220030593,-413.0080122003059,6.792615690756444e-08,2.4544950928966284e-06
83,2023-01-05T10:00:00Z,100.0191327583334,37.252872694661015,0.0,16.000000152748804,5.2498162208590294e-05,2.4579446625007265e-05,4.034153694917513e-06,1.45405123438913e-05,108.19085746482199,3.1207146418445428e-06,0.0,0.0,4.107482200668657e-09,10.825,1225.594281772358,0.154,6.58,38.79,100.01915755297888,37.252871900816885,0.0,16.00000017621218,1322.9601597702517,378.6680143947431,409.7000143947431,-378.6680143947431,7.867386443733524e-08,8.725179924327212e-07
84,2023-01-05T11:00:00Z,100.01915755297888,37.252871900816885,0.0,16.00000017621218,333.31366969257095,1.6298879267106405e-05,4.47643682906808e-06,9.59645222407838e-06,105.17028726376194,3.2836957717608054e-06,0.0,0.0,4.602826162265436e-09,6.88999999999995,1250.5487200396337,0.146,7.12,28.38,420.0002634798478,37.25287141227142,0.0,16.00000019500913,1682.142658860768,368.09601539154215,390.80001539154216,-368.09601539154215,8.729924809163673e-08,5.758447179164945e-07
85,2023-01-05T12:00:00Z,420.0002634798478,37.25287141227142,0.0,16.00000019500913,499.9995327078783,1.551749219655174e-05,4.5132381549509e-06,9.341092998862272e-06,98.95714446645955,3.2958508345036744e-06,0.0,0.0,4.89214468938297e-09,9.325,1234.6795191434412,0.1451,7.59,35.0,899.9997987153565,37.25287093976673,0.0,16.00000020182152,1824.3111792682828,346.35001543426586,374.35001543426586,-346.35001543426586,8.801694571611417e-08,5.605216320949459e-07
86,2023-01-05T13:00:00Z,899.9997987153565,37.25287093976673,0.0,16.00000020182152,0.00013911929467873502,1.8785872330893454e-05,4.2227373063853575e-06,1.1082455774399697e-05,96.7400010507737,3.1696682859498856e-06,0.0,0.0,4.824523433775693e-09,9.674999999999999,1232.4022169000298,0.15103,7.79,35.95,899.9999127012624,37.25287035710449,0.0,16.000000194438435,1319.467334594176,338.5900145733986,367.3500145733986,-338.5900145733986,8.235161263577806e-08,6.650138478487667e-07
87,2023-01-05T14:00:00Z,899.9999127012624,37.25287035710449,0.0,16.000000194438435,5.9952942968811465e-05,2.2585204371251237e-05,3.89019809323167e-06,1.5218682368444917e-05,94.84000008400176,3.0242637226894818e-06,0.0,0.0,4.717210516109705e-09,9.665,1232.4022169000298,0.1594799999999999,7.98,35.95,899.999946729833,37.252869519758676,0.0,16.00000018672537,1317.5772460475498,331.9400139411049,360.7000139411049,-331.9400139411049,7.586644946296386e-08,9.132122633330284e-07
88,2023-01-05T15:00:00Z,899.999946729833,37.252869519758676,0.0,16.00000018672537,3.35997765849169e-05,3.0652432697604605e-05,3.463443563544138e-06,3.625904479389447e-05,102.51199603570699,2.821278955046742e-06,0.0,0.0,4.3197890718677145e-09,0.61,1298.1802943307741,0.17273,7.84,8.51,899.9999470560011,37.25286741154232,0.0,16.000000199515007,1400.0822633395028,358.792014299372,365.600014299372,-358.792014299372,6.754390387949865e-08,2.1757602636600343e-06
89,2023-01-05T16:00:00Z,899.9999470560011,37.25286741154232,0.0,16.000000199515007,7.424917068642131e-06,499.9999849147159,2.3936389121335665e-06,199.9999912924379,68.55714597500214,2.204375075831248e-06,0.0,0.0,3.19777706542991e-09,0.0,1318.580128111227,0.2221,7.43,0.0,379.16663656442574,25.25166786071692,0.0,16.000000101643902,687.1373099020063,379.95000699954534,379.95000699954534,-379.95000699954534,4.6680626849289476e-08,12.001199597506025
90,2023-01-05T17:00:00Z,379.16663656442574,25.25166786071692,0.0,16.000000101643902,1.4815190773408592e-05,267.9999272589364,2.8079916342018496e-06,199.9999722818921,72.95715083663588,2.4453343039927973e-06,0.0,0.0,3.3650387517093818e-09,0.0,1318.580128111227,0.1946699999999999,6.99,0.0,100.0000598922835,13.250469458719033,0.0,16.00000012537694,923.5373994755512,395.350010946431,395.350010946431,-395.350010946431,5.4761312998235895e-08,12.001198456759202
91,2023-01-05T18:00:00Z,100.0000598922835,13.250469458719033,0.0,16.00000012537694,6.672014598062852e-06,3.165212249245608e-05,3.1833189559470492e-06,7.666551377734216e-05,116.75713013628915,2.631704868203604e-06,0.0,0.0,3.4678492105808576e-09,0.0,1318.580128111227,0.17798,6.61,0.0,100.00003332645659,13.250464920409096,0.0,16.00000014055507,1435.3371624169183,408.6500117482595,408.6500117482595,-408.6500117482595,6.208092773374083e-08,4.600390865727103e-06
92,2023-01-05T19:00:00Z,100.00003332645659,13.250464920409096,0.0,16.00000014055507,2.8069214083941938e-05,2.6906119970329257e-05,3.5576984141991254e-06,1.811995963414939e-05,120.55714205487443,2.8085177795592777e-06,0.0,0.0,3.550385315274354e-09,0.0,1318.580128111227,0.16399,6.23,0.0,100.0000322456938,13.250463902484844,0.0,16.000000154875988,1439.1372595754522,421.9500126564649,421.9500126564649,-421.9500126564649,6.938205728261122e-08,1.0873063086798314e-06
93,2023-01-05T20:00:00Z,100.0000322456938,13.250463902484844,0.0,16.000000154875988,3.2186829468776474e-05,2.6626823346180868e-05,3.965741182624218e-06,1.0863143751172364e-05,121.8571437543549,2.9844598998789393e-06,0.0,0.0,3.7235281593330475e-09,0.0,1318.580128111227,0.152,6.1,0.0,100.00003540877577,13.25046332797072,0.0,16.000000171099497,1440.437273512645,426.50001369905806,426.50001369905806,-426.50001369905806,7.733968702987524e-08,6.51853810451387e-07
94,2023-01-05T21:00:00Z,100.00003540877577,13.25046332797072,0.0,16.000000171099497,2.2838410432932528e-05,3.273478161330774e-05,4.262257698621308e-06,8.678443645752234e-06,126.55714414632628,3.0995262328538583e-06,0.0,0.0,3.682702509562049e-09,0.0,120.0,0.14464,5.63,0.0,100.00002323491894,13.250462890334363,0.0,16.000000171622055,246.55713293329538,442.9500136555835,442.9500136555835,-442.9500136555835,8.31223373568512e-08,5.207586946145955e-07
95,2023-01-05T22:00:00Z,100.00002323491894,13.250462890334363,0.0,16.000000171622055,3.375598774898921e-05,3.1556224174155754e-05,5.2712849919640625e-06,5.8702739061022635e-06,128.95714520812666,3.4596144835112488e-06,0.0,0.0,4.019693108094285e-09,0.0,120.0,0.127,5.39,0.0,100.00002276960033,13.250462640883041,0.0,16.000000193581922,248.9571502685158,451.35001576265336,451.35001576265336,-451.35001576265336,1.0280033737703693e-07,3.5225165953208903e-07
96,2023-01-05T23:00:00Z,100.00002276960033,13.250462640883041,0.0,16.000000193581922,5.7299339405752237e-05,2.7434375639474345e-05,7.21418528546968e-06,4.302869063596449e-06,129.4571464192508,3.992359716091237e-06,0.0,0.0,4.626792015690653e-09,0.0,120.0,0.10721,5.34,0.0,100.00004919949154,13.25046252337576,0.0,16.000000243590296,249.45718318789048,453.10001943182226,453.10001943182226,-453.10001943182226,1.4069068213487227e-07,2.5819796361214816e-07
97,2023-01-06T00:00:00Z,100.00004919949154,13.25046252337576,0.0,16.000000243590296,4.667583770314729e-05,3.2295088920672815e-05,8.116888163622607e-06,3.962884676493704e-06,127.55714652260527,4.1792087072267576e-06,0.0,0.0,4.939262166184861e-09,0.0,120.0,0.1011,5.53,0.0,100.0000603675781,13.250462443874047,0.0,16.000000259209617,247.55716923656627,446.4500197405543,446.4500197405543,-446.4500197405543,1.582951487055114e-07,2.3779686027564982e-07
98,2023-01-06T01:00:00Z,100.0000603675781,13.250462443874047,0.0,16.000000259209617,3.822536837185459e-05,4.013742360121163e-05,8.930168457510456e-06,3.7545786428580912e-06,127.85714645156884,4.3303719429697e-06,0.0,0.0,5.1051111223731626e-09,0.0,120.0,0.09673,5.5,0.0,100.00005525411548,13.2504623927325,0.0,16.000000253884732,247.85715404547537,447.5000194957642,447.5000194957642,-447.5000194957642,1.7415570049150306e-07,2.252972482963151e-07
99,2023-01-06T02:00:00Z,100.00005525411548,13.2504623927325,0.0,16.000000253884732,0.000236329327158907,2.19796670153434e-05,1.3807216266493163e-05,3.1759071421208223e-06,128.65714776442414,4.972008683003992e-06,0.0,0.0,5.825727437279561e-09,0.0,120.0,0.08142,5.42,0.0,100.00025923478307,13.250462471426658,0.0,16.000000309545083,248.65737771740208,450.3000243209081,450.3000243209081,-450.3000243209081,2.692676439610128e-07,1.9057348587583692e-07
100,2023-01-06T03:00:00Z,100.00025923478307,13.250462471426658,0.0,16.000000309545083,499.99989902631546,1.6118020952872653e-05,1.837866441245464e-05,2.9700009932754967e-06,127.95714841418848,5.335301634253316e-06,0.0,0.0,6.3000025300849776e-09,0.0,120.0,0.07445,5.49,0.0,580.0001455104407,13.250462651628576,0.0,16.000000358510906,747.957052066448,447.850026810609,447.850026810609,-447.850026810609,3.584197980226678e-07,1.7821788138466827e-07
101,2023-01-06T04:00:00Z,580.0001455104407,13.250462651628576,0.0,16.000000358510906,333.33316205300025,1.9566131096189052e-05,1.554465877639056e-05,3.084527280167873e-06,126.65714836395767,5.1336073709817185e-06,0.0,0.0,6.138177039282373e-09,0.0,120.0,0.0783199999999999,5.62,0.0,899.9999606999344,13.250462769689591,0.0,16.000000380443225,579.9903084445657,443.3000265152922,443.3000265152922,-443.3000265152922,3.031511612557415e-07,1.8509014582465486e-07
102,2023-01-06T05:00:00Z,899.9999606999344,13.250462769689591,0.0,16.000000380443225,4.294691201089609e-05,3.571691021193737e-05,8.881107203917842e-06,3.7548617521830536e-06,127.05714633504998,4.316456816306452e-06,0.0,0.0,5.129465466833045e-09,0.0,1317.781942559518,0.09689,5.58,0.0,899.9999647238551,13.250462717574266,0.0,16.000000292127723,1444.8391055672723,444.7000190743704,444.7000190743704,-444.7000190743704,1.731989103674347e-07,2.253142365546387e-07
103,2023-01-06T06:00:00Z,899.9999647238551,13.250462717574266,0.0,16.000000292127723,4.5467259399616306e-05,3.1164339725997925e-05,7.148728982790898e-06,4.2377092068370835e-06,127.55714627185071,3.946539243577643e-06,0.0,0.0,4.660368338787032e-09,0.0,1317.781942559518,0.1070199999999999,5.53,0.0,899.9999759095701,13.250462602700441,0.0,16.00000027138144,1445.3391099918476,446.4500188249478,446.4500188249478,-446.4500188249478,1.3941415658008053e-07,2.542879812083459e-07
104,2023-01-06T07:00:00Z,899.9999759095701,13.250462602700441,0.0,16.00000027138144,4.2897747051914984e-05,2.8954717824237335e-05,5.4754804899802265e-06,5.3600753353962045e-06,125.75714598787961,3.4884625635446574e-06,0.0,0.0,4.187581306697078e-09,0.0,1317.781942559518,0.12294,5.71,0.0,899.9999869302429,13.250462387846305,0.0,16.000000272219943,1443.5391060942945,440.1500181632093,440.1500181632093,-440.1500181632093,1.0678254780939538e-07,3.216366837921515e-07
105,2023-01-06T08:00:00Z,899.9999869302429,13.250462387846305,0.0,16.000000272219943,1.5158558231480899e-05,267.99959322511324,3.3341471236375485e-06,1.9969782572729534e-05,127.05714097386605,2.650343620966973e-06,0.0,0.0,3.122770546993997e-09,0.0,1317.781942559518,0.1664,5.58,0.0,620.8337585396325,13.250461254561891,0.0,16.000000164321445,1176.8394914815374,444.7000100112192,444.7000100112192,-444.7000100112192,6.5022371148047e-08,1.1983067850422762e-06
106,2023-01-06T09:00:00Z,620.8337585396325,13.250461254561891,0.0,16.000000164321445,8.94106541960181e-06,499.9999765843205,2.8512012741502273e-06,87.49867598382961,103.17226680157609,2.388870018474695e-06,0.0,0.0,2.7673169400249688e-09,9.075,1236.1890366323635,0.1824,5.44,34.06,100.00045818105468,8.000015706575741,0.0,16.00000012426212,742.7876650469262,422.3520093591783,449.6000093591783,-422.3520093591783,5.560398524445388e-08,5.250445603590136
107,2023-01-06T10:00:00Z,100.00045818105468,8.000015706575741,0.0,16.00000012426212,1.6017399018304732e-05,0.0002056097243305942,3.257313632436621e-06,1.6717114593211127e-05,113.84971243067125,2.5646765092436774e-06,0.0,0.0,3.0544602428906886e-09,16.56,1190.8889235647625,0.1636699999999999,5.69,52.97,100.00025938096157,8.000014766972521,0.0,16.000000072337723,1288.178435507984,398.4740077483593,440.8500077483593,-398.4740077483593,6.352396822933704e-08,1.0031271883114988e-06
108,2023-01-06T11:00:00Z,100.00025938096157,8.000014766972521,0.0,16.000000072337723,0.0005556386410912077,1.4921020709950712e-05,4.007193911265801e-06,5.36939368447955e-06,3.866394421601978e-06,2.3285654261538913e-06,0.0,0.0,6.013912414976287e-08,253.255,359.5563885119036,0.1402,6.15,582.42,100.00077725132711,8.000014522924777,0.0,16.737657798628863,106.30193406228409,1.959623582663496e-05,465.9360195962357,-1.959623582663496e-05,7.814809607929104e-08,3.221958406528383e-07
109,2023-01-06T12:00:00Z,100.00077725132711,8.000014522924777,0.0,16.737657798628863,499.9999147340013,1.1779730613429179e-05,4.154653419380799e-06,5.138456310219125e-06,4.502441360976903e-06,2.42105229540081e-06,0.0,0.0,2.0777141604404214e-08,264.965,359.5563885119036,0.135,6.48,610.12,580.0006831254157,8.00001429561041,0.0,17.61666590351266,594.5912974058651,2.175230595301935e-05,488.096021752306,-2.175230595301935e-05,8.102384406233182e-08,3.0833821243439094e-07
110,2023-01-06T13:00:00Z,580.0006831254157,8.00001429561041,0.0,17.61666590351266,1.8064561122238194e-05,6.23346973764608e-05,3.1542125097813157e-06,9.363792124358042e-06,5.0714778280564404e-06,2.136611453346018e-06,0.0,0.0,8.280538277617101e-09,225.445,359.5563885119036,0.158,6.91,520.45,580.0006355354179,8.000013795239989,0.0,16.929382975822254,134.11134524027696,2.642007222406073e-05,416.36002642007224,-2.642007222406073e-05,6.151329527026268e-08,5.618837158330658e-07
111,2023-01-06T14:00:00Z,580.0006355354179,8.000013795239989,0.0,16.929382975822254,1.3194304550571678e-05,379.93081409528736,2.9043845415829e-06,2.2809561297812745e-05,28.732528303782196,2.3276903685186632e-06,0.0,0.0,3.216561546856381e-09,145.53,497.2294449896945,0.1704,7.03,342.53,184.2393835193593,8.000012483170602,0.0,16.000000123465004,0.5011548150074564,100.56386733434407,374.5878673343441,-100.56386733434407,5.664116267713427e-08,1.368710548923657e-06
112,2023-01-06T15:00:00Z,184.2393835193593,8.000012483170602,0.0,16.000000123465004,0.0003287087050764547,1.3738361383942292e-05,3.536100960779556e-06,7.92298185121631e-06,83.61371577714604,2.589832416828432e-06,0.0,0.0,3.4552658101089065e-09,52.445,981.9478415046802,0.1401,6.72,140.19,184.23968476892307,8.000012076705014,0.0,16.000000169956657,1013.1168704551213,292.6480133300326,404.8000133300326,-292.6480133300326,6.896086482168352e-08,4.754264537183505e-07
113,2023-01-06T16:00:00Z,184.23968476892307,8.000012076705014,0.0,16.000000169956657,1.8821605787951044e-05,4.196532262299822e-05,2.9291088184799437e-06,1.5821962389010934e-05,122.45714191145149,2.3055646029121424e-06,0.0,0.0,2.8441043090095535e-09,0.0,1317.781942559518,0.15593,6.04,0.0,184.23965912378688,8.000011184415664,0.0,16.000000141909325,1440.239050739964,428.6000100479628,428.6000100479628,-428.6000100479628,5.7123334293788284e-08,9.49412684609117e-07
114,2023-01-06T17:00:00Z,184.23965912378688,8.000011184415664,0.0,16.000000141909325,1.255788016558287e-05,80.87003040579513,2.6556010776024437e-06,3.248116926256779e-05,125.15713829546183,2.153146293503069e-06,0.0,0.0,2.575462879447253e-09,0.0,1317.781942559518,0.1635,5.77,0.0,100.00005617331523,8.000009287140001,0.0,16.00000011802263,1362.069035334643,438.05000890254973,438.05000890254973,-438.05000890254973,5.1789399953242984e-08,1.9490650622602934e-06
115,2023-01-06T18:00:00Z,100.00005617331523,8.000009287140001,0.0,16.00000011802263,2.306587748351969e-05,2.787537920861673e-05,3.040534701051041e-06,1.0181732411427925e-05,127.85714324176,2.3138008913868943e-06,0.0,0.0,2.694828733935081e-09,0.0,1317.781942559518,0.14674,5.5,0.0,100.00004927970427,8.000008735471317,0.0,16.000000135469254,1445.6390761643795,447.5000107640356,447.5000107640356,-447.5000107640356,5.929635630612592e-08,6.109650411897944e-07
116,2023-01-06T19:00:00Z,100.00004927970427,8.000008735471317,0.0,16.000000135469254,2.5186018920605072e-05,2.5315456962667068e-05,3.217755829287641e-06,7.741703737303152e-06,131.45714371959642,2.3696219726544734e-06,0.0,0.0,2.6617165089704175e-09,0.0,1317.781942559518,0.13939,5.14,0.0,100.00004708801475,8.000008333675153,0.0,16.000000140144483,1449.2390839953507,460.10001078370584,460.10001078370584,-460.10001078370584,6.275251392250125e-08,4.6454867910609976e-07
117,2023-01-06T20:00:00Z,100.00004708801475,8.000008333675153,0.0,16.000000140144483,2.80417110144888e-05,2.3002165428158278e-05,3.418634941690458e-06,6.319822917477547e-06,127.45714415915191,2.4344636331616688e-06,0.0,0.0,2.8508617191935494e-09,0.0,1317.781942559518,0.13184,5.54,0.0,100.00005004746833,8.000008021117903,0.0,16.000000149493147,1445.2390912914911,446.1000113910267,446.1000113910267,-446.1000113910267,6.667004836780071e-08,3.7922729777843067e-07
118,2023-01-06T21:00:00Z,100.00005004746833,8.000008021117903,0.0,16.000000149493147,1.981332622264695e-05,3.4018178719573e-05,3.3540459183753626e-06,6.210753307770893e-06,121.35714400369898,2.3879180108247826e-06,0.0,0.0,2.983590754582534e-09,0.0,120.0,0.12994,6.15,0.0,100.00003363265867,8.000007713845873,0.0,16.00000014259008,241.35712933005712,424.75001072451255,424.75001072451255,-424.75001072451255,6.541043645196477e-08,3.726824667129249e-07
119,2023-01-06T22:00:00Z,100.00003363265867,8.000007713845873,0.0,16.00000014259008,1.977771025188374e-05,3.371449781431613e-05,3.5587415122515905e-06,5.217866191028705e-06,114.55714418737173,2.4428725851981108e-06,0.0,0.0,3.2985877583595675e-09,0.0,120.0,0.12131,6.83,0.0,100.00001749999196,8.000007470144991,0.0,16.000000136974947,234.55713103433206,400.95001072675126,400.95001072675126,-400.95001072675126,6.940239972887891e-08,3.1310328178990127e-07
120,2023-01-06T23:00:00Z,100.00001749999196,8.000007470144991,0.0,16.000000136974947,5.952443411346929e-05,1.615803641875729e-05,4.915798643697657e-06,3.393337087956639e-06,107.45714553319522,2.833610889725001e-06,0.0,0.0,4.1760425416058315e-09,0.0,120.0,0.09728,7.54,0.0,100.00005781216076,8.000007362392065,0.0,16.00000018509686,227.45719325566532,376.100014546794,376.100014546794,-376.100014546794,9.586766031813613e-08,2.0362058733613198e-07
121,2023-01-07T00:00:00Z,100.00005781216076,8.000007362392065,0.0,16.00000018509686,2.5488151511720613e-05,2.428057604944268e-05,4.510498626248882e-06,3.5031739524960968e-06,101.75714495964779,2.6897492976748323e-06,0.0,0.0,4.2669657913967005e-09,0.0,120.0,0.09816,8.11,0.0,100.0000569885195,8.000007240144127,0.0,16.00000017188215,221.75714986429722,356.15001247384083,356.15001247384083,-356.15001247384083,8.79635195638096e-08,2.1021145829559538e-07
122,2023-01-07T01:00:00Z,100.0000569885195,8.000007240144127,0.0,16.00000017188215,2.168158591140342e-05,2.7381091443821923e-05,4.4425521304450415e-06,3.3861134079451157e-06,98.65714488228598,2.63475788176409e-06,0.0,0.0,4.3606512260610835e-09,0.0,120.0,0.0949599999999999,8.42,0.0,100.00004928087172,8.000007123595434,0.0,16.000000161853517,218.65714287397702,345.3000120666906,345.3000120666906,-345.3000120666906,8.663843038671699e-08,2.0318712318902586e-07
123,2023-01-07T02:00:00Z,100.00004928087172,8.000007123595434,0.0,16.000000161853517,4.97753107639679e-05,1.54216850105473e-05,5.1252581469821655e-06,2.926967373574003e-06,105.05714531914285,2.77985777346102e-06,0.0,0.0,4.223201801639362e-09,0.0,120.0,0.08386,7.78,0.0,100.00008100091483,8.000007047912357,0.0,16.000000176363113,225.05718465091715,367.7000134179363,367.7000134179363,-367.7000134179363,9.995252911906415e-08,1.756356059750377e-07
124,2023-01-07T03:00:00Z,100.00008100091483,8.000007047912357,0.0,16.000000176363113,0.0025456354920872465,1.1391278985787193e-05,5.702062295056552e-06,2.6051026880789823e-06,112.85714541129575,2.848133458011765e-06,0.0,0.0,3.93072955309093e-09,0.0,120.0,0.0766599999999999,7.0,0.0,100.00251294507163,8.000007002791898,0.0,16.0000001823584,232.85968560060192,395.00001358275915,395.00001358275915,-395.00001358275915,1.1120133488709149e-07,1.5632179346408536e-07
125,2023-01-07T04:00:00Z,100.00251294507163,8.000007002791898,0.0,16.0000001823584,499.99996846609304,7.7212442168346e-06,6.300222835115877e-06,2.409979191883296e-06,118.25714583461381,2.9253287458004937e-06,0.0,0.0,3.795635934579622e-09,0.0,120.0,0.06988,6.46,0.0,580.0024746295583,8.000006981045317,0.0,16.000000207067508,738.257113395035,413.90001500420925,413.90001500420925,-413.90001500420925,1.228666319479544e-07,1.4461321283428118e-07
126,2023-01-07T05:00:00Z,580.0024746295583,8.000006981045317,0.0,16.000000207067508,333.3307364501366,1.0068327001647322e-05,4.942744750896698e-06,2.6283174298394625e-06,121.55714533558206,2.612630561280496e-06,0.0,0.0,3.2627671559980022e-09,0.0,1316.806863713619,0.0764899999999999,6.13,0.0,899.9999711338487,8.000006919723662,0.0,16.000000196550463,1771.6947403580687,425.45001310086366,425.45001310086366,-425.45001310086366,9.639316195868148e-08,1.5771481727209497e-07
127,2023-01-07T06:00:00Z,899.9999711338487,8.000006919723662,0.0,16.000000196550463,2.0659248596427037e-05,1.8442439316558606e-05,3.4101870868678004e-06,3.2528144242146668e-06,124.65714444800986,2.134536499924063e-06,0.0,0.0,2.5663977333855102e-09,0.0,1316.806863713619,0.09253,5.82,0.0,899.9999717558532,8.000006791040576,0.0,16.00000015811005,1441.464012670347,436.3000099581958,436.3000099581958,-436.3000099581958,6.650529872379449e-08,1.9518838429130914e-07
128,2023-01-07T07:00:00Z,899.9999717558532,8.000006791040576,0.0,16.00000015811005,8.70328508020715e-06,267.9999759334744,2.441171744429679e-06,4.906279716528036e-06,126.25714350495844,1.7405551822158822e-06,0.0,0.0,2.0446295185346654e-09,0.0,1316.806863713619,0.10994,5.66,0.0,620.8333385136377,8.000006544241963,0.0,16.000000116248934,1175.0640392638356,441.90000742489997,441.90000742489997,-441.90000742489997,4.760760977735648e-08,2.944062236140436e-07
129,2023-01-07T08:00:00Z,620.8333385136377,8.000006544241963,0.0,16.000000116248934,7.146519638661767e-06,499.9999403778826,2.199833576156235e-06,6.053834435011081e-06,129.25714321621646,1.6241360541756685e-06,0.0,0.0,1.8426041693178293e-09,0.0,1316.806863713619,0.11287,5.36,0.0,100.00007414733545,8.000006223876614,0.0,16.00000010035452,946.0640714686076,452.4000071023364,452.4000071023364,-452.4000071023364,4.290104483953054e-08,3.6326639273993885e-07
130,2023-01-07T09:00:00Z,100.00007414733545,8.000006223876614,0.0,16.00000010035452,1.2793048835105597e-05,2.5494296384146613e-05,2.4901425150206298e-06,4.535381689228986e-06,65.21942952911375,1.7542439388082655e-06,0.0,0.0,2.0347441902778473e-09,114.155,665.0497818724563,0.10069,5.54,272.29,100.0000598721036,8.000006000289133,0.0,16.000000109207182,616.1141984093273,228.26800826336682,446.1000082633668,-228.26800826336682,4.856263530643293e-08,2.721501163653757e-07
131,2023-01-07T10:00:00Z,100.0000598721036,8.000006000289133,0.0,16.000000109207182,4.6480825951999404e-05,1.048984195394113e-05,2.9224406710293395e-06,3.752214754181815e-06,94.88400150710558,1.951540773107856e-06,0.0,0.0,2.4605957956697395e-09,41.43,1052.1449938719893,0.08832,6.27,110.57,100.00009356677782,8.000005832127025,0.0,16.00000013110941,1105.5990324918453,332.0940098334452,420.5500098334452,-332.0940098334452,5.699329241431356e-08,2.25155400790988e-07
132,2023-01-07T11:00:00Z,100.00009356677782,8.000005832127025,0.0,16.00000013110941,3.456905765729644e-05,1.1685620880231973e-05,2.9592189557473094e-06,3.852502807909422e-06,11.505715544804675,1.9835979575280823e-06,0.0,0.0,2.859978956362757e-09,184.53,359.36137274272374,0.0879,7.39,426.35,100.00011458055143,8.00000565866428,0.0,16.000000123114493,186.3371122612793,40.27000906733031,381.35000906733035,-40.27000906733031,5.7710540691141654e-08,2.3117328580314563e-07
133,2023-01-07T12:00:00Z,100.00011458055143,8.00000565866428,0.0,16.000000123114493,499.9999758406871,6.181236295047002e-06,3.850868965299905e-06,2.990421461261291e-06,46.953716740929245,2.30051005440407e-06,0.0,0.0,3.75963681303491e-09,95.175,765.9406004835142,0.07429,8.33,230.14,580.0000849488232,8.000005554320502,0.0,16.000000174835606,1217.7192900448517,164.33801296405235,348.45001296405235,-164.33801296405235,7.509945476882504e-08,1.7944323199887736e-07
134,2023-01-07T13:00:00Z,580.0000849488232,8.000005554320502,0.0,16.000000174835606,2.0712382682640833e-05,1.6081257038857152e-05,2.87234757099566e-06,4.638273371602787e-06,86.55142958605127,2.0035783757736737e-06,0.0,0.0,3.6613330398717255e-09,5.155,1260.1978990599646,0.09,9.09,23.65,580.0000880814011,8.000005332012647,0.0,16.000000131891813,1341.594333514794,302.9300087815134,321.8500087815134,-302.9300087815134,5.6016379272342614e-08,2.783242347196392e-07
135,2023-01-07T14:00:00Z,580.0000880814011,8.000005332012647,0.0,16.000000131891813,3.2952847181685886e-05,1.2636174566365788e-05,3.03945910277155e-06,4.40738209550629e-06,80.69428730465535,2.0857182604387935e-06,0.0,0.0,3.822321815217787e-09,14.475,1200.9559593061404,0.0869,9.11,48.4,580.0001065534526,8.000005126818653,0.0,16.000000146810308,1267.175267645264,282.4300107163223,321.1500107163223,-282.4300107163223,5.927538004204944e-08,2.6446937266764416e-07
136,2023-01-07T15:00:00Z,580.0001065534526,8.000005126818653,0.0,16.000000146810308,1.4016155630103091e-05,2.7169320904194538e-05,2.7245333562663103e-06,5.667164119955589e-06,89.32285814555854,1.971107821584139e-06,0.0,0.0,3.483507485732315e-09,4.244999999999999,1266.1819333785327,0.09431,8.87,21.15,580.0000917075861,8.000004839888513,0.0,16.000000134667456,1351.259777399403,312.6300094278666,329.5500094278666,-312.6300094278666,5.313371381857491e-08,3.4006385358269365e-07
137,2023-01-07T16:00:00Z,580.0000917075861,8.000004839888513,0.0,16.000000134667456,1.0755436876938281e-05,6.932458514068351e-05,2.58527991949989e-06,6.824574087137686e-06,100.55714359047343,1.9222931427311573e-06,0.0,0.0,3.0971384768559466e-09,0.0,1316.806863713619,0.0983199999999999,8.23,0.0,580.0000298196959,8.000004480791116,0.0,16.000000129663544,1417.3639464179432,351.9500092469291,351.9500092469291,-351.9500092469291,5.041800023027089e-08,4.0951539676793797e-07
138,2023-01-07T17:00:00Z,580.0000298196959,8.000004480791116,0.0,16.000000129663544,8.982574908647452e-06,460.7999469992578,2.5147581535225738e-06,8.129906088167474e-06,105.15714323711366,1.907371444259602e-06,0.0,0.0,2.8873035229927772e-09,0.0,1316.806863713619,0.10096,7.77,0.0,100.00009365207421,8.000004041990655,0.0,16.000000122828986,961.1640652262729,368.05000890912976,368.05000890912976,-368.05000890912976,4.9042688262516446e-08,4.87843149605009e-07
139,2023-01-07T18:00:00Z,100.00009365207421,8.000004041990655,0.0,16.000000122828986,1.1390253440613984e-05,6.386985871012156e-05,2.71942889850393e-06,7.013468424572906e-06,107.95714364899024,2.023423676494026e-06,0.0,0.0,2.955226277657209e-09,0.0,1316.806863713619,0.096,7.49,0.0,100.0000380556147,8.000003674174632,0.0,16.00000012919209,1424.763952612388,377.85000968408315,377.85000968408315,-377.85000968408315,5.3034166937520395e-08,4.208501904934237e-07
140,2023-01-07T19:00:00Z,100.0000380556147,8.000003674174632,0.0,16.00000012919209,1.3301397990945181e-05,3.991213550771911e-05,3.0139202730616486e-06,5.898246549082629e-06,115.05714382185279,2.175594918448874e-06,0.0,0.0,2.915531694341657e-09,0.0,1316.806863713619,0.0891,6.78,0.0,100.00000924981562,8.00000337902177,0.0,16.000000124913868,1431.863980216003,402.7000096590963,402.7000096590963,-402.7000096590963,5.877732305700785e-08,3.539301859635541e-07
141,2023-01-07T20:00:00Z,100.00000924981562,8.00000337902177,0.0,16.000000124913868,2.6320607489036562e-05,1.9054277889253052e-05,5.388963659178158e-06,2.916889198227239e-06,116.35714565151729,2.8966658789956883e-06,0.0,0.0,3.839371990102586e-09,0.0,1316.806863713619,0.06298,6.65,0.0,100.00001466939267,8.000003309086216,0.0,16.00000018112081,1433.1640220002064,407.25001468983214,407.25001468983214,-407.25001468983214,1.050953008840625e-07,1.7503085497913226e-07
142,2023-01-07T21:00:00Z,100.00001466939267,8.000003309086216,0.0,16.00000018112081,2.5066693264219584e-05,2.3200970015553912e-05,7.943937539387755e-06,2.5535110339766598e-06,110.65714616093895,3.450073425237671e-06,0.0,0.0,4.895889539992768e-09,0.0,120.0,0.0512,7.22,0.0,100.00001456574111,8.000003310782505,0.0,16.000000213895248,230.65715686716212,387.30001676631673,387.30001676631673,-387.30001676631673,1.5492227424548577e-07,1.532259846370633e-07
143,2023-01-07T22:00:00Z,100.00001456574111,8.000003310782505,0.0,16.000000213895248,2.494614248202068e-05,2.8544847539477358e-05,1.520114630058179e-05,2.2794040114227283e-06,103.0571466730269,4.283415936677233e-06,0.0,0.0,6.68757679898649e-09,0.0,120.0,0.03879,7.98,0.0,100.00000877982171,8.000003470456585,0.0,16.000000231421545,223.05716027948006,360.7000191917588,360.7000191917588,-360.7000191917588,2.96451998061151e-07,1.3677791847721143e-07
144,2023-01-07T23:00:00Z,100.00000877982171,8.000003470456585,0.0,16.000000231421545,8.663786842444094e-05,1.8920468420937247e-05,249.99998384586462,1.721695529539495e-06,95.05715290523624,7.792490117974654e-06,0.0,0.0,1.3555852219671908e-08,0.0,120.0,0.01155,8.78,0.0,100.00007224335413,12.875490600862255,0.0,16.000000525397773,465.05721053929545,332.700044088079,332.700044088079,-332.700044088079,4.875487233717733,1.0331206297866756e-07
145,2023-01-08T00:00:00Z,100.00007224335413,12.875490600862255,0.0,16.000000525397773,8.254003090370544e-05,2.0646010394195516e-05,249.99998594736786,1.7445570979669185e-06,87.2571529422161,8.69916424103772e-06,0.0,0.0,1.699488078676891e-08,0.0,120.0,0.00907,9.56,0.0,100.00012997552297,17.750977770879505,0.0,16.000000612313382,457.25720773821166,305.40004513111893,305.40004513111893,-305.40004513111893,4.875487274701143,1.0468389426744186e-07
146,2023-01-08T01:00:00Z,100.00012997552297,17.750977770879505,0.0,16.000000612313382,6.205063144541782e-05,2.688426875672061e-05,249.99998546290573,1.8030686681380852e-06,80.25715190793942,8.976924139136767e-06,0.0,0.0,1.9705217648912444e-08,0.0,120.0,0.0091,10.26,0.0,100.00016153968254,22.626464927937754,0.0,16.000000572454226,450.2571797110634,280.90004182709094,280.90004182709094,-280.90004182709094,4.875487265253187,1.0819493958224334e-07
147,2023-01-08T02:00:00Z,100.00016153968254,22.626464927937754,0.0,16.000000572454226,333.3332186684178,1.6869918190597977e-05,249.99998908871515,1.755274820654186e-06,74.9571562693594,1.1102211399423191e-05,0.0,0.0,2.685467647299408e-08,0.0,120.0,0.00346,10.79,0.0,420.00003388853224,27.501952158574273,0.0,16.000000772051205,778.2903565035107,262.3500591626396,262.3500591626396,-262.3500591626396,4.875487335963542,1.0532702194144531e-07
148,2023-01-08T03:00:00Z,420.00003388853224,27.501952158574273,0.0,16.000000772051205,499.9996455857554,1.6017907490045982e-05,249.99998921397028,1.7795621120961351e-06,72.15715672400493,1.1597006304860462e-05,0.0,0.0,2.9653650840185304e-08,0.0,120.0,0.0028,11.07,0.0,899.9996769655371,32.37743939019613,0.0,16.000000861611504,942.1567853232673,252.550061260747,252.550061260747,-252.550061260747,4.875487338406261,1.0678440516628474e-07
149,2023-01-08T04:00:00Z,899.9996769655371,32.37743939019613,0.0,16.000000861611504,0.0002689548874811255,2.0909950872632795e-05,249.99998766926495,1.8601562051052215e-06,70.85715551835123,1.0942594135733892e-05,0.0,0.0,2.875252074562787e-08,0.0,120.0,0.00508,11.2,0.0,899.9999133810303,37.25292658685709,0.0,16.000000838160986,440.85740031499074,248.00005644950687,248.00005644950687,-248.00005644950687,4.875487308281495,1.1162053435974927e-07
150,2023-01-08T05:00:00Z,899.9999133810303,37.25292658685709,0.0,16.000000838160986,8.154831416476064e-05,2.6752185541358472e-05,249.99998396614677,2.002098615588007e-06,70.65715477623554,9.989038321434075e-06,0.0,0.0,2.637028119931729e-08,0.0,1315.6551801150476,0.00902,11.22,0.0,899.999963800552,42.12841370278263,0.0,16.000000810611382,1636.3123816404984,247.3000530074414,247.3000530074414,-247.3000530074414,4.875487236063468,1.2013793072835325e-07
151,2023-01-08T06:00:00Z,899.999963800552,42.12841370278263,0.0,16.000000810611382,6.0191881700516214e-05,2.873459381565506e-05,249.99996725624518,2.2774712629038574e-06,70.95716030244455,8.584071243102468e-06,0.0,0.0,2.2538481688414382e-08,0.0,1315.6551801150476,0.01647,11.19,0.0,899.9999916528899,47.00390047630849,0.0,16.00000118847872,1636.6123454376252,248.35007115101632,248.35007115101632,-248.35007115101632,4.8754869101878,1.366619419684283e-07
152,2023-01-08T07:00:00Z,899.9999916528899,47.00390047630849,0.0,16.00000118847872,3.537478691290432e-05,3.322804555803326e-05,1.0856510043926528e-05,3.860812494802531e-06,71.95714470580273,5.000469271225565e-06,0.0,0.0,1.2914641854125928e-08,0.0,1315.6551801150476,0.05023,11.09,0.0,899.9999910001379,47.00390045635969,0.0,16.00000046927409,1387.6123389637582,251.85001412334287,251.85001412334287,-251.85001412334287,2.1172311816838414e-07,2.3167191687983985e-07
153,2023-01-08T08:00:00Z,899.9999910001379,47.00390045635969,0.0,16.00000046927409,2.5211767757736817e-05,4.1840532413328234e-05,5.3248862416724756e-06,6.8186907355903e-06,73.45714441179362,3.6485150999840567e-06,0.0,0.0,9.171191622859073e-09,0.0,1315.6551801150476,0.08302,10.94,0.0,899.999971619547,47.00390015104299,0.0,16.00000025650785,1389.112310052787,257.10001382639115,257.10001382639115,-257.10001382639115,1.038456662792412e-07,4.0916236037145516e-07
154,2023-01-08T09:00:00Z,899.999971619547,47.00390015104299,0.0,16.00000025650785,2.407640098252109e-05,4.4812210082717014e-05,4.728150578744721e-06,8.783664967183273e-06,41.42171630395829,3.4409137610533578e-06,0.0,0.0,8.483744663221308e-09,55.364999999999995,970.0390937509918,0.0938799999999999,10.84,144.53,899.9999480535064,47.003899716178545,0.0,16.000000236554257,956.0957887045405,144.97601661892412,260.6000166189241,-144.97601661892412,9.220815710123218e-08,5.270726052915256e-07
155,2023-01-08T10:00:00Z,899.9999480535064,47.003899716178545,0.0,16.000000236554257,1.8334555532530836e-05,0.00010795154129229157,4.323487066445072e-06,1.0611919517473982e-05,53.258858333583724,3.251685255926864e-06,0.0,0.0,7.944081640208407e-09,33.765,1088.6480876184046,0.10387,10.79,94.93,899.9998532051576,47.00389916371613,0.0,16.000000205352872,1108.141853298255,186.4060148150551,262.3500148150551,-186.4060148150551,8.431642943862277e-08,6.367788489333323e-07
156,2023-01-08T11:00:00Z,899.9998532051576,47.00389916371613,0.0,16.000000205352872,2.481210437877708e-05,4.446920708864417e-05,5.100674751153599e-06,5.870825516259043e-06,69.63257394799085,3.38930219882464e-06,0.0,0.0,8.442400875268237e-09,3.54,1270.411588099494,0.10169,10.89,18.92,899.9998307026871,47.003898910904475,0.0,16.000000213725478,1336.5041450095337,243.71401628295501,258.85001628295504,-243.71401628295501,9.947310495799098e-08,3.5228475945148776e-07
157,2023-01-08T12:00:00Z,899.9998307026871,47.003898910904475,0.0,16.000000213725478,3.850251140800754e-05,2.7653007528943317e-05,5.891723433220991e-06,4.475270597016235e-06,62.6645745416958,3.5218904429112935e-06,0.0,0.0,8.663385119640136e-09,15.76,1191.2353020722758,0.099,10.83,52.03,899.9998388598818,47.00389875726148,0.0,16.000000233014386,1238.139892401819,219.32601751529626,260.9500175152963,-219.32601751529626,1.149000969575051e-07,2.6854309012998714e-07
158,2023-01-08T13:00:00Z,899.9998388598818,47.00389875726148,0.0,16.000000233014386,2.785626928628238e-05,3.869644836082777e-05,5.458319994829622e-06,4.994413380265029e-06,48.33485974741871,3.430295231505087e-06,0.0,0.0,8.227886974893872e-09,44.865,1027.7174996397418,0.10429,10.7,120.41,899.9998252930999,47.00389856401459,0.0,16.0000002174499,1031.1873524411833,169.17201600804714,265.50001600804717,-169.17201600804714,1.064478846876464e-07,2.9969477229313106e-07
159,2023-01-08T14:00:00Z,899.9998252930999,47.00389856401459,0.0,16.0000002174499,3.550381683369447e-05,3.374758465022924e-05,5.621890086659826e-06,4.9730187203467564e-06,63.49314577509582,3.5046554784411887e-06,0.0,0.0,8.259446558016218e-09,18.23,1176.8874399108952,0.10333,10.61,58.03,899.99982422303,47.00389837524145,0.0,16.000000229076058,1222.15059159575,222.2260171635574,268.6500171635574,-222.2260171635574,1.096378204719138e-07,2.984109643172371e-07
160,2023-01-08T15:00:00Z,899.99982422303,47.00389837524145,0.0,16.000000229076058,2.7711702514752188e-05,4.050419689030336e-05,5.2649075121373976e-06,5.577691063513865e-06,75.49657412971867,3.4281649283116055e-06,0.0,0.0,7.754626525889948e-09,2.375,1279.4507412611642,0.10843,10.39,15.14,899.9998086343927,47.00389814322248,0.0,16.000000229683746,1352.57230571377,264.23801675228236,276.3500167522824,-264.23801675228236,1.0267596408308757e-07,3.346949333041623e-07
161,2023-01-08T16:00:00Z,899.9998086343927,47.00389814322248,0.0,16.000000229683746,1.61818515191254e-05,267.999798971017,4.6204439133753375e-06,7.150300276807424e-06,82.55714478040564,3.2376451384765642e-06,0.0,0.0,6.8714296791156e-09,0.0,1315.6551801150476,0.1187199999999999,10.03,0.0,620.8333669074941,47.00389780426922,0.0,16.000000206372942,1130.2125428140766,288.9500149418986,288.9500149418986,-288.9500149418986,9.010766707752685e-08,4.2906092270071554e-07
162,2023-01-08T17:00:00Z,620.8333669074941,47.00389780426922,0.0,16.000000206372942,1.3627035265584413e-05,499.99991156603284,4.4886159956223145e-06,7.920136219881087e-06,85.45714443313692,3.211205231204898e-06,0.0,0.0,6.488518136029794e-09,0.0,1315.6551801150476,0.12276,9.74,0.0,100.00013877483036,47.00389741655029,0.0,16.000000186536937,901.112426388872,299.10001423916776,299.10001423916776,-299.10001423916776,8.753676559119426e-08,4.752556987627415e-07
163,2023-01-08T18:00:00Z,100.00013877483036,47.00389741655029,0.0,16.000000186536937,3.194253308932857e-05,6.054677532973239e-05,5.5639812249646995e-06,5.852991106607461e-06,87.55714570271289,3.622034540798624e-06,0.0,0.0,7.066696627097441e-09,0.0,1315.6551801150476,0.10944,9.53,0.0,100.00010637010449,47.00389717384419,0.0,16.00000022180806,1403.2123005465428,306.45001764240305,306.45001764240305,-306.45001764240305,1.0850848473528518e-07,3.512145878552332e-07
164,2023-01-08T19:00:00Z,100.00010637010449,47.00389717384419,0.0,16.00000022180806,3.1059066048856375e-05,4.3500728159852754e-05,6.219356236486091e-06,5.319706403982604e-06,87.75714593600716,3.851359034397814e-06,0.0,0.0,7.487605852811296e-09,0.0,1315.6551801150476,0.10441,9.51,0.0,100.0000908735494,47.00389697591946,0.0,16.00000023668215,1403.4123183604015,307.15001831266494,307.15001831266494,-307.15001831266494,1.212895755690357e-07,3.192143056695232e-07
165,2023-01-08T20:00:00Z,100.0000908735494,47.00389697591946,0.0,16.00000023668215,3.783693584879369e-05,3.72417578622345e-05,7.482521042988958e-06,4.355057435844257e-06,89.75714658772314,4.117626911958552e-06,0.0,0.0,7.755787040685153e-09,0.0,1315.6551801150476,0.09865,9.31,0.0,100.00008840351003,47.003896860513635,0.0,16.000000263922207,1405.4123345430396,314.1500201820218,314.1500201820218,-314.1500201820218,1.4592375271355604e-07,2.613295791085663e-07
166,2023-01-08T21:00:00Z,100.00008840351003,47.003896860513635,0.0,16.000000263922207,2.5891087005966003e-05,7.641397419232806e-05,7.474234185796764e-06,4.460239064443161e-06,91.25714602600517,4.149596376846038e-06,0.0,0.0,7.638878286417273e-09,0.0,120.0,0.09938,9.16,0.0,100.00003366106378,47.00389673863467,0.0,16.00000023945694,211.25710266670947,319.40001832128587,319.40001832128587,-319.40001832128587,1.4576214283732065e-07,2.676411079773874e-07
167,2023-01-08T22:00:00Z,100.00003366106378,47.00389673863467,0.0,16.00000023945694,5.133115276136659e-05,3.4186586712457136e-05,1.173898521619522e-05,3.5836067659347535e-06,91.05714779165561,4.93300283765526e-06,0.0,0.0,9.103618368226498e-09,0.0,120.0,0.08134,9.18,0.0,100.00004732794261,47.00389675252987,0.0,16.00000030867479,211.05717802460293,318.70002466299223,318.70002466299223,-318.70002466299223,2.2893310502630944e-07,2.1503790974705994e-07
168,2023-01-08T23:00:00Z,100.00004732794261,47.00389675252987,0.0,16.00000030867479,4.298578929552399e-05,4.304904539291491e-05,1.4618230469906248e-05,3.376192274936121e-06,89.45714780054413,5.295665872674085e-06,0.0,0.0,1.0011727455241293e-08,0.0,120.0,0.07513,9.34,0.0,100.00004375154472,47.003896835022076,0.0,16.00000032244271,209.45716427499212,313.1000249079483,313.1000249079483,-313.1000249079483,2.850840025634282e-07,2.0259179567573484e-07
169,2023-01-09T00:00:00Z,100.00004375154472,47.003896835022076,0.0,16.00000032244271,5.702267693837641e-05,3.744298907136398e-05,2.4797902551477603e-05,3.0589556829259817e-06,87.65714910618394,6.0114559583561186e-06,0.0,0.0,1.16830664542437e-08,0.0,120.0,0.0643799999999999,9.52,0.0,100.00005949020097,47.00389713507384,0.0,16.000000385800995,207.6571964362746,306.8000299642541,306.8000299642541,-306.8000299642541,4.836074604998632e-07,1.8355569654521344e-07
170,2023-01-09T01:00:00Z,100.00005949020097,47.00389713507384,0.0,16.000000385800995,4.3994462656113296e-05,5.157619183964054e-05,3.3792362780954573e-05,2.9739769018904004e-06,85.75714855052578,6.374441092467765e-06,0.0,0.0,1.2767762878846553e-08,0.0,120.0,0.06028,9.71,0.0,100.00004799968528,47.00389761563436,0.0,16.000000363492447,205.75717816162356,300.1500283193207,300.1500283193207,-300.1500283193207,6.590169759262068e-07,1.7845645975939997e-07
171,2023-01-09T02:00:00Z,100.00004799968528,47.00389761563436,0.0,16.000000363492447,499.9998913738601,1.9149483861443367e-05,249.99995565048883,2.499339067071916e-06,83.05715359155819,8.5837703815964e-06,0.0,0.0,1.7957442498566334e-08,0.0,120.0,0.0394099999999999,9.98,0.0,579.999923771212,51.879384149511935,0.0,16.000000604834387,953.0569875508546,290.7000478179237,290.7000478179237,-290.7000478179237,4.875486683852918,1.499753415584708e-07
172,2023-01-09T03:00:00Z,579.999923771212,51.879384149511935,0.0,16.000000604834387,333.3334169241666,2.4145118291718482e-05,249.9999237918779,2.6149370404938476e-06,79.55715405508292,8.239700457381078e-06,0.0,0.0,1.8319796520541192e-08,0.0,120.0,0.04312,10.33,0.0,899.9999788672471,56.7548700551479,0.0,16.000000734446818,782.8904762507726,278.45004918054957,278.45004918054957,-278.45004918054957,4.875486062547875,1.5691191362099297e-07
173,2023-01-09T04:00:00Z,899.9999788672471,56.7548700551479,0.0,16.000000734446818,5.479709546305413e-05,4.0749266294473145e-05,2.017828948195725e-05,3.3805084857787577e-06,76.75714903870364,6.023572210131479e-06,0.0,0.0,1.412446085581634e-08,0.0,120.0,0.0690699999999999,10.61,0.0,899.9999890253064,56.7548702458131,0.0,16.000000538029134,196.75718590788603,268.65002996515517,268.65002996515517,-268.65002996515517,3.935159964978162e-07,2.028507942261481e-07
174,2023-01-09T05:00:00Z,899.9999890253064,56.7548702458131,0.0,16.000000538029134,4.3282098680550896e-05,3.7745955866695344e-05,7.125347548950908e-06,5.515262978403205e-06,75.95714637446356,4.297938144138541e-06,0.0,0.0,1.0262547378391014e-08,0.0,1314.32723256551,0.1071299999999999,10.69,0.0,899.9999912574172,56.7548700538224,0.0,16.000000371397842,1390.284390384139,265.8500204262653,265.8500204262653,-265.8500204262653,1.389581730218449e-07,3.309488735915515e-07
175,2023-01-09T06:00:00Z,899.9999912574172,56.7548700538224,0.0,16.000000371397842,2.445926872299704e-05,5.7456711595301455e-05,3.752376249539717e-06,3.4567568442404295e-05,76.15713817960312,3.0562912904446637e-06,0.0,0.0,7.299505038770654e-09,0.0,1314.32723256551,0.16,10.67,0.0,899.999954887574,56.754868052739525,0.0,16.000000193572887,1390.4843099887692,266.55001085163724,266.55001085163724,-266.55001085163724,7.317865473149764e-08,2.0742615326975274e-06
176,2023-01-09T07:00:00Z,899.999954887574,56.754868052739525,0.0,16.000000193572887,1.437725952842737e-05,499.99985049039753,3.1439725363950314e-06,199.9999637722331,28.957152605602737,2.7400438878231035e-06,0.0,0.0,7.61770653106666e-09,0.0,1314.32723256551,0.18,11.39,0.0,379.166791095579,44.753670167924525,0.0,16.000000151917476,643.2845911697578,241.35001147281616,241.35001147281616,-241.35001147281616,6.131359581928505e-08,12.001197946128599
177,2023-01-09T08:00:00Z,379.166791095579,44.753670167924525,0.0,16.000000151917476,1.641525727228587e-05,268.0000198204743,3.2937661070794446e-06,199.99987606143264,27.45717036086145,2.8155304965704242e-06,0.0,0.0,8.094305712214803e-09,0.0,1314.32723256551,0.1771599999999999,11.54,0.0,100.00011954123198,32.75247754920513,0.0,16.000000147550203,873.7845295690186,236.10001229339312,236.10001229339312,-236.10001229339312,6.42348625743066e-08,12.001192682954255
178,2023-01-09T09:00:00Z,100.00011954123198,32.75247754920513,0.0,16.000000147550203,4.019490829960684e-05,3.0207526962896012e-05,4.027347562933594e-06,1.6674987998256667e-05,20.730857285949032,3.1487272725082903e-06,0.0,0.0,9.310999983881141e-09,79.25,839.6060441653711,0.15913,11.67,198.74,100.00012666217003,32.752476627146926,0.0,16.000000184498916,781.0869019397883,72.5580152905532,231.55001529055318,-72.5580152905532,7.854113159036412e-08,1.000599339829383e-06
179,2023-01-09T10:00:00Z,100.00012666217003,32.752476627146926,0.0,16.000000184498916,3.17491706714911e-05,4.063564368477272e-05,3.989753989499729e-06,1.6933788847716544e-05,59.99657100033308,3.1235937569051062e-06,0.0,0.0,9.869092273173085e-09,2.355,1278.1630039634265,0.16078,11.94,15.14,100.00011481257837,32.75247568882597,0.0,16.000000166158802,1335.8045562568454,209.98801344717577,222.10001344717577,-209.98801344717577,7.780798359360409e-08,1.0161289437573685e-06
180,2023-01-09T11:00:00Z,100.00011481257837,32.75247568882597,0.0,16.000000166158802,333.3329024402424,1.710704011486924e-05,4.883011380622254e-06,8.744870242823281e-06,55.6514307720086,3.4997150970074668e-06,0.0,0.0,1.1740461008309713e-08,5.07,1257.8355544651613,0.141,12.18,23.65,419.9996833353776,32.75247525930952,0.0,16.000000210986617,1641.7498702082285,194.7800172881572,213.7000172881572,-194.7800172881572,9.522824474660862e-08,5.247446890383008e-07
181,2023-01-09T12:00:00Z,419.9996833353776,32.75247525930952,0.0,16.000000210986617,0.0004063155074673201,1.838280110330712e-05,4.824048121463157e-06,8.977475371206077e-06,48.494858926081314,3.4765727517525844e-06,0.0,0.0,1.2463272533569259e-08,12.685,1208.1276550457849,0.14207,12.42,44.46,420.0000542495136,32.75247481468547,0.0,16.00000020488075,1243.9379012277184,169.7320159673244,205.30001596732438,-169.7320159673244,9.40783462031519e-08,5.387023925116158e-07
182,2023-01-09T13:00:00Z,420.0000542495136,32.75247481468547,0.0,16.00000020488075,499.99978604283154,1.5629429363378455e-05,4.9999870533319056e-06,8.328876635260962e-06,51.821145167888155,3.544718787308465e-06,0.0,0.0,1.259451365158057e-08,7.715,1239.7534401641194,0.13897,12.39,31.22,899.9998325699763,32.75247441241239,0.0,16.000000225711105,1783.859355961239,181.37401742709378,206.35001742709377,-181.37401742709378,9.750949848982115e-08,4.99782576373295e-07
183,2023-01-09T14:00:00Z,899.9998325699763,32.75247441241239,0.0,16.000000225711105,5.4174723786719734e-05,2.892136635089053e-05,4.3754646953550815e-06,1.1669816259047546e-05,44.44000105952427,3.2941155913055644e-06,0.0,0.0,1.1559754525687814e-08,21.235,1157.392634206402,0.15123,12.34,65.7,899.9998544512878,32.75247379748348,0.0,16.000000203802173,1180.5976565190479,155.54001513838077,208.10001513838077,-155.54001513838077,8.533009456888098e-08,7.002590014429971e-07
184,2023-01-09T15:00:00Z,899.9998544512878,32.75247379748348,0.0,16.000000203802173,2.7912413075497395e-05,4.562672303859694e-05,3.928730508381045e-06,1.7932624407128965e-05,58.97599960707837,3.090066171970139e-06,0.0,0.0,1.0680862417178998e-08,0.0,1303.0288969454405,0.16204,12.28,4.73,899.9998337193679,32.752472798036315,0.0,16.000000188706153,1362.0048679243814,206.4160142367769,210.2000142367769,-206.4160142367769,7.661790670410079e-08,1.0760650709348314e-06
185,2023-01-09T16:00:00Z,899.9998337193679,32.752472798036315,0.0,16.000000188706153,1.663458221678078e-05,267.9996741204517,3.502767835824349e-06,4.550738352041978e-05,62.05713662206445,2.87185039255353e-06,0.0,0.0,9.424512326123351e-09,0.0,1314.32723256551,0.17427,12.08,0.0,620.8335224797629,32.752470135631036,0.0,16.00000016868214,1108.3846725689398,217.2000128755259,217.2000128755259,-217.2000128755259,6.831080387896271e-08,2.7307160828334703e-06
186,2023-01-09T17:00:00Z,620.8335224797629,32.752470135631036,0.0,16.00000016868214,1.2404759291902124e-05,499.99994567404286,3.2568802595996034e-06,12.499710208919012,63.05720336433293,2.7340566643002704e-06,0.0,0.0,8.226561331532422e-09,0.0,1314.32723256551,0.18218,11.73,0.0,100.00025764453721,32.00241258084958,0.0,16.000000145376458,864.8847984425771,229.45001162812466,229.45001162812466,-229.45001162812466,6.351551661385366e-08,0.7500576182969705
187,2023-01-09T18:00:00Z,100.00025764453721,32.00241258084958,0.0,16.000000145376458,1.8419651766944984e-05,0.0001892259594421604,3.5952652454195898e-06,2.3230214876206752e-05,67.35714115573263,2.8766736527880304e-06,0.0,0.0,8.285897390306993e-09,0.0,1314.32723256551,0.17024,11.55,0.0,100.0000782170285,32.00241125701198,0.0,16.000000157761473,1381.6841861566593,235.75001315412158,235.75001315412158,-235.75001315412158,7.011468375405741e-08,1.3939522878011853e-06
188,2023-01-09T19:00:00Z,100.0000782170285,32.00241125701198,0.0,16.000000157761473,2.26692024919991e-05,6.660526185134248e-05,3.918867023686805e-06,1.2689577676940476e-05,65.25714326307185,2.997330146206693e-06,0.0,0.0,9.06580152961938e-09,0.0,1314.32723256551,0.1605099999999999,11.76,0.0,100.0000305989818,32.00241057198672,0.0,16.000000158860477,1379.5843261191417,228.4000132708127,228.4000132708127,-228.4000132708127,7.642554951684438e-08,7.614508056969983e-07
189,2023-01-09T20:00:00Z,100.0000305989818,32.00241057198672,0.0,16.000000158860477,4.1871462513411494e-05,3.0144781745240608e-05,4.898831366606349e-06,6.94625601080582e-06,65.5571451685506,3.3711632562359594e-06,0.0,0.0,1.0099087461361546e-08,0.0,1314.32723256551,0.13893,11.73,0.0,100.00003939477149,32.00241025070645,0.0,16.00000019656233,1379.88439078448,229.45001628975794,229.45001628975794,-229.45001628975794,9.553676532535634e-08,4.1681704235258447e-07
190,2023-01-09T21:00:00Z,100.00003939477149,32.00241025070645,0.0,16.00000019656233,3.135440020580176e-05,4.2184914745484845e-05,5.294506301564542e-06,5.987375319620845e-06,67.55714507483705,3.4850696133764914e-06,0.0,0.0,9.955846765385247e-09,0.0,120.0,0.132,11.53,0.0,100.00002555237616,32.0024099946812,0.0,16.000000189811924,187.5571370365231,236.4500154033113,236.4500154033113,-236.4500154033113,1.0325319820032861e-07,3.5927844702195293e-07
191,2023-01-09T22:00:00Z,100.00002555237616,32.0024099946812,0.0,16.000000189811924,8.84853350379851e-05,2.381614179072262e-05,7.574620665447307e-06,4.145612661898753e-06,73.65714672848408,4.065015508176142e-06,0.0,0.0,1.0163080754890836e-08,0.0,120.0,0.10831,10.92,0.0,100.00008568981677,32.00240989363944,0.0,16.000000252621724,193.65721889170086,257.80002047598845,257.80002047598845,-257.80002047598845,1.4771987496371888e-07,2.487616358775129e-07
192,2023-01-09T23:00:00Z,100.00008568981677,32.00240989363944,0.0,16.000000252621724,5.8006325260856585e-05,2.7666748751190426e-05,7.741608381126499e-06,3.959067008467884e-06,81.25714622610965,4.051199234943621e-06,0.0,0.0,8.77826061341782e-09,0.0,120.0,0.10601,10.16,0.0,100.00011255635907,32.002409807048124,0.0,16.00000024328409,201.25718439942673,284.4000185734179,284.4000185734179,-284.4000185734179,1.5097646107807454e-07,2.375677772858016e-07
193,2023-01-10T00:00:00Z,100.00011255635907,32.002409807048124,0.0,16.00000024328409,0.0004430471343777798,1.912274158602862e-05,9.152818701590286e-06,3.4499633353792676e-06,86.5571468440328,4.225753260744768e-06,0.0,0.0,8.37098981843242e-09,0.0,120.0,0.09672,9.63,0.0,100.00051796208558,32.002409778527436,0.0,16.00000026787514,206.5575806970342,302.9500205525849,302.9500205525849,-302.9500205525849,1.7849781446245683e-07,2.0701850197295337e-07
194,2023-01-10T01:00:00Z,100.00051796208558,32.002409778527436,0.0,16.00000026787514,333.33127862320316,1.7223406632403836e-05,9.0446073922531e-06,3.349436517399455e-06,92.35714652164516,4.141210866123846e-06,0.0,0.0,7.49887739218326e-09,0.0,120.0,0.09515,9.05,0.0,419.9985274993121,32.00240975392863,0.0,16.00000025840217,545.6884177578235,323.25001927016234,323.25001927016234,-323.25001927016234,1.7638748289722519e-07,2.009862896729346e-07
195,2023-01-10T02:00:00Z,419.9985274993121,32.00240975392863,0.0,16.00000025840217,499.9999261262111,1.3382152541815246e-05,9.794236479983654e-06,3.116086945749482e-06,98.65714695158506,4.1748080365145126e-06,0.0,0.0,6.910466436745601e-09,0.0,120.0,0.09033,8.42,0.0,899.9984426407326,32.002409757951426,0.0,16.00000027854292,718.6570705486012,345.30002064486854,345.30002064486854,-345.30002064486854,1.9100671203088438e-07,1.8698391513648256e-07
196,2023-01-10T03:00:00Z,899.9984426407326,32.002409757951426,0.0,16.00000027854292,0.0015928314610236627,1.680779778468203e-05,8.183699691060588e-06,3.2370365416372195e-06,103.9571464877402,3.8532986389230545e-06,0.0,0.0,5.94499296927221e-09,0.0,120.0,0.09561,7.89,0.0,899.9999542508125,32.00240972330791,0.0,16.000000267725024,223.95873131136523,363.85001878778195,363.85001878778195,-363.85001878778195,1.595981037860601e-07,1.9424161665989916e-07
197,2023-01-10T04:00:00Z,899.9999542508125,32.00240972330791,0.0,16.000000267725024,5.710509354026293e-05,2.14994275919441e-05,5.973653010312001e-06,3.7229492813295957e-06,108.25714594605402,3.3380692011144806e-06,0.0,0.0,4.875908478165508e-09,0.0,120.0,0.1085999999999999,7.46,0.0,899.9999866764651,32.0024096164065,0.0,16.00000025023573,228.2571871404929,378.90001672194205,378.90001672194205,-378.90001672194205,1.1649788348943296e-07,2.233992968094567e-07
198,2023-01-10T05:00:00Z,899.9999866764651,32.0024096164065,0.0,16.00000025023573,2.7443061701240195e-05,2.7351385186685244e-05,3.697149176180761e-06,6.141327854812886e-06,109.55714400102144,2.5922484630433406e-06,0.0,0.0,3.7194598846048365e-09,0.0,1312.8234140260506,0.13813,7.33,0.0,899.9999845307782,32.0024093199916,0.0,16.000000172522952,1422.3805582668183,383.45001086883053,383.45001086883053,-383.45001086883053,7.21016190974346e-08,3.6851652294106727e-07
199,2023-01-10T06:00:00Z,899.9999845307782,32.0024093199916,0.0,16.000000172522952,3.15390481809901e-05,2.0338067866693294e-05,2.9373057948292655e-06,1.0534219043406334e-05,110.65714356872871,2.24290175760129e-06,0.0,0.0,3.170370707115339e-09,0.0,1312.8234140260506,0.156,7.22,0.0,899.9999936227771,32.002408745158434,0.0,16.00000018111105,1423.4805634417485,387.3000120849766,387.3000120849766,-387.3000120849766,5.7283191318302516e-08,6.32116354239804e-07
200,2023-01-10T07:00:00Z,899.9999936227771,32.002408745158434,0.0,16.00000018111105,1.0177966020015302e-05,268.0001555847624,1.7282258982799562e-06,199.9999938241064,70.9571450190618,1.57118850676962e-06,0.0,0.0,2.201866896999825e-09,0.0,1312.8234140260506,0.22,7.19,0.0,620.8331746594969,20.00120902944088,0.0,16.00000008404522,915.780423113624,388.3500047990674,388.3500047990674,-388.3500047990674,3.370377539399855e-08,12.001199749421328
201,2023-01-10T08:00:00Z,620.8331746594969,20.00120902944088,0.0,16.00000008404522,9.168866461886028e-06,499.9998488709988,1.6622835481854335e-06,199.999994368506,70.35714514021952,1.5170404609222915e-06,0.0,0.0,2.1410096439222906e-09,0.0,1312.8234140260506,0.222,7.25,0.0,100.00000755431824,8.000009279770081,0.0,16.000000063667482,683.1807282749558,386.25000555059256,386.25000555059256,-386.25000555059256,3.241777096671263e-08,12.00119978208857
202,2023-01-10T09:00:00Z,100.00000755431824,8.000009279770081,0.0,16.000000063667482,3.3042517831397865e-05,1.667663583986556e-05,2.4863363423849313e-06,1.8180703273467188e-05,39.10228428485967,1.97215748486747e-06,0.0,0.0,2.9395990132680967e-09,123.345,610.8706913400001,0.16352,7.65,294.24,100.00002190363969,8.000008237307197,0.0,16.000000109132166,526.6279782685325,136.85800967593707,372.25000967593706,-136.85800967593707,4.848840751725789e-08,1.090951291537185e-06
203,2023-01-10T10:00:00Z,100.00002190363969,8.000008237307197,0.0,16.000000109132166,5.4512440680379275e-05,1.4390047095658944e-05,2.8398429068419638e-06,8.727400177422491e-06,65.05542910818386,2.135527409985405e-06,0.0,0.0,3.3489070884878686e-09,65.22999999999999,921.4103389475423,0.1475999999999999,8.03,164.07,100.00005924595035,8.000007768993292,0.0,16.000000126043428,921.2358044260898,227.6940101019958,358.95001010199576,-227.6940101019958,5.538247493091139e-08,5.236963802833778e-07
204,2023-01-10T11:00:00Z,100.00005924595035,8.000007768993292,0.0,16.000000126043428,8.237367875208429e-05,1.3323938347183039e-05,3.026368373204077e-06,6.874320127554576e-06,38.02228670550306,2.2048195983975297e-06,0.0,0.0,3.5930484315533608e-09,113.43499999999999,668.4840622374585,0.14125,8.31,270.09,100.00012444557952,8.00000741551292,0.0,16.000000135471986,593.07141634957,133.0780104640562,349.1500104640562,-133.0780104640562,5.902008528600811e-08,4.1250045769904447e-07
205,2023-01-10T12:00:00Z,100.00012444557952,8.00000741551292,0.0,16.000000135471986,4.583976974933569e-05,1.52679465581685e-05,2.953413953422492e-06,7.33306464148786e-06,44.571429405187885,2.174000635617398e-06,0.0,0.0,3.5675587724018253e-09,99.385,742.0574104145854,0.14168,8.36,239.25,100.00015254764747,8.00000703308237,0.0,16.000000135665672,687.2438681859466,156.00001020356348,347.4000102035635,-156.00001020356348,5.759733182492109e-08,4.4002788127739937e-07
206,2023-01-10T13:00:00Z,100.00015254764747,8.00000703308237,0.0,16.000000135665672,2.3460129413286527e-05,2.209971694837642e-05,2.763249806481507e-06,9.131718242857006e-06,13.133714600777438,2.0909585162787275e-06,0.0,0.0,3.4505496148579076e-09,160.84,418.1104276333905,0.1454099999999999,8.4,375.04,100.00015204883321,8.00000653901324,0.0,16.00000012799711,270.40413931707053,45.96800956497273,346.00000956497274,-45.96800956497273,5.3888760102399636e-08,5.479578903604565e-07
207,2023-01-10T14:00:00Z,100.00015204883321,8.00000653901324,0.0,16.00000012799711,1.9263437457995702e-05,2.7302857688879907e-05,2.679543305162175e-06,1.038966079700426e-05,75.0588571398074,2.053715706737955e-06,0.0,0.0,3.2821286140388743e-09,42.705,1040.4302591990618,0.14592,8.17,114.18,100.00014210125642,8.000005967827569,0.0,16.000000122186147,1072.7841026430474,262.706009295267,354.050009295267,-262.706009295267,5.2256320082670685e-08,6.234419920194575e-07
208,2023-01-10T15:00:00Z,100.00014210125642,8.000005967827569,0.0,16.000000122186147,2.6522342435634523e-05,1.9468840762150158e-05,2.785028722018578e-06,8.866743788208063e-06,92.5811434039631,2.1023756151691492e-06,0.0,0.0,3.184668051406747e-09,16.875,1181.565125546624,0.14011,7.77,55.02,100.0001472826627,8.000005490083227,0.0,16.0000001344273,1257.2712720247494,324.0340102019433,368.05001020194334,-324.0340102019433,5.431349142850513e-08,5.320578330757913e-07
209,2023-01-10T16:00:00Z,100.0001472826627,8.000005490083227,0.0,16.0000001344273,1.337525995060165e-05,6.77367614423855e-05,2.5133376752911842e-06,1.5448482983104427e-05,112.7571417079371,1.9812442370452303e-06,0.0,0.0,2.7252056935086615e-09,0.0,1312.8234140260506,0.1479,7.01,0.0,100.00008956378575,8.000004612096534,0.0,16.000000119172512,1425.580490418585,394.65000875314973,394.65000875314973,-394.65000875314973,4.901498616679477e-08,9.270016791541811e-07
210,2023-01-10T17:00:00Z,100.00008956378575,8.000004612096534,0.0,16.000000119172512,1.3498636348202703e-05,6.616581932890399e-05,2.5447708708904605e-06,1.5364833170655844e-05,121.85714174894994,2.0062865417410818e-06,0.0,0.0,2.483473885485641e-09,0.0,1312.8234140260506,0.14474,6.1,0.0,100.00003359974816,8.00000373974234,0.0,16.000000115135773,1434.6804922940419,426.5000088629317,426.5000088629317,-426.5000088629317,4.9627994781842166e-08,9.219821884581965e-07
211,2023-01-10T18:00:00Z,100.00003359974816,8.00000373974234,0.0,16.000000115135773,2.1458349831733633e-05,2.475938767697764e-05,2.9419651365452064e-06,8.135291185695062e-06,128.15714357315363,2.1974820646428166e-06,0.0,0.0,2.5478055507832316e-09,0.0,1312.8234140260506,0.1301,5.47,0.0,100.00002840873518,8.00000330895011,0.0,16.000000132702663,1440.9805513023225,448.55001037624874,448.55001037624874,-448.55001037624874,5.7374057568388366e-08,4.881662877704808e-07
212,2023-01-10T19:00:00Z,100.00002840873518,8.00000330895011,0.0,16.000000132702663,1.9136578658397198e-05,3.136179040333159e-05,3.1526246330101407e-06,7.249419610260905e-06,130.65714367836472,2.3130215322555963e-06,0.0,0.0,2.617432876631101e-09,0.0,1312.8234140260506,0.12281,5.22,0.0,100.00001411131902,8.00000293542376,0.0,16.00000013182475,1443.48054369543,457.30001023876156,457.30001023876156,-457.30001023876156,6.14823285765554e-08,4.3500867748340265e-07
213,2023-01-10T20:00:00Z,100.00001411131902,8.00000293542376,0.0,16.00000013182475,2.5666014342997863e-05,2.5270863952070394e-05,4.123169170954567e-06,4.703309627862788e-06,136.95714476759537,2.7129295936154783e-06,0.0,0.0,2.8989714087612257e-09,0.0,1312.8234140260506,0.1019,4.59,0.0,100.00001242687617,8.000002733606799,0.0,16.00000015753308,1449.7805613215858,479.3500126647009,479.3500126647009,-479.3500126647009,8.040983981759581e-08,2.822268003518025e-07
214,2023-01-10T21:00:00Z,100.00001242687617,8.000002733606799,0.0,16.00000015753308,2.5999784010487187e-05,2.957271572139516e-05,5.8080883833962516e-06,3.5120052151530775e-06,142.95714526161817,3.2338183385032524e-06,0.0,0.0,3.2859596432490833e-09,0.0,120.0,0.082,3.99,0.0,100.00000658175661,8.000002636134463,0.0,16.000000169515427,262.957147218588,500.3500140755474,500.3500140755474,-500.3500140755474,1.1326905038126504e-07,2.1074138704788944e-07
215,2023-01-10T22:00:00Z,100.00000658175661,8.000002636134463,0.0,16.000000169515427,3.522018690100729e-05,3.170783288708294e-05,3.67235100720884e-05,2.241094609733936e-06,137.4571477422735,5.203654828863114e-06,0.0,0.0,5.612859886731506e-09,0.0,120.0,0.04296,4.54,0.0,100.00000736414344,8.000003217835403,0.0,16.000000259437094,257.45719094069784,481.1000238183417,481.1000238183417,-481.1000238183417,7.161800644121652e-07,1.3447912449648582e-07
216,2023-01-10T23:00:00Z,100.00000736414344,8.000003217835403,0.0,16.000000259437094,0.00011380185453899006,2.513494626203004e-05,249.9999910470242,1.6449814585906511e-06,133.3571585355045,1.2131962604061302e-05,0.0,0.0,1.3699201326566145e-08,0.0,120.0,0.005,4.95,0.0,100.00009043168811,12.875490493281031,0.0,16.00000077312415,503.3572487364181,466.7500680363958,466.7500680363958,-466.7500680363958,4.875487374154387,9.87087583912782e-08
217,2023-01-11T00:00:00Z,100.00009043168811,12.875490493281031,0.0,16.00000077312415,0.002286451694285485,2.1311245128054183e-05,249.99999229927718,1.5952176823244312e-06,130.85716069879743,1.4706239214679853e-05,0.0,0.0,1.701350000930188e-08,0.0,120.0,0.0,5.2,0.0,100.00226322610095,17.750977796134162,0.0,16.000001029478383,500.8594312495453,458.00007812162016,458.00007812162016,-458.00007812162016,4.875487398575763,9.572263320278615e-08
218,2023-01-11T01:00:00Z,100.00226322610095,17.750977796134162,0.0,16.000001029478383,499.99731931061297,1.9467537008057693e-05,249.99999235165458,1.5958087812610515e-06,128.95715973032856,1.4947196168097138e-05,0.0,0.0,1.7607674294046674e-08,0.0,120.0,-0.00033,5.39,0.0,579.9996694856051,22.626465099973284,0.0,16.000001057700022,998.9544652764466,451.3500749709402,451.3500749709402,-451.3500749709402,4.875487399597224,9.575810268593169e-08
219,2023-01-11T02:00:00Z,579.9996694856051,22.626465099973284,0.0,16.000001057700022,333.3312810158895,2.016804673382629e-05,249.99999230743526,1.6016898373104816e-06,129.2571595880004,1.4928820641162823e-05,0.0,0.0,1.7535649450999274e-08,0.0,120.0,-0.00023,5.36,0.0,899.997678252477,27.501952402597144,0.0,16.00000105990928,832.5884260704091,452.40007445871674,452.40007445871674,-452.40007445871674,4.875487398734862,9.611100133876278e-08
220,2023-01-11T03:00:00Z,899.997678252477,27.501952402597144,0.0,16.00000105990928,0.002253466688770673,2.1439856959072358e-05,249.99999225423673,1.6047623132753834e-06,131.75716195217214,1.4792369510887425e-05,0.0,0.0,1.6970337255300972e-08,0.0,120.0,0.0,5.11,0.0,899.9998192473139,32.377439703999165,0.0,16.000001212903165,501.75939942084784,461.1500826003819,461.1500826003819,-461.1500826003819,4.875487397697387,9.629536833335634e-08
221,2023-01-11T04:00:00Z,899.9998192473139,32.377439703999165,0.0,16.000001212903165,0.00020837442204060146,2.3455415236339956e-05,249.99999160579597,1.645993365181092e-06,174.99991412011354,1.4040588240915599e-05,0.0,0.0,1.1006431028159479e-08,0.0,120.0,0.00259,5.17,0.0,899.9999948540349,37.25292699028121,0.0,18.74835301227015,545.0001030395111,612.4997144727752,612.4997144727752,-612.4997144727752,4.875487385051526,9.87694788587514e-08
222,2023-01-11T05:00:00Z,899.9999948540349,37.25292699028121,0.0,18.74835301227015,3.221424990639821e-05,3.203109398391209e-05,1.1724254691235373e-05,2.901634205877757e-06,115.49790653169394,4.443395631394978e-06,0.0,0.0,5.038857751247332e-09,0.0,1311.1441695007693,0.05731,5.1,0.0,899.9999924139919,37.25292704481158,0.0,16.00000040707974,1426.6420894816351,404.2426792910344,404.2426792910344,-404.2426792910344,2.2864583106219603e-07,1.7411546389905533e-07
223,2023-01-11T06:00:00Z,899.9999924139919,37.25292704481158,0.0,16.00000040707974,3.060858227586793e-05,2.578526645418429e-05,4.774170674965986e-06,5.304045599915126e-06,133.55714622328694,3.1493277855546964e-06,0.0,0.0,3.490414980197285e-09,0.0,1311.1441695007693,0.09111,4.93,0.0,899.9999949385783,37.25292681964265,0.0,16.000000346839755,1444.701323166825,467.4500186121707,467.4500186121707,-467.4500186121707,9.310563872570932e-08,3.182745634512527e-07
224,2023-01-11T07:00:00Z,899.9999949385783,37.25292681964265,0.0,16.000000346839755,8.357795262505822e-06,499.9999653121961,2.0698798735749008e-06,199.99999225837942,100.15714485065386,1.9040444293647093e-06,0.0,0.0,1.9476384419826016e-09,0.0,1311.1441695007693,0.16358,4.27,0.0,379.16670576185754,25.251727204541034,0.0,16.000000109250625,711.3013691125672,490.5500034431581,490.5500034431581,-490.5500034431581,4.0366694204130985e-08,12.001199655468312
225,2023-01-11T08:00:00Z,379.16670576185754,25.251727204541034,0.0,16.000000109250625,1.1175456933975458e-05,268.00001416227275,2.1831833314806818e-06,199.99998952198143,100.05714681144003,1.9704565912770393e-06,0.0,0.0,2.0206315952559045e-09,0.0,1311.1441695007693,0.1556,4.28,0.0,100.00003507126206,13.250527755849353,0.0,16.000000107388775,943.2013279570522,490.20000845617915,490.20000845617915,-490.20000845617915,4.257633259713301e-08,12.001199491268013
226,2023-01-11T09:00:00Z,100.00003507126206,13.250527755849353,0.0,16.000000107388775,3.18075686898359e-05,1.6539386557348274e-05,2.7563219932878314e-06,0.00010992880428946314,123.39826630055309,2.29374669942714e-06,0.0,0.0,2.428526736156443e-09,20.07999999999995,1165.6578206379454,0.13178,4.55,61.07,100.00004837800033,13.25052121321511,0.0,16.000000142367423,1268.9759973279454,431.894011272908,480.750011272908,-431.894011272908,5.3753654234536165e-08,6.596387896157404e-06
227,2023-01-11T10:00:00Z,100.00004837800033,13.25052121321511,0.0,16.000000142367423,2.471212141843849e-05,2.296827005934819e-05,2.7623781094523216e-06,6.926733951862299e-05,52.71084552791368,2.2876323924525478e-06,0.0,0.0,2.5721795671391897e-09,148.82999999999998,492.4946046862807,0.1306,5.16,343.64,100.00004817635558,13.250517110630854,0.0,16.000000134133032,396.3753877407167,184.4880100995916,459.40001009959155,-184.4880100995916,5.387176031035131e-08,4.156456016719051e-06
228,2023-01-11T11:00:00Z,100.00004817635558,13.250517110630854,0.0,16.000000134133032,7.540898683951799e-05,1.4294142246076611e-05,3.166440532633402e-06,1.3950590129758477e-05,59.38228558401166,2.4827374462691346e-06,0.0,0.0,2.986125228066141e-09,122.64499999999995,627.6894679246179,0.11782,5.79,286.89,100.00010567925143,13.2505163352635,0.0,16.000000151596435,564.4268063220621,207.838011767364,437.350011767364,-207.838011767364,6.175176556290762e-08,8.371191196974785e-07
229,2023-01-11T12:00:00Z,100.00010567925143,13.2505163352635,0.0,16.000000151596435,499.999788089169,1.0900705509295877e-05,3.456385838444723e-06,9.531625313798468e-06,57.660572461212816,2.609699549506457e-06,0.0,0.0,3.365269645051784e-09,113.145,675.4067033548187,0.11054,6.42,266.86,579.9998908899521,13.25051583071505,0.0,16.00000017158903,1119.9220495389552,201.81201286998513,415.30001286998515,-201.81201286998513,6.740626447611971e-08,5.719547142993381e-07
230,2023-01-11T13:00:00Z,579.9998908899521,13.25051583071505,0.0,16.00000017158903,6.782098074190457e-05,1.4617957457120338e-05,3.2197854077853386e-06,1.2235307079237048e-05,78.46114302497193,2.4981422223739844e-06,0.0,0.0,3.3901091589235687e-09,62.035,939.102199598899,0.11574,6.87,156.17,579.9999407710545,13.2505151593153,0.0,16.000000161367932,955.5283893095146,274.6140116252775,399.5500116252775,-274.6140116252775,6.279209466128023e-08,7.341918439386167e-07
231,2023-01-11T14:00:00Z,579.9999407710545,13.2505151593153,0.0,16.000000161367932,3.78278316871073e-05,1.760091257815413e-05,3.091572438582921e-06,1.4720914477932243e-05,104.50628533217949,2.4345196306587227e-06,0.0,0.0,3.394457982831786e-09,8.28999999999995,1234.5297765184798,0.11883,7.1,32.16,579.999958751489,13.25051433626379,0.0,16.000000155769662,1330.746072882756,365.77201137744277,391.5000113774428,-365.77201137744277,6.029169172153911e-08,8.833432029962343e-07
232,2023-01-11T15:00:00Z,579.999958751489,13.25051433626379,0.0,16.000000155769662,2.9339411879404987e-05,2.0190138148960003e-05,3.0045323438899224e-06,1.6878358776826336e-05,108.65885643349746,2.3871437454728042e-06,0.0,0.0,3.4057006187514166e-09,0.015,1297.6127717352406,0.12081,7.29,5.68,579.9999658859305,13.250513382055223,0.0,16.000000161334363,1406.2566258313288,380.30601169536453,384.8500116953645,-380.30601169536453,5.8594240129866475e-08,1.0128028068902692e-06
233,2023-01-11T16:00:00Z,579.9999658859305,13.250513382055223,0.0,16.000000161334363,1.1868749800243253e-05,0.003342463446637951,2.587981817225598e-06,0.00274864571547257,112.25659523736597,2.165448439845033e-06,0.0,0.0,3.0004298619242437e-09,0.0,1311.1441695007693,0.13379,7.06,0.0,579.9964955471734,13.250348497289464,0.0,16.000000134739214,1423.3946902511532,392.9000095265757,392.9000095265757,-392.9000095265757,5.0470692505149674e-08,0.00016493523645199942
234,2023-01-11T17:00:00Z,579.9964955471734,13.250348497289464,0.0,16.000000134739214,1.13253162859262e-05,460.79649954618355,2.5694812654885926e-06,87.49689196670603,95.15776668227724,2.1600807516524407e-06,0.0,0.0,2.978459927287501e-09,0.0,1311.1441695007693,0.13387,7.02,0.0,100.00015272553577,8.000009995541811,0.0,16.000000131836966,858.0085607250354,394.3000099031445,394.3000099031445,-394.3000099031445,5.010989566659422e-08,5.250338551857548
235,2023-01-11T18:00:00Z,100.00015272553577,8.000009995541811,0.0,16.000000131836966,1.3279962422191268e-05,0.00012070473577568533,2.7582204197687647e-06,2.55671281951213e-05,112.25714001477269,2.231369821961684e-06,0.0,0.0,3.0929712373560996e-09,0.0,1311.1441695007693,0.1299,7.06,0.0,100.00003974019992,8.000008515151379,0.0,16.000000132073808,1423.4011815132305,392.9000101577503,392.9000101577503,-392.9000101577503,5.379067725321624e-08,1.53418110981826e-06
236,2023-01-11T19:00:00Z,100.00003974019992,8.000008515151379,0.0,16.000000132073808,1.7853939993027985e-05,3.954155623782791e-05,3.255308231737101e-06,8.158238399084125e-06,113.4571436450842,2.420136513374023e-06,0.0,0.0,3.3101779782637243e-09,0.0,1311.1441695007693,0.11853,6.94,0.0,100.00001569086123,8.00000808909298,0.0,16.000000136441642,1424.6012889754436,397.1000108644967,397.1000108644967,-397.1000108644967,6.348485900477395e-08,4.895432582708746e-07
237,2023-01-11T20:00:00Z,100.00001569086123,8.00000808909298,0.0,16.000000136441642,3.802505186302254e-05,2.0264143161640292e-05,4.631398086200487e-06,4.485237406273432e-06,114.55714541314242,2.9459509704121794e-06,0.0,0.0,3.987097043668106e-09,0.0,1311.1441695007693,0.09487,6.83,0.0,100.00003108642856,8.000007910273116,0.0,16.000000188639177,1425.701335766932,400.95001500215614,400.95001500215614,-400.95001500215614,9.032129481039054e-08,2.6914115849225516e-07
238,2023-01-11T21:00:00Z,100.00003108642856,8.000007910273116,0.0,16.000000188639177,2.1412320656490673e-05,3.757850195398771e-05,4.796407452764518e-06,4.367756846617264e-06,114.35714489462474,3.007741257751093e-06,0.0,0.0,4.081109395051986e-09,0.0,120.0,0.09203,6.85,0.0,100.00001249798352,8.000007741720795,0.0,16.000000172438796,234.35713216483535,400.2500131662802,400.2500131662802,-400.2500131662802,9.3539299258834e-08,2.6209161995903176e-07
239,2023-01-11T22:00:00Z,100.00001249798352,8.000007741720795,0.0,16.000000172438796,2.7599393184468465e-05,3.208446888686549e-05,8.04355885722487e-06,3.0311579071036508e-06,113.85714576958864,3.7382947839806864e-06,0.0,0.0,5.1124295832926235e-09,0.0,120.0,0.06923,6.9,0.0,100.00000557207922,8.000007716698216,0.0,16.000000184551684,233.85715003520866,398.50001601628264,398.50001601628264,-398.50001601628264,1.568650842243074e-07,1.818876631925383e-07
240,2023-01-11T23:00:00Z,100.00000557207922,8.000007716698216,0.0,16.000000184551684,4.857452595337414e-05,2.9906844998739923e-05,249.99998208570767,1.7814552069267656e-06,115.65715159214949,7.580426134498027e-06,0.0,0.0,1.0204405578104462e-08,0.0,120.0,0.02174,6.72,0.0,100.00002105066059,12.875494809191451,0.0,16.000000433963216,485.6571581445091,404.8000393241637,404.8000393241637,-404.8000393241637,4.875487199391239,1.0689800221582752e-07
241,2023-01-12T00:00:00Z,100.00002105066059,12.875494809191451,0.0,16.000000433963216,0.00022092101248389319,2.1997382078761055e-05,249.9999914454049,1.5735803204995655e-06,119.65715790435185,1.1599303086788975e-05,0.0,0.0,1.4982824819676175e-08,0.0,120.0,0.00592,6.32,0.0,100.00021022089292,17.750982096690777,0.0,16.00000081106024,489.6573582991099,418.80006525004774,418.80006525004774,-418.80006525004774,4.875487381923588,9.442426165613955e-08
242,2023-01-12T01:00:00Z,100.00021022089292,17.750982096690777,0.0,16.00000081106024,0.00012460653892279913,2.4246836761269887e-05,249.99999147217528,1.579287255314858e-06,123.85715465466885,1.1763708367224344e-05,0.0,0.0,1.4553659152154153e-08,0.0,120.0,0.00566,5.9,0.0,100.00030458604867,22.626469384369727,0.0,16.0000007440288,493.85725667096744,433.50005404291335,433.50005404291335,-433.50005404291335,4.875487382445662,9.476671199009049e-08
243,2023-01-12T02:00:00Z,100.00030458604867,22.626469384369727,0.0,16.0000007440288,499.99990027864123,1.5870392643729967e-05,249.99999278020803,1.5179653534609165e-06,126.65716172140999,1.4436208117700899e-05,0.0,0.0,1.7385530038472385e-08,0.0,120.0,0.0001,5.62,0.0,580.0001923218853,27.50195670123755,0.0,16.000001088733004,996.6570518281094,443.3000813793567,443.3000813793567,-443.3000813793567,4.875487407954853,9.108702991064606e-08
244,2023-01-12T03:00:00Z,580.0001923218853,27.50195670123755,0.0,16.000001088733004,333.33313883078097,1.941816561872439e-05,249.99999219756262,1.5500446154284533e-06,128.35717091695065,1.3068995367736963e-05,0.0,0.0,1.5474959680442115e-08,0.0,120.0,0.00273,5.45,0.0,899.9999853721791,32.377444004817704,0.0,16.00000183156593,831.6902940460793,449.2501122326639,449.2501122326639,-449.2501122326639,4.87548739659213,9.301197812351956e-08
245,2023-01-12T04:00:00Z,899.9999853721791,32.377444004817704,0.0,16.00000183156593,4.476911867995693e-05,3.129231503249126e-05,249.99997526474723,1.870648351605308e-06,129.65716266417095,7.103648796373607e-06,0.0,0.0,8.273713677389575e-09,0.0,120.0,0.02555,5.32,0.0,899.9999957543715,37.25293095893679,0.0,16.000001757939692,499.65715663872226,453.8000776666645,453.8000776666645,-453.8000776666645,4.8754870663692085,1.1225012610892939e-07
246,2023-01-12T05:00:00Z,899.9999957543715,37.25293095893679,0.0,16.000001757939692,2.635640708664269e-05,2.887238507512622e-05,5.243051629062709e-06,4.0942092863811925e-06,130.3571369458111,3.161941541321655e-06,0.0,0.0,3.616498959954706e-09,0.0,1309.2899959051374,0.08572,5.25,0.0,899.9999909811212,37.252930815509394,0.0,16.000000253520206,1439.6471346457545,456.24998530660747,456.24998530660747,-456.24998530660747,1.0224973173989681e-07,2.456771248953611e-07
247,2023-01-12T06:00:00Z,899.9999909811212,37.252930815509394,0.0,16.000000253520206,2.0943902625640405e-05,2.8614104253869776e-05,3.2098836162446128e-06,9.238886580103354e-06,130.95714330115632,2.4248358769742443e-06,0.0,0.0,2.739282118812408e-09,0.0,1309.2899959051374,0.11535,5.19,0.0,899.9999812809091,37.25293032371975,0.0,16.000000175185637,1440.247127931925,458.35001042185525,458.35001042185525,-458.35001042185525,6.259899041581152e-08,5.543886336695682e-07
248,2023-01-12T07:00:00Z,899.9999812809091,37.25293032371975,0.0,16.000000175185637,1.1010648326229763e-05,267.9999802309222,2.4236986981897904e-06,87.49995076178155,108.0571546917502,2.0301813058900714e-06,0.0,0.0,2.4141936521155726e-09,0.0,1309.2899959051374,0.1386,5.73,0.0,620.8333457772542,32.00240827306992,0.0,16.000000137108046,1061.8472350687123,439.4500089642523,439.4500089642523,-439.4500089642523,4.72668512998309e-08,5.250522097916685
249,2023-01-12T08:00:00Z,620.8333457772542,32.00240827306992,0.0,16.000000137108046,5.9642670402643e-06,499.9999861226597,2.0164385303103267e-06,199.9999883657822,81.05714652308261,1.7887129587262817e-06,0.0,0.0,2.2276895040942723e-09,0.0,1309.2899959051374,0.1566,6.18,0.0,100.00003262517998,20.00120889050528,0.0,16.00000008845787,690.3471777091966,423.7000064576625,423.7000064576625,-423.7000064576625,3.932448378943031e-08,12.001199421889122
250,2023-01-12T09:00:00Z,100.00003262517998,20.00120889050528,0.0,16.00000008845787,0.00019843807073997906,1.1849057478078672e-05,3.263467031266356e-06,7.240036868741923e-06,105.80800152212674,2.3933420784015673e-06,0.0,0.0,3.2345930662903397e-09,10.46,1219.2845290150365,0.11,6.84,37.84,100.0002107829597,20.001208519703592,0.0,16.00000015549807,1314.6327155429487,370.3280127648781,400.6000127648781,-370.3280127648781,6.364397150684463e-08,4.3444565669018446e-07
251,2023-01-12T10:00:00Z,100.0002107829597,20.001208519703592,0.0,16.00000015549807,5.696425092459337e-05,1.3913920554125753e-05,3.1697154611075562e-06,7.5236448376315784e-06,97.9440009059437,2.3410894949395325e-06,0.0,0.0,3.4454105883990154e-09,11.895,1210.2934966459939,0.11192,7.54,41.62,100.00025097497335,20.00120813005539,0.0,16.00000014623775,1296.342538589428,342.80401075503295,376.10001075503294,-342.80401075503295,6.181563305490284e-08,4.514638366415589e-07
252,2023-01-12T11:00:00Z,100.00025097497335,20.00120813005539,0.0,16.00000014623775,333.33216613584153,1.0716197236402146e-05,3.366313096321781e-06,6.237854093542847e-06,90.3628584997966,2.409227863796106e-06,0.0,0.0,3.862458447314774e-09,13.719999999999999,1199.0428132847312,0.1067,8.19,46.35,419.9991193026758,20.00120782139638,0.0,16.00000015249638,1609.0178267418592,316.27001150092156,353.35001150092154,-316.27001150092156,6.564967034530926e-08,3.7430867648021885e-07
253,2023-01-12T12:00:00Z,419.9991193026758,20.00120782139638,0.0,16.00000015249638,499.99993761545136,8.857883051324261e-06,3.501188103831046e-06,5.519444409325564e-06,78.64571598723421,2.4446759556843236e-06,0.0,0.0,4.639367600466277e-09,14.015,1196.7831622925114,0.10287,9.34,47.3,899.9990501865475,20.001207558476594,0.0,16.000000165430386,1761.4138074637337,275.26001223916,313.10001223916004,-275.26001223916,6.827999602430783e-08,3.311997845379877e-07
254,2023-01-12T13:00:00Z,899.9990501865475,20.001207558476594,0.0,16.000000165430386,7.158268953520201e-05,1.2587623468407218e-05,3.087495093130919e-06,6.907995173069629e-06,69.01371523118648,2.260801245295264e-06,0.0,0.0,5.021008430147946e-09,14.7,1192.2876461079898,0.1102399999999999,10.26,49.19,899.9991057938216,20.001207204167606,0.0,16.000000144452976,1246.6014187745436,241.54801038294255,280.9000103829425,-241.54801038294255,6.02121755336063e-08,4.1452116250042777e-07
255,2023-01-12T14:00:00Z,899.9991057938216,20.001207204167606,0.0,16.000000144452976,0.00016202950481602132,1.1190205396179133e-05,3.09332949458773e-06,6.410183173559807e-06,75.30228687319212,2.2418707904108756e-06,0.0,0.0,4.881278324516499e-09,6.115,1246.2814119220832,0.1086599999999999,10.15,26.49,899.9992496856823,20.00120687984411,0.0,16.000000144377804,1315.4688485595916,263.5580107627527,284.7500107627527,-263.5580107627527,6.032595774023477e-08,3.8464945535912437e-07
256,2023-01-12T15:00:00Z,899.9992496856823,20.00120687984411,0.0,16.000000144377804,0.0006213605050069378,1.0453698750268627e-05,3.0768427988408017e-06,6.154951573676137e-06,81.41371577354033,2.2182009257479543e-06,0.0,0.0,4.5592115715415054e-09,2.105,1275.5379458213497,0.1079099999999999,9.82,14.19,899.9998353024976,20.001206570514515,0.0,16.000000162708563,1354.8472716417887,284.9480117118761,296.3000117118761,-284.9480117118761,6.000443502089773e-08,3.693340278233506e-07
257,2023-01-12T16:00:00Z,899.9998353024976,20.001206570514515,0.0,16.000000162708563,1.0432020968602195e-05,0.00033098153148378417,2.3117101997767966e-06,2.256022749235582e-05,90.45714020960135,1.8576053227321717e-06,0.0,0.0,3.4771271540766565e-09,0.0,1309.2899959051374,0.13,9.24,0.0,899.999500544809,20.001205261848348,0.0,16.000000126330967,1399.7467971743163,316.6000083647932,316.6000083647932,-316.6000083647932,4.5082857181365674e-08,1.3537490244437936e-06
258,2023-01-12T17:00:00Z,899.999500544809,20.001205261848348,0.0,16.000000126330967,6.079212078215069e-06,499.99998330917344,1.9908932997998966e-06,199.99996912300688,54.157150599587055,1.6981466514741483e-06,0.0,0.0,3.003062936070489e-09,0.0,1309.2899959051374,0.1445,8.87,0.0,379.16619043379694,8.000007033467517,0.0,16.000000098782426,663.4472038407961,329.5500071658247,329.5500071658247,-329.5500071658247,3.8826301976295614e-08,12.001198267207133
259,2023-01-12T18:00:00Z,379.16619043379694,8.000007033467517,0.0,16.000000098782426,1.0786691799894473e-05,0.00019828364036212658,2.3294873491150403e-06,2.689248282228654e-05,96.35713962065591,1.8829670880183987e-06,0.0,0.0,3.2212487336364917e-09,0.0,1309.2899959051374,0.13,8.65,0.0,379.16599424356235,8.000005465186723,0.0,16.000000119711686,1405.6469253488165,337.25000936117107,337.25000936117107,-337.25000936117107,4.5429546262369525e-08,1.6137103403712295e-06
260,2023-01-12T19:00:00Z,379.16599424356235,8.000005465186723,0.0,16.000000119711686,1.0049830313299617e-05,267.99935718544896,2.3041411209378325e-06,4.525829353408239e-05,99.45713544998729,1.884133118238066e-06,0.0,0.0,3.0826855634157653e-09,0.0,1309.2899959051374,0.1311399999999999,8.34,0.0,100.00000682322343,8.00000279435278,0.0,16.000000096579793,1140.7477431494867,348.1000076210528,348.1000076210528,-348.1000076210528,4.493524538282602e-08,2.71576918896384e-06
261,2023-01-12T20:00:00Z,100.00000682322343,8.00000279435278,0.0,16.000000096579793,2.957504050739939e-05,1.942602021919486e-05,5.0433766463050115e-06,2.7836527426573806e-06,103.15714554065364,2.6964863329782315e-06,0.0,0.0,4.198743323583035e-09,0.0,1309.2899959051374,0.086,7.97,0.0,100.00001497982458,8.00000272567259,0.0,16.00000016619576,1412.4471565510216,361.0500140103661,361.0500140103661,-361.0500140103661,9.835568017096483e-08,1.6703586814625748e-07
262,2023-01-12T21:00:00Z,100.00001497982458,8.00000272567259,0.0,16.00000016619576,2.3122222583138305e-05,2.8649567727034285e-05,6.735721750298121e-06,2.541497483132893e-06,108.85714537500073,3.108290445124108e-06,0.0,0.0,4.504830788074371e-09,0.0,120.0,0.0741,7.4,0.0,100.00000733385855,8.000002704527201,0.0,16.000000168051244,228.8571471501703,381.00001366875836,381.00001366875836,-381.00001366875836,1.3135971010182354e-07,1.5250509949792338e-07
263,2023-01-12T22:00:00Z,100.00000733385855,8.000002704527201,0.0,16.000000168051244,4.2528480805692586e-05,2.3726043438957834e-05,0.00011616921173229224,1.8547934750206527e-06,114.6571485921611,4.91004126872814e-06,0.0,0.0,6.667592336508133e-09,0.0,120.0,0.0404099999999999,6.82,0.0,100.00002344657155,8.000004858754645,0.0,16.000000313275724,234.65728661905797,401.30002623186016,401.30002623186016,-401.30002623186016,2.2655261813978384e-06,1.1129873837507668e-07
264,2023-01-12T23:00:00Z,100.00002344657155,8.000004858754645,0.0,16.000000313275724,3.2053376366646595e-05,3.444337123652117e-05,249.99994564484015,1.803379198812563e-06,118.45714846549852,5.73726428856895e-06,0.0,0.0,7.478572925879475e-09,0.0,120.0,0.03292,6.44,0.0,100.00001833930115,12.875491239264328,0.0,16.00000033669936,488.4570956542289,414.6000265715019,414.6000265715019,-414.6000265715019,4.875486488723255,1.0821357328608239e-07
265,2023-01-13T00:00:00Z,100.00001833930115,12.875491239264328,0.0,16.00000033669936,5.502101083408742e-05,2.8646561767557975e-05,249.99998732728517,1.6570022210457816e-06,121.7571525599983,8.35619013511914e-06,0.0,0.0,1.0543995387961144e-08,0.0,120.0,0.0172,6.11,0.0,100.00004131930304,17.750978441446474,0.0,16.000000529272892,491.75717296092046,426.15004339252386,426.15004339252386,-426.15004339252386,4.875487301612222,9.943007627037393e-08
266,2023-01-13T01:00:00Z,100.00004131930304,17.750978441446474,0.0,16.000000529272892,7.087644211102028e-05,2.8976123773594986e-05,249.99999005457244,1.6491831357342625e-06,122.35715419171042,1.0478445720474893e-05,0.0,0.0,1.3155722708967577e-08,0.0,120.0,0.01043,6.05,0.0,100.0000791772252,22.626465697285234,0.0,16.00000064559471,492.3571949758638,428.250051199076,428.250051199076,-428.250051199076,4.875487354799644,9.8960884232479e-08
267,2023-01-13T02:00:00Z,100.0000791772252,22.626465697285234,0.0,16.00000064559471,499.99959819206146,1.9217888030764963e-05,249.9999919738488,1.6211130968218533e-06,121.85716075485522,1.4030828894412771e-05,0.0,0.0,1.772670144914263e-08,0.0,120.0,0.00265,6.1,0.0,579.9996734229709,27.501952992237996,0.0,16.000001003313024,991.8567441125932,426.50007766729306,426.50007766729306,-426.50007766729306,4.875487392229275,9.727651346065727e-08
268,2023-01-13T03:00:00Z,579.9996734229709,27.501952992237996,0.0,16.000001003313024,333.33367896265355,2.1210356999329043e-05,249.99999160452526,1.6708199504690916e-06,120.85717268411625,1.4020974651348273e-05,0.0,0.0,1.789753840759417e-08,0.0,120.0,0.00335,6.2,0.0,899.9999831329964,32.37744027700552,0.0,16.000001885395555,824.1908343910927,423.0001194447458,423.0001194447458,-423.0001194447458,4.875487385026746,1.0025922295044055e-07
269,2023-01-13T04:00:00Z,899.9999831329964,32.37744027700552,0.0,16.000001885395555,4.6958396787048544e-05,3.658126933160628e-05,249.99997506240908,2.0327299582508286e-06,123.15714831400372,7.904221690505188e-06,0.0,0.0,9.827814057513352e-09,0.0,120.0,0.0257,5.97,0.0,899.9999901075684,37.25292721745274,0.0,16.000000858117865,493.157139625032,431.0500283471035,431.0500283471035,-431.0500283471035,4.875487062423219,1.2197599509455917e-07
270,2023-01-13T05:00:00Z,899.9999901075684,37.25292721745274,0.0,16.000000858117865,3.710980340631574e-05,3.383246234262292e-05,1.6235955800864643e-05,2.7954623314182517e-06,125.75714653736739,4.956159971193558e-06,0.0,0.0,5.977628824700224e-09,0.0,1307.2614419189529,0.0555,5.71,0.0,899.9999904908312,37.252927366341034,0.0,16.00000045348721,1433.0186101303148,440.15001974420784,440.15001974420784,-440.15001974420784,3.1663280139700026e-07,1.6774451433652877e-07
271,2023-01-13T06:00:00Z,899.9999904908312,37.252927366341034,0.0,16.00000045348721,2.4801939199367233e-05,3.998348576849193e-05,5.665190242895043e-06,4.548618947249661e-06,128.05714488128152,3.4506598802462054e-06,0.0,0.0,4.045463695435087e-09,0.0,1307.2614419189529,0.08865,5.48,0.0,899.9999726512285,37.25292720387886,0.0,16.00000026186268,1435.318576185919,448.2000136846719,448.2000136846719,-448.2000136846719,1.1048225796224957e-07,2.729444312781075e-07
272,2023-01-13T07:00:00Z,899.9999726512285,37.25292720387886,0.0,16.00000026186268,1.086205407382831e-05,499.99994616327655,3.792725010241419e-06,8.14740294222371e-06,130.05714356249948,2.784391697483359e-06,0.0,0.0,3.1853186791166855e-09,0.0,1307.2614419189529,0.11243,5.28,0.0,379.16670582538734,37.25292678895133,0.0,16.00000017112765,937.3186486099437,455.200010928478,455.200010928478,-455.200010928478,7.396553425313298e-08,4.888930658400066e-07
273,2023-01-13T08:00:00Z,379.16670582538734,37.25292678895133,0.0,16.00000017112765,1.3766413225981258e-05,267.9999663006055,4.025437597996707e-06,6.776583885769056e-06,132.8571444383178,2.8564560405516817e-06,0.0,0.0,3.1800899504191245e-09,0.0,1307.2614419189529,0.10707,5.0,0.0,100.00008747801337,37.252926460819516,0.0,16.00000017327595,1172.1186339283884,465.0000131056124,465.0000131056124,-465.0000131056124,7.850388354929073e-08,4.06635696715815e-07
274,2023-01-13T09:00:00Z,100.00008747801337,37.252926460819516,0.0,16.00000017327595,2.1512686863459877e-05,4.3061164764782594e-05,4.693543617165527e-06,5.238598309248546e-06,123.3211451239793,3.0918995660269123e-06,0.0,0.0,3.53119730457004e-09,8.01,1233.1288374855335,0.0970999999999999,5.24,31.22,100.00006327481279,37.252926238005436,0.0,16.000000191152942,1348.4399636078797,431.624014661927,456.600014661927,-431.624014661927,9.15332538601138e-08,3.143473332882416e-07
275,2023-01-13T10:00:00Z,100.00006327481279,37.252926238005436,0.0,16.000000191152942,3.0243224335352864e-05,2.8300944251722314e-05,5.436228180424263e-06,4.429540832154942e-06,62.644001662087184,3.32075703150556e-06,0.0,0.0,4.1721315867600295e-09,108.14,697.3177487475101,0.08903,6.15,256.87,100.0000628281579,37.25292607822346,0.0,16.000000142724545,651.8217566793219,219.2540122055332,424.75001220553327,-219.2540122055332,1.0601705122339547e-07,2.657990298322798e-07
276,2023-01-13T11:00:00Z,100.0000628281579,37.25292607822346,0.0,16.000000142724545,0.00020295288798003873,1.611210827640402e-05,7.1818584675749685e-06,3.293029278398374e-06,7.863233894873724e-06,3.2774881556217343e-06,0.0,0.0,1.4105354618784704e-08,239.415,357.45228838379063,0.0767699999999999,7.03,548.98,100.00024087948422,37.25292602068219,0.0,16.810161345445703,118.0374902541216,3.307115240100241e-05,439.1840330711525,-3.307115240100241e-05,1.4006024614232614e-07,1.9760151685558802e-07
277,2023-01-13T12:00:00Z,100.00024087948422,37.25292602068219,0.0,16.810161345445703,499.99992776405384,1.1975116668294301e-05,8.73139410389296e-06,3.3102578217452713e-06,70.66904515990323,4.076469042721173e-06,0.0,0.0,6.202697167326097e-09,49.51,1000.11690689452,0.07024,7.78,129.35,580.000159058896,37.25292599232607,0.0,16.00000027902264,1521.2758773409653,247.34166441254615,350.82166441254617,-247.34166441254615,1.7027921294720744e-07,1.986353328380001e-07
278,2023-01-13T13:00:00Z,580.000159058896,37.25292599232607,0.0,16.00000027902264,333.33307604756095,1.480568978056131e-05,7.859268560336415e-06,3.5452922128841324e-06,57.790860828389235,3.948394076964161e-06,0.0,0.0,6.19545898302491e-09,79.99499999999999,841.1663450504103,0.07423,8.02,196.29,899.999896641961,37.252925932858325,0.0,16.00000027250739,1152.2952753830414,202.26801928997702,359.30001928997706,-202.26801928997702,1.5327106403296342e-07,2.1273880665371334e-07
279,2023-01-13T14:00:00Z,899.999896641961,37.252925932858325,0.0,16.00000027250739,7.854415447265124e-05,1.9238009843524925e-05,6.748165606371131e-06,3.95302593684581e-06,26.75600329187037,3.7338690235550212e-06,0.0,0.0,5.865808659586478e-09,140.945,519.7984179517881,0.0805999999999999,8.03,331.63,899.9999520047558,37.25292582725544,0.0,16.00000025634029,405.6094870788117,93.64601798519479,358.9500179851948,-93.64601798519479,1.3160238956319337e-07,2.3720527673842245e-07
280,2023-01-13T15:00:00Z,899.9999520047558,37.25292582725544,0.0,16.00000025634029,6.368016430009595e-05,1.9833210300717932e-05,5.849366192590395e-06,4.505710416582124e-06,97.89086160080943,3.5234189469801987e-06,0.0,0.0,5.297667025497443e-09,9.34,1223.4645293483134,0.08758,7.69,35.29,899.9999924781195,37.252925670959826,0.0,16.000000336371013,1312.0154396631515,342.618022245015,370.850022245015,-342.618022245015,1.1407404816032875e-07,2.7036966196112357e-07
281,2023-01-13T16:00:00Z,899.9999924781195,37.252925670959826,0.0,16.000000336371013,1.3673746207013772e-05,0.0002541803252746526,2.780930102602551e-06,87.4999166117356,90.25716095285173,2.341994017896513e-06,0.0,0.0,3.4336859432808457e-09,0.0,1307.2614419189529,0.14183,7.51,0.0,899.9997408337437,32.00240567648438,0.0,16.000000151506278,1310.0184508764141,377.15000728177006,377.15000728177006,-377.15000728177006,5.4233560356785425e-08,5.250520048709007
282,2023-01-13T17:00:00Z,899.9997408337437,32.00240567648438,0.0,16.000000151506278,8.446111269730885e-06,499.9999726060928,2.448219739378957e-06,199.99998041040647,64.35714875864458,2.1522581745506415e-06,0.0,0.0,3.295199033933015e-09,0.0,1307.2614419189529,0.155,7.85,0.0,379.16644414399707,20.0012067797106,0.0,16.00000012283849,671.6186507076874,365.25000907327615,365.25000907327615,-365.25000907327615,4.774505942383205e-08,12.00119894451884
283,2023-01-13T18:00:00Z,379.16644414399707,20.0012067797106,0.0,16.00000012283849,1.2512229716193816e-05,267.99975290957804,2.7011449915017867e-06,199.99948178841132,60.057248774974944,2.287986340418685e-06,0.0,0.0,3.7132625947235895e-09,0.0,1307.2614419189529,0.1442,8.28,0.0,100.00004687492714,8.000037808181096,0.0,16.00000012636294,899.3194734972993,350.2000102294067,350.2000102294067,-350.2000102294067,5.2677595093794225e-08,12.0011690242071
284,2023-01-13T19:00:00Z,100.00004687492714,8.000037808181096,0.0,16.00000012636294,4.5102404112305525e-05,1.8384063644771855e-05,3.5900578652523177e-06,8.046807954247598e-06,96.25714433503832,2.6399270843599334e-06,0.0,0.0,4.5202306436968755e-09,0.0,1307.2614419189529,0.1217699999999999,8.66,0.0,100.00007102316879,8.000037395337463,0.0,16.000000168641016,1403.5186111555083,336.90001341892753,336.90001341892753,-336.90001341892753,7.001312968538874e-08,4.82856762931149e-07
285,2023-01-13T20:00:00Z,100.00007102316879,8.000037395337463,0.0,16.000000168641016,2.1032532651599566e-05,3.695056356639975e-05,3.458042412380799e-06,9.387443951504273e-06,90.25714363305885,2.5980354557605635e-06,0.0,0.0,4.866890831013909e-09,0.0,1307.2614419189529,0.1254,9.26,0.0,100.00005272422975,8.000036899473066,0.0,16.00000015782252,1397.5185663026148,315.9000118589718,315.9000118589718,-315.9000118589718,6.743857089851544e-08,5.633029673869951e-07
286,2023-01-13T21:00:00Z,100.00005272422975,8.000036899473066,0.0,16.00000015782252,2.0818204597922137e-05,3.8946007586649776e-05,3.6551374913630757e-06,7.71381604278172e-06,83.9571439417633,2.6687755856394413e-06,0.0,0.0,5.539793393630872e-09,0.0,120.0,0.12,9.89,0.0,100.00003214094826,8.000036507880125,0.0,16.000000149664576,203.95712442405735,293.85001183793065,293.85001183793065,-293.85001183793065,7.128230931251124e-08,4.628752500919124e-07
287,2023-01-13T22:00:00Z,100.00003214094826,8.000036507880125,0.0,16.000000149664576,215.52947682888706,1.3504333611025022e-05,5.083020421195677e-06,4.4477708803907205e-06,79.45714615362712,3.153972872471966e-06,0.0,0.0,7.0759486743052185e-09,0.0,120.0,0.09729,10.34,0.0,306.9083158296656,8.000036340115994,0.0,16.00000023071532,414.98661326740296,278.1000177735677,278.1000177735677,-278.1000177735677,9.912881109442514e-08,2.66892942117655e-07
288,2023-01-13T23:00:00Z,306.9083158296656,8.000036340115994,0.0,16.00000023071532,1.335839289165676e-05,198.63136676938453,3.6395670043787152e-06,7.3035628360229064e-06,78.25714383860205,2.638447636452506e-06,0.0,0.0,6.066791031996814e-09,0.0,120.0,0.135,10.46,0.0,100.00065493561388,8.000035972837052,0.0,16.000000165568277,-0.37421059793781514,273.9000111596643,273.9000111596643,-273.9000111596643,7.097865445083004e-08,4.382575959209665e-07
289,2023-01-14T00:00:00Z,100.00065493561388,8.000035972837052,0.0,16.000000165568277,1.3477977599560887e-05,0.0006174053624435709,3.5519579409859865e-06,6.959932267575525e-06,79.05714397958157,2.5636340532610412e-06,0.0,0.0,5.8098061417665095e-09,0.0,120.0,0.1172,10.38,0.0,100.00002474388648,8.00003562446946,0.0,16.00000014789736,199.05653920785645,276.70001133848575,276.70001133848575,-276.70001133848575,6.927010685991274e-08,4.17637699824514e-07
290,2023-01-14T01:00:00Z,100.00002474388648,8.00003562446946,0.0,16.00000014789736,2.0996401326548258e-05,3.6275993841672324e-05,4.491649133345888e-06,4.3031473975571e-06,81.2571447234135,2.845245353668827e-06,0.0,0.0,6.186699663954071e-09,0.0,120.0,0.09867,10.16,0.0,100.00000711293818,8.000035453850712,0.0,16.00000014715355,201.2571324775681,284.4000123609434,284.4000123609434,-284.4000123609434,8.759591769201404e-08,2.58214665319958e-07
291,2023-01-14T02:00:00Z,100.00000711293818,8.000035453850712,0.0,16.00000014715355,4.244636162988567e-05,2.3436098279688462e-05,1.486903095624149e-05,2.2836579686825144e-06,82.25714735157624,4.191645486982826e-06,0.0,0.0,8.923008132004539e-09,0.0,120.0,0.05745,10.06,0.0,100.00002344884297,8.000035606792633,0.0,16.00000024974277,202.25718313885807,287.9000214788064,287.9000214788064,-287.9000214788064,2.899751011568248e-07,1.370331814390948e-07
292,2023-01-14T03:00:00Z,100.00002344884297,8.000035606792633,0.0,16.00000024974277,499.99852401148485,1.4419548460500695e-05,0.0003878437212153114,1.8865667510086815e-06,86.1571488939337,5.151079076813466e-06,0.0,0.0,1.0260035412294976e-08,0.0,120.0,0.04085,9.67,0.0,579.9985914795054,8.000043057296242,0.0,16.000000353958836,706.1560495941036,301.5500275489329,301.5500275489329,-301.5500275489329,7.563708934592032e-06,1.132053255930802e-07
293,2023-01-14T04:00:00Z,579.9985914795054,8.000043057296242,0.0,16.000000353958836,333.3346867608533,1.4571156941670002e-05,0.0009358456115015797,1.9177113153497754e-06,88.15714830976363,5.036313681383111e-06,0.0,0.0,9.717569453617677e-09,0.0,120.0,0.04102,9.47,0.0,899.9998755916362,8.000061193036561,0.0,16.000000359919714,541.4927594636739,308.55002541252117,308.55002541252117,-308.55002541252117,1.825081450573138e-05,1.150741863396205e-07
294,2023-01-14T05:00:00Z,899.9998755916362,8.000061193036561,0.0,16.000000359919714,0.00011300796020644796,1.7110246453558977e-05,4.2250827599796545e-05,1.918681298699027e-06,89.35714792753102,4.641610769701717e-06,0.0,0.0,8.792813564680784e-09,0.0,1305.0591078239768,0.0451,9.35,0.0,899.9999662561046,8.000061901877705,0.0,16.000000349048026,1394.4163966229785,312.7500236846301,312.7500236846301,-312.7500236846301,8.239735355495876e-07,1.1513239116105775e-07
295,2023-01-14T06:00:00Z,899.9999662561046,8.000061901877705,0.0,16.000000349048026,4.4737592971144174e-05,2.1043491465670093e-05,1.4902276000783464e-05,2.078815784561937e-06,90.0571473366781,3.9580155447605675e-06,0.0,0.0,7.421959381424492e-09,0.0,1305.0591078239768,0.0549,9.28,0.0,899.9999872838902,8.000062067759728,0.0,16.00000032863343,1395.116295636232,315.2000210519798,315.2000210519798,-315.2000210519798,2.9062344435971355e-07,1.247414212158378e-07
296,2023-01-14T07:00:00Z,899.9999872838902,8.000062067759728,0.0,16.00000032863343,2.489160716788234e-05,2.4742382168263535e-05,5.96981804468688e-06,2.697434249360491e-06,86.15714539148851,2.971724710375774e-06,0.0,0.0,5.939197204854835e-09,0.0,1305.0591078239768,0.07715,9.67,0.0,899.9999854065182,8.00006202232058,0.0,16.000000233336007,1391.2162596087985,301.5500137004213,301.5500137004213,-301.5500137004213,1.1642309418081224e-07,1.6186224118574805e-07
297,2023-01-14T08:00:00Z,899.9999854065182,8.00006202232058,0.0,16.000000233336007,1.261809015933481e-05,9.551603948409084e-05,3.551810916623563e-06,3.9303856939366365e-06,74.70228691747744,2.3062261007087136e-06,0.0,0.0,4.514395986440449e-09,16.52499999999995,1171.7636593759357,0.1001,9.53,56.24,899.9998980240103,8.000061855741095,0.0,16.000000148032413,1229.9408653231155,261.45800924560484,306.45000924560486,-261.45800924560484,6.926723959811931e-08,2.3584672630882908e-07
298,2023-01-14T09:00:00Z,899.9998980240103,8.000061855741095,0.0,16.000000148032413,1.800051955904873e-05,2.6222598114782932e-05,3.6191766793037064e-06,3.545590707403289e-06,65.12343042084751,2.2835495826965947e-06,0.0,0.0,4.477707104676369e-09,35.14,1073.474856973015,0.09673,9.54,97.71,899.9998879893028,8.00006171356538,0.0,16.000000152496803,1103.4582815289193,227.9320112155939,306.1000112155939,-227.9320112155939,7.058100334675696e-08,2.1275671811600896e-07
299,2023-01-14T10:00:00Z,899.9998879893028,8.00006171356538,0.0,16.000000152496803,1.660175410842828e-05,2.657185925271984e-05,3.3422080494632646e-06,3.6209694405712655e-06,29.323430229227842,2.1531219974615485e-06,0.0,0.0,4.382099093836454e-09,101.17,725.0674792727659,0.0992,9.76,244.71,899.9998762479668,8.00006156146506,0.0,16.000000146448784,653.2209014062491,102.63201046856683,298.40001046856685,-102.63201046856683,6.517957492202586e-08,2.1727989442371832e-07
300,2023-01-14T11:00:00Z,899.9998762479668,8.00006156146506,0.0,16.000000146448784,1.219044151244809e-05,5.4812151872657974e-05,2.9946024025886186e-06,4.0977357555364556e-06,47.569144048987035,2.017962817795618e-06,0.0,0.0,4.361515256258722e-09,58.235,949.5176742946271,0.10497,10.1,150.01,899.999830854799,8.000061373976912,0.0,16.000000124335777,938.8517766367332,166.49200903765285,286.50000903765283,-166.49200903765285,5.8400586909168976e-08,2.4588873420560793e-07
301,2023-01-14T12:00:00Z,899.999830854799,8.000061373976912,0.0,16.000000124335777,4.857136264556486e-05,1.222949952255376e-05,3.550741964197532e-06,3.1658476208062582e-06,68.7440019101389,2.183622461211623e-06,0.0,0.0,5.036449117137321e-09,11.709999999999999,1206.4147876887089,0.09386,10.46,41.62,899.9998647442452,8.00006125325345,0.0,16.000000144596573,1263.4488285092275,240.60401106336573,273.90001106336575,-240.60401106336573,6.924639294114599e-08,1.8996985423379888e-07
302,2023-01-14T13:00:00Z,899.9998647442452,8.00006125325345,0.0,16.000000144596573,7.499674997870032e-05,1.0898415599768456e-05,3.4792225933239844e-06,3.121153261556367e-06,74.74971611005576,2.1410844380956053e-06,0.0,0.0,4.884481653449155e-09,3.25,1262.468083488783,0.0938499999999999,10.4,17.97,899.999925388609,8.000061133817152,0.0,16.000000147429585,1333.967866196327,261.624010689676,276.000010689676,-261.624010689676,6.785162573239094e-08,1.8728792448583061e-07
303,2023-01-14T14:00:00Z,899.999925388609,8.000061133817152,0.0,16.000000147429585,3.1060470525943265e-05,1.3386223915461922e-05,3.0922104465174916e-06,3.534398020747856e-06,75.08171571865466,2.009068486432808e-06,0.0,0.0,4.597280230651103e-09,2.66,1266.9476069163575,0.1,10.41,16.08,899.9999412626775,8.000060982036196,0.0,16.000000132717098,1339.3693418761395,262.78600947834775,275.6500094783477,-262.78600947834775,6.030413412050313e-08,2.1208508975384676e-07
304,2023-01-14T15:00:00Z,899.9999412626775,8.000060982036196,0.0,16.000000132717098,6.316409872856248e-05,1.0669302606172713e-05,3.0601491171261045e-06,3.5148520033669347e-06,68.7822876988455,1.989378733480021e-06,0.0,0.0,4.731303377763459e-09,9.06,1222.3656832800195,0.1,10.61,34.89,899.9999907863554,8.00006083080286,0.0,16.000000161918237,1282.088025008337,240.73801137584059,268.65001137584056,-240.73801137584059,5.96788756715262e-08,2.1091221142315842e-07
305,2023-01-14T16:00:00Z,899.9999907863554,8.00006083080286,0.0,16.000000161918237,1.0570497637699984e-05,4.160271106944822e-05,1.9340818097228874e-06,1.524919744509438e-05,73.75714116842481,1.5236293759068183e-06,0.0,0.0,3.876529876170074e-09,0.0,1305.0591078239768,0.13426,10.91,0.0,899.9999575978758,8.000059953477876,0.0,16.000000102077145,1378.816206168702,258.15000627231814,258.15000627231814,-258.15000627231814,3.771836712630894e-08,9.150433510407669e-07
306,2023-01-14T17:00:00Z,899.9999575978758,8.000059953477876,0.0,16.000000102077145,7.701657017274082e-06,499.9997219623985,1.7516580733511394e-06,0.0005085872432830895,69.05704252754373,1.4309060467657682e-06,0.0,0.0,4.0444528009232015e-09,0.0,1305.0591078239768,0.1442,11.38,0.0,379.1669212806347,8.0000294693522,0.0,16.000000083527222,874.1159306860998,241.70000627407032,241.70000627407032,-241.70000627407032,3.416074850519774e-08,3.0518286425627934e-05
307,2023-01-14T18:00:00Z,379.1669212806347,8.0000294693522,0.0,16.000000083527222,3.0885940293520245e-05,1.1727114869894441e-05,2.144414657339304e-06,9.4277450146924e-06,65.2571430674509,1.6450070807382288e-06,0.0,0.0,5.06305270868552e-09,0.0,1305.0591078239768,0.127,11.76,0.0,379.1669387153927,8.000028945451195,0.0,16.000000114819198,1370.3162644119298,228.40000896405667,228.40000896405667,-228.40000896405667,4.182026784490092e-08,5.65721273008845e-07
308,2023-01-14T19:00:00Z,379.1669387153927,8.000028945451195,0.0,16.000000114819198,8.634872964106329e-06,268.00026271346127,1.8806135065617608e-06,0.00044224372488330116,64.85705571260347,1.543000607766316e-06,0.0,0.0,4.808847205294644e-09,0.0,1305.0591078239768,0.14351,11.8,0.0,100.0000066783486,8.000002444849605,0.0,16.0000000796106,1101.915470637881,227.00000609229014,227.00000609229014,-227.00000609229014,3.667563094104845e-08,2.653727722072014e-05
309,2023-01-14T20:00:00Z,100.0000066783486,8.000002444849605,0.0,16.0000000796106,3.0149747109730315e-05,1.5653926649081544e-05,3.759594127320582e-06,2.9249228957722453e-06,64.85714506463762,2.2236814205561524e-06,0.0,0.0,6.842785973795889e-09,0.0,1305.0591078239768,0.09937,11.8,0.0,100.00001931593224,8.000002342656098,0.0,16.000000141237063,1369.9162704427877,227.0000119751223,227.0000119751223,-227.0000119751223,7.33194174244938e-08,1.7551292503883862e-07
310,2023-01-14T21:00:00Z,100.00001931593224,8.000002342656098,0.0,16.000000141237063,1.939322417390845e-05,2.6606646569640868e-05,4.24643838009142e-06,2.9682196951054863e-06,64.45714477330188,2.4454830621767647e-06,0.0,0.0,7.580123306276854e-09,0.0,120.0,0.09342,11.84,0.0,100.00001021817059,8.000002247358935,0.0,16.00000014043787,184.45714128358125,225.60001120533857,225.60001120533857,-225.60001120533857,8.281382979476218e-08,1.7811099280560975e-07
311,2023-01-14T22:00:00Z,100.00001021817059,8.000002247358935,0.0,16.00000014043787,3.1939901792216144e-05,2.128646501372686e-05,8.603089594118497e-06,2.160124915026593e-06,64.15714630808121,3.240843503950767e-06,0.0,0.0,1.0053895967781118e-08,0.0,120.0,0.0691,11.87,0.0,100.00001870707526,8.000002285515503,0.0,16.000000204538694,184.15716664532619,224.55001679880672,224.55001679880672,-224.55001679880672,1.6777702478778947e-07,1.296204569472903e-07
312,2023-01-14T23:00:00Z,100.00001870707526,8.000002285515503,0.0,16.000000204538694,2.468043486534453e-05,3.235039399478362e-05,1.723245070352668e-05,1.8369772978653971e-06,64.85714618170513,3.7357522090925617e-06,0.0,0.0,1.1360997836127432e-08,0.0,120.0,0.06001,11.8,0.0,100.00000870196565,8.000002511352237,0.0,16.000000203072794,184.8571576429716,227.00001662024675,227.00001662024675,-227.00001662024675,3.3606639535830607e-07,1.1022966083800764e-07
313,2023-01-15T00:00:00Z,100.00000870196565,8.000002511352237,0.0,16.000000203072794,5.4562619560167415e-05,2.2756864068041764e-05,249.9999843743216,1.4495995447239816e-06,65.55715040113394,5.922192253449509e-06,0.0,0.0,1.7596845905475175e-08,0.0,120.0,0.0294,11.73,0.0,100.0000373770137,12.87548966839124,0.0,16.000000402709865,435.55717105380376,229.45003328165882,229.45003328165882,-229.45003328165882,4.875487244023674,8.698467115055396e-08
314,2023-01-15T01:00:00Z,100.0000373770137,12.87548966839124,0.0,16.000000402709865,2.789800303224676e-05,4.5471464780336985e-05,249.9999855328659,1.4572323707714627e-06,67.75714835416075,6.1926415758237585e-06,0.0,0.0,1.747832530394411e-08,0.0,120.0,0.02793,11.51,0.0,100.00001679298747,17.7509768475661,0.0,16.000000341813585,437.7571210489741,237.15002639034043,237.15002639034043,-237.15002639034043,4.875487266617547,8.744268651493926e-08
315,2023-01-15T02:00:00Z,100.00001679298747,17.7509768475661,0.0,16.000000341813585,0.00012541755018445475,2.2113621269953837e-05,249.99999353565275,1.2756859270643866e-06,71.9571561753606,1.055259211517134e-05,0.0,0.0,2.7105919702329076e-08,0.0,120.0,0.00694,11.09,0.0,100.00011415881349,22.626464193704788,0.0,16.00000068878044,441.95726229184845,251.85005795380843,251.85005795380843,-251.85005795380843,4.875487422687498,7.654881050491368e-08
316,2023-01-15T03:00:00Z,100.00011415881349,22.626464193704788,0.0,16.00000068878044,103.31501209152346,1.919788965055652e-05,249.99999401595423,1.2747755588356545e-06,77.05715821234178,1.2399058710023738e-05,0.0,0.0,2.8807302702209697e-08,0.0,120.0,0.00293,10.58,0.0,199.18250576887428,27.50195154926492,0.0,16.000000896114837,550.372156246213,269.70006691060723,269.70006691060723,-269.70006691060723,4.875487432054314,7.649418294843412e-08
317,2023-01-15T04:00:00Z,199.18250576887428,27.50195154926492,0.0,16.000000896114837,0.0002334587080027445,2.2022876314501605e-05,249.99999366011306,1.3246836933923662e-06,80.15715609685667,1.2281090939574057e-05,0.0,0.0,2.6976899574862896e-08,0.0,120.0,0.00405,10.27,0.0,199.1827069487378,32.377438894890666,0.0,16.00000084498062,450.1573721492087,280.55005942455693,280.55005942455693,-280.55005942455693,4.875487425114717,7.948897050059204e-08
318,2023-01-15T05:00:00Z,199.1827069487378,32.377438894890666,0.0,16.00000084498062,365.15901880468255,1.9779907360904875e-05,249.99999357180798,1.3706528646611996e-06,82.157158257608,1.3275083699568703e-05,0.0,0.0,2.8162260393190687e-08,0.0,1302.6836453262993,0.00158,10.07,0.0,549.7353443971629,37.25292623603586,0.0,16.000000935045993,1999.9998080849214,287.5500680034179,287.5500680034179,-287.5500680034179,4.875487423392595,8.224739661933391e-08
319,2023-01-15T06:00:00Z,549.7353443971629,37.25292623603586,0.0,16.000000935045993,364.8589763999895,2.1198706716652497e-05,249.99999309449106,1.4732134754547868e-06,82.45716255610056,1.420059663800365e-05,0.0,0.0,2.996803924583954e-08,0.0,1302.6836453262993,0.00181,10.04,0.0,899.9999396591667,42.1284135617182,0.0,16.00000121422818,1999.9997689055567,288.6000840361921,288.6000840361921,-288.6000840361921,4.875487414083985,8.840164869215643e-08
320,2023-01-15T07:00:00Z,899.9999396591667,42.1284135617182,0.0,16.00000121422818,8.333795182968976e-05,3.2742810847654434e-05,249.9999907336444,1.6776615366579596e-06,74.85716400398852,1.1816245511161495e-05,0.0,0.0,2.8630129387953657e-08,0.0,1302.6836453262993,0.0112,10.8,0.0,899.9999855565059,47.00390082909131,0.0,16.000001475954928,1627.5408607976572,262.00008688640594,262.00008688640594,-262.00008688640594,4.8754873680428705,1.0066975917539513e-07
321,2023-01-15T08:00:00Z,899.9999855565059,47.00390082909131,0.0,16.000001475954928,3.4057581559841106e-05,6.421228629247723e-05,249.99996792399142,2.0507832397413993e-06,75.52514491661526,7.285088911732872e-06,0.0,0.0,1.7322552038895172e-08,0.0,1298.2131011469658,0.0373999999999999,10.69,1.89,899.9999513639859,51.87938762924216,0.0,16.00000050522594,1623.7381890671734,264.33801585593966,265.85001585593966,-264.33801585593966,4.875486923210154,1.2305930031451542e-07
322,2023-01-15T09:00:00Z,899.9999513639859,51.87938762924216,0.0,16.00000050522594,7.323030975761324e-05,3.3117484657432664e-05,249.99996922979656,2.0790532777480304e-06,67.82515527120836,7.480644231530601e-06,0.0,0.0,1.7683458415178034e-08,9.9,1215.425245974125,0.03886,10.66,36.89,899.9999871677035,56.75487445316239,0.0,16.00000078716433,1523.3504159895456,237.38805231040433,266.90005231040436,-237.38805231040433,4.875486948675901,1.2475567223210504e-07
323,2023-01-15T10:00:00Z,899.9999871677035,56.75487445316239,0.0,16.00000078716433,2.5079735405642515e-05,0.0001230242958201072,1.4906159296057704e-05,3.0410651204510803e-06,66.40628806436762,5.011949087597098e-06,0.0,0.0,1.2477397690090586e-08,8.125,1226.6134332589118,0.0749,10.91,32.16,899.9998830939413,56.75487456137941,0.0,16.00000034053362,1284.8946402557622,232.42201531586184,258.1500153158618,-232.42201531586184,2.9069917619074436e-07,1.8248215544260908e-07
324,2023-01-15T11:00:00Z,899.9998830939413,56.75487456137941,0.0,16.00000034053362,2.2639985151125954e-05,0.0003218681137111949,1.2815037454376913e-05,3.290569277749297e-06,63.67200412805632,4.913295543262528e-06,0.0,0.0,1.282497299920778e-08,8.815,1222.1192354066718,0.08,11.14,34.06,899.999569549042,56.75487461384373,0.0,16.000000290943298,1276.9759547443632,222.85202161575822,250.1000216157582,-222.85202161575822,2.4991822218256806e-07,1.9745390205516334e-07
325,2023-01-15T12:00:00Z,899.999569549042,56.75487461384373,0.0,16.000000290943298,0.0004188167900775918,2.2708876139535366e-05,2.6613546566701855e-05,2.9012968832987505e-06,62.394864424754864,5.890672097261454e-06,0.0,0.0,1.5003622809763906e-08,12.78,1197.519415583885,0.06501,11.03,44.46,899.9999479580812,56.75487495876457,0.0,16.000000438752803,1247.1347057194755,218.3820333493152,253.95003334931522,-218.3820333493152,5.190160596566519e-07,1.7409522252017705e-07
326,2023-01-15T13:00:00Z,899.9999479580812,56.75487495876457,0.0,16.000000438752803,4.440802565257493e-05,4.1875173217182136e-05,1.338249715379719e-05,3.4609820759836796e-06,70.12686166360118,5.155618330371769e-06,0.0,0.0,1.1431662288969147e-08,12.09,1201.9899597632182,0.08015,10.3,42.57,899.9999469698138,56.75487501206967,0.0,16.000000348500443,1260.0268390368053,245.44402334935373,279.50002334935374,-245.44402334935373,2.609847929783431e-07,2.076796925282736e-07
327,2023-01-15T14:00:00Z,899.9999469698138,56.75487501206967,0.0,16.000000348500443,5.323543245603578e-05,3.544157271863278e-05,1.1400971806928728e-05,3.7701958302907295e-06,71.61371906710626,4.979668004484113e-06,0.0,0.0,1.0479566538884989e-08,14.715,1186.3312282990978,0.08602,10.0,49.19,899.999961157524,56.75487500817648,0.0,16.000000340098367,1243.2299777705077,250.6480243038803,290.0000243038803,-250.6480243038803,2.2234118435354557e-07,2.2623437325476926e-07
328,2023-01-15T15:00:00Z,899.999961157524,56.75487500817648,0.0,16.000000340098367,6.344768885724294e-05,3.066786958479989e-05,9.274019015246281e-06,4.2823176253741585e-06,85.38171983227336,4.689514174416506e-06,0.0,0.0,8.92460801272226e-09,2.68,1264.6485392926056,0.095,9.38,16.08,899.9999901216078,56.75487493207318,0.0,16.00000039980416,1347.3503015859137,298.83602705319817,311.70002705319814,-298.83602705319817,1.808614569429968e-07,2.569647539978493e-07
329,2023-01-15T16:00:00Z,899.9999901216078,56.75487493207318,0.0,16.00000039980416,3.5881134009189126e-05,3.618625307936508e-05,4.683891911038217e-06,9.90209021628036e-06,99.85714388650075,3.437703918373794e-06,0.0,0.0,5.597488606279225e-09,0.0,1302.6836453262993,0.13964,8.3,0.0,899.9999868734828,56.754874429233375,0.0,16.00000024441785,1402.5407871271866,349.50001393754263,349.50001393754263,-349.50001393754263,9.134502676792203e-08,5.941848314599676e-07
330,2023-01-15T17:00:00Z,899.9999868734828,56.754874429233375,0.0,16.00000024441785,2.6202180362999087e-05,4.3426878906301505e-05,3.3755430012778227e-06,0.0006976716067479686,105.85700591519527,2.83326392838177e-06,0.0,0.0,4.2608296027697435e-09,0.0,1302.6836453262993,0.1746,7.7,0.0,899.9999667912438,56.7548326305802,0.0,16.00000017726509,1408.5399425539963,370.5000118782395,370.5000118782395,-370.5000118782395,6.582967149206676e-08,4.1864482853163436e-05
331,2023-01-15T18:00:00Z,899.9999667912438,56.7548326305802,0.0,16.00000017726509,1.534097188765853e-05,268.00016081444835,2.8161097259978375e-06,199.99998430112223,67.35714822481619,2.523120398703132e-06,0.0,0.0,3.7201448341507226e-09,0.0,1302.6836453262993,0.1977,7.55,0.0,620.8331473368597,44.75363350751469,0.0,16.00000013793748,902.0406691157469,375.7500102955314,375.7500102955314,-375.7500102955314,5.4919631620119845e-08,12.001199177985132
332,2023-01-15T19:00:00Z,620.8331473368597,44.75363350751469,0.0,16.00000013793748,1.3637648766703176e-05,499.99980386943645,2.7344396368729456e-06,199.9999858990921,74.25714777666266,2.460025125021145e-06,0.0,0.0,3.3337922164368474e-09,0.0,1302.6836453262993,0.1999,6.86,0.0,100.0000313983395,32.75243428696868,0.0,16.00000011753971,676.9410221665471,399.90000978310866,399.90000978310866,-399.90000978310866,5.3326905609583405e-08,12.001199273872915
333,2023-01-15T20:00:00Z,100.0000313983395,32.75243428696868,0.0,16.00000011753971,3.008403349439739e-05,2.7090429043637318e-05,3.4486230269976157e-06,5.102939485703374e-05,115.1571356707246,2.836908889564412e-06,0.0,0.0,3.811314607193961e-09,0.0,1302.6836453262993,0.16834,6.77,0.0,100.00003205981474,32.75243129215365,0.0,16.00000015742763,1417.8407392467652,403.0500133766523,403.0500133766523,-403.0500133766523,6.72548745139049e-08,3.062069898411866e-06
334,2023-01-15T21:00:00Z,100.00003205981474,32.75243129215365,0.0,16.00000015742763,2.100048276544646e-05,3.541304093549049e-05,3.673884190649408e-06,2.2556706535348746e-05,115.25714109653624,2.9369491374120883e-06,0.0,0.0,3.9428048858233386e-09,0.0,120.0,0.16,6.76,0.0,100.00001533169389,32.752430010263815,0.0,16.00000015275086,235.25711073810487,403.4000125351511,403.4000125351511,-403.4000125351511,7.16479065083143e-08,1.3535377458955144e-06
335,2023-01-15T22:00:00Z,100.00001533169389,32.752430010263815,0.0,16.00000015275086,3.0983285401648344e-05,3.734665362863406e-05,4.845100767485165e-06,7.975521190380758e-06,115.35714422287195,3.4280420325594674e-06,0.0,0.0,4.604572433625471e-09,0.0,120.0,0.133,6.75,0.0,100.00000617288367,32.7524296261736,0.0,16.000000150815442,235.35713815712532,403.7500137566783,403.7500137566783,-403.7500137566783,9.448891385734646e-08,4.785791293357791e-07
