timestamp,price_EUR_MWh,price_EUR_kWh
2023-01-01 00:00:00+00:00,-1.46,-0.00146
2023-01-01 01:00:00+00:00,-1.52,-0.00152
2023-01-01 02:00:00+00:00,-5.0,-0.005
2023-01-01 03:00:00+00:00,-4.6,-0.0046
2023-01-01 04:00:00+00:00,-4.05,-0.00405
2023-01-01 05:00:00+00:00,-3.6,-0.0036
2023-01-01 06:00:00+00:00,0.0,0.0
2023-01-01 07:00:00+00:00,0.0,0.0
2023-01-01 08:00:00+00:00,0.0,0.0
2023-01-01 09:00:00+00:00,0.99,0.00099
2023-01-01 10:00:00+00:00,0.58,0.00058
2023-01-01 11:00:00+00:00,0.04,4e-05
2023-01-01 12:00:00+00:00,0.0,0.0
2023-01-01 13:00:00+00:00,0.85,0.00085
2023-01-01 14:00:00+00:00,23.53,0.023530000000000002
2023-01-01 15:00:00+00:00,36.54,0.036539999999999996
2023-01-01 16:00:00+00:00,46.03,0.04603
2023-01-01 17:00:00+00:00,99.9,0.0999
2023-01-01 18:00:00+00:00,54.95,0.054950000000000006
2023-01-01 19:00:00+00:00,62.0,0.062
2023-01-01 20:00:00+00:00,52.93,0.05293
2023-01-01 21:00:00+00:00,45.96,0.04596
2023-01-01 22:00:00+00:00,35.0,0.035
2023-01-01 23:00:00+00:00,109.9,0.10990000000000001
2023-01-02 00:00:00+00:00,94.9,0.09490000000000001
2023-01-02 01:00:00+00:00,52.93,0.05293
2023-01-02 02:00:00+00:00,44.16,0.04416
2023-01-02 03:00:00+00:00,50.08,0.05008
2023-01-02 04:00:00+00:00,77.09,0.07709
2023-01-02 05:00:00+00:00,105.08,0.10507999999999999
2023-01-02 06:00:00+00:00,140.64,0.14064
2023-01-02 07:00:00+00:00,162.44,0.16244
2023-01-02 08:00:00+00:00,180.0,0.18
2023-01-02 09:00:00+00:00,145.61,0.14561000000000002
2023-01-02 10:00:00+00:00,143.35,0.14335
2023-01-02 11:00:00+00:00,144.38,0.14438
2023-01-02 12:00:00+00:00,143.76,0.14376
2023-01-02 13:00:00+00:00,148.2,0.1482
2023-01-02 14:00:00+00:00,155.34,0.15534
2023-01-02 15:00:00+00:00,164.0,0.164
2023-01-02 16:00:00+00:00,185.68,0.18568
2023-01-02 17:00:00+00:00,174.74,0.17474
2023-01-02 18:00:00+00:00,169.9,0.1699
2023-01-02 19:00:00+00:00,153.0,0.153
2023-01-02 20:00:00+00:00,141.67,0.14167
2023-01-02 21:00:00+00:00,134.91,0.13491
2023-01-02 22:00:00+00:00,124.22,0.12422
2023-01-02 23:00:00+00:00,130.01,0.13001
2023-01-03 00:00:00+00:00,120.0,0.12
2023-01-03 01:00:00+00:00,118.76,0.11876
2023-01-03 02:00:00+00:00,115.0,0.115
2023-01-03 03:00:00+00:00,113.63,0.11363
2023-01-03 04:00:00+00:00,116.27,0.11627
2023-01-03 05:00:00+00:00,138.92,0.13892
2023-01-03 06:00:00+00:00,159.92,0.15991999999999998
2023-01-03 07:00:00+00:00,169.17,0.16917
2023-01-03 08:00:00+00:00,171.18,0.17118
2023-01-03 09:00:00+00:00,168.57,0.16857
2023-01-03 10:00:00+00:00,169.49,0.16949
2023-01-03 11:00:00+00:00,164.5,0.1645
2023-01-03 12:00:00+00:00,160.91,0.16091
2023-01-03 13:00:00+00:00,163.06,0.16306
2023-01-03 14:00:00+00:00,166.79,0.16679
2023-01-03 15:00:00+00:00,166.57,0.16657
2023-01-03 16:00:00+00:00,170.82,0.17082
2023-01-03 17:00:00+00:00,168.95,0.16895
2023-01-03 18:00:00+00:00,160.99,0.16099000000000002
2023-01-03 19:00:00+00:00,149.62,0.14962
2023-01-03 20:00:00+00:00,130.63,0.13063
2023-01-03 21:00:00+00:00,114.42,0.11442000000000001
2023-01-03 22:00:00+00:00,92.48,0.09248
2023-01-03 23:00:00+00:00,80.07,0.08006999999999999
2023-01-04 00:00:00+00:00,68.44,0.06844
2023-01-04 01:00:00+00:00,37.92,0.03792
2023-01-04 02:00:00+00:00,0.0,0.0
2023-01-04 03:00:00+00:00,0.0,0.0
2023-01-04 04:00:00+00:00,6.33,0.00633
2023-01-04 05:00:00+00:00,54.9,0.0549
2023-01-04 06:00:00+00:00,85.32,0.08532
2023-01-04 07:00:00+00:00,150.0,0.15
2023-01-04 08:00:00+00:00,146.0,0.146
2023-01-04 09:00:00+00:00,131.19,0.13119
2023-01-04 10:00:00+00:00,130.53,0.13053
2023-01-04 11:00:00+00:00,127.87,0.12787
2023-01-04 12:00:00+00:00,119.08,0.11907999999999999
2023-01-04 13:00:00+00:00,116.55,0.11655
2023-01-04 14:00:00+00:00,127.99,0.12799
2023-01-04 15:00:00+00:00,131.25,0.13125
2023-01-04 16:00:00+00:00,150.2,0.1502
2023-01-04 17:00:00+00:00,137.5,0.1375
2023-01-04 18:00:00+00:00,129.49,0.12949000000000002
2023-01-04 19:00:00+00:00,122.4,0.12240000000000001
2023-01-04 20:00:00+00:00,129.39,0.12938999999999998
2023-01-04 21:00:00+00:00,108.96,0.10895999999999999
2023-01-04 22:00:00+00:00,106.0,0.106
2023-01-04 23:00:00+00:00,5.4,0.0054
2023-01-05 00:00:00+00:00,3.63,0.00363
2023-01-05 01:00:00+00:00,4.9,0.004900000000000001
2023-01-05 02:00:00+00:00,0.0,0.0
2023-01-05 03:00:00+00:00,6.87,0.00687
2023-01-05 04:00:00+00:00,16.32,0.01632
2023-01-05 05:00:00+00:00,67.8,0.0678
2023-01-05 06:00:00+00:00,119.9,0.1199
2023-01-05 07:00:00+00:00,179.0,0.179
2023-01-05 08:00:00+00:00,171.04,0.17104
2023-01-05 09:00:00+00:00,169.47,0.16947
2023-01-05 10:00:00+00:00,154.0,0.154
2023-01-05 11:00:00+00:00,146.0,0.146
2023-01-05 12:00:00+00:00,145.1,0.1451
2023-01-05 13:00:00+00:00,151.03,0.15103
2023-01-05 14:00:00+00:00,159.48,0.15947999999999998
2023-01-05 15:00:00+00:00,172.73,0.17273
2023-01-05 16:00:00+00:00,222.1,0.2221
2023-01-05 17:00:00+00:00,194.67,0.19466999999999998
2023-01-05 18:00:00+00:00,177.98,0.17798
2023-01-05 19:00:00+00:00,163.99,0.16399
2023-01-05 20:00:00+00:00,152.0,0.152
2023-01-05 21:00:00+00:00,144.64,0.14464
2023-01-05 22:00:00+00:00,127.0,0.127
2023-01-05 23:00:00+00:00,107.21,0.10721
2023-01-06 00:00:00+00:00,101.1,0.1011
2023-01-06 01:00:00+00:00,96.73,0.09673000000000001
2023-01-06 02:00:00+00:00,81.42,0.08142
2023-01-06 03:00:00+00:00,74.45,0.07445
2023-01-06 04:00:00+00:00,78.32,0.07831999999999999
2023-01-06 05:00:00+00:00,96.89,0.09689
2023-01-06 06:00:00+00:00,107.02,0.10701999999999999
2023-01-06 07:00:00+00:00,122.94,0.12294
2023-01-06 08:00:00+00:00,166.4,0.1664
2023-01-06 09:00:00+00:00,182.4,0.1824
2023-01-06 10:00:00+00:00,163.67,0.16366999999999998
2023-01-06 11:00:00+00:00,140.2,0.1402
2023-01-06 12:00:00+00:00,135.0,0.135
2023-01-06 13:00:00+00:00,158.0,0.158
2023-01-06 14:00:00+00:00,170.4,0.1704
2023-01-06 15:00:00+00:00,140.1,0.1401
2023-01-06 16:00:00+00:00,155.93,0.15593
2023-01-06 17:00:00+00:00,163.5,0.1635
2023-01-06 18:00:00+00:00,146.74,0.14674
2023-01-06 19:00:00+00:00,139.39,0.13939
2023-01-06 20:00:00+00:00,131.84,0.13184
2023-01-06 21:00:00+00:00,129.94,0.12994
2023-01-06 22:00:00+00:00,121.31,0.12131
2023-01-06 23:00:00+00:00,97.28,0.09728
2023-01-07 00:00:00+00:00,98.16,0.09816
2023-01-07 01:00:00+00:00,94.96,0.09495999999999999
2023-01-07 02:00:00+00:00,83.86,0.08386
2023-01-07 03:00:00+00:00,76.66,0.07665999999999999
2023-01-07 04:00:00+00:00,69.88,0.06988
2023-01-07 05:00:00+00:00,76.49,0.07648999999999999
2023-01-07 06:00:00+00:00,92.53,0.09253
2023-01-07 07:00:00+00:00,109.94,0.10994
2023-01-07 08:00:00+00:00,112.87,0.11287
2023-01-07 09:00:00+00:00,100.69,0.10069
2023-01-07 10:00:00+00:00,88.32,0.08832
2023-01-07 11:00:00+00:00,87.9,0.0879
2023-01-07 12:00:00+00:00,74.29,0.07429000000000001
2023-01-07 13:00:00+00:00,90.0,0.09
2023-01-07 14:00:00+00:00,86.9,0.0869
2023-01-07 15:00:00+00:00,94.31,0.09431
2023-01-07 16:00:00+00:00,98.32,0.09831999999999999
2023-01-07 17:00:00+00:00,100.96,0.10096
2023-01-07 18:00:00+00:00,96.0,0.096
2023-01-07 19:00:00+00:00,89.1,0.0891
2023-01-07 20:00:00+00:00,62.98,0.06298
2023-01-07 21:00:00+00:00,51.2,0.0512
2023-01-07 22:00:00+00:00,38.79,0.03879
2023-01-07 23:00:00+00:00,11.55,0.011550000000000001
2023-01-08 00:00:00+00:00,9.07,0.00907
2023-01-08 01:00:00+00:00,9.1,0.0091
2023-01-08 02:00:00+00:00,3.46,0.00346
2023-01-08 03:00:00+00:00,2.8,0.0028
2023-01-08 04:00:00+00:00,5.08,0.00508
2023-01-08 05:00:00+00:00,9.02,0.00902
2023-01-08 06:00:00+00:00,16.47,0.01647
2023-01-08 07:00:00+00:00,50.23,0.05023
2023-01-08 08:00:00+00:00,83.02,0.08302
2023-01-08 09:00:00+00:00,93.88,0.09387999999999999
2023-01-08 10:00:00+00:00,103.87,0.10387
2023-01-08 11:00:00+00:00,101.69,0.10169
2023-01-08 12:00:00+00:00,99.0,0.099
2023-01-08 13:00:00+00:00,104.29,0.10429000000000001
2023-01-08 14:00:00+00:00,103.33,0.10333
2023-01-08 15:00:00+00:00,108.43,0.10843000000000001
2023-01-08 16:00:00+00:00,118.72,0.11871999999999999
2023-01-08 17:00:00+00:00,122.76,0.12276000000000001
2023-01-08 18:00:00+00:00,109.44,0.10944
2023-01-08 19:00:00+00:00,104.41,0.10441
2023-01-08 20:00:00+00:00,98.65,0.09865
2023-01-08 21:00:00+00:00,99.38,0.09938
2023-01-08 22:00:00+00:00,81.34,0.08134000000000001
2023-01-08 23:00:00+00:00,75.13,0.07513
2023-01-09 00:00:00+00:00,64.38,0.06437999999999999
2023-01-09 01:00:00+00:00,60.28,0.06028
2023-01-09 02:00:00+00:00,39.41,0.039409999999999994
2023-01-09 03:00:00+00:00,43.12,0.04312
2023-01-09 04:00:00+00:00,69.07,0.06906999999999999
2023-01-09 05:00:00+00:00,107.13,0.10712999999999999
2023-01-09 06:00:00+00:00,160.0,0.16
2023-01-09 07:00:00+00:00,180.0,0.18
2023-01-09 08:00:00+00:00,177.16,0.17715999999999998
2023-01-09 09:00:00+00:00,159.13,0.15913
2023-01-09 10:00:00+00:00,160.78,0.16078
2023-01-09 11:00:00+00:00,141.0,0.141
2023-01-09 12:00:00+00:00,142.07,0.14207
2023-01-09 13:00:00+00:00,138.97,0.13897
2023-01-09 14:00:00+00:00,151.23,0.15123
2023-01-09 15:00:00+00:00,162.04,0.16204
2023-01-09 16:00:00+00:00,174.27,0.17427
2023-01-09 17:00:00+00:00,182.18,0.18218
2023-01-09 18:00:00+00:00,170.24,0.17024
2023-01-09 19:00:00+00:00,160.51,0.16050999999999999
2023-01-09 20:00:00+00:00,138.93,0.13893
2023-01-09 21:00:00+00:00,132.0,0.132
2023-01-09 22:00:00+00:00,108.31,0.10831
2023-01-09 23:00:00+00:00,106.01,0.10601000000000001
2023-01-10 00:00:00+00:00,96.72,0.09672
2023-01-10 01:00:00+00:00,95.15,0.09515000000000001
2023-01-10 02:00:00+00:00,90.33,0.09033
2023-01-10 03:00:00+00:00,95.61,0.09561
2023-01-10 04:00:00+00:00,108.6,0.10859999999999999
2023-01-10 05:00:00+00:00,138.13,0.13813
2023-01-10 06:00:00+00:00,156.0,0.156
2023-01-10 07:00:00+00:00,220.0,0.22
2023-01-10 08:00:00+00:00,222.0,0.222
2023-01-10 09:00:00+00:00,163.52,0.16352
2023-01-10 10:00:00+00:00,147.6,0.14759999999999998
2023-01-10 11:00:00+00:00,141.25,0.14125
2023-01-10 12:00:00+00:00,141.68,0.14168
2023-01-10 13:00:00+00:00,145.41,0.14540999999999998
2023-01-10 14:00:00+00:00,145.92,0.14592
2023-01-10 15:00:00+00:00,140.11,0.14011
2023-01-10 16:00:00+00:00,147.9,0.1479
2023-01-10 17:00:00+00:00,144.74,0.14474
2023-01-10 18:00:00+00:00,130.1,0.1301
2023-01-10 19:00:00+00:00,122.81,0.12281
2023-01-10 20:00:00+00:00,101.9,0.1019
2023-01-10 21:00:00+00:00,82.0,0.082
2023-01-10 22:00:00+00:00,42.96,0.04296
2023-01-10 23:00:00+00:00,5.0,0.005
2023-01-11 00:00:00+00:00,0.0,0.0
2023-01-11 01:00:00+00:00,-0.33,-0.00033
2023-01-11 02:00:00+00:00,-0.23,-0.00023
2023-01-11 03:00:00+00:00,0.0,0.0
2023-01-11 04:00:00+00:00,2.59,0.00259
2023-01-11 05:00:00+00:00,57.31,0.05731
2023-01-11 06:00:00+00:00,91.11,0.09111
2023-01-11 07:00:00+00:00,163.58,0.16358
2023-01-11 08:00:00+00:00,155.6,0.1556
2023-01-11 09:00:00+00:00,131.78,0.13178
2023-01-11 10:00:00+00:00,130.6,0.1306
2023-01-11 11:00:00+00:00,117.82,0.11782
2023-01-11 12:00:00+00:00,110.54,0.11054
2023-01-11 13:00:00+00:00,115.74,0.11574
2023-01-11 14:00:00+00:00,118.83,0.11883
2023-01-11 15:00:00+00:00,120.81,0.12081
2023-01-11 16:00:00+00:00,133.79,0.13379
2023-01-11 17:00:00+00:00,133.87,0.13387000000000002
2023-01-11 18:00:00+00:00,129.9,0.12990000000000002
2023-01-11 19:00:00+00:00,118.53,0.11853
2023-01-11 20:00:00+00:00,94.87,0.09487000000000001
2023-01-11 21:00:00+00:00,92.03,0.09203
2023-01-11 22:00:00+00:00,69.23,0.06923
2023-01-11 23:00:00+00:00,21.74,0.02174
2023-01-12 00:00:00+00:00,5.92,0.00592
2023-01-12 01:00:00+00:00,5.66,0.00566
2023-01-12 02:00:00+00:00,0.1,0.0001
2023-01-12 03:00:00+00:00,2.73,0.00273
2023-01-12 04:00:00+00:00,25.55,0.02555
2023-01-12 05:00:00+00:00,85.72,0.08572
2023-01-12 06:00:00+00:00,115.35,0.11535
2023-01-12 07:00:00+00:00,138.6,0.1386
2023-01-12 08:00:00+00:00,156.6,0.1566
2023-01-12 09:00:00+00:00,110.0,0.11
2023-01-12 10:00:00+00:00,111.92,0.11192
2023-01-12 11:00:00+00:00,106.7,0.1067
2023-01-12 12:00:00+00:00,102.87,0.10287
2023-01-12 13:00:00+00:00,110.24,0.11023999999999999
2023-01-12 14:00:00+00:00,108.66,0.10865999999999999
2023-01-12 15:00:00+00:00,107.91,0.10790999999999999
2023-01-12 16:00:00+00:00,130.0,0.13
2023-01-12 17:00:00+00:00,144.5,0.1445
2023-01-12 18:00:00+00:00,130.0,0.13
2023-01-12 19:00:00+00:00,131.14,0.13113999999999998
2023-01-12 20:00:00+00:00,86.0,0.086
2023-01-12 21:00:00+00:00,74.1,0.0741
2023-01-12 22:00:00+00:00,40.41,0.040409999999999995
2023-01-12 23:00:00+00:00,32.92,0.032920000000000005
2023-01-13 00:00:00+00:00,17.2,0.0172
2023-01-13 01:00:00+00:00,10.43,0.01043
2023-01-13 02:00:00+00:00,2.65,0.00265
2023-01-13 03:00:00+00:00,3.35,0.00335
2023-01-13 04:00:00+00:00,25.7,0.0257
2023-01-13 05:00:00+00:00,55.5,0.0555
2023-01-13 06:00:00+00:00,88.65,0.08865
2023-01-13 07:00:00+00:00,112.43,0.11243
2023-01-13 08:00:00+00:00,107.07,0.10707
2023-01-13 09:00:00+00:00,97.1,0.09709999999999999
2023-01-13 10:00:00+00:00,89.03,0.08903
2023-01-13 11:00:00+00:00,76.77,0.07676999999999999
2023-01-13 12:00:00+00:00,70.24,0.07024
2023-01-13 13:00:00+00:00,74.23,0.07423
2023-01-13 14:00:00+00:00,80.6,0.08059999999999999
2023-01-13 15:00:00+00:00,87.58,0.08758
2023-01-13 16:00:00+00:00,141.83,0.14183
2023-01-13 17:00:00+00:00,155.0,0.155
2023-01-13 18:00:00+00:00,144.2,0.1442
2023-01-13 19:00:00+00:00,121.77,0.12176999999999999
2023-01-13 20:00:00+00:00,125.4,0.1254
2023-01-13 21:00:00+00:00,120.0,0.12
2023-01-13 22:00:00+00:00,97.29,0.09729
2023-01-13 23:00:00+00:00,135.0,0.135
2023-01-14 00:00:00+00:00,117.2,0.1172
2023-01-14 01:00:00+00:00,98.67,0.09867000000000001
2023-01-14 02:00:00+00:00,57.45,0.05745
2023-01-14 03:00:00+00:00,40.85,0.040850000000000004
2023-01-14 04:00:00+00:00,41.02,0.04102
2023-01-14 05:00:00+00:00,45.1,0.0451
2023-01-14 06:00:00+00:00,54.9,0.0549
2023-01-14 07:00:00+00:00,77.15,0.07715000000000001
2023-01-14 08:00:00+00:00,100.1,0.1001
2023-01-14 09:00:00+00:00,96.73,0.09673000000000001
2023-01-14 10:00:00+00:00,99.2,0.0992
2023-01-14 11:00:00+00:00,104.97,0.10497
2023-01-14 12:00:00+00:00,93.86,0.09386
2023-01-14 13:00:00+00:00,93.85,0.09384999999999999
2023-01-14 14:00:00+00:00,100.0,0.1
2023-01-14 15:00:00+00:00,100.0,0.1
2023-01-14 16:00:00+00:00,134.26,0.13426
2023-01-14 17:00:00+00:00,144.2,0.1442
2023-01-14 18:00:00+00:00,127.0,0.127
2023-01-14 19:00:00+00:00,143.51,0.14351
2023-01-14 20:00:00+00:00,99.37,0.09937
2023-01-14 21:00:00+00:00,93.42,0.09342
2023-01-14 22:00:00+00:00,69.1,0.0691
2023-01-14 23:00:00+00:00,60.01,0.06001
2023-01-15 00:00:00+00:00,29.4,0.0294
2023-01-15 01:00:00+00:00,27.93,0.02793
2023-01-15 02:00:00+00:00,6.94,0.00694
2023-01-15 03:00:00+00:00,2.93,0.0029300000000000003
2023-01-15 04:00:00+00:00,4.05,0.00405
2023-01-15 05:00:00+00:00,1.58,0.00158
2023-01-15 06:00:00+00:00,1.81,0.00181
2023-01-15 07:00:00+00:00,11.2,0.0112
2023-01-15 08:00:00+00:00,37.4,0.037399999999999996
2023-01-15 09:00:00+00:00,38.86,0.03886
2023-01-15 10:00:00+00:00,74.9,0.07490000000000001
2023-01-15 11:00:00+00:00,80.0,0.08
2023-01-15 12:00:00+00:00,65.01,0.06501
2023-01-15 13:00:00+00:00,80.15,0.08015
2023-01-15 14:00:00+00:00,86.02,0.08602
2023-01-15 15:00:00+00:00,95.0,0.095
2023-01-15 16:00:00+00:00,139.64,0.13964
2023-01-15 17:00:00+00:00,174.6,0.1746
2023-01-15 18:00:00+00:00,197.7,0.1977
2023-01-15 19:00:00+00:00,199.9,0.1999
2023-01-15 20:00:00+00:00,168.34,0.16834
2023-01-15 21:00:00+00:00,160.0,0.16
2023-01-15 22:00:00+00:00,133.0,0.133
2023-01-15 23:00:00+00:00,60.01,0.06001
2023-01-16 00:00:00+00:00,60.01,0.06001
2023-01-16 01:00:00+00:00,62.72,0.06272
2023-01-16 02:00:00+00:00,56.1,0.056100000000000004
2023-01-16 03:00:00+00:00,63.3,0.0633
2023-01-16 04:00:00+00:00,87.0,0.087
2023-01-16 05:00:00+00:00,154.63,0.15463
2023-01-16 06:00:00+00:00,175.11,0.17511000000000002
2023-01-16 07:00:00+00:00,185.99,0.18599000000000002
2023-01-16 08:00:00+00:00,170.0,0.17
2023-01-16 09:00:00+00:00,200.1,0.2001
2023-01-16 10:00:00+00:00,165.6,0.1656
2023-01-16 11:00:00+00:00,148.59,0.14859
2023-01-16 12:00:00+00:00,145.47,0.14547
2023-01-16 13:00:00+00:00,146.1,0.1461
2023-01-16 14:00:00+00:00,149.9,0.1499
2023-01-16 15:00:00+00:00,151.45,0.15145
2023-01-16 16:00:00+00:00,166.79,0.16679
2023-01-16 17:00:00+00:00,173.72,0.17371999999999999
2023-01-16 18:00:00+00:00,150.5,0.1505
2023-01-16 19:00:00+00:00,145.9,0.1459
2023-01-16 20:00:00+00:00,131.97,0.13197
2023-01-16 21:00:00+00:00,127.31,0.12731
2023-01-16 22:00:00+00:00,120.0,0.12
2023-01-16 23:00:00+00:00,101.19,0.10119
2023-01-17 00:00:00+00:00,95.45,0.09545000000000001
2023-01-17 01:00:00+00:00,97.98,0.09798
2023-01-17 02:00:00+00:00,100.0,0.1
2023-01-17 03:00:00+00:00,101.09,0.10109
2023-01-17 04:00:00+00:00,113.55,0.11355
2023-01-17 05:00:00+00:00,131.05,0.13105
2023-01-17 06:00:00+00:00,140.8,0.1408
2023-01-17 07:00:00+00:00,200.0,0.2
2023-01-17 08:00:00+00:00,232.8,0.2328
2023-01-17 09:00:00+00:00,128.92,0.12891999999999998
2023-01-17 10:00:00+00:00,120.0,0.12
2023-01-17 11:00:00+00:00,115.95,0.11595
2023-01-17 12:00:00+00:00,112.9,0.1129
2023-01-17 13:00:00+00:00,115.93,0.11593
2023-01-17 14:00:00+00:00,147.72,0.14772
2023-01-17 15:00:00+00:00,171.0,0.171
2023-01-17 16:00:00+00:00,184.73,0.18472999999999998
2023-01-17 17:00:00+00:00,162.19,0.16219
2023-01-17 18:00:00+00:00,150.1,0.15009999999999998
2023-01-17 19:00:00+00:00,144.43,0.14443
2023-01-17 20:00:00+00:00,141.41,0.14141
2023-01-17 21:00:00+00:00,132.8,0.1328
2023-01-17 22:00:00+00:00,131.4,0.13140000000000002
2023-01-17 23:00:00+00:00,119.8,0.1198
2023-01-18 00:00:00+00:00,120.1,0.1201
2023-01-18 01:00:00+00:00,123.9,0.12390000000000001
2023-01-18 02:00:00+00:00,122.87,0.12287000000000001
2023-01-18 03:00:00+00:00,120.48,0.12048
2023-01-18 04:00:00+00:00,121.91,0.12190999999999999
2023-01-18 05:00:00+00:00,130.39,0.13038999999999998
2023-01-18 06:00:00+00:00,166.4,0.1664
2023-01-18 07:00:00+00:00,181.5,0.1815
2023-01-18 08:00:00+00:00,176.56,0.17656
2023-01-18 09:00:00+00:00,140.0,0.14
2023-01-18 10:00:00+00:00,123.05,0.12304999999999999
2023-01-18 11:00:00+00:00,119.31,0.11931
2023-01-18 12:00:00+00:00,115.75,0.11575
2023-01-18 13:00:00+00:00,117.08,0.11708
2023-01-18 14:00:00+00:00,140.0,0.14
2023-01-18 15:00:00+00:00,147.97,0.14797
2023-01-18 16:00:00+00:00,160.0,0.16
2023-01-18 17:00:00+00:00,127.08,0.12708
2023-01-18 18:00:00+00:00,123.07,0.12307
2023-01-18 19:00:00+00:00,117.09,0.11709
2023-01-18 20:00:00+00:00,119.9,0.1199
2023-01-18 21:00:00+00:00,117.51,0.11751
2023-01-18 22:00:00+00:00,111.46,0.11145999999999999
2023-01-18 23:00:00+00:00,111.53,0.11153
2023-01-19 00:00:00+00:00,106.98,0.10698
2023-01-19 01:00:00+00:00,104.97,0.10497
2023-01-19 02:00:00+00:00,101.72,0.10172
2023-01-19 03:00:00+00:00,107.23,0.10723
2023-01-19 04:00:00+00:00,114.62,0.11462
2023-01-19 05:00:00+00:00,118.94,0.11894
2023-01-19 06:00:00+00:00,159.9,0.15990000000000001
2023-01-19 07:00:00+00:00,164.0,0.164
2023-01-19 08:00:00+00:00,171.69,0.17169
2023-01-19 09:00:00+00:00,139.0,0.139
2023-01-19 10:00:00+00:00,136.35,0.13635
2023-01-19 11:00:00+00:00,129.6,0.1296
2023-01-19 12:00:00+00:00,154.87,0.15487
2023-01-19 13:00:00+00:00,160.49,0.16049000000000002
2023-01-19 14:00:00+00:00,175.96,0.17596
2023-01-19 15:00:00+00:00,186.29,0.18628999999999998
2023-01-19 16:00:00+00:00,203.94,0.20394
2023-01-19 17:00:00+00:00,197.57,0.19757
2023-01-19 18:00:00+00:00,171.43,0.17143
2023-01-19 19:00:00+00:00,150.0,0.15
2023-01-19 20:00:00+00:00,148.41,0.14841
2023-01-19 21:00:00+00:00,149.34,0.14934
2023-01-19 22:00:00+00:00,139.0,0.139
2023-01-19 23:00:00+00:00,149.9,0.1499
2023-01-20 00:00:00+00:00,144.5,0.1445
2023-01-20 01:00:00+00:00,142.44,0.14244
2023-01-20 02:00:00+00:00,142.8,0.1428
2023-01-20 03:00:00+00:00,144.98,0.14498
2023-01-20 04:00:00+00:00,150.01,0.15001
2023-01-20 05:00:00+00:00,169.9,0.1699
2023-01-20 06:00:00+00:00,208.07,0.20807
2023-01-20 07:00:00+00:00,235.06,0.23506
2023-01-20 08:00:00+00:00,221.7,0.22169999999999998
2023-01-20 09:00:00+00:00,209.77,0.20977
2023-01-20 10:00:00+00:00,199.42,0.19942
2023-01-20 11:00:00+00:00,187.49,0.18749000000000002
2023-01-20 12:00:00+00:00,181.62,0.18162
2023-01-20 13:00:00+00:00,179.6,0.17959999999999998
2023-01-20 14:00:00+00:00,192.0,0.192
2023-01-20 15:00:00+00:00,200.0,0.2
2023-01-20 16:00:00+00:00,208.22,0.20822
2023-01-20 17:00:00+00:00,208.4,0.2084
2023-01-20 18:00:00+00:00,183.68,0.18368
2023-01-20 19:00:00+00:00,151.39,0.15139
2023-01-20 20:00:00+00:00,155.3,0.15530000000000002
2023-01-20 21:00:00+00:00,153.65,0.15365
2023-01-20 22:00:00+00:00,147.55,0.14755000000000001
2023-01-20 23:00:00+00:00,152.2,0.1522
2023-01-21 00:00:00+00:00,147.86,0.14786000000000002
2023-01-21 01:00:00+00:00,142.22,0.14221999999999999
2023-01-21 02:00:00+00:00,135.88,0.13588
2023-01-21 03:00:00+00:00,132.91,0.13291
2023-01-21 04:00:00+00:00,134.84,0.13484000000000002
2023-01-21 05:00:00+00:00,131.5,0.1315
2023-01-21 06:00:00+00:00,140.77,0.14077
2023-01-21 07:00:00+00:00,155.26,0.15525999999999998
2023-01-21 08:00:00+00:00,171.84,0.17184
2023-01-21 09:00:00+00:00,170.01,0.17001
2023-01-21 10:00:00+00:00,156.94,0.15694
2023-01-21 11:00:00+00:00,147.91,0.14790999999999999
2023-01-21 12:00:00+00:00,137.02,0.13702
2023-01-21 13:00:00+00:00,136.58,0.13658
2023-01-21 14:00:00+00:00,135.9,0.1359
2023-01-21 15:00:00+00:00,144.22,0.14422
2023-01-21 16:00:00+00:00,173.92,0.17392
2023-01-21 17:00:00+00:00,179.62,0.17962
2023-01-21 18:00:00+00:00,159.41,0.15941
2023-01-21 19:00:00+00:00,165.88,0.16588
2023-01-21 20:00:00+00:00,147.74,0.14774
2023-01-21 21:00:00+00:00,143.86,0.14386000000000002
2023-01-21 22:00:00+00:00,132.58,0.13258
2023-01-21 23:00:00+00:00,140.0,0.14
2023-01-22 00:00:00+00:00,122.94,0.12294
2023-01-22 01:00:00+00:00,127.0,0.127
2023-01-22 02:00:00+00:00,130.99,0.13099
2023-01-22 03:00:00+00:00,122.12,0.12212
2023-01-22 04:00:00+00:00,121.68,0.12168000000000001
2023-01-22 05:00:00+00:00,132.39,0.13238999999999998
2023-01-22 06:00:00+00:00,127.6,0.1276
2023-01-22 07:00:00+00:00,139.9,0.1399
2023-01-22 08:00:00+00:00,150.71,0.15071
2023-01-22 09:00:00+00:00,146.4,0.1464
2023-01-22 10:00:00+00:00,153.1,0.15309999999999999
2023-01-22 11:00:00+00:00,146.3,0.1463
2023-01-22 12:00:00+00:00,150.0,0.15
2023-01-22 13:00:00+00:00,154.9,0.1549
2023-01-22 14:00:00+00:00,157.49,0.15749000000000002
2023-01-22 15:00:00+00:00,171.03,0.17103
2023-01-22 16:00:00+00:00,191.99,0.19199000000000002
2023-01-22 17:00:00+00:00,203.66,0.20366
2023-01-22 18:00:00+00:00,197.58,0.19758
2023-01-22 19:00:00+00:00,170.87,0.17087
2023-01-22 20:00:00+00:00,166.4,0.1664
2023-01-22 21:00:00+00:00,157.25,0.15725
2023-01-22 22:00:00+00:00,148.3,0.14830000000000002
2023-01-22 23:00:00+00:00,149.24,0.14924
2023-01-23 00:00:00+00:00,149.0,0.149
2023-01-23 01:00:00+00:00,148.4,0.1484
2023-01-23 02:00:00+00:00,147.59,0.14759
2023-01-23 03:00:00+00:00,148.3,0.14830000000000002
2023-01-23 04:00:00+00:00,144.9,0.1449
2023-01-23 05:00:00+00:00,189.9,0.1899
2023-01-23 06:00:00+00:00,226.54,0.22654
2023-01-23 07:00:00+00:00,257.91,0.25791000000000003
2023-01-23 08:00:00+00:00,270.2,0.2702
2023-01-23 09:00:00+00:00,249.9,0.2499
2023-01-23 10:00:00+00:00,230.2,0.2302
2023-01-23 11:00:00+00:00,220.93,0.22093000000000002
2023-01-23 12:00:00+00:00,219.16,0.21916
2023-01-23 13:00:00+00:00,219.67,0.21966999999999998
2023-01-23 14:00:00+00:00,218.99,0.21899000000000002
2023-01-23 15:00:00+00:00,224.58,0.22458
2023-01-23 16:00:00+00:00,248.9,0.2489
2023-01-23 17:00:00+00:00,248.07,0.24806999999999998
2023-01-23 18:00:00+00:00,223.19,0.22319
2023-01-23 19:00:00+00:00,201.39,0.20138999999999999
2023-01-23 20:00:00+00:00,183.95,0.18395
2023-01-23 21:00:00+00:00,167.6,0.1676
2023-01-23 22:00:00+00:00,157.01,0.15700999999999998
2023-01-23 23:00:00+00:00,164.85,0.16485
2023-01-24 00:00:00+00:00,160.05,0.16005
2023-01-24 01:00:00+00:00,145.9,0.1459
2023-01-24 02:00:00+00:00,142.4,0.1424
2023-01-24 03:00:00+00:00,153.62,0.15362
2023-01-24 04:00:00+00:00,156.7,0.15669999999999998
2023-01-24 05:00:00+00:00,183.61,0.18361000000000002
2023-01-24 06:00:00+00:00,210.06,0.21006
2023-01-24 07:00:00+00:00,251.1,0.2511
2023-01-24 08:00:00+00:00,256.43,0.25643
2023-01-24 09:00:00+00:00,238.66,0.23865999999999998
2023-01-24 10:00:00+00:00,229.96,0.22996
2023-01-24 11:00:00+00:00,217.85,0.21785
2023-01-24 12:00:00+00:00,205.99,0.20599
2023-01-24 13:00:00+00:00,215.28,0.21528
2023-01-24 14:00:00+00:00,217.98,0.21797999999999998
2023-01-24 15:00:00+00:00,224.58,0.22458
2023-01-24 16:00:00+00:00,250.0,0.25
2023-01-24 17:00:00+00:00,250.0,0.25
2023-01-24 18:00:00+00:00,231.14,0.23113999999999998
2023-01-24 19:00:00+00:00,207.29,0.20729
2023-01-24 20:00:00+00:00,182.75,0.18275
2023-01-24 21:00:00+00:00,149.9,0.1499
2023-01-24 22:00:00+00:00,147.34,0.14734
2023-01-24 23:00:00+00:00,138.2,0.1382
2023-01-25 00:00:00+00:00,146.18,0.14618
2023-01-25 01:00:00+00:00,145.26,0.14526
2023-01-25 02:00:00+00:00,146.7,0.1467
2023-01-25 03:00:00+00:00,146.8,0.1468
2023-01-25 04:00:00+00:00,150.9,0.1509
2023-01-25 05:00:00+00:00,160.0,0.16
2023-01-25 06:00:00+00:00,195.46,0.19546
2023-01-25 07:00:00+00:00,225.04,0.22504
2023-01-25 08:00:00+00:00,225.0,0.225
2023-01-25 09:00:00+00:00,212.42,0.21242
2023-01-25 10:00:00+00:00,200.98,0.20098
2023-01-25 11:00:00+00:00,193.2,0.19319999999999998
2023-01-25 12:00:00+00:00,185.2,0.18519999999999998
2023-01-25 13:00:00+00:00,190.8,0.19080000000000003
2023-01-25 14:00:00+00:00,197.3,0.1973
2023-01-25 15:00:00+00:00,199.19,0.19919
2023-01-25 16:00:00+00:00,206.35,0.20635
2023-01-25 17:00:00+00:00,200.1,0.2001
2023-01-25 18:00:00+00:00,170.41,0.17041
2023-01-25 19:00:00+00:00,150.0,0.15
2023-01-25 20:00:00+00:00,144.3,0.1443
2023-01-25 21:00:00+00:00,145.08,0.14508000000000001
2023-01-25 22:00:00+00:00,135.0,0.135
2023-01-25 23:00:00+00:00,150.0,0.15
2023-01-26 00:00:00+00:00,129.38,0.12938
2023-01-26 01:00:00+00:00,128.48,0.12847999999999998
2023-01-26 02:00:00+00:00,126.61,0.12661
2023-01-26 03:00:00+00:00,128.94,0.12894
2023-01-26 04:00:00+00:00,124.0,0.124
2023-01-26 05:00:00+00:00,160.39,0.16038999999999998
2023-01-26 06:00:00+00:00,182.49,0.18249
2023-01-26 07:00:00+00:00,198.95,0.19895
2023-01-26 08:00:00+00:00,199.06,0.19906000000000001
2023-01-26 09:00:00+00:00,192.38,0.19238
2023-01-26 10:00:00+00:00,140.1,0.1401
2023-01-26 11:00:00+00:00,136.44,0.13644
2023-01-26 12:00:00+00:00,130.0,0.13
2023-01-26 13:00:00+00:00,127.96,0.12796
2023-01-26 14:00:00+00:00,135.48,0.13548
2023-01-26 15:00:00+00:00,153.0,0.153
2023-01-26 16:00:00+00:00,186.2,0.18619999999999998
2023-01-26 17:00:00+00:00,150.0,0.15
2023-01-26 18:00:00+00:00,133.92,0.13391999999999998
2023-01-26 19:00:00+00:00,128.49,0.12849000000000002
2023-01-26 20:00:00+00:00,149.4,0.1494
2023-01-26 21:00:00+00:00,130.0,0.13
2023-01-26 22:00:00+00:00,130.0,0.13
2023-01-26 23:00:00+00:00,124.12,0.12412000000000001
2023-01-27 00:00:00+00:00,114.61,0.11461
2023-01-27 01:00:00+00:00,119.74,0.11974
2023-01-27 02:00:00+00:00,116.0,0.116
2023-01-27 03:00:00+00:00,124.08,0.12408
2023-01-27 04:00:00+00:00,127.26,0.12726
2023-01-27 05:00:00+00:00,149.7,0.1497
2023-01-27 06:00:00+00:00,176.1,0.1761
2023-01-27 07:00:00+00:00,195.0,0.195
2023-01-27 08:00:00+00:00,199.19,0.19919
2023-01-27 09:00:00+00:00,195.0,0.195
2023-01-27 10:00:00+00:00,190.0,0.19
2023-01-27 11:00:00+00:00,183.06,0.18306
2023-01-27 12:00:00+00:00,180.0,0.18
2023-01-27 13:00:00+00:00,181.5,0.1815
2023-01-27 14:00:00+00:00,185.0,0.185
2023-01-27 15:00:00+00:00,188.0,0.188
2023-01-27 16:00:00+00:00,198.05,0.19805
2023-01-27 17:00:00+00:00,200.7,0.2007
2023-01-27 18:00:00+00:00,193.7,0.19369999999999998
2023-01-27 19:00:00+00:00,181.13,0.18112999999999999
2023-01-27 20:00:00+00:00,161.86,0.16186
2023-01-27 21:00:00+00:00,145.32,0.14532
2023-01-27 22:00:00+00:00,146.0,0.146
2023-01-27 23:00:00+00:00,139.9,0.1399
2023-01-28 00:00:00+00:00,135.0,0.135
2023-01-28 01:00:00+00:00,133.32,0.13332
2023-01-28 02:00:00+00:00,129.47,0.12947
2023-01-28 03:00:00+00:00,125.22,0.12522
2023-01-28 04:00:00+00:00,122.82,0.12282
2023-01-28 05:00:00+00:00,128.8,0.1288
2023-01-28 06:00:00+00:00,136.26,0.13626
2023-01-28 07:00:00+00:00,145.43,0.14543
2023-01-28 08:00:00+00:00,160.14,0.16013999999999998
2023-01-28 09:00:00+00:00,161.55,0.16155
2023-01-28 10:00:00+00:00,153.92,0.15392
2023-01-28 11:00:00+00:00,126.0,0.126
2023-01-28 12:00:00+00:00,119.9,0.1199
2023-01-28 13:00:00+00:00,129.9,0.12990000000000002
2023-01-28 14:00:00+00:00,123.0,0.123
2023-01-28 15:00:00+00:00,154.27,0.15427000000000002
2023-01-28 16:00:00+00:00,164.93,0.16493
2023-01-28 17:00:00+00:00,168.0,0.168
2023-01-28 18:00:00+00:00,150.0,0.15
2023-01-28 19:00:00+00:00,138.94,0.13894
2023-01-28 20:00:00+00:00,143.84,0.14384
2023-01-28 21:00:00+00:00,139.6,0.1396
2023-01-28 22:00:00+00:00,124.1,0.12409999999999999
2023-01-28 23:00:00+00:00,150.4,0.1504
2023-01-29 00:00:00+00:00,139.03,0.13903000000000001
2023-01-29 01:00:00+00:00,119.4,0.1194
2023-01-29 02:00:00+00:00,125.22,0.12522
2023-01-29 03:00:00+00:00,123.76,0.12376000000000001
2023-01-29 04:00:00+00:00,123.58,0.12358
2023-01-29 05:00:00+00:00,125.84,0.12584
2023-01-29 06:00:00+00:00,133.22,0.13322
2023-01-29 07:00:00+00:00,147.87,0.14787
2023-01-29 08:00:00+00:00,149.9,0.1499
2023-01-29 09:00:00+00:00,154.8,0.15480000000000002
2023-01-29 10:00:00+00:00,122.0,0.122
2023-01-29 11:00:00+00:00,132.0,0.132
2023-01-29 12:00:00+00:00,120.8,0.12079999999999999
2023-01-29 13:00:00+00:00,121.27,0.12127
2023-01-29 14:00:00+00:00,125.37,0.12537
2023-01-29 15:00:00+00:00,130.0,0.13
2023-01-29 16:00:00+00:00,155.8,0.15580000000000002
2023-01-29 17:00:00+00:00,149.9,0.1499
2023-01-29 18:00:00+00:00,118.0,0.118
2023-01-29 19:00:00+00:00,120.0,0.12
2023-01-29 20:00:00+00:00,101.61,0.10161
2023-01-29 21:00:00+00:00,98.0,0.098
2023-01-29 22:00:00+00:00,73.11,0.07311
2023-01-29 23:00:00+00:00,49.67,0.04967
2023-01-30 00:00:00+00:00,9.46,0.009460000000000001
2023-01-30 01:00:00+00:00,5.07,0.00507
2023-01-30 02:00:00+00:00,2.03,0.0020299999999999997
2023-01-30 03:00:00+00:00,9.03,0.00903
2023-01-30 04:00:00+00:00,37.5,0.0375
2023-01-30 05:00:00+00:00,88.76,0.08876
2023-01-30 06:00:00+00:00,150.0,0.15
2023-01-30 07:00:00+00:00,182.0,0.182
2023-01-30 08:00:00+00:00,142.0,0.142
2023-01-30 09:00:00+00:00,103.49,0.10349
2023-01-30 10:00:00+00:00,88.23,0.08823
2023-01-30 11:00:00+00:00,84.9,0.0849
2023-01-30 12:00:00+00:00,83.38,0.08338
2023-01-30 13:00:00+00:00,87.55,0.08755
2023-01-30 14:00:00+00:00,99.92,0.09992
2023-01-30 15:00:00+00:00,120.0,0.12
2023-01-30 16:00:00+00:00,167.5,0.1675
2023-01-30 17:00:00+00:00,180.0,0.18
2023-01-30 18:00:00+00:00,180.0,0.18
2023-01-30 19:00:00+00:00,171.0,0.171
2023-01-30 20:00:00+00:00,150.0,0.15
2023-01-30 21:00:00+00:00,149.9,0.1499
2023-01-30 22:00:00+00:00,137.3,0.1373
2023-01-30 23:00:00+00:00,151.8,0.15180000000000002
2023-01-31 00:00:00+00:00,106.63,0.10662999999999999
2023-01-31 01:00:00+00:00,108.63,0.10862999999999999
2023-01-31 02:00:00+00:00,102.97,0.10296999999999999
2023-01-31 03:00:00+00:00,105.8,0.10579999999999999
2023-01-31 04:00:00+00:00,109.9,0.10990000000000001
2023-01-31 05:00:00+00:00,141.35,0.14135
2023-01-31 06:00:00+00:00,171.44,0.17144
2023-01-31 07:00:00+00:00,182.8,0.18280000000000002
2023-01-31 08:00:00+00:00,170.5,0.1705
2023-01-31 09:00:00+00:00,165.3,0.1653
2023-01-31 10:00:00+00:00,146.0,0.146
2023-01-31 11:00:00+00:00,118.67,0.11867
2023-01-31 12:00:00+00:00,113.06,0.11306000000000001
2023-01-31 13:00:00+00:00,113.59,0.11359
2023-01-31 14:00:00+00:00,125.0,0.125
2023-01-31 15:00:00+00:00,141.4,0.1414
2023-01-31 16:00:00+00:00,166.37,0.16637000000000002
2023-01-31 17:00:00+00:00,200.0,0.2
2023-01-31 18:00:00+00:00,147.93,0.14793
2023-01-31 19:00:00+00:00,124.3,0.1243
2023-01-31 20:00:00+00:00,127.6,0.1276
2023-01-31 21:00:00+00:00,122.7,0.1227
2023-01-31 22:00:00+00:00,87.52,0.08752
2023-01-31 23:00:00+00:00,85.03,0.08503
2023-02-01 00:00:00+00:00,80.02,0.08002
2023-02-01 01:00:00+00:00,71.67,0.07167
2023-02-01 02:00:00+00:00,71.05,0.07105
2023-02-01 03:00:00+00:00,79.21,0.07920999999999999
2023-02-01 04:00:00+00:00,83.93,0.08393
2023-02-01 05:00:00+00:00,99.5,0.0995
2023-02-01 06:00:00+00:00,130.0,0.13
2023-02-01 07:00:00+00:00,163.7,0.16369999999999998
2023-02-01 08:00:00+00:00,120.1,0.1201
2023-02-01 09:00:00+00:00,108.51,0.10851000000000001
2023-02-01 10:00:00+00:00,104.81,0.10481
2023-02-01 11:00:00+00:00,102.63,0.10263
2023-02-01 12:00:00+00:00,101.79,0.10179
2023-02-01 13:00:00+00:00,101.58,0.10158
2023-02-01 14:00:00+00:00,101.82,0.10182
2023-02-01 15:00:00+00:00,130.0,0.13
2023-02-01 16:00:00+00:00,167.62,0.16762
2023-02-01 17:00:00+00:00,179.69,0.17969
2023-02-01 18:00:00+00:00,126.0,0.126
2023-02-01 19:00:00+00:00,100.88,0.10088
2023-02-01 20:00:00+00:00,117.0,0.117
2023-02-01 21:00:00+00:00,99.9,0.0999
2023-02-01 22:00:00+00:00,94.9,0.09490000000000001
2023-02-01 23:00:00+00:00,83.46,0.08345999999999999
2023-02-02 00:00:00+00:00,89.96,0.08996
2023-02-02 01:00:00+00:00,85.57,0.08557
2023-02-02 02:00:00+00:00,88.27,0.08827
2023-02-02 03:00:00+00:00,94.4,0.09440000000000001
2023-02-02 04:00:00+00:00,99.92,0.09992
2023-02-02 05:00:00+00:00,116.62,0.11662
2023-02-02 06:00:00+00:00,140.96,0.14096
2023-02-02 07:00:00+00:00,170.13,0.17013
2023-02-02 08:00:00+00:00,178.2,0.1782
2023-02-02 09:00:00+00:00,170.09,0.17009
2023-02-02 10:00:00+00:00,167.21,0.16721
2023-02-02 11:00:00+00:00,156.86,0.15686000000000003
2023-02-02 12:00:00+00:00,152.74,0.15274000000000001
2023-02-02 13:00:00+00:00,161.44,0.16144
2023-02-02 14:00:00+00:00,163.39,0.16338999999999998
2023-02-02 15:00:00+00:00,167.28,0.16728
2023-02-02 16:00:00+00:00,178.17,0.17817
2023-02-02 17:00:00+00:00,183.12,0.18312
2023-02-02 18:00:00+00:00,167.41,0.16741
2023-02-02 19:00:00+00:00,146.86,0.14686000000000002
2023-02-02 20:00:00+00:00,143.54,0.14354
2023-02-02 21:00:00+00:00,130.15,0.13015000000000002
2023-02-02 22:00:00+00:00,106.3,0.10629999999999999
2023-02-02 23:00:00+00:00,110.1,0.11009999999999999
2023-02-03 00:00:00+00:00,102.99,0.10299
2023-02-03 01:00:00+00:00,96.55,0.09655
2023-02-03 02:00:00+00:00,90.1,0.0901
2023-02-03 03:00:00+00:00,82.4,0.0824
2023-02-03 04:00:00+00:00,89.02,0.08902
2023-02-03 05:00:00+00:00,103.23,0.10323
2023-02-03 06:00:00+00:00,147.12,0.14712
2023-02-03 07:00:00+00:00,173.32,0.17332
2023-02-03 08:00:00+00:00,166.59,0.16659000000000002
2023-02-03 09:00:00+00:00,139.9,0.1399
2023-02-03 10:00:00+00:00,113.0,0.113
2023-02-03 11:00:00+00:00,130.0,0.13
2023-02-03 12:00:00+00:00,131.2,0.13119999999999998
2023-02-03 13:00:00+00:00,143.38,0.14338
2023-02-03 14:00:00+00:00,150.0,0.15
2023-02-03 15:00:00+00:00,149.9,0.1499
2023-02-03 16:00:00+00:00,184.0,0.184
2023-02-03 17:00:00+00:00,194.4,0.19440000000000002
2023-02-03 18:00:00+00:00,180.0,0.18
2023-02-03 19:00:00+00:00,166.7,0.1667
2023-02-03 20:00:00+00:00,181.0,0.181
2023-02-03 21:00:00+00:00,143.9,0.1439
2023-02-03 22:00:00+00:00,153.01,0.15300999999999998
2023-02-03 23:00:00+00:00,152.53,0.15253
2023-02-04 00:00:00+00:00,159.9,0.15990000000000001
2023-02-04 01:00:00+00:00,124.68,0.12468000000000001
2023-02-04 02:00:00+00:00,124.5,0.1245
2023-02-04 03:00:00+00:00,127.28,0.12728
2023-02-04 04:00:00+00:00,131.29,0.13129
2023-02-04 05:00:00+00:00,139.61,0.13961
2023-02-04 06:00:00+00:00,156.31,0.15631
2023-02-04 07:00:00+00:00,164.19,0.16419
2023-02-04 08:00:00+00:00,169.83,0.16983
2023-02-04 09:00:00+00:00,164.11,0.16411
2023-02-04 10:00:00+00:00,156.39,0.15638999999999997
2023-02-04 11:00:00+00:00,148.84,0.14884
2023-02-04 12:00:00+00:00,133.37,0.13337000000000002
2023-02-04 13:00:00+00:00,134.09,0.13409000000000001
2023-02-04 14:00:00+00:00,141.61,0.14161
2023-02-04 15:00:00+00:00,155.36,0.15536000000000003
2023-02-04 16:00:00+00:00,170.29,0.17029
2023-02-04 17:00:00+00:00,184.16,0.18416
2023-02-04 18:00:00+00:00,179.96,0.17996
2023-02-04 19:00:00+00:00,167.88,0.16788
2023-02-04 20:00:00+00:00,158.13,0.15813
2023-02-04 21:00:00+00:00,152.38,0.15238
2023-02-04 22:00:00+00:00,136.63,0.13663
2023-02-04 23:00:00+00:00,146.92,0.14692
2023-02-05 00:00:00+00:00,141.11,0.14111
2023-02-05 01:00:00+00:00,148.56,0.14856
2023-02-05 02:00:00+00:00,130.61,0.13061
2023-02-05 03:00:00+00:00,115.9,0.1159
2023-02-05 04:00:00+00:00,113.23,0.11323
2023-02-05 05:00:00+00:00,114.16,0.11416
2023-02-05 06:00:00+00:00,115.58,0.11558
2023-02-05 07:00:00+00:00,110.1,0.11009999999999999
2023-02-05 08:00:00+00:00,111.85,0.11184999999999999
2023-02-05 09:00:00+00:00,108.54,0.10854000000000001
2023-02-05 10:00:00+00:00,107.07,0.10707
2023-02-05 11:00:00+00:00,101.62,0.10162
2023-02-05 12:00:00+00:00,100.69,0.10069
2023-02-05 13:00:00+00:00,103.81,0.10381
2023-02-05 14:00:00+00:00,115.25,0.11525
2023-02-05 15:00:00+00:00,125.13,0.12513
2023-02-05 16:00:00+00:00,147.56,0.14756
2023-02-05 17:00:00+00:00,171.49,0.17149
2023-02-05 18:00:00+00:00,185.33,0.18533000000000002
2023-02-05 19:00:00+00:00,172.03,0.17203
2023-02-05 20:00:00+00:00,153.67,0.15367
2023-02-05 21:00:00+00:00,155.77,0.15577000000000002
2023-02-05 22:00:00+00:00,144.18,0.14418
2023-02-05 23:00:00+00:00,145.0,0.145
2023-02-06 00:00:00+00:00,143.73,0.14373
2023-02-06 01:00:00+00:00,145.44,0.14543999999999999
2023-02-06 02:00:00+00:00,142.13,0.14213
2023-02-06 03:00:00+00:00,140.1,0.1401
2023-02-06 04:00:00+00:00,148.93,0.14893
2023-02-06 05:00:00+00:00,175.67,0.17567
2023-02-06 06:00:00+00:00,200.65,0.20065
2023-02-06 07:00:00+00:00,213.39,0.21339
2023-02-06 08:00:00+00:00,200.63,0.20063
2023-02-06 09:00:00+00:00,185.08,0.18508000000000002
2023-02-06 10:00:00+00:00,163.54,0.16354
2023-02-06 11:00:00+00:00,129.8,0.1298
2023-02-06 12:00:00+00:00,129.55,0.12955
2023-02-06 13:00:00+00:00,135.48,0.13548
2023-02-06 14:00:00+00:00,149.6,0.14959999999999998
2023-02-06 15:00:00+00:00,181.8,0.18180000000000002
2023-02-06 16:00:00+00:00,198.94,0.19894
2023-02-06 17:00:00+00:00,213.5,0.2135
2023-02-06 18:00:00+00:00,205.38,0.20538
2023-02-06 19:00:00+00:00,186.21,0.18621000000000001
2023-02-06 20:00:00+00:00,166.48,0.16648
2023-02-06 21:00:00+00:00,152.5,0.1525
2023-02-06 22:00:00+00:00,154.0,0.154
2023-02-06 23:00:00+00:00,145.72,0.14572
2023-02-07 00:00:00+00:00,142.12,0.14212
2023-02-07 01:00:00+00:00,140.31,0.14031
2023-02-07 02:00:00+00:00,139.36,0.13936
2023-02-07 03:00:00+00:00,141.6,0.1416
2023-02-07 04:00:00+00:00,143.44,0.14343999999999998
2023-02-07 05:00:00+00:00,170.54,0.17054
2023-02-07 06:00:00+00:00,198.03,0.19803
2023-02-07 07:00:00+00:00,214.16,0.21416
2023-02-07 08:00:00+00:00,191.85,0.19185
2023-02-07 09:00:00+00:00,168.38,0.16838
2023-02-07 10:00:00+00:00,125.76,0.12576
2023-02-07 11:00:00+00:00,123.57,0.12357
2023-02-07 12:00:00+00:00,125.6,0.1256
2023-02-07 13:00:00+00:00,139.93,0.13993
2023-02-07 14:00:00+00:00,171.81,0.17181
2023-02-07 15:00:00+00:00,189.98,0.18997999999999998
2023-02-07 16:00:00+00:00,222.26,0.22225999999999999
2023-02-07 17:00:00+00:00,245.6,0.24559999999999998
2023-02-07 18:00:00+00:00,229.0,0.229
2023-02-07 19:00:00+00:00,199.03,0.19903
2023-02-07 20:00:00+00:00,188.18,0.18818000000000001
2023-02-07 21:00:00+00:00,173.34,0.17334
2023-02-07 22:00:00+00:00,163.07,0.16307
2023-02-07 23:00:00+00:00,160.04,0.16004
2023-02-08 00:00:00+00:00,155.15,0.15515
2023-02-08 01:00:00+00:00,150.0,0.15
2023-02-08 02:00:00+00:00,147.97,0.14797
2023-02-08 03:00:00+00:00,145.97,0.14597
2023-02-08 04:00:00+00:00,149.1,0.14909999999999998
2023-02-08 05:00:00+00:00,175.69,0.17568999999999999
2023-02-08 06:00:00+00:00,196.64,0.19663999999999998
2023-02-08 07:00:00+00:00,216.19,0.21619
2023-02-08 08:00:00+00:00,176.0,0.176
2023-02-08 09:00:00+00:00,128.0,0.128
2023-02-08 10:00:00+00:00,116.0,0.116
2023-02-08 11:00:00+00:00,115.61,0.11561
2023-02-08 12:00:00+00:00,114.88,0.11488
2023-02-08 13:00:00+00:00,114.24,0.11424
2023-02-08 14:00:00+00:00,125.39,0.12539
2023-02-08 15:00:00+00:00,156.78,0.15678
2023-02-08 16:00:00+00:00,183.99,0.18399000000000001
2023-02-08 17:00:00+00:00,192.45,0.19244999999999998
2023-02-08 18:00:00+00:00,153.0,0.153
2023-02-08 19:00:00+00:00,145.0,0.145
2023-02-08 20:00:00+00:00,163.6,0.1636
2023-02-08 21:00:00+00:00,170.6,0.1706
2023-02-08 22:00:00+00:00,149.85,0.14984999999999998
2023-02-08 23:00:00+00:00,134.11,0.13411
2023-02-09 00:00:00+00:00,128.85,0.12885
2023-02-09 01:00:00+00:00,128.2,0.12819999999999998
2023-02-09 02:00:00+00:00,124.49,0.12448999999999999
2023-02-09 03:00:00+00:00,115.71,0.11571
2023-02-09 04:00:00+00:00,124.49,0.12448999999999999
2023-02-09 05:00:00+00:00,146.57,0.14657
2023-02-09 06:00:00+00:00,167.84,0.16784000000000002
2023-02-09 07:00:00+00:00,181.99,0.18199
2023-02-09 08:00:00+00:00,137.0,0.137
2023-02-09 09:00:00+00:00,125.0,0.125
2023-02-09 10:00:00+00:00,111.8,0.1118
2023-02-09 11:00:00+00:00,125.43,0.12543
2023-02-09 12:00:00+00:00,125.08,0.12508
2023-02-09 13:00:00+00:00,135.59,0.13559000000000002
2023-02-09 14:00:00+00:00,160.45,0.16044999999999998
2023-02-09 15:00:00+00:00,165.04,0.16504
2023-02-09 16:00:00+00:00,173.25,0.17325
2023-02-09 17:00:00+00:00,198.0,0.198
2023-02-09 18:00:00+00:00,161.51,0.16151
2023-02-09 19:00:00+00:00,150.0,0.15
2023-02-09 20:00:00+00:00,143.94,0.14393999999999998
2023-02-09 21:00:00+00:00,132.69,0.13269
2023-02-09 22:00:00+00:00,128.8,0.1288
2023-02-09 23:00:00+00:00,123.0,0.123
2023-02-10 00:00:00+00:00,119.5,0.1195
2023-02-10 01:00:00+00:00,121.24,0.12124
2023-02-10 02:00:00+00:00,122.87,0.12287000000000001
2023-02-10 03:00:00+00:00,124.59,0.12459
2023-02-10 04:00:00+00:00,130.06,0.13006
2023-02-10 05:00:00+00:00,151.89,0.15189
2023-02-10 06:00:00+00:00,185.56,0.18556
2023-02-10 07:00:00+00:00,202.0,0.202
2023-02-10 08:00:00+00:00,165.81,0.16581
2023-02-10 09:00:00+00:00,142.0,0.142
2023-02-10 10:00:00+00:00,138.64,0.13863999999999999
2023-02-10 11:00:00+00:00,119.18,0.11918000000000001
2023-02-10 12:00:00+00:00,119.7,0.1197
2023-02-10 13:00:00+00:00,114.42,0.11442000000000001
2023-02-10 14:00:00+00:00,128.45,0.12844999999999998
2023-02-10 15:00:00+00:00,128.0,0.128
2023-02-10 16:00:00+00:00,162.65,0.16265000000000002
2023-02-10 17:00:00+00:00,162.1,0.1621
2023-02-10 18:00:00+00:00,127.16,0.12716
2023-02-10 19:00:00+00:00,111.29,0.11129
2023-02-10 20:00:00+00:00,94.9,0.09490000000000001
2023-02-10 21:00:00+00:00,100.0,0.1
2023-02-10 22:00:00+00:00,100.0,0.1
2023-02-10 23:00:00+00:00,120.6,0.1206
2023-02-11 00:00:00+00:00,119.9,0.1199
2023-02-11 01:00:00+00:00,118.24,0.11824
2023-02-11 02:00:00+00:00,118.28,0.11828
2023-02-11 03:00:00+00:00,111.95,0.11195000000000001
2023-02-11 04:00:00+00:00,102.74,0.10274
2023-02-11 05:00:00+00:00,119.98,0.11998
2023-02-11 06:00:00+00:00,127.3,0.1273
2023-02-11 07:00:00+00:00,150.1,0.15009999999999998
2023-02-11 08:00:00+00:00,149.94,0.14994
2023-02-11 09:00:00+00:00,130.1,0.1301
2023-02-11 10:00:00+00:00,130.6,0.1306
2023-02-11 11:00:00+00:00,134.3,0.1343
2023-02-11 12:00:00+00:00,122.0,0.122
2023-02-11 13:00:00+00:00,140.0,0.14
2023-02-11 14:00:00+00:00,144.0,0.144
2023-02-11 15:00:00+00:00,141.1,0.1411
2023-02-11 16:00:00+00:00,153.85,0.15385
2023-02-11 17:00:00+00:00,182.4,0.1824
2023-02-11 18:00:00+00:00,183.5,0.1835
2023-02-11 19:00:00+00:00,172.94,0.17294
2023-02-11 20:00:00+00:00,144.76,0.14476
2023-02-11 21:00:00+00:00,147.54,0.14754
2023-02-11 22:00:00+00:00,138.0,0.138
2023-02-11 23:00:00+00:00,159.46,0.15946000000000002
2023-02-12 00:00:00+00:00,149.9,0.1499
2023-02-12 01:00:00+00:00,132.1,0.1321
2023-02-12 02:00:00+00:00,127.85,0.12785
2023-02-12 03:00:00+00:00,124.02,0.12401999999999999
2023-02-12 04:00:00+00:00,128.4,0.12840000000000001
2023-02-12 05:00:00+00:00,128.8,0.1288
2023-02-12 06:00:00+00:00,148.67,0.14867
2023-02-12 07:00:00+00:00,149.4,0.1494
2023-02-12 08:00:00+00:00,156.93,0.15693000000000001
2023-02-12 09:00:00+00:00,145.56,0.14556
2023-02-12 10:00:00+00:00,140.07,0.14007
2023-02-12 11:00:00+00:00,129.89,0.12988999999999998
2023-02-12 12:00:00+00:00,120.0,0.12
2023-02-12 13:00:00+00:00,120.0,0.12
2023-02-12 14:00:00+00:00,124.63,0.12462999999999999
2023-02-12 15:00:00+00:00,135.16,0.13516
2023-02-12 16:00:00+00:00,158.54,0.15854
2023-02-12 17:00:00+00:00,185.66,0.18566
2023-02-12 18:00:00+00:00,167.32,0.16732
2023-02-12 19:00:00+00:00,156.38,0.15638
2023-02-12 20:00:00+00:00,142.32,0.14232
2023-02-12 21:00:00+00:00,151.39,0.15139
2023-02-12 22:00:00+00:00,131.4,0.13140000000000002
2023-02-12 23:00:00+00:00,138.64,0.13863999999999999
2023-02-13 00:00:00+00:00,135.3,0.1353
2023-02-13 01:00:00+00:00,134.04,0.13404
2023-02-13 02:00:00+00:00,129.04,0.12904
2023-02-13 03:00:00+00:00,130.84,0.13084
2023-02-13 04:00:00+00:00,137.37,0.13737
2023-02-13 05:00:00+00:00,163.19,0.16319
2023-02-13 06:00:00+00:00,196.08,0.19608
2023-02-13 07:00:00+00:00,202.2,0.2022
2023-02-13 08:00:00+00:00,196.2,0.19619999999999999
2023-02-13 09:00:00+00:00,173.35,0.17335
2023-02-13 10:00:00+00:00,141.0,0.141
2023-02-13 11:00:00+00:00,123.1,0.1231
2023-02-13 12:00:00+00:00,120.0,0.12
2023-02-13 13:00:00+00:00,120.0,0.12
2023-02-13 14:00:00+00:00,121.0,0.121
2023-02-13 15:00:00+00:00,150.23,0.15023
2023-02-13 16:00:00+00:00,188.06,0.18806
2023-02-13 17:00:00+00:00,221.8,0.22180000000000002
2023-02-13 18:00:00+00:00,206.6,0.2066
2023-02-13 19:00:00+00:00,187.86,0.18786000000000003
2023-02-13 20:00:00+00:00,168.92,0.16892
2023-02-13 21:00:00+00:00,160.97,0.16097
2023-02-13 22:00:00+00:00,150.12,0.15012
2023-02-13 23:00:00+00:00,135.62,0.13562000000000002
2023-02-14 00:00:00+00:00,132.32,0.13232
2023-02-14 01:00:00+00:00,132.16,0.13216
2023-02-14 02:00:00+00:00,132.12,0.13212000000000002
2023-02-14 03:00:00+00:00,132.32,0.13232
2023-02-14 04:00:00+00:00,141.93,0.14193
2023-02-14 05:00:00+00:00,156.7,0.15669999999999998
2023-02-14 06:00:00+00:00,199.99,0.19999
2023-02-14 07:00:00+00:00,206.98,0.20698
2023-02-14 08:00:00+00:00,180.6,0.18059999999999998
2023-02-14 09:00:00+00:00,125.69,0.12569
2023-02-14 10:00:00+00:00,125.18,0.12518
2023-02-14 11:00:00+00:00,130.0,0.13
2023-02-14 12:00:00+00:00,122.98,0.12298
2023-02-14 13:00:00+00:00,126.04,0.12604
2023-02-14 14:00:00+00:00,121.43,0.12143000000000001
2023-02-14 15:00:00+00:00,146.97,0.14697
2023-02-14 16:00:00+00:00,180.8,0.18080000000000002
2023-02-14 17:00:00+00:00,199.99,0.19999
2023-02-14 18:00:00+00:00,192.97,0.19297
2023-02-14 19:00:00+00:00,175.81,0.17581
2023-02-14 20:00:00+00:00,160.09,0.16009
2023-02-14 21:00:00+00:00,151.03,0.15103
2023-02-14 22:00:00+00:00,141.73,0.14173
2023-02-14 23:00:00+00:00,134.74,0.13474
2023-02-15 00:00:00+00:00,130.95,0.13094999999999998
2023-02-15 01:00:00+00:00,130.0,0.13
2023-02-15 02:00:00+00:00,130.01,0.13001
2023-02-15 03:00:00+00:00,125.8,0.1258
2023-02-15 04:00:00+00:00,132.4,0.13240000000000002
2023-02-15 05:00:00+00:00,132.8,0.1328
2023-02-15 06:00:00+00:00,185.0,0.185
2023-02-15 07:00:00+00:00,188.76,0.18875999999999998
2023-02-15 08:00:00+00:00,171.22,0.17122
2023-02-15 09:00:00+00:00,146.35,0.14635
2023-02-15 10:00:00+00:00,124.65,0.12465000000000001
2023-02-15 11:00:00+00:00,117.28,0.11728
2023-02-15 12:00:00+00:00,116.6,0.1166
2023-02-15 13:00:00+00:00,120.47,0.12047
2023-02-15 14:00:00+00:00,120.0,0.12
2023-02-15 15:00:00+00:00,142.78,0.14278
2023-02-15 16:00:00+00:00,159.23,0.15922999999999998
2023-02-15 17:00:00+00:00,174.22,0.17421999999999999
2023-02-15 18:00:00+00:00,159.21,0.15921000000000002
2023-02-15 19:00:00+00:00,120.1,0.1201
2023-02-15 20:00:00+00:00,119.4,0.1194
2023-02-15 21:00:00+00:00,116.7,0.1167
2023-02-15 22:00:00+00:00,105.1,0.1051
2023-02-15 23:00:00+00:00,91.02,0.09101999999999999
2023-02-16 00:00:00+00:00,102.07,0.10207
2023-02-16 01:00:00+00:00,107.9,0.10790000000000001
2023-02-16 02:00:00+00:00,102.03,0.10203
2023-02-16 03:00:00+00:00,106.79,0.10679000000000001
2023-02-16 04:00:00+00:00,117.7,0.1177
2023-02-16 05:00:00+00:00,139.9,0.1399
2023-02-16 06:00:00+00:00,166.61,0.16661
2023-02-16 07:00:00+00:00,175.41,0.17541
2023-02-16 08:00:00+00:00,168.13,0.16813
2023-02-16 09:00:00+00:00,154.38,0.15438
2023-02-16 10:00:00+00:00,142.15,0.14215
2023-02-16 11:00:00+00:00,127.77,0.12777
2023-02-16 12:00:00+00:00,120.27,0.12027
2023-02-16 13:00:00+00:00,127.93,0.12793000000000002
2023-02-16 14:00:00+00:00,134.95,0.13495
2023-02-16 15:00:00+00:00,140.96,0.14096
2023-02-16 16:00:00+00:00,166.0,0.166
2023-02-16 17:00:00+00:00,166.53,0.16653
2023-02-16 18:00:00+00:00,154.65,0.15465
2023-02-16 19:00:00+00:00,129.9,0.12990000000000002
2023-02-16 20:00:00+00:00,131.14,0.13113999999999998
2023-02-16 21:00:00+00:00,124.5,0.1245
2023-02-16 22:00:00+00:00,111.61,0.11161
2023-02-16 23:00:00+00:00,104.09,0.10409
2023-02-17 00:00:00+00:00,98.52,0.09852
2023-02-17 01:00:00+00:00,92.74,0.09273999999999999
2023-02-17 02:00:00+00:00,86.31,0.08631
2023-02-17 03:00:00+00:00,81.27,0.08127
2023-02-17 04:00:00+00:00,85.95,0.08595
2023-02-17 05:00:00+00:00,100.0,0.1
2023-02-17 06:00:00+00:00,120.1,0.1201
2023-02-17 07:00:00+00:00,129.9,0.12990000000000002
2023-02-17 08:00:00+00:00,113.8,0.1138
2023-02-17 09:00:00+00:00,109.4,0.10940000000000001
2023-02-17 10:00:00+00:00,109.4,0.10940000000000001
2023-02-17 11:00:00+00:00,105.66,0.10565999999999999
2023-02-17 12:00:00+00:00,89.41,0.08941
2023-02-17 13:00:00+00:00,82.56,0.08256000000000001
2023-02-17 14:00:00+00:00,95.0,0.095
2023-02-17 15:00:00+00:00,100.0,0.1
2023-02-17 16:00:00+00:00,115.0,0.115
2023-02-17 17:00:00+00:00,130.0,0.13
2023-02-17 18:00:00+00:00,125.56,0.12556
2023-02-17 19:00:00+00:00,120.0,0.12
2023-02-17 20:00:00+00:00,109.4,0.10940000000000001
2023-02-17 21:00:00+00:00,117.0,0.117
2023-02-17 22:00:00+00:00,101.79,0.10179
2023-02-17 23:00:00+00:00,110.0,0.11
2023-02-18 00:00:00+00:00,70.1,0.0701
2023-02-18 01:00:00+00:00,60.0,0.06
2023-02-18 02:00:00+00:00,59.33,0.05933
2023-02-18 03:00:00+00:00,67.14,0.06714
2023-02-18 04:00:00+00:00,70.1,0.0701
2023-02-18 05:00:00+00:00,82.26,0.08226
2023-02-18 06:00:00+00:00,91.14,0.09114
2023-02-18 07:00:00+00:00,109.66,0.10966
2023-02-18 08:00:00+00:00,118.2,0.1182
2023-02-18 09:00:00+00:00,108.23,0.10823
2023-02-18 10:00:00+00:00,103.27,0.10327
2023-02-18 11:00:00+00:00,94.75,0.09475
2023-02-18 12:00:00+00:00,83.01,0.08301
2023-02-18 13:00:00+00:00,86.37,0.08637
2023-02-18 14:00:00+00:00,96.68,0.09668
2023-02-18 15:00:00+00:00,110.0,0.11
2023-02-18 16:00:00+00:00,128.7,0.12869999999999998
2023-02-18 17:00:00+00:00,146.87,0.14687
2023-02-18 18:00:00+00:00,150.46,0.15046
2023-02-18 19:00:00+00:00,135.29,0.13529
2023-02-18 20:00:00+00:00,120.55,0.12054999999999999
2023-02-18 21:00:00+00:00,117.0,0.117
2023-02-18 22:00:00+00:00,113.68,0.11368
2023-02-18 23:00:00+00:00,110.82,0.11081999999999999
2023-02-19 00:00:00+00:00,105.37,0.10537
2023-02-19 01:00:00+00:00,100.63,0.10063
2023-02-19 02:00:00+00:00,93.0,0.093
2023-02-19 03:00:00+00:00,92.55,0.09255
2023-02-19 04:00:00+00:00,97.78,0.09778
2023-02-19 05:00:00+00:00,101.32,0.10132
2023-02-19 06:00:00+00:00,109.96,0.10995999999999999
2023-02-19 07:00:00+00:00,115.33,0.11533
2023-02-19 08:00:00+00:00,118.44,0.11844
2023-02-19 09:00:00+00:00,116.08,0.11608
2023-02-19 10:00:00+00:00,113.7,0.11370000000000001
2023-02-19 11:00:00+00:00,112.75,0.11275
2023-02-19 12:00:00+00:00,115.7,0.1157
2023-02-19 13:00:00+00:00,114.1,0.1141
2023-02-19 14:00:00+00:00,107.66,0.10765999999999999
2023-02-19 15:00:00+00:00,120.0,0.12
2023-02-19 16:00:00+00:00,141.0,0.141
2023-02-19 17:00:00+00:00,158.5,0.1585
2023-02-19 18:00:00+00:00,158.18,0.15818000000000002
2023-02-19 19:00:00+00:00,142.67,0.14267
2023-02-19 20:00:00+00:00,134.17,0.13416999999999998
2023-02-19 21:00:00+00:00,128.14,0.12813999999999998
2023-02-19 22:00:00+00:00,100.6,0.1006
2023-02-19 23:00:00+00:00,78.87,0.07887000000000001
2023-02-20 00:00:00+00:00,64.9,0.0649
2023-02-20 01:00:00+00:00,48.86,0.04886
2023-02-20 02:00:00+00:00,34.0,0.034
2023-02-20 03:00:00+00:00,29.13,0.02913
2023-02-20 04:00:00+00:00,38.24,0.03824
2023-02-20 05:00:00+00:00,72.3,0.0723
2023-02-20 06:00:00+00:00,100.0,0.1
2023-02-20 07:00:00+00:00,110.0,0.11
2023-02-20 08:00:00+00:00,111.9,0.1119
2023-02-20 09:00:00+00:00,106.38,0.10638
2023-02-20 10:00:00+00:00,94.0,0.094
2023-02-20 11:00:00+00:00,102.77,0.10277
2023-02-20 12:00:00+00:00,84.9,0.0849
2023-02-20 13:00:00+00:00,99.0,0.099
2023-02-20 14:00:00+00:00,109.0,0.109
2023-02-20 15:00:00+00:00,91.1,0.0911
2023-02-20 16:00:00+00:00,129.0,0.129
2023-02-20 17:00:00+00:00,173.1,0.1731
2023-02-20 18:00:00+00:00,146.0,0.146
2023-02-20 19:00:00+00:00,148.4,0.1484
2023-02-20 20:00:00+00:00,130.0,0.13
2023-02-20 21:00:00+00:00,125.4,0.1254
2023-02-20 22:00:00+00:00,108.8,0.1088
2023-02-20 23:00:00+00:00,106.0,0.106
2023-02-21 00:00:00+00:00,108.0,0.108
2023-02-21 01:00:00+00:00,93.24,0.09323999999999999
2023-02-21 02:00:00+00:00,121.5,0.1215
2023-02-21 03:00:00+00:00,108.3,0.1083
2023-02-21 04:00:00+00:00,99.9,0.0999
2023-02-21 05:00:00+00:00,133.7,0.13369999999999999
2023-02-21 06:00:00+00:00,146.88,0.14687999999999998
2023-02-21 07:00:00+00:00,152.08,0.15208000000000002
2023-02-21 08:00:00+00:00,167.93,0.16793
2023-02-21 09:00:00+00:00,150.0,0.15
2023-02-21 10:00:00+00:00,128.52,0.12852000000000002
2023-02-21 11:00:00+00:00,122.94,0.12294
2023-02-21 12:00:00+00:00,120.16,0.12016
2023-02-21 13:00:00+00:00,124.79,0.12479000000000001
2023-02-21 14:00:00+00:00,130.56,0.13056
2023-02-21 15:00:00+00:00,148.98,0.14898
2023-02-21 16:00:00+00:00,164.85,0.16485
2023-02-21 17:00:00+00:00,178.13,0.17812999999999998
2023-02-21 18:00:00+00:00,177.1,0.1771
2023-02-21 19:00:00+00:00,170.0,0.17
2023-02-21 20:00:00+00:00,158.8,0.15880000000000002
2023-02-21 21:00:00+00:00,153.2,0.15319999999999998
2023-02-21 22:00:00+00:00,142.58,0.14258
2023-02-21 23:00:00+00:00,139.9,0.1399
2023-02-22 00:00:00+00:00,125.2,0.1252
2023-02-22 01:00:00+00:00,125.3,0.1253
2023-02-22 02:00:00+00:00,117.28,0.11728
2023-02-22 03:00:00+00:00,117.31,0.11731
2023-02-22 04:00:00+00:00,116.4,0.1164
2023-02-22 05:00:00+00:00,148.0,0.148
2023-02-22 06:00:00+00:00,173.13,0.17313
2023-02-22 07:00:00+00:00,176.34,0.17634
2023-02-22 08:00:00+00:00,164.55,0.16455
2023-02-22 09:00:00+00:00,151.24,0.15124
2023-02-22 10:00:00+00:00,123.96,0.12395999999999999
2023-02-22 11:00:00+00:00,118.67,0.11867
2023-02-22 12:00:00+00:00,126.0,0.126
2023-02-22 13:00:00+00:00,136.0,0.136
2023-02-22 14:00:00+00:00,150.9,0.1509
2023-02-22 15:00:00+00:00,156.95,0.15694999999999998
2023-02-22 16:00:00+00:00,165.01,0.16501
2023-02-22 17:00:00+00:00,175.0,0.175
2023-02-22 18:00:00+00:00,172.73,0.17273
2023-02-22 19:00:00+00:00,162.06,0.16206
2023-02-22 20:00:00+00:00,154.02,0.15402000000000002
2023-02-22 21:00:00+00:00,144.84,0.14484
2023-02-22 22:00:00+00:00,134.45,0.13445
2023-02-22 23:00:00+00:00,134.67,0.13466999999999998
2023-02-23 00:00:00+00:00,131.39,0.13138999999999998
2023-02-23 01:00:00+00:00,128.99,0.12899000000000002
2023-02-23 02:00:00+00:00,124.78,0.12478
2023-02-23 03:00:00+00:00,125.18,0.12518
2023-02-23 04:00:00+00:00,129.93,0.12993000000000002
2023-02-23 05:00:00+00:00,153.98,0.15397999999999998
2023-02-23 06:00:00+00:00,170.0,0.17
2023-02-23 07:00:00+00:00,178.06,0.17806
2023-02-23 08:00:00+00:00,163.96,0.16396
2023-02-23 09:00:00+00:00,139.9,0.1399
2023-02-23 10:00:00+00:00,130.0,0.13
2023-02-23 11:00:00+00:00,131.75,0.13175
2023-02-23 12:00:00+00:00,124.23,0.12423000000000001
2023-02-23 13:00:00+00:00,128.97,0.12897
2023-02-23 14:00:00+00:00,118.0,0.118
2023-02-23 15:00:00+00:00,127.55,0.12755
2023-02-23 16:00:00+00:00,151.89,0.15189
2023-02-23 17:00:00+00:00,165.22,0.16522
2023-02-23 18:00:00+00:00,165.0,0.165
2023-02-23 19:00:00+00:00,149.9,0.1499
2023-02-23 20:00:00+00:00,151.14,0.15114
2023-02-23 21:00:00+00:00,141.5,0.1415
2023-02-23 22:00:00+00:00,132.94,0.13294
2023-02-23 23:00:00+00:00,133.65,0.13365000000000002
2023-02-24 00:00:00+00:00,153.0,0.153
2023-02-24 01:00:00+00:00,125.8,0.1258
2023-02-24 02:00:00+00:00,128.96,0.12896000000000002
2023-02-24 03:00:00+00:00,117.55,0.11755
2023-02-24 04:00:00+00:00,110.62,0.11062000000000001
2023-02-24 05:00:00+00:00,120.0,0.12
2023-02-24 06:00:00+00:00,144.0,0.144
2023-02-24 07:00:00+00:00,171.0,0.171
2023-02-24 08:00:00+00:00,168.6,0.1686
2023-02-24 09:00:00+00:00,150.1,0.15009999999999998
2023-02-24 10:00:00+00:00,135.74,0.13574
2023-02-24 11:00:00+00:00,125.96,0.12596
2023-02-24 12:00:00+00:00,120.0,0.12
2023-02-24 13:00:00+00:00,108.64,0.10864
2023-02-24 14:00:00+00:00,109.9,0.10990000000000001
2023-02-24 15:00:00+00:00,113.2,0.11320000000000001
2023-02-24 16:00:00+00:00,124.86,0.12486
2023-02-24 17:00:00+00:00,150.1,0.15009999999999998
2023-02-24 18:00:00+00:00,115.1,0.1151
2023-02-24 19:00:00+00:00,129.9,0.12990000000000002
2023-02-24 20:00:00+00:00,104.91,0.10491
2023-02-24 21:00:00+00:00,107.46,0.10746
2023-02-24 22:00:00+00:00,83.95,0.08395
2023-02-24 23:00:00+00:00,115.02,0.11502
2023-02-25 00:00:00+00:00,106.91,0.10690999999999999
2023-02-25 01:00:00+00:00,103.14,0.10314
2023-02-25 02:00:00+00:00,97.03,0.09703
2023-02-25 03:00:00+00:00,87.0,0.087
2023-02-25 04:00:00+00:00,95.41,0.09541
2023-02-25 05:00:00+00:00,100.1,0.1001
2023-02-25 06:00:00+00:00,95.3,0.0953
2023-02-25 07:00:00+00:00,119.9,0.1199
2023-02-25 08:00:00+00:00,105.07,0.10507
2023-02-25 09:00:00+00:00,74.4,0.07440000000000001
2023-02-25 10:00:00+00:00,54.9,0.0549
2023-02-25 11:00:00+00:00,47.35,0.04735
2023-02-25 12:00:00+00:00,35.05,0.03505
2023-02-25 13:00:00+00:00,52.35,0.05235
2023-02-25 14:00:00+00:00,84.9,0.0849
2023-02-25 15:00:00+00:00,93.9,0.09390000000000001
2023-02-25 16:00:00+00:00,124.8,0.1248
2023-02-25 17:00:00+00:00,172.0,0.172
2023-02-25 18:00:00+00:00,186.6,0.1866
2023-02-25 19:00:00+00:00,170.0,0.17
2023-02-25 20:00:00+00:00,166.92,0.16691999999999999
2023-02-25 21:00:00+00:00,149.2,0.1492
2023-02-25 22:00:00+00:00,125.6,0.1256
2023-02-25 23:00:00+00:00,140.1,0.1401
2023-02-26 00:00:00+00:00,116.2,0.1162
2023-02-26 01:00:00+00:00,119.9,0.1199
2023-02-26 02:00:00+00:00,107.78,0.10778
2023-02-26 03:00:00+00:00,108.26,0.10826000000000001
2023-02-26 04:00:00+00:00,105.7,0.1057
2023-02-26 05:00:00+00:00,107.04,0.10704000000000001
2023-02-26 06:00:00+00:00,109.9,0.10990000000000001
2023-02-26 07:00:00+00:00,115.27,0.11527
2023-02-26 08:00:00+00:00,113.92,0.11392000000000001
2023-02-26 09:00:00+00:00,96.9,0.0969
2023-02-26 10:00:00+00:00,92.33,0.09233
2023-02-26 11:00:00+00:00,84.14,0.08414
2023-02-26 12:00:00+00:00,54.63,0.054630000000000005
2023-02-26 13:00:00+00:00,54.9,0.0549
2023-02-26 14:00:00+00:00,85.0,0.085
2023-02-26 15:00:00+00:00,98.92,0.09892000000000001
2023-02-26 16:00:00+00:00,129.9,0.12990000000000002
2023-02-26 17:00:00+00:00,153.7,0.15369999999999998
2023-02-26 18:00:00+00:00,156.91,0.15691
2023-02-26 19:00:00+00:00,153.64,0.15364
2023-02-26 20:00:00+00:00,141.64,0.14164
2023-02-26 21:00:00+00:00,138.29,0.13829
2023-02-26 22:00:00+00:00,132.98,0.13298
2023-02-26 23:00:00+00:00,122.83,0.12283
2023-02-27 00:00:00+00:00,133.0,0.133
2023-02-27 01:00:00+00:00,132.92,0.13291999999999998
2023-02-27 02:00:00+00:00,125.03,0.12503
2023-02-27 03:00:00+00:00,120.07,0.12007
2023-02-27 04:00:00+00:00,139.83,0.13983
2023-02-27 05:00:00+00:00,152.3,0.15230000000000002
2023-02-27 06:00:00+00:00,186.66,0.18666
2023-02-27 07:00:00+00:00,190.25,0.19025
2023-02-27 08:00:00+00:00,169.94,0.16994
2023-02-27 09:00:00+00:00,128.01,0.12800999999999998
2023-02-27 10:00:00+00:00,109.99,0.10998999999999999
2023-02-27 11:00:00+00:00,110.0,0.11
2023-02-27 12:00:00+00:00,101.01,0.10101
2023-02-27 13:00:00+00:00,104.64,0.10464
2023-02-27 14:00:00+00:00,100.0,0.1
2023-02-27 15:00:00+00:00,116.36,0.11636
2023-02-27 16:00:00+00:00,131.65,0.13165000000000002
2023-02-27 17:00:00+00:00,188.0,0.188
2023-02-27 18:00:00+00:00,174.5,0.1745
2023-02-27 19:00:00+00:00,174.49,0.17449
2023-02-27 20:00:00+00:00,160.3,0.1603
2023-02-27 21:00:00+00:00,153.46,0.15346
2023-02-27 22:00:00+00:00,149.46,0.14946
2023-02-27 23:00:00+00:00,134.0,0.134
2023-02-28 00:00:00+00:00,124.82,0.12481999999999999
2023-02-28 01:00:00+00:00,123.83,0.12383
2023-02-28 02:00:00+00:00,124.59,0.12459
2023-02-28 03:00:00+00:00,120.1,0.1201
2023-02-28 04:00:00+00:00,129.0,0.129
2023-02-28 05:00:00+00:00,161.94,0.16194
2023-02-28 06:00:00+00:00,177.6,0.1776
2023-02-28 07:00:00+00:00,189.28,0.18928
2023-02-28 08:00:00+00:00,163.0,0.163
2023-02-28 09:00:00+00:00,120.93,0.12093000000000001
2023-02-28 10:00:00+00:00,117.97,0.11797
2023-02-28 11:00:00+00:00,116.71,0.11671
2023-02-28 12:00:00+00:00,116.33,0.11633
2023-02-28 13:00:00+00:00,116.75,0.11675
2023-02-28 14:00:00+00:00,130.0,0.13
2023-02-28 15:00:00+00:00,132.0,0.132
2023-02-28 16:00:00+00:00,173.13,0.17313
2023-02-28 17:00:00+00:00,193.87,0.19387000000000001
2023-02-28 18:00:00+00:00,192.46,0.19246000000000002
2023-02-28 19:00:00+00:00,174.73,0.17473
2023-02-28 20:00:00+00:00,153.88,0.15388
2023-02-28 21:00:00+00:00,150.49,0.15049
2023-02-28 22:00:00+00:00,129.9,0.12990000000000002
2023-02-28 23:00:00+00:00,125.23,0.12523
2023-03-01 00:00:00+00:00,119.9,0.1199
2023-03-01 01:00:00+00:00,124.96,0.12495999999999999
2023-03-01 02:00:00+00:00,116.31,0.11631
2023-03-01 03:00:00+00:00,130.0,0.13
2023-03-01 04:00:00+00:00,136.0,0.136
2023-03-01 05:00:00+00:00,160.0,0.16
2023-03-01 06:00:00+00:00,180.71,0.18071
2023-03-01 07:00:00+00:00,186.03,0.18603
2023-03-01 08:00:00+00:00,152.9,0.1529
2023-03-01 09:00:00+00:00,116.6,0.1166
2023-03-01 10:00:00+00:00,116.6,0.1166
2023-03-01 11:00:00+00:00,113.96,0.11395999999999999
2023-03-01 12:00:00+00:00,107.72,0.10772
2023-03-01 13:00:00+00:00,108.0,0.108
2023-03-01 14:00:00+00:00,119.86,0.11986
2023-03-01 15:00:00+00:00,127.58,0.12758
2023-03-01 16:00:00+00:00,144.32,0.14432
2023-03-01 17:00:00+00:00,182.18,0.18218
2023-03-01 18:00:00+00:00,176.44,0.17643999999999999
2023-03-01 19:00:00+00:00,153.84,0.15384
2023-03-01 20:00:00+00:00,140.65,0.14065
2023-03-01 21:00:00+00:00,130.0,0.13
2023-03-01 22:00:00+00:00,125.5,0.1255
2023-03-01 23:00:00+00:00,111.79,0.11179
2023-03-02 00:00:00+00:00,111.1,0.11109999999999999
2023-03-02 01:00:00+00:00,114.0,0.114
2023-03-02 02:00:00+00:00,130.1,0.1301
2023-03-02 03:00:00+00:00,120.0,0.12
2023-03-02 04:00:00+00:00,126.0,0.126
2023-03-02 05:00:00+00:00,146.0,0.146
2023-03-02 06:00:00+00:00,178.69,0.17869
2023-03-02 07:00:00+00:00,189.56,0.18956
2023-03-02 08:00:00+00:00,141.44,0.14144
2023-03-02 09:00:00+00:00,107.1,0.1071
2023-03-02 10:00:00+00:00,116.4,0.1164
2023-03-02 11:00:00+00:00,105.06,0.10506
2023-03-02 12:00:00+00:00,102.05,0.10205
2023-03-02 13:00:00+00:00,94.83,0.09483
2023-03-02 14:00:00+00:00,116.05,0.11605
2023-03-02 15:00:00+00:00,120.0,0.12
2023-03-02 16:00:00+00:00,165.81,0.16581
2023-03-02 17:00:00+00:00,184.5,0.1845
2023-03-02 18:00:00+00:00,159.44,0.15944
2023-03-02 19:00:00+00:00,152.08,0.15208000000000002
2023-03-02 20:00:00+00:00,157.56,0.15756
2023-03-02 21:00:00+00:00,144.91,0.14490999999999998
2023-03-02 22:00:00+00:00,139.9,0.1399
2023-03-02 23:00:00+00:00,139.31,0.13931
2023-03-03 00:00:00+00:00,128.02,0.12802000000000002
2023-03-03 01:00:00+00:00,128.79,0.12879
2023-03-03 02:00:00+00:00,109.9,0.10990000000000001
2023-03-03 03:00:00+00:00,110.4,0.11040000000000001
2023-03-03 04:00:00+00:00,122.21,0.12221
2023-03-03 05:00:00+00:00,162.19,0.16219
2023-03-03 06:00:00+00:00,187.03,0.18703
2023-03-03 07:00:00+00:00,198.2,0.1982
2023-03-03 08:00:00+00:00,163.67,0.16366999999999998
2023-03-03 09:00:00+00:00,131.12,0.13112000000000001
2023-03-03 10:00:00+00:00,130.0,0.13
2023-03-03 11:00:00+00:00,112.58,0.11258
2023-03-03 12:00:00+00:00,112.69,0.11269
2023-03-03 13:00:00+00:00,114.64,0.11464
2023-03-03 14:00:00+00:00,107.83,0.10783
2023-03-03 15:00:00+00:00,132.0,0.132
2023-03-03 16:00:00+00:00,155.99,0.15599000000000002
2023-03-03 17:00:00+00:00,165.0,0.165
2023-03-03 18:00:00+00:00,132.0,0.132
2023-03-03 19:00:00+00:00,126.72,0.12672
2023-03-03 20:00:00+00:00,126.25,0.12625
2023-03-03 21:00:00+00:00,121.68,0.12168000000000001
2023-03-03 22:00:00+00:00,114.5,0.1145
2023-03-03 23:00:00+00:00,116.07,0.11606999999999999
2023-03-04 00:00:00+00:00,123.91,0.12390999999999999
2023-03-04 01:00:00+00:00,126.58,0.12658
2023-03-04 02:00:00+00:00,125.93,0.12593000000000001
2023-03-04 03:00:00+00:00,128.0,0.128
2023-03-04 04:00:00+00:00,100.19,0.10019
2023-03-04 05:00:00+00:00,115.7,0.1157
2023-03-04 06:00:00+00:00,112.1,0.11209999999999999
2023-03-04 07:00:00+00:00,120.0,0.12
2023-03-04 08:00:00+00:00,120.1,0.1201
2023-03-04 09:00:00+00:00,134.0,0.134
2023-03-04 10:00:00+00:00,119.9,0.1199
2023-03-04 11:00:00+00:00,117.0,0.117
2023-03-04 12:00:00+00:00,111.0,0.111
2023-03-04 13:00:00+00:00,105.95,0.10595
2023-03-04 14:00:00+00:00,108.6,0.10859999999999999
2023-03-04 15:00:00+00:00,111.6,0.11159999999999999
2023-03-04 16:00:00+00:00,140.0,0.14
2023-03-04 17:00:00+00:00,159.65,0.15965000000000001
2023-03-04 18:00:00+00:00,151.4,0.1514
2023-03-04 19:00:00+00:00,131.4,0.13140000000000002
2023-03-04 20:00:00+00:00,139.96,0.13996
2023-03-04 21:00:00+00:00,131.47,0.13147
2023-03-04 22:00:00+00:00,113.83,0.11383
2023-03-04 23:00:00+00:00,119.9,0.1199
2023-03-05 00:00:00+00:00,108.4,0.10840000000000001
2023-03-05 01:00:00+00:00,110.0,0.11
2023-03-05 02:00:00+00:00,107.43,0.10743000000000001
2023-03-05 03:00:00+00:00,106.54,0.10654000000000001
2023-03-05 04:00:00+00:00,106.53,0.10653
2023-03-05 05:00:00+00:00,108.5,0.1085
2023-03-05 06:00:00+00:00,109.28,0.10928
2023-03-05 07:00:00+00:00,116.22,0.11622
2023-03-05 08:00:00+00:00,119.94,0.11993999999999999
2023-03-05 09:00:00+00:00,110.0,0.11
2023-03-05 10:00:00+00:00,107.55,0.10754999999999999
2023-03-05 11:00:00+00:00,107.35,0.10735
2023-03-05 12:00:00+00:00,108.62,0.10862000000000001
2023-03-05 13:00:00+00:00,109.7,0.1097
2023-03-05 14:00:00+00:00,111.55,0.11155
2023-03-05 15:00:00+00:00,120.12,0.12012
2023-03-05 16:00:00+00:00,145.14,0.14514
2023-03-05 17:00:00+00:00,166.67,0.16666999999999998
2023-03-05 18:00:00+00:00,170.14,0.17013999999999999
2023-03-05 19:00:00+00:00,152.55,0.15255000000000002
2023-03-05 20:00:00+00:00,149.78,0.14978
2023-03-05 21:00:00+00:00,141.5,0.1415
2023-03-05 22:00:00+00:00,125.48,0.12548
2023-03-05 23:00:00+00:00,134.5,0.1345
2023-03-06 00:00:00+00:00,122.44,0.12244
2023-03-06 01:00:00+00:00,119.96,0.11996
2023-03-06 02:00:00+00:00,121.11,0.12111
2023-03-06 03:00:00+00:00,122.41,0.12240999999999999
2023-03-06 04:00:00+00:00,135.59,0.13559000000000002
2023-03-06 05:00:00+00:00,159.8,0.1598
2023-03-06 06:00:00+00:00,185.0,0.185
2023-03-06 07:00:00+00:00,217.09,0.21709
2023-03-06 08:00:00+00:00,186.35,0.18635
2023-03-06 09:00:00+00:00,170.26,0.17026
2023-03-06 10:00:00+00:00,160.84,0.16084
2023-03-06 11:00:00+00:00,149.9,0.1499
2023-03-06 12:00:00+00:00,144.93,0.14493
2023-03-06 13:00:00+00:00,120.0,0.12
2023-03-06 14:00:00+00:00,116.12,0.11612
2023-03-06 15:00:00+00:00,107.64,0.10764
2023-03-06 16:00:00+00:00,135.0,0.135
2023-03-06 17:00:00+00:00,160.0,0.16
2023-03-06 18:00:00+00:00,150.3,0.15030000000000002
2023-03-06 19:00:00+00:00,120.0,0.12
2023-03-06 20:00:00+00:00,115.72,0.11572
2023-03-06 21:00:00+00:00,120.0,0.12
2023-03-06 22:00:00+00:00,114.93,0.11493
2023-03-06 23:00:00+00:00,100.1,0.1001
2023-03-07 00:00:00+00:00,104.49,0.10449
2023-03-07 01:00:00+00:00,100.0,0.1
2023-03-07 02:00:00+00:00,99.9,0.0999
2023-03-07 03:00:00+00:00,109.1,0.10909999999999999
2023-03-07 04:00:00+00:00,98.87,0.09887
2023-03-07 05:00:00+00:00,105.5,0.1055
2023-03-07 06:00:00+00:00,110.1,0.11009999999999999
2023-03-07 07:00:00+00:00,129.9,0.12990000000000002
2023-03-07 08:00:00+00:00,174.76,0.17476
2023-03-07 09:00:00+00:00,153.24,0.15324000000000002
2023-03-07 10:00:00+00:00,132.0,0.132
2023-03-07 11:00:00+00:00,109.9,0.10990000000000001
2023-03-07 12:00:00+00:00,110.0,0.11
2023-03-07 13:00:00+00:00,106.0,0.106
2023-03-07 14:00:00+00:00,103.82,0.10382
2023-03-07 15:00:00+00:00,111.27,0.11127
2023-03-07 16:00:00+00:00,144.22,0.14422
2023-03-07 17:00:00+00:00,165.9,0.1659
2023-03-07 18:00:00+00:00,143.91,0.14391
2023-03-07 19:00:00+00:00,155.02,0.15502000000000002
2023-03-07 20:00:00+00:00,139.13,0.13913
2023-03-07 21:00:00+00:00,127.89,0.12789
2023-03-07 22:00:00+00:00,121.14,0.12114
2023-03-07 23:00:00+00:00,117.01,0.11701
2023-03-08 00:00:00+00:00,114.49,0.11449
2023-03-08 01:00:00+00:00,114.33,0.11433
2023-03-08 02:00:00+00:00,111.0,0.111
2023-03-08 03:00:00+00:00,111.0,0.111
2023-03-08 04:00:00+00:00,118.23,0.11823
2023-03-08 05:00:00+00:00,140.68,0.14068
2023-03-08 06:00:00+00:00,158.53,0.15853
2023-03-08 07:00:00+00:00,173.1,0.1731
2023-03-08 08:00:00+00:00,162.99,0.16299
2023-03-08 09:00:00+00:00,152.99,0.15299000000000001
2023-03-08 10:00:00+00:00,144.18,0.14418
2023-03-08 11:00:00+00:00,137.19,0.13719
2023-03-08 12:00:00+00:00,135.08,0.13508
2023-03-08 13:00:00+00:00,137.42,0.13742
2023-03-08 14:00:00+00:00,141.08,0.14108
2023-03-08 15:00:00+00:00,144.47,0.14447
2023-03-08 16:00:00+00:00,153.01,0.15300999999999998
2023-03-08 17:00:00+00:00,166.89,0.16688999999999998
2023-03-08 18:00:00+00:00,170.02,0.17002
2023-03-08 19:00:00+00:00,153.77,0.15377000000000002
2023-03-08 20:00:00+00:00,134.39,0.13438999999999998
2023-03-08 21:00:00+00:00,128.65,0.12865000000000001
2023-03-08 22:00:00+00:00,119.0,0.119
2023-03-08 23:00:00+00:00,113.66,0.11366
2023-03-09 00:00:00+00:00,111.39,0.11139
2023-03-09 01:00:00+00:00,111.02,0.11102
2023-03-09 02:00:00+00:00,109.38,0.10937999999999999
2023-03-09 03:00:00+00:00,111.22,0.11122
2023-03-09 04:00:00+00:00,113.02,0.11302
2023-03-09 05:00:00+00:00,137.39,0.13738999999999998
2023-03-09 06:00:00+00:00,149.88,0.14987999999999999
2023-03-09 07:00:00+00:00,158.99,0.15899000000000002
2023-03-09 08:00:00+00:00,150.95,0.15095
2023-03-09 09:00:00+00:00,142.34,0.14234
2023-03-09 10:00:00+00:00,131.8,0.1318
2023-03-09 11:00:00+00:00,122.0,0.122
2023-03-09 12:00:00+00:00,116.44,0.11644
2023-03-09 13:00:00+00:00,116.16,0.11616
2023-03-09 14:00:00+00:00,116.35,0.11635
2023-03-09 15:00:00+00:00,118.0,0.118
2023-03-09 16:00:00+00:00,135.4,0.1354
2023-03-09 17:00:00+00:00,146.92,0.14692
2023-03-09 18:00:00+00:00,144.65,0.14465
2023-03-09 19:00:00+00:00,134.56,0.13456
2023-03-09 20:00:00+00:00,124.84,0.12484
2023-03-09 21:00:00+00:00,123.82,0.12382
2023-03-09 22:00:00+00:00,109.7,0.1097
2023-03-09 23:00:00+00:00,102.89,0.10289
2023-03-10 00:00:00+00:00,100.68,0.10068
2023-03-10 01:00:00+00:00,99.06,0.09906000000000001
2023-03-10 02:00:00+00:00,98.84,0.09884
2023-03-10 03:00:00+00:00,99.09,0.09909
2023-03-10 04:00:00+00:00,105.0,0.105
2023-03-10 05:00:00+00:00,119.81,0.11981
2023-03-10 06:00:00+00:00,136.9,0.1369
2023-03-10 07:00:00+00:00,140.91,0.14091
2023-03-10 08:00:00+00:00,136.61,0.13661
2023-03-10 09:00:00+00:00,131.89,0.13188999999999998
2023-03-10 10:00:00+00:00,125.1,0.1251
2023-03-10 11:00:00+00:00,116.41,0.11641
2023-03-10 12:00:00+00:00,112.83,0.11283
2023-03-10 13:00:00+00:00,114.72,0.11472
2023-03-10 14:00:00+00:00,112.22,0.11222
2023-03-10 15:00:00+00:00,109.49,0.10948999999999999
2023-03-10 16:00:00+00:00,128.95,0.12894999999999998
2023-03-10 17:00:00+00:00,135.01,0.13501
2023-03-10 18:00:00+00:00,128.97,0.12897
2023-03-10 19:00:00+00:00,110.0,0.11
2023-03-10 20:00:00+00:00,108.96,0.10895999999999999
2023-03-10 21:00:00+00:00,110.0,0.11
2023-03-10 22:00:00+00:00,102.0,0.102
2023-03-10 23:00:00+00:00,109.36,0.10936
2023-03-11 00:00:00+00:00,108.0,0.108
2023-03-11 01:00:00+00:00,107.0,0.107
2023-03-11 02:00:00+00:00,109.02,0.10901999999999999
2023-03-11 03:00:00+00:00,109.0,0.109
2023-03-11 04:00:00+00:00,114.97,0.11497
2023-03-11 05:00:00+00:00,146.1,0.1461
2023-03-11 06:00:00+00:00,145.35,0.14535
2023-03-11 07:00:00+00:00,119.99,0.11999
2023-03-11 08:00:00+00:00,110.44,0.11044
2023-03-11 09:00:00+00:00,99.17,0.09917000000000001
2023-03-11 10:00:00+00:00,87.1,0.0871
2023-03-11 11:00:00+00:00,78.66,0.07866
2023-03-11 12:00:00+00:00,60.0,0.06
2023-03-11 13:00:00+00:00,60.38,0.06038
2023-03-11 14:00:00+00:00,85.95,0.08595
2023-03-11 15:00:00+00:00,108.1,0.10809999999999999
2023-03-11 16:00:00+00:00,130.02,0.13002
2023-03-11 17:00:00+00:00,144.95,0.14495
2023-03-11 18:00:00+00:00,195.18,0.19518000000000002
2023-03-11 19:00:00+00:00,131.54,0.13154
2023-03-11 20:00:00+00:00,119.96,0.11996
2023-03-11 21:00:00+00:00,124.08,0.12408
2023-03-11 22:00:00+00:00,115.3,0.1153
2023-03-11 23:00:00+00:00,120.88,0.12088
2023-03-12 00:00:00+00:00,101.05,0.10105
2023-03-12 01:00:00+00:00,101.0,0.101
2023-03-12 02:00:00+00:00,90.3,0.09029999999999999
2023-03-12 03:00:00+00:00,91.7,0.0917
2023-03-12 04:00:00+00:00,91.98,0.09198
2023-03-12 05:00:00+00:00,90.55,0.09054999999999999
2023-03-12 06:00:00+00:00,88.78,0.08878
2023-03-12 07:00:00+00:00,90.22,0.09022
2023-03-12 08:00:00+00:00,93.71,0.09370999999999999
2023-03-12 09:00:00+00:00,91.98,0.09198
2023-03-12 10:00:00+00:00,87.79,0.08779
2023-03-12 11:00:00+00:00,79.73,0.07973000000000001
2023-03-12 12:00:00+00:00,68.96,0.06896
2023-03-12 13:00:00+00:00,70.0,0.07
2023-03-12 14:00:00+00:00,74.9,0.07490000000000001
2023-03-12 15:00:00+00:00,85.05,0.08505
2023-03-12 16:00:00+00:00,100.95,0.10095
2023-03-12 17:00:00+00:00,120.05,0.12005
2023-03-12 18:00:00+00:00,141.04,0.14104
2023-03-12 19:00:00+00:00,129.97,0.12997
2023-03-12 20:00:00+00:00,104.31,0.10431
2023-03-12 21:00:00+00:00,94.9,0.09490000000000001
2023-03-12 22:00:00+00:00,80.78,0.08078
2023-03-12 23:00:00+00:00,46.36,0.04636
2023-03-13 00:00:00+00:00,37.33,0.037329999999999995
2023-03-13 01:00:00+00:00,33.4,0.0334
2023-03-13 02:00:00+00:00,16.89,0.016890000000000002
2023-03-13 03:00:00+00:00,7.51,0.00751
2023-03-13 04:00:00+00:00,16.89,0.016890000000000002
2023-03-13 05:00:00+00:00,38.49,0.03849
2023-03-13 06:00:00+00:00,77.71,0.07770999999999999
2023-03-13 07:00:00+00:00,94.43,0.09443
2023-03-13 08:00:00+00:00,89.97,0.08997
2023-03-13 09:00:00+00:00,64.8,0.0648
2023-03-13 10:00:00+00:00,23.33,0.023329999999999997
2023-03-13 11:00:00+00:00,1.06,0.00106
2023-03-13 12:00:00+00:00,-0.98,-0.00098
2023-03-13 13:00:00+00:00,-0.46,-0.00046
2023-03-13 14:00:00+00:00,0.26,0.00026000000000000003
2023-03-13 15:00:00+00:00,9.03,0.00903
2023-03-13 16:00:00+00:00,54.99,0.054990000000000004
2023-03-13 17:00:00+00:00,91.43,0.09143000000000001
2023-03-13 18:00:00+00:00,100.0,0.1
2023-03-13 19:00:00+00:00,83.53,0.08353000000000001
2023-03-13 20:00:00+00:00,72.08,0.07208
2023-03-13 21:00:00+00:00,35.45,0.03545
2023-03-13 22:00:00+00:00,23.32,0.02332
2023-03-13 23:00:00+00:00,9.57,0.00957
2023-03-14 00:00:00+00:00,4.48,0.0044800000000000005
2023-03-14 01:00:00+00:00,4.04,0.00404
2023-03-14 02:00:00+00:00,1.95,0.00195
2023-03-14 03:00:00+00:00,3.64,0.00364
2023-03-14 04:00:00+00:00,9.8,0.009800000000000001
2023-03-14 05:00:00+00:00,42.93,0.04293
2023-03-14 06:00:00+00:00,94.36,0.09436
2023-03-14 07:00:00+00:00,100.11,0.10011
2023-03-14 08:00:00+00:00,108.86,0.10886
2023-03-14 09:00:00+00:00,82.83,0.08283
2023-03-14 10:00:00+00:00,60.95,0.060950000000000004
2023-03-14 11:00:00+00:00,46.48,0.046479999999999994
2023-03-14 12:00:00+00:00,56.42,0.056420000000000005
2023-03-14 13:00:00+00:00,65.51,0.06551
2023-03-14 14:00:00+00:00,59.82,0.05982
2023-03-14 15:00:00+00:00,78.83,0.07883
2023-03-14 16:00:00+00:00,131.55,0.13155
2023-03-14 17:00:00+00:00,162.0,0.162
2023-03-14 18:00:00+00:00,203.0,0.203
2023-03-14 19:00:00+00:00,199.45,0.19945
2023-03-14 20:00:00+00:00,151.2,0.1512
2023-03-14 21:00:00+00:00,133.5,0.1335
2023-03-14 22:00:00+00:00,144.6,0.1446
2023-03-14 23:00:00+00:00,155.8,0.15580000000000002
2023-03-15 00:00:00+00:00,114.2,0.1142
2023-03-15 01:00:00+00:00,115.9,0.1159
2023-03-15 02:00:00+00:00,108.21,0.10821
2023-03-15 03:00:00+00:00,108.54,0.10854000000000001
2023-03-15 04:00:00+00:00,123.45,0.12345
2023-03-15 05:00:00+00:00,143.6,0.1436
2023-03-15 06:00:00+00:00,200.0,0.2
2023-03-15 07:00:00+00:00,219.0,0.219
2023-03-15 08:00:00+00:00,145.93,0.14593
2023-03-15 09:00:00+00:00,110.7,0.1107
2023-03-15 10:00:00+00:00,77.94,0.07794
2023-03-15 11:00:00+00:00,74.9,0.07490000000000001
2023-03-15 12:00:00+00:00,62.71,0.06271
2023-03-15 13:00:00+00:00,74.9,0.07490000000000001
2023-03-15 14:00:00+00:00,100.1,0.1001
2023-03-15 15:00:00+00:00,114.51,0.11451
2023-03-15 16:00:00+00:00,150.8,0.15080000000000002
2023-03-15 17:00:00+00:00,182.3,0.18230000000000002
2023-03-15 18:00:00+00:00,199.11,0.19911
2023-03-15 19:00:00+00:00,165.34,0.16534000000000001
2023-03-15 20:00:00+00:00,147.36,0.14736000000000002
2023-03-15 21:00:00+00:00,139.35,0.13935
2023-03-15 22:00:00+00:00,127.63,0.12763
2023-03-15 23:00:00+00:00,117.39,0.11739
2023-03-16 00:00:00+00:00,107.2,0.1072
2023-03-16 01:00:00+00:00,103.8,0.1038
2023-03-16 02:00:00+00:00,100.0,0.1
2023-03-16 03:00:00+00:00,98.07,0.09806999999999999
2023-03-16 04:00:00+00:00,103.6,0.1036
2023-03-16 05:00:00+00:00,110.57,0.11056999999999999
2023-03-16 06:00:00+00:00,142.35,0.14235
2023-03-16 07:00:00+00:00,138.03,0.13803
2023-03-16 08:00:00+00:00,117.12,0.11712
2023-03-16 09:00:00+00:00,103.2,0.1032
2023-03-16 10:00:00+00:00,91.51,0.09151000000000001
2023-03-16 11:00:00+00:00,85.41,0.08541
2023-03-16 12:00:00+00:00,78.51,0.07851000000000001
2023-03-16 13:00:00+00:00,80.47,0.08047
2023-03-16 14:00:00+00:00,84.9,0.0849
2023-03-16 15:00:00+00:00,95.46,0.09545999999999999
2023-03-16 16:00:00+00:00,119.23,0.11923
2023-03-16 17:00:00+00:00,131.88,0.13188
2023-03-16 18:00:00+00:00,130.02,0.13002
2023-03-16 19:00:00+00:00,102.5,0.1025
2023-03-16 20:00:00+00:00,101.8,0.1018
2023-03-16 21:00:00+00:00,88.2,0.0882
2023-03-16 22:00:00+00:00,81.7,0.08170000000000001
2023-03-16 23:00:00+00:00,90.0,0.09
2023-03-17 00:00:00+00:00,90.0,0.09
2023-03-17 01:00:00+00:00,89.35,0.08935
2023-03-17 02:00:00+00:00,75.55,0.07554999999999999
2023-03-17 03:00:00+00:00,79.0,0.079
2023-03-17 04:00:00+00:00,81.59,0.08159000000000001
2023-03-17 05:00:00+00:00,119.24,0.11924
2023-03-17 06:00:00+00:00,140.6,0.1406
2023-03-17 07:00:00+00:00,134.0,0.134
2023-03-17 08:00:00+00:00,103.9,0.1039
2023-03-17 09:00:00+00:00,97.7,0.09770000000000001
2023-03-17 10:00:00+00:00,92.4,0.09240000000000001
2023-03-17 11:00:00+00:00,78.15,0.07815000000000001
2023-03-17 12:00:00+00:00,90.63,0.09063
2023-03-17 13:00:00+00:00,89.51,0.08951
2023-03-17 14:00:00+00:00,99.03,0.09903
2023-03-17 15:00:00+00:00,109.54,0.10954000000000001
2023-03-17 16:00:00+00:00,126.76,0.12676
2023-03-17 17:00:00+00:00,139.9,0.1399
2023-03-17 18:00:00+00:00,163.71,0.16371
2023-03-17 19:00:00+00:00,139.9,0.1399
2023-03-17 20:00:00+00:00,129.19,0.12919
2023-03-17 21:00:00+00:00,119.9,0.1199
2023-03-17 22:00:00+00:00,128.75,0.12875
2023-03-17 23:00:00+00:00,120.16,0.12016
2023-03-18 00:00:00+00:00,119.1,0.1191
2023-03-18 01:00:00+00:00,100.0,0.1
2023-03-18 02:00:00+00:00,95.0,0.095
2023-03-18 03:00:00+00:00,96.18,0.09618
2023-03-18 04:00:00+00:00,99.8,0.0998
2023-03-18 05:00:00+00:00,103.5,0.1035
2023-03-18 06:00:00+00:00,105.43,0.10543000000000001
2023-03-18 07:00:00+00:00,100.76,0.10076
2023-03-18 08:00:00+00:00,102.65,0.10265
2023-03-18 09:00:00+00:00,97.02,0.09702
2023-03-18 10:00:00+00:00,91.15,0.09115000000000001
2023-03-18 11:00:00+00:00,84.06,0.08406
2023-03-18 12:00:00+00:00,80.42,0.08042
2023-03-18 13:00:00+00:00,87.52,0.08752
2023-03-18 14:00:00+00:00,92.08,0.09208
2023-03-18 15:00:00+00:00,104.43,0.10443000000000001
2023-03-18 16:00:00+00:00,130.74,0.13074000000000002
2023-03-18 17:00:00+00:00,156.95,0.15694999999999998
2023-03-18 18:00:00+00:00,169.54,0.16954
2023-03-18 19:00:00+00:00,144.15,0.14415
2023-03-18 20:00:00+00:00,132.92,0.13291999999999998
2023-03-18 21:00:00+00:00,129.95,0.12994999999999998
2023-03-18 22:00:00+00:00,118.46,0.11846
2023-03-18 23:00:00+00:00,110.03,0.11003
2023-03-19 00:00:00+00:00,106.0,0.106
2023-03-19 01:00:00+00:00,99.6,0.0996
2023-03-19 02:00:00+00:00,99.18,0.09918
2023-03-19 03:00:00+00:00,98.74,0.09874
2023-03-19 04:00:00+00:00,103.36,0.10336
2023-03-19 05:00:00+00:00,100.0,0.1
2023-03-19 06:00:00+00:00,102.45,0.10245
2023-03-19 07:00:00+00:00,101.44,0.10144
2023-03-19 08:00:00+00:00,102.26,0.10226
2023-03-19 09:00:00+00:00,100.56,0.10056
2023-03-19 10:00:00+00:00,99.29,0.09929
2023-03-19 11:00:00+00:00,97.46,0.09745999999999999
2023-03-19 12:00:00+00:00,94.04,0.09404000000000001
2023-03-19 13:00:00+00:00,95.01,0.09501000000000001
2023-03-19 14:00:00+00:00,98.67,0.09867000000000001
2023-03-19 15:00:00+00:00,106.09,0.10609
2023-03-19 16:00:00+00:00,134.62,0.13462000000000002
2023-03-19 17:00:00+00:00,145.0,0.145
2023-03-19 18:00:00+00:00,152.91,0.15291
2023-03-19 19:00:00+00:00,144.71,0.14471
2023-03-19 20:00:00+00:00,135.27,0.13527
2023-03-19 21:00:00+00:00,132.9,0.13290000000000002
2023-03-19 22:00:00+00:00,130.0,0.13
2023-03-19 23:00:00+00:00,124.0,0.124
2023-03-20 00:00:00+00:00,114.94,0.11494
2023-03-20 01:00:00+00:00,113.06,0.11306000000000001
2023-03-20 02:00:00+00:00,110.18,0.11018
2023-03-20 03:00:00+00:00,110.25,0.11025
2023-03-20 04:00:00+00:00,116.4,0.1164
2023-03-20 05:00:00+00:00,135.77,0.13577
2023-03-20 06:00:00+00:00,148.43,0.14843
2023-03-20 07:00:00+00:00,148.51,0.14851
2023-03-20 08:00:00+00:00,137.56,0.13756000000000002
2023-03-20 09:00:00+00:00,122.75,0.12275
2023-03-20 10:00:00+00:00,115.79,0.11579
2023-03-20 11:00:00+00:00,104.58,0.10457999999999999
2023-03-20 12:00:00+00:00,99.94,0.09994
2023-03-20 13:00:00+00:00,101.69,0.10169
2023-03-20 14:00:00+00:00,104.72,0.10472
2023-03-20 15:00:00+00:00,113.82,0.11381999999999999
2023-03-20 16:00:00+00:00,132.82,0.13282
2023-03-20 17:00:00+00:00,150.96,0.15096
2023-03-20 18:00:00+00:00,165.47,0.16547
2023-03-20 19:00:00+00:00,152.36,0.15236000000000002
2023-03-20 20:00:00+00:00,135.49,0.13549
2023-03-20 21:00:00+00:00,127.5,0.1275
2023-03-20 22:00:00+00:00,117.04,0.11704
2023-03-20 23:00:00+00:00,120.79,0.12079000000000001
2023-03-21 00:00:00+00:00,112.28,0.11228
2023-03-21 01:00:00+00:00,111.56,0.11156
2023-03-21 02:00:00+00:00,108.65,0.10865000000000001
2023-03-21 03:00:00+00:00,110.0,0.11
2023-03-21 04:00:00+00:00,118.21,0.11821
2023-03-21 05:00:00+00:00,129.79,0.12979
2023-03-21 06:00:00+00:00,145.47,0.14547
2023-03-21 07:00:00+00:00,143.43,0.14343
2023-03-21 08:00:00+00:00,128.5,0.1285
2023-03-21 09:00:00+00:00,115.0,0.115
2023-03-21 10:00:00+00:00,106.67,0.10667
2023-03-21 11:00:00+00:00,101.91,0.10191
2023-03-21 12:00:00+00:00,99.48,0.09948
2023-03-21 13:00:00+00:00,96.09,0.09609000000000001
2023-03-21 14:00:00+00:00,98.25,0.09825
2023-03-21 15:00:00+00:00,101.12,0.10112
2023-03-21 16:00:00+00:00,112.94,0.11294
2023-03-21 17:00:00+00:00,132.04,0.13204
2023-03-21 18:00:00+00:00,143.26,0.14326
2023-03-21 19:00:00+00:00,112.34,0.11234000000000001
2023-03-21 20:00:00+00:00,101.0,0.101
2023-03-21 21:00:00+00:00,92.18,0.09218000000000001
2023-03-21 22:00:00+00:00,90.36,0.09036
2023-03-21 23:00:00+00:00,77.06,0.07706
2023-03-22 00:00:00+00:00,73.19,0.07318999999999999
2023-03-22 01:00:00+00:00,73.39,0.07339
2023-03-22 02:00:00+00:00,68.81,0.06881
2023-03-22 03:00:00+00:00,66.48,0.06648
2023-03-22 04:00:00+00:00,71.91,0.07191
2023-03-22 05:00:00+00:00,84.48,0.08448
2023-03-22 06:00:00+00:00,102.54,0.10254
2023-03-22 07:00:00+00:00,107.54,0.10754000000000001
2023-03-22 08:00:00+00:00,92.6,0.09259999999999999
2023-03-22 09:00:00+00:00,78.76,0.07876000000000001
2023-03-22 10:00:00+00:00,81.52,0.08152
2023-03-22 11:00:00+00:00,73.04,0.07304000000000001
2023-03-22 12:00:00+00:00,71.1,0.0711
2023-03-22 13:00:00+00:00,78.57,0.07856999999999999
2023-03-22 14:00:00+00:00,69.95,0.06995
2023-03-22 15:00:00+00:00,81.84,0.08184000000000001
2023-03-22 16:00:00+00:00,100.62,0.10062
2023-03-22 17:00:00+00:00,118.72,0.11871999999999999
2023-03-22 18:00:00+00:00,139.78,0.13978
2023-03-22 19:00:00+00:00,125.14,0.12514
2023-03-22 20:00:00+00:00,108.37,0.10837000000000001
2023-03-22 21:00:00+00:00,99.9,0.0999
2023-03-22 22:00:00+00:00,83.51,0.08351
2023-03-22 23:00:00+00:00,67.93,0.06793
2023-03-23 00:00:00+00:00,65.93,0.06593
2023-03-23 01:00:00+00:00,55.66,0.055659999999999994
2023-03-23 02:00:00+00:00,46.65,0.04665
2023-03-23 03:00:00+00:00,32.46,0.03246
2023-03-23 04:00:00+00:00,55.79,0.05579
2023-03-23 05:00:00+00:00,80.58,0.08058
2023-03-23 06:00:00+00:00,92.22,0.09222
2023-03-23 07:00:00+00:00,95.0,0.095
2023-03-23 08:00:00+00:00,74.9,0.07490000000000001
2023-03-23 09:00:00+00:00,41.4,0.0414
2023-03-23 10:00:00+00:00,35.03,0.03503
2023-03-23 11:00:00+00:00,35.37,0.03537
2023-03-23 12:00:00+00:00,36.41,0.03641
2023-03-23 13:00:00+00:00,50.9,0.0509
2023-03-23 14:00:00+00:00,54.0,0.054
2023-03-23 15:00:00+00:00,89.39,0.08939
2023-03-23 16:00:00+00:00,119.47,0.11946999999999999
2023-03-23 17:00:00+00:00,136.86,0.13686
2023-03-23 18:00:00+00:00,144.37,0.14437
2023-03-23 19:00:00+00:00,122.04,0.12204000000000001
2023-03-23 20:00:00+00:00,92.03,0.09203
2023-03-23 21:00:00+00:00,88.85,0.08885
2023-03-23 22:00:00+00:00,77.54,0.07754000000000001
2023-03-23 23:00:00+00:00,54.98,0.054979999999999994
2023-03-24 00:00:00+00:00,43.8,0.0438
2023-03-24 01:00:00+00:00,40.67,0.040670000000000005
2023-03-24 02:00:00+00:00,39.92,0.039920000000000004
2023-03-24 03:00:00+00:00,35.07,0.03507
2023-03-24 04:00:00+00:00,40.19,0.04019
2023-03-24 05:00:00+00:00,62.44,0.062439999999999996
2023-03-24 06:00:00+00:00,81.23,0.08123000000000001
2023-03-24 07:00:00+00:00,81.23,0.08123000000000001
2023-03-24 08:00:00+00:00,62.36,0.06236
2023-03-24 09:00:00+00:00,21.3,0.0213
2023-03-24 10:00:00+00:00,0.0,0.0
2023-03-24 11:00:00+00:00,-10.0,-0.01
2023-03-24 12:00:00+00:00,-11.4,-0.0114
2023-03-24 13:00:00+00:00,-4.66,-0.00466
2023-03-24 14:00:00+00:00,4.9,0.004900000000000001
2023-03-24 15:00:00+00:00,29.32,0.02932
2023-03-24 16:00:00+00:00,79.43,0.07943
2023-03-24 17:00:00+00:00,100.8,0.1008
2023-03-24 18:00:00+00:00,116.23,0.11623
2023-03-24 19:00:00+00:00,96.7,0.09670000000000001
2023-03-24 20:00:00+00:00,82.47,0.08247
2023-03-24 21:00:00+00:00,76.2,0.0762
2023-03-24 22:00:00+00:00,64.9,0.0649
2023-03-24 23:00:00+00:00,15.3,0.015300000000000001
2023-03-25 00:00:00+00:00,0.1,0.0001
2023-03-25 01:00:00+00:00,-3.0,-0.003
2023-03-25 02:00:00+00:00,-0.21,-0.00020999999999999998
2023-03-25 03:00:00+00:00,-1.15,-0.00115
2023-03-25 04:00:00+00:00,-1.99,-0.00199
2023-03-25 05:00:00+00:00,-2.37,-0.00237
2023-03-25 06:00:00+00:00,0.0,0.0
2023-03-25 07:00:00+00:00,0.0,0.0
2023-03-25 08:00:00+00:00,-3.94,-0.00394
2023-03-25 09:00:00+00:00,-7.99,-0.00799
2023-03-25 10:00:00+00:00,-2.18,-0.00218
2023-03-25 11:00:00+00:00,-6.67,-0.00667
2023-03-25 12:00:00+00:00,-9.71,-0.009710000000000002
2023-03-25 13:00:00+00:00,-9.53,-0.009529999999999999
2023-03-25 14:00:00+00:00,-1.75,-0.00175
2023-03-25 15:00:00+00:00,-1.01,-0.00101
2023-03-25 16:00:00+00:00,31.92,0.031920000000000004
2023-03-25 17:00:00+00:00,75.0,0.075
2023-03-25 18:00:00+00:00,99.98,0.09998
2023-03-25 19:00:00+00:00,99.9,0.0999
2023-03-25 20:00:00+00:00,97.55,0.09755
2023-03-25 21:00:00+00:00,98.0,0.098
2023-03-25 22:00:00+00:00,97.6,0.09759999999999999
2023-03-25 23:00:00+00:00,94.57,0.09456999999999999
2023-03-26 00:00:00+00:00,80.0,0.08
2023-03-26 01:00:00+00:00,84.9,0.0849
2023-03-26 02:00:00+00:00,73.62,0.07362
2023-03-26 03:00:00+00:00,73.65,0.07365000000000001
2023-03-26 04:00:00+00:00,63.49,0.06349
2023-03-26 05:00:00+00:00,73.09,0.07309
2023-03-26 06:00:00+00:00,78.35,0.07834999999999999
2023-03-26 07:00:00+00:00,84.69,0.08469
2023-03-26 08:00:00+00:00,88.7,0.0887
2023-03-26 09:00:00+00:00,84.9,0.0849
2023-03-26 10:00:00+00:00,74.9,0.07490000000000001
2023-03-26 11:00:00+00:00,61.67,0.06167
2023-03-26 12:00:00+00:00,50.46,0.05046
2023-03-26 13:00:00+00:00,45.57,0.04557
2023-03-26 14:00:00+00:00,48.35,0.048350000000000004
2023-03-26 15:00:00+00:00,77.09,0.07709
2023-03-26 16:00:00+00:00,106.65,0.10665000000000001
2023-03-26 17:00:00+00:00,117.86,0.11785999999999999
2023-03-26 18:00:00+00:00,112.59,0.11259000000000001
2023-03-26 19:00:00+00:00,104.63,0.10463
2023-03-26 20:00:00+00:00,99.42,0.09942000000000001
2023-03-26 21:00:00+00:00,94.64,0.09464
2023-03-26 22:00:00+00:00,96.0,0.096
2023-03-26 23:00:00+00:00,91.71,0.09171
2023-03-27 00:00:00+00:00,87.48,0.08748
2023-03-27 01:00:00+00:00,83.99,0.08399
2023-03-27 02:00:00+00:00,84.9,0.0849
2023-03-27 03:00:00+00:00,86.59,0.08659
2023-03-27 04:00:00+00:00,115.0,0.115
2023-03-27 05:00:00+00:00,142.99,0.14299
2023-03-27 06:00:00+00:00,149.38,0.14937999999999999
2023-03-27 07:00:00+00:00,85.0,0.085
2023-03-27 08:00:00+00:00,60.1,0.0601
2023-03-27 09:00:00+00:00,50.75,0.05075
2023-03-27 10:00:00+00:00,0.0,0.0
2023-03-27 11:00:00+00:00,0.0,0.0
2023-03-27 12:00:00+00:00,-10.02,-0.01002
2023-03-27 13:00:00+00:00,-20.02,-0.02002
2023-03-27 14:00:00+00:00,0.0,0.0
2023-03-27 15:00:00+00:00,63.98,0.06398
2023-03-27 16:00:00+00:00,100.4,0.1004
2023-03-27 17:00:00+00:00,135.91,0.13591
2023-03-27 18:00:00+00:00,189.0,0.189
2023-03-27 19:00:00+00:00,144.7,0.1447
2023-03-27 20:00:00+00:00,113.58,0.11358
2023-03-27 21:00:00+00:00,94.8,0.0948
2023-03-27 22:00:00+00:00,99.9,0.0999
2023-03-27 23:00:00+00:00,104.5,0.1045
2023-03-28 00:00:00+00:00,100.1,0.1001
2023-03-28 01:00:00+00:00,96.1,0.09609999999999999
2023-03-28 02:00:00+00:00,95.4,0.09540000000000001
2023-03-28 03:00:00+00:00,100.77,0.10077
2023-03-28 04:00:00+00:00,130.04,0.13004
2023-03-28 05:00:00+00:00,160.07,0.16007
2023-03-28 06:00:00+00:00,159.77,0.15977000000000002
2023-03-28 07:00:00+00:00,125.21,0.12521
2023-03-28 08:00:00+00:00,104.28,0.10428
2023-03-28 09:00:00+00:00,94.89,0.09489
2023-03-28 10:00:00+00:00,91.3,0.09129999999999999
2023-03-28 11:00:00+00:00,86.87,0.08687
2023-03-28 12:00:00+00:00,90.0,0.09
2023-03-28 13:00:00+00:00,94.32,0.09431999999999999
2023-03-28 14:00:00+00:00,96.08,0.09608
2023-03-28 15:00:00+00:00,108.59,0.10859
2023-03-28 16:00:00+00:00,136.87,0.13687
2023-03-28 17:00:00+00:00,160.98,0.16097999999999998
2023-03-28 18:00:00+00:00,135.94,0.13594
2023-03-28 19:00:00+00:00,132.0,0.132
2023-03-28 20:00:00+00:00,125.01,0.12501
2023-03-28 21:00:00+00:00,110.39,0.11039
2023-03-28 22:00:00+00:00,96.65,0.09665
2023-03-28 23:00:00+00:00,95.0,0.095
2023-03-29 00:00:00+00:00,95.4,0.09540000000000001
2023-03-29 01:00:00+00:00,98.04,0.09804
2023-03-29 02:00:00+00:00,98.0,0.098
2023-03-29 03:00:00+00:00,99.2,0.0992
2023-03-29 04:00:00+00:00,117.04,0.11704
2023-03-29 05:00:00+00:00,144.13,0.14413
2023-03-29 06:00:00+00:00,152.0,0.152
2023-03-29 07:00:00+00:00,144.17,0.14417
2023-03-29 08:00:00+00:00,130.0,0.13
2023-03-29 09:00:00+00:00,119.0,0.119
2023-03-29 10:00:00+00:00,110.98,0.11098000000000001
2023-03-29 11:00:00+00:00,105.6,0.1056
2023-03-29 12:00:00+00:00,101.55,0.10155
2023-03-29 13:00:00+00:00,104.94,0.10493999999999999
2023-03-29 14:00:00+00:00,105.9,0.10590000000000001
2023-03-29 15:00:00+00:00,125.79,0.12579
2023-03-29 16:00:00+00:00,143.19,0.14318999999999998
2023-03-29 17:00:00+00:00,149.83,0.14983000000000002
2023-03-29 18:00:00+00:00,132.26,0.13226
2023-03-29 19:00:00+00:00,114.92,0.11492000000000001
2023-03-29 20:00:00+00:00,109.9,0.10990000000000001
2023-03-29 21:00:00+00:00,94.8,0.0948
2023-03-29 22:00:00+00:00,89.71,0.08971
2023-03-29 23:00:00+00:00,82.29,0.08229
2023-03-30 00:00:00+00:00,80.78,0.08078
2023-03-30 01:00:00+00:00,78.77,0.07876999999999999
2023-03-30 02:00:00+00:00,77.91,0.07791
2023-03-30 03:00:00+00:00,76.8,0.0768
2023-03-30 04:00:00+00:00,88.64,0.08864
2023-03-30 05:00:00+00:00,118.88,0.11888
2023-03-30 06:00:00+00:00,129.3,0.1293
2023-03-30 07:00:00+00:00,110.0,0.11
2023-03-30 08:00:00+00:00,90.66,0.09065999999999999
2023-03-30 09:00:00+00:00,79.93,0.07993
2023-03-30 10:00:00+00:00,64.55,0.06455
2023-03-30 11:00:00+00:00,25.31,0.02531
2023-03-30 12:00:00+00:00,5.1,0.0050999999999999995
2023-03-30 13:00:00+00:00,8.53,0.00853
2023-03-30 14:00:00+00:00,38.26,0.038259999999999995
2023-03-30 15:00:00+00:00,72.44,0.07244
2023-03-30 16:00:00+00:00,97.55,0.09755
2023-03-30 17:00:00+00:00,119.7,0.1197
2023-03-30 18:00:00+00:00,119.37,0.11937
2023-03-30 19:00:00+00:00,103.28,0.10328
2023-03-30 20:00:00+00:00,100.07,0.10006999999999999
2023-03-30 21:00:00+00:00,90.76,0.09076000000000001
2023-03-30 22:00:00+00:00,65.13,0.06513
2023-03-30 23:00:00+00:00,64.9,0.0649
2023-03-31 00:00:00+00:00,57.1,0.0571
2023-03-31 01:00:00+00:00,48.62,0.04862
2023-03-31 02:00:00+00:00,64.9,0.0649
2023-03-31 03:00:00+00:00,73.96,0.07396
2023-03-31 04:00:00+00:00,109.22,0.10922
2023-03-31 05:00:00+00:00,121.37,0.12137
2023-03-31 06:00:00+00:00,124.55,0.12455
2023-03-31 07:00:00+00:00,132.0,0.132
2023-03-31 08:00:00+00:00,105.18,0.10518000000000001
2023-03-31 09:00:00+00:00,105.68,0.10568000000000001
2023-03-31 10:00:00+00:00,89.47,0.08947
2023-03-31 11:00:00+00:00,76.94,0.07694
2023-03-31 12:00:00+00:00,81.3,0.0813
2023-03-31 13:00:00+00:00,78.17,0.07817
2023-03-31 14:00:00+00:00,77.64,0.07764
2023-03-31 15:00:00+00:00,99.05,0.09905
2023-03-31 16:00:00+00:00,112.61,0.11261
2023-03-31 17:00:00+00:00,114.53,0.11453
2023-03-31 18:00:00+00:00,109.67,0.10967
2023-03-31 19:00:00+00:00,98.83,0.09883
2023-03-31 20:00:00+00:00,86.73,0.08673
2023-03-31 21:00:00+00:00,80.0,0.08
2023-03-31 22:00:00+00:00,82.19,0.08219
2023-03-31 23:00:00+00:00,63.9,0.0639
2023-04-01 00:00:00+00:00,53.84,0.053840000000000006
2023-04-01 01:00:00+00:00,53.99,0.05399
2023-04-01 02:00:00+00:00,55.01,0.055009999999999996
2023-04-01 03:00:00+00:00,70.0,0.07
2023-04-01 04:00:00+00:00,80.58,0.08058
2023-04-01 05:00:00+00:00,85.0,0.085
2023-04-01 06:00:00+00:00,90.0,0.09
2023-04-01 07:00:00+00:00,86.7,0.0867
2023-04-01 08:00:00+00:00,86.2,0.0862
2023-04-01 09:00:00+00:00,84.37,0.08437
2023-04-01 10:00:00+00:00,80.0,0.08
2023-04-01 11:00:00+00:00,54.9,0.0549
2023-04-01 12:00:00+00:00,43.24,0.04324
2023-04-01 13:00:00+00:00,42.0,0.042
2023-04-01 14:00:00+00:00,70.0,0.07
2023-04-01 15:00:00+00:00,84.9,0.0849
2023-04-01 16:00:00+00:00,99.3,0.0993
2023-04-01 17:00:00+00:00,97.65,0.09765
2023-04-01 18:00:00+00:00,110.95,0.11095000000000001
2023-04-01 19:00:00+00:00,91.16,0.09115999999999999
2023-04-01 20:00:00+00:00,81.77,0.08177
2023-04-01 21:00:00+00:00,68.9,0.0689
2023-04-01 22:00:00+00:00,81.0,0.081
2023-04-01 23:00:00+00:00,69.9,0.0699
2023-04-02 00:00:00+00:00,58.51,0.05851
2023-04-02 01:00:00+00:00,60.46,0.06046
2023-04-02 02:00:00+00:00,58.51,0.05851
2023-04-02 03:00:00+00:00,60.46,0.06046
2023-04-02 04:00:00+00:00,58.72,0.05872
2023-04-02 05:00:00+00:00,70.08,0.07008
2023-04-02 06:00:00+00:00,75.55,0.07554999999999999
2023-04-02 07:00:00+00:00,66.09,0.06609000000000001
2023-04-02 08:00:00+00:00,40.01,0.04001
2023-04-02 09:00:00+00:00,23.3,0.0233
2023-04-02 10:00:00+00:00,-1.0,-0.001
2023-04-02 11:00:00+00:00,-3.99,-0.0039900000000000005
2023-04-02 12:00:00+00:00,-3.99,-0.0039900000000000005
2023-04-02 13:00:00+00:00,0.0,0.0
2023-04-02 14:00:00+00:00,12.8,0.0128
2023-04-02 15:00:00+00:00,41.74,0.04174
2023-04-02 16:00:00+00:00,100.41,0.10041
2023-04-02 17:00:00+00:00,130.0,0.13
2023-04-02 18:00:00+00:00,132.12,0.13212000000000002
2023-04-02 19:00:00+00:00,121.65,0.12165000000000001
2023-04-02 20:00:00+00:00,115.55,0.11555
2023-04-02 21:00:00+00:00,109.12,0.10912000000000001
2023-04-02 22:00:00+00:00,115.22,0.11522
2023-04-02 23:00:00+00:00,112.72,0.11272
2023-04-03 00:00:00+00:00,113.89,0.11389
2023-04-03 01:00:00+00:00,108.53,0.10853
2023-04-03 02:00:00+00:00,100.43,0.10043
2023-04-03 03:00:00+00:00,110.07,0.11006999999999999
2023-04-03 04:00:00+00:00,139.63,0.13963
2023-04-03 05:00:00+00:00,168.99,0.16899
2023-04-03 06:00:00+00:00,179.84,0.17984
2023-04-03 07:00:00+00:00,140.0,0.14
2023-04-03 08:00:00+00:00,92.18,0.09218000000000001
2023-04-03 09:00:00+00:00,68.14,0.06814
2023-04-03 10:00:00+00:00,71.61,0.07161
2023-04-03 11:00:00+00:00,49.2,0.0492
2023-04-03 12:00:00+00:00,71.58,0.07158
2023-04-03 13:00:00+00:00,78.91,0.07891
2023-04-03 14:00:00+00:00,82.0,0.082
2023-04-03 15:00:00+00:00,100.35,0.10035
2023-04-03 16:00:00+00:00,133.77,0.13377
2023-04-03 17:00:00+00:00,158.11,0.15811
2023-04-03 18:00:00+00:00,165.89,0.16588999999999998
2023-04-03 19:00:00+00:00,148.79,0.14879
2023-04-03 20:00:00+00:00,132.07,0.13207
2023-04-03 21:00:00+00:00,113.12,0.11312
2023-04-03 22:00:00+00:00,110.85,0.11084999999999999
2023-04-03 23:00:00+00:00,110.14,0.11014
2023-04-04 00:00:00+00:00,115.83,0.11583
2023-04-04 01:00:00+00:00,115.61,0.11561
2023-04-04 02:00:00+00:00,116.71,0.11671
2023-04-04 03:00:00+00:00,121.91,0.12190999999999999
2023-04-04 04:00:00+00:00,145.35,0.14535
2023-04-04 05:00:00+00:00,180.57,0.18056999999999998
2023-04-04 06:00:00+00:00,190.61,0.19061
2023-04-04 07:00:00+00:00,158.27,0.15827000000000002
2023-04-04 08:00:00+00:00,107.79,0.10779000000000001
2023-04-04 09:00:00+00:00,112.02,0.11202
2023-04-04 10:00:00+00:00,102.94,0.10294
2023-04-04 11:00:00+00:00,107.2,0.1072
2023-04-04 12:00:00+00:00,107.31,0.10731
2023-04-04 13:00:00+00:00,108.71,0.10870999999999999
2023-04-04 14:00:00+00:00,112.73,0.11273000000000001
2023-04-04 15:00:00+00:00,122.0,0.122
2023-04-04 16:00:00+00:00,147.1,0.14709999999999998
2023-04-04 17:00:00+00:00,180.0,0.18
2023-04-04 18:00:00+00:00,177.32,0.17732
2023-04-04 19:00:00+00:00,156.04,0.15603999999999998
2023-04-04 20:00:00+00:00,141.39,0.14139
2023-04-04 21:00:00+00:00,129.9,0.12990000000000002
2023-04-04 22:00:00+00:00,127.34,0.12734
2023-04-04 23:00:00+00:00,118.13,0.11813
2023-04-05 00:00:00+00:00,119.54,0.11954000000000001
2023-04-05 01:00:00+00:00,118.18,0.11818000000000001
2023-04-05 02:00:00+00:00,124.8,0.1248
2023-04-05 03:00:00+00:00,134.29,0.13429
2023-04-05 04:00:00+00:00,165.99,0.16599
2023-04-05 05:00:00+00:00,207.92,0.20792
2023-04-05 06:00:00+00:00,180.75,0.18075
2023-04-05 07:00:00+00:00,144.53,0.14453
2023-04-05 08:00:00+00:00,112.0,0.112
2023-04-05 09:00:00+00:00,113.89,0.11389
2023-04-05 10:00:00+00:00,111.17,0.11117
2023-04-05 11:00:00+00:00,109.66,0.10966
2023-04-05 12:00:00+00:00,111.04,0.11104
2023-04-05 13:00:00+00:00,110.96,0.11095999999999999
2023-04-05 14:00:00+00:00,116.29,0.11629
2023-04-05 15:00:00+00:00,135.6,0.1356
2023-04-05 16:00:00+00:00,156.52,0.15652000000000002
2023-04-05 17:00:00+00:00,199.56,0.19956000000000002
2023-04-05 18:00:00+00:00,191.68,0.19168000000000002
2023-04-05 19:00:00+00:00,164.98,0.16498
2023-04-05 20:00:00+00:00,151.39,0.15139
2023-04-05 21:00:00+00:00,139.13,0.13913
2023-04-05 22:00:00+00:00,135.54,0.13554
2023-04-05 23:00:00+00:00,124.12,0.12412000000000001
2023-04-06 00:00:00+00:00,120.0,0.12
2023-04-06 01:00:00+00:00,115.33,0.11533
2023-04-06 02:00:00+00:00,114.85,0.11485
2023-04-06 03:00:00+00:00,124.91,0.12491
2023-04-06 04:00:00+00:00,142.51,0.14251
2023-04-06 05:00:00+00:00,161.63,0.16163
2023-04-06 06:00:00+00:00,159.52,0.15952000000000002
2023-04-06 07:00:00+00:00,129.93,0.12993000000000002
2023-04-06 08:00:00+00:00,126.01,0.12601
2023-04-06 09:00:00+00:00,117.02,0.11702
2023-04-06 10:00:00+00:00,109.36,0.10936
2023-04-06 11:00:00+00:00,108.44,0.10844
2023-04-06 12:00:00+00:00,106.89,0.10689
2023-04-06 13:00:00+00:00,108.13,0.10812999999999999
2023-04-06 14:00:00+00:00,109.87,0.10987000000000001
2023-04-06 15:00:00+00:00,121.17,0.12117
2023-04-06 16:00:00+00:00,140.0,0.14
2023-04-06 17:00:00+00:00,150.23,0.15023
2023-04-06 18:00:00+00:00,144.24,0.14424
2023-04-06 19:00:00+00:00,152.0,0.152
2023-04-06 20:00:00+00:00,139.8,0.1398
2023-04-06 21:00:00+00:00,123.3,0.12329999999999999
2023-04-06 22:00:00+00:00,129.6,0.1296
2023-04-06 23:00:00+00:00,124.5,0.1245
2023-04-07 00:00:00+00:00,114.95,0.11495
2023-04-07 01:00:00+00:00,108.6,0.10859999999999999
2023-04-07 02:00:00+00:00,109.2,0.1092
2023-04-07 03:00:00+00:00,117.68,0.11768
2023-04-07 04:00:00+00:00,110.07,0.11006999999999999
2023-04-07 05:00:00+00:00,118.0,0.118
2023-04-07 06:00:00+00:00,159.99,0.15999000000000002
2023-04-07 07:00:00+00:00,150.0,0.15
2023-04-07 08:00:00+00:00,149.17,0.14917
2023-04-07 09:00:00+00:00,131.97,0.13197
2023-04-07 10:00:00+00:00,119.9,0.1199
2023-04-07 11:00:00+00:00,110.6,0.11059999999999999
2023-04-07 12:00:00+00:00,107.2,0.1072
2023-04-07 13:00:00+00:00,104.42,0.10442
2023-04-07 14:00:00+00:00,110.4,0.11040000000000001
2023-04-07 15:00:00+00:00,116.0,0.116
2023-04-07 16:00:00+00:00,127.78,0.12778
2023-04-07 17:00:00+00:00,145.88,0.14587999999999998
2023-04-07 18:00:00+00:00,159.48,0.15947999999999998
2023-04-07 19:00:00+00:00,146.81,0.14681
2023-04-07 20:00:00+00:00,136.32,0.13632
2023-04-07 21:00:00+00:00,126.07,0.12607
2023-04-07 22:00:00+00:00,119.9,0.1199
2023-04-07 23:00:00+00:00,111.51,0.11151000000000001
2023-04-08 00:00:00+00:00,112.65,0.11265
2023-04-08 01:00:00+00:00,110.75,0.11075
2023-04-08 02:00:00+00:00,110.78,0.11078
2023-04-08 03:00:00+00:00,112.16,0.11216
2023-04-08 04:00:00+00:00,112.56,0.11256000000000001
2023-04-08 05:00:00+00:00,129.35,0.12935
2023-04-08 06:00:00+00:00,130.75,0.13075
2023-04-08 07:00:00+00:00,125.59,0.12559
2023-04-08 08:00:00+00:00,108.07,0.10807
2023-04-08 09:00:00+00:00,104.27,0.10427
2023-04-08 10:00:00+00:00,88.6,0.0886
2023-04-08 11:00:00+00:00,77.0,0.077
2023-04-08 12:00:00+00:00,70.1,0.0701
2023-04-08 13:00:00+00:00,83.39,0.08339
2023-04-08 14:00:00+00:00,95.98,0.09598000000000001
2023-04-08 15:00:00+00:00,104.47,0.10447
2023-04-08 16:00:00+00:00,117.47,0.11747
2023-04-08 17:00:00+00:00,135.01,0.13501
2023-04-08 18:00:00+00:00,139.97,0.13997
2023-04-08 19:00:00+00:00,137.31,0.13731000000000002
2023-04-08 20:00:00+00:00,134.9,0.1349
2023-04-08 21:00:00+00:00,126.98,0.12698
2023-04-08 22:00:00+00:00,127.99,0.12799
2023-04-08 23:00:00+00:00,117.86,0.11785999999999999
2023-04-09 00:00:00+00:00,119.83,0.11982999999999999
2023-04-09 01:00:00+00:00,117.99,0.11799
2023-04-09 02:00:00+00:00,118.24,0.11824
2023-04-09 03:00:00+00:00,117.86,0.11785999999999999
2023-04-09 04:00:00+00:00,120.0,0.12
2023-04-09 05:00:00+00:00,118.9,0.1189
2023-04-09 06:00:00+00:00,122.98,0.12298
2023-04-09 07:00:00+00:00,112.21,0.11220999999999999
2023-04-09 08:00:00+00:00,100.0,0.1
2023-04-09 09:00:00+00:00,87.0,0.087
2023-04-09 10:00:00+00:00,81.96,0.08195999999999999
2023-04-09 11:00:00+00:00,60.01,0.06001
2023-04-09 12:00:00+00:00,55.0,0.055
2023-04-09 13:00:00+00:00,56.0,0.056
2023-04-09 14:00:00+00:00,74.0,0.074
2023-04-09 15:00:00+00:00,86.35,0.08635
2023-04-09 16:00:00+00:00,115.2,0.1152
2023-04-09 17:00:00+00:00,129.97,0.12997
2023-04-09 18:00:00+00:00,133.46,0.13346
2023-04-09 19:00:00+00:00,126.39,0.12639
2023-04-09 20:00:00+00:00,115.0,0.115
2023-04-09 21:00:00+00:00,106.94,0.10694
2023-04-09 22:00:00+00:00,98.21,0.09820999999999999
2023-04-09 23:00:00+00:00,81.85,0.08184999999999999
2023-04-10 00:00:00+00:00,78.14,0.07814
2023-04-10 01:00:00+00:00,71.9,0.0719
2023-04-10 02:00:00+00:00,70.0,0.07
2023-04-10 03:00:00+00:00,72.96,0.07296
2023-04-10 04:00:00+00:00,80.0,0.08
2023-04-10 05:00:00+00:00,77.65,0.07765000000000001
2023-04-10 06:00:00+00:00,69.49,0.06949
2023-04-10 07:00:00+00:00,54.9,0.0549
2023-04-10 08:00:00+00:00,24.58,0.024579999999999998
2023-04-10 09:00:00+00:00,0.2,0.0002
2023-04-10 10:00:00+00:00,-1.01,-0.00101
2023-04-10 11:00:00+00:00,-7.84,-0.00784
2023-04-10 12:00:00+00:00,-7.33,-0.00733
2023-04-10 13:00:00+00:00,-3.1,-0.0031
2023-04-10 14:00:00+00:00,-0.02,-2e-05
2023-04-10 15:00:00+00:00,20.22,0.02022
2023-04-10 16:00:00+00:00,51.28,0.05128
2023-04-10 17:00:00+00:00,80.0,0.08
2023-04-10 18:00:00+00:00,81.6,0.08159999999999999
2023-04-10 19:00:00+00:00,74.9,0.07490000000000001
2023-04-10 20:00:00+00:00,68.64,0.06864
2023-04-10 21:00:00+00:00,45.0,0.045
2023-04-10 22:00:00+00:00,13.08,0.01308
2023-04-10 23:00:00+00:00,1.16,0.00116
2023-04-11 00:00:00+00:00,0.76,0.00076
2023-04-11 01:00:00+00:00,1.09,0.00109
2023-04-11 02:00:00+00:00,6.1,0.0060999999999999995
2023-04-11 03:00:00+00:00,34.51,0.03451
2023-04-11 04:00:00+00:00,94.18,0.09418000000000001
2023-04-11 05:00:00+00:00,115.98,0.11598
2023-04-11 06:00:00+00:00,123.26,0.12326000000000001
2023-04-11 07:00:00+00:00,93.8,0.0938
2023-04-11 08:00:00+00:00,54.25,0.05425
2023-04-11 09:00:00+00:00,9.03,0.00903
2023-04-11 10:00:00+00:00,-16.0,-0.016
2023-04-11 11:00:00+00:00,-18.0,-0.018
2023-04-11 12:00:00+00:00,-30.0,-0.03
2023-04-11 13:00:00+00:00,-4.6,-0.0046
2023-04-11 14:00:00+00:00,6.61,0.00661
2023-04-11 15:00:00+00:00,82.2,0.08220000000000001
2023-04-11 16:00:00+00:00,130.8,0.1308
2023-04-11 17:00:00+00:00,162.46,0.16246000000000002
2023-04-11 18:00:00+00:00,165.38,0.16538
2023-04-11 19:00:00+00:00,141.39,0.14139
2023-04-11 20:00:00+00:00,130.8,0.1308
2023-04-11 21:00:00+00:00,111.0,0.111
2023-04-11 22:00:00+00:00,95.3,0.0953
2023-04-11 23:00:00+00:00,77.2,0.0772
2023-04-12 00:00:00+00:00,59.06,0.05906
2023-04-12 01:00:00+00:00,46.32,0.04632
2023-04-12 02:00:00+00:00,45.5,0.0455
2023-04-12 03:00:00+00:00,80.29,0.08029
2023-04-12 04:00:00+00:00,106.45,0.10645
2023-04-12 05:00:00+00:00,123.35,0.12334999999999999
2023-04-12 06:00:00+00:00,136.41,0.13641
2023-04-12 07:00:00+00:00,131.99,0.13199
2023-04-12 08:00:00+00:00,120.0,0.12
2023-04-12 09:00:00+00:00,111.56,0.11156
2023-04-12 10:00:00+00:00,100.6,0.1006
2023-04-12 11:00:00+00:00,97.36,0.09736
2023-04-12 12:00:00+00:00,97.62,0.09762
2023-04-12 13:00:00+00:00,97.07,0.09706999999999999
2023-04-12 14:00:00+00:00,100.34,0.10034
2023-04-12 15:00:00+00:00,109.3,0.1093
2023-04-12 16:00:00+00:00,106.62,0.10662
2023-04-12 17:00:00+00:00,111.53,0.11153
2023-04-12 18:00:00+00:00,125.0,0.125
2023-04-12 19:00:00+00:00,112.11,0.11211
2023-04-12 20:00:00+00:00,109.3,0.1093
2023-04-12 21:00:00+00:00,97.95,0.09795000000000001
2023-04-12 22:00:00+00:00,97.23,0.09723000000000001
2023-04-12 23:00:00+00:00,85.09,0.08509
2023-04-13 00:00:00+00:00,79.49,0.07948999999999999
2023-04-13 01:00:00+00:00,72.86,0.07286
2023-04-13 02:00:00+00:00,71.12,0.07112
2023-04-13 03:00:00+00:00,82.5,0.0825
2023-04-13 04:00:00+00:00,102.06,0.10206
2023-04-13 05:00:00+00:00,115.04,0.11504
2023-04-13 06:00:00+00:00,122.15,0.12215000000000001
2023-04-13 07:00:00+00:00,105.39,0.10539
2023-04-13 08:00:00+00:00,83.4,0.0834
2023-04-13 09:00:00+00:00,34.9,0.0349
2023-04-13 10:00:00+00:00,-4.5,-0.0045
2023-04-13 11:00:00+00:00,-50.0,-0.05
2023-04-13 12:00:00+00:00,-50.07,-0.05007
2023-04-13 13:00:00+00:00,-50.0,-0.05
2023-04-13 14:00:00+00:00,-0.9,-0.0009
2023-04-13 15:00:00+00:00,108.1,0.10809999999999999
2023-04-13 16:00:00+00:00,128.1,0.1281
2023-04-13 17:00:00+00:00,151.0,0.151
2023-04-13 18:00:00+00:00,155.2,0.15519999999999998
2023-04-13 19:00:00+00:00,152.0,0.152
2023-04-13 20:00:00+00:00,134.04,0.13404
2023-04-13 21:00:00+00:00,120.1,0.1201
2023-04-13 22:00:00+00:00,118.09,0.11809
2023-04-13 23:00:00+00:00,112.8,0.1128
2023-04-14 00:00:00+00:00,116.54,0.11654
2023-04-14 01:00:00+00:00,112.8,0.1128
2023-04-14 02:00:00+00:00,113.14,0.11314
2023-04-14 03:00:00+00:00,127.4,0.1274
2023-04-14 04:00:00+00:00,144.74,0.14474
2023-04-14 05:00:00+00:00,171.74,0.17174
2023-04-14 06:00:00+00:00,176.16,0.17615999999999998
2023-04-14 07:00:00+00:00,149.94,0.14994
2023-04-14 08:00:00+00:00,107.7,0.1077
2023-04-14 09:00:00+00:00,109.5,0.1095
2023-04-14 10:00:00+00:00,104.7,0.1047
2023-04-14 11:00:00+00:00,101.12,0.10112
2023-04-14 12:00:00+00:00,102.6,0.1026
2023-04-14 13:00:00+00:00,94.4,0.09440000000000001
2023-04-14 14:00:00+00:00,105.16,0.10516
2023-04-14 15:00:00+00:00,113.4,0.1134
2023-04-14 16:00:00+00:00,138.16,0.13816
2023-04-14 17:00:00+00:00,151.69,0.15169
2023-04-14 18:00:00+00:00,152.42,0.15242
2023-04-14 19:00:00+00:00,151.0,0.151
2023-04-14 20:00:00+00:00,134.73,0.13473
2023-04-14 21:00:00+00:00,120.29,0.12029000000000001
2023-04-14 22:00:00+00:00,123.9,0.12390000000000001
2023-04-14 23:00:00+00:00,112.0,0.112
2023-04-15 00:00:00+00:00,114.38,0.11438
2023-04-15 01:00:00+00:00,108.0,0.108
2023-04-15 02:00:00+00:00,105.14,0.10514
2023-04-15 03:00:00+00:00,103.55,0.10355
2023-04-15 04:00:00+00:00,105.56,0.10556
2023-04-15 05:00:00+00:00,104.85,0.10485
2023-04-15 06:00:00+00:00,106.21,0.10621
2023-04-15 07:00:00+00:00,101.1,0.1011
2023-04-15 08:00:00+00:00,94.92,0.09492
2023-04-15 09:00:00+00:00,93.94,0.09394
2023-04-15 10:00:00+00:00,77.64,0.07764
2023-04-15 11:00:00+00:00,15.0,0.015
2023-04-15 12:00:00+00:00,0.92,0.00092
2023-04-15 13:00:00+00:00,61.0,0.061
2023-04-15 14:00:00+00:00,72.29,0.07229000000000001
2023-04-15 15:00:00+00:00,98.81,0.09881000000000001
2023-04-15 16:00:00+00:00,112.66,0.11266
2023-04-15 17:00:00+00:00,132.79,0.13279
2023-04-15 18:00:00+00:00,134.51,0.13451
2023-04-15 19:00:00+00:00,127.8,0.1278
2023-04-15 20:00:00+00:00,127.71,0.12771
2023-04-15 21:00:00+00:00,119.3,0.1193
2023-04-15 22:00:00+00:00,111.55,0.11155
2023-04-15 23:00:00+00:00,103.49,0.10349
2023-04-16 00:00:00+00:00,102.68,0.10268000000000001
2023-04-16 01:00:00+00:00,101.09,0.10109
2023-04-16 02:00:00+00:00,102.63,0.10263
2023-04-16 03:00:00+00:00,103.5,0.1035
2023-04-16 04:00:00+00:00,103.5,0.1035
2023-04-16 05:00:00+00:00,103.37,0.10337
2023-04-16 06:00:00+00:00,110.43,0.11043
2023-04-16 07:00:00+00:00,114.68,0.11468
2023-04-16 08:00:00+00:00,111.04,0.11104
2023-04-16 09:00:00+00:00,107.83,0.10783
2023-04-16 10:00:00+00:00,104.05,0.10405
2023-04-16 11:00:00+00:00,98.16,0.09816
2023-04-16 12:00:00+00:00,94.74,0.09473999999999999
2023-04-16 13:00:00+00:00,94.27,0.09426999999999999
2023-04-16 14:00:00+00:00,96.06,0.09606
2023-04-16 15:00:00+00:00,101.0,0.101
2023-04-16 16:00:00+00:00,115.21,0.11520999999999999
2023-04-16 17:00:00+00:00,132.88,0.13288
2023-04-16 18:00:00+00:00,140.0,0.14
2023-04-16 19:00:00+00:00,135.0,0.135
2023-04-16 20:00:00+00:00,129.97,0.12997
2023-04-16 21:00:00+00:00,125.35,0.12535
2023-04-16 22:00:00+00:00,114.75,0.11475
2023-04-16 23:00:00+00:00,111.14,0.11114
2023-04-17 00:00:00+00:00,108.96,0.10895999999999999
2023-04-17 01:00:00+00:00,110.1,0.11009999999999999
2023-04-17 02:00:00+00:00,110.0,0.11
2023-04-17 03:00:00+00:00,114.91,0.11491
2023-04-17 04:00:00+00:00,140.78,0.14078
2023-04-17 05:00:00+00:00,178.38,0.17837999999999998
2023-04-17 06:00:00+00:00,199.29,0.19929
2023-04-17 07:00:00+00:00,162.62,0.16262000000000001
2023-04-17 08:00:00+00:00,135.61,0.13561
2023-04-17 09:00:00+00:00,117.6,0.1176
2023-04-17 10:00:00+00:00,105.13,0.10513
2023-04-17 11:00:00+00:00,100.92,0.10092
2023-04-17 12:00:00+00:00,96.99,0.09698999999999999
2023-04-17 13:00:00+00:00,92.75,0.09275
2023-04-17 14:00:00+00:00,96.76,0.09676
2023-04-17 15:00:00+00:00,100.99,0.10099
2023-04-17 16:00:00+00:00,122.33,0.12233
2023-04-17 17:00:00+00:00,143.61,0.14361000000000002
2023-04-17 18:00:00+00:00,142.78,0.14278
2023-04-17 19:00:00+00:00,134.25,0.13425
2023-04-17 20:00:00+00:00,122.82,0.12282
2023-04-17 21:00:00+00:00,109.16,0.10916
2023-04-17 22:00:00+00:00,105.31,0.10531
2023-04-17 23:00:00+00:00,102.07,0.10207
2023-04-18 00:00:00+00:00,101.1,0.1011
2023-04-18 01:00:00+00:00,101.29,0.10129
2023-04-18 02:00:00+00:00,100.55,0.10055
2023-04-18 03:00:00+00:00,101.27,0.10127
2023-04-18 04:00:00+00:00,127.0,0.127
2023-04-18 05:00:00+00:00,140.27,0.14027
2023-04-18 06:00:00+00:00,154.88,0.15488
2023-04-18 07:00:00+00:00,133.99,0.13399
2023-04-18 08:00:00+00:00,106.21,0.10621
2023-04-18 09:00:00+00:00,99.59,0.09959
2023-04-18 10:00:00+00:00,90.08,0.09008
2023-04-18 11:00:00+00:00,84.0,0.084
2023-04-18 12:00:00+00:00,78.79,0.07879000000000001
2023-04-18 13:00:00+00:00,77.95,0.07795
2023-04-18 14:00:00+00:00,79.5,0.0795
2023-04-18 15:00:00+00:00,94.41,0.09441
2023-04-18 16:00:00+00:00,108.21,0.10821
2023-04-18 17:00:00+00:00,130.46,0.13046000000000002
2023-04-18 18:00:00+00:00,139.9,0.1399
2023-04-18 19:00:00+00:00,134.28,0.13428
2023-04-18 20:00:00+00:00,105.8,0.10579999999999999
2023-04-18 21:00:00+00:00,96.9,0.0969
2023-04-18 22:00:00+00:00,102.2,0.1022
2023-04-18 23:00:00+00:00,97.54,0.09754
2023-04-19 00:00:00+00:00,99.92,0.09992
2023-04-19 01:00:00+00:00,98.95,0.09895
2023-04-19 02:00:00+00:00,101.33,0.10133
2023-04-19 03:00:00+00:00,105.87,0.10587
2023-04-19 04:00:00+00:00,130.0,0.13
2023-04-19 05:00:00+00:00,138.94,0.13894
2023-04-19 06:00:00+00:00,137.0,0.137
2023-04-19 07:00:00+00:00,104.1,0.1041
2023-04-19 08:00:00+00:00,70.0,0.07
2023-04-19 09:00:00+00:00,-3.9,-0.0039
2023-04-19 10:00:00+00:00,-94.79,-0.09479000000000001
2023-04-19 11:00:00+00:00,-194.2,-0.19419999999999998
2023-04-19 12:00:00+00:00,-195.41,-0.19541
2023-04-19 13:00:00+00:00,-150.0,-0.15
2023-04-19 14:00:00+00:00,-30.0,-0.03
2023-04-19 15:00:00+00:00,66.56,0.06656000000000001
2023-04-19 16:00:00+00:00,90.97,0.09097
2023-04-19 17:00:00+00:00,120.11,0.12011
2023-04-19 18:00:00+00:00,128.38,0.12838
2023-04-19 19:00:00+00:00,122.82,0.12282
2023-04-19 20:00:00+00:00,109.9,0.10990000000000001
2023-04-19 21:00:00+00:00,101.66,0.10166
2023-04-19 22:00:00+00:00,100.19,0.10019
2023-04-19 23:00:00+00:00,94.35,0.09434999999999999
2023-04-20 00:00:00+00:00,96.76,0.09676
2023-04-20 01:00:00+00:00,94.98,0.09498000000000001
2023-04-20 02:00:00+00:00,97.18,0.09718
2023-04-20 03:00:00+00:00,102.78,0.10278
2023-04-20 04:00:00+00:00,127.97,0.12797
2023-04-20 05:00:00+00:00,144.48,0.14448
2023-04-20 06:00:00+00:00,144.7,0.1447
2023-04-20 07:00:00+00:00,130.04,0.13004
2023-04-20 08:00:00+00:00,102.2,0.1022
2023-04-20 09:00:00+00:00,96.94,0.09694
2023-04-20 10:00:00+00:00,94.23,0.09423000000000001
2023-04-20 11:00:00+00:00,89.61,0.08961
2023-04-20 12:00:00+00:00,88.71,0.08871
2023-04-20 13:00:00+00:00,86.68,0.08668000000000001
2023-04-20 14:00:00+00:00,92.09,0.09209
2023-04-20 15:00:00+00:00,103.76,0.10376
2023-04-20 16:00:00+00:00,128.99,0.12899000000000002
2023-04-20 17:00:00+00:00,142.46,0.14246
2023-04-20 18:00:00+00:00,147.06,0.14706
2023-04-20 19:00:00+00:00,139.24,0.13924
2023-04-20 20:00:00+00:00,125.0,0.125
2023-04-20 21:00:00+00:00,115.86,0.11586
2023-04-20 22:00:00+00:00,104.9,0.10490000000000001
2023-04-20 23:00:00+00:00,94.92,0.09492
2023-04-21 00:00:00+00:00,99.08,0.09908
2023-04-21 01:00:00+00:00,98.0,0.098
2023-04-21 02:00:00+00:00,92.6,0.09259999999999999
2023-04-21 03:00:00+00:00,98.37,0.09837
2023-04-21 04:00:00+00:00,111.21,0.11120999999999999
2023-04-21 05:00:00+00:00,132.61,0.13261
2023-04-21 06:00:00+00:00,134.7,0.1347
2023-04-21 07:00:00+00:00,106.25,0.10625
2023-04-21 08:00:00+00:00,103.16,0.10316
2023-04-21 09:00:00+00:00,86.39,0.08639
2023-04-21 10:00:00+00:00,55.17,0.055170000000000004
2023-04-21 11:00:00+00:00,44.9,0.044899999999999995
2023-04-21 12:00:00+00:00,50.0,0.05
2023-04-21 13:00:00+00:00,60.0,0.06
2023-04-21 14:00:00+00:00,77.23,0.07723000000000001
2023-04-21 15:00:00+00:00,98.0,0.098
2023-04-21 16:00:00+00:00,123.0,0.123
2023-04-21 17:00:00+00:00,140.61,0.14061
2023-04-21 18:00:00+00:00,143.95,0.14395
2023-04-21 19:00:00+00:00,142.67,0.14267
2023-04-21 20:00:00+00:00,120.1,0.1201
2023-04-21 21:00:00+00:00,110.5,0.1105
2023-04-21 22:00:00+00:00,102.5,0.1025
2023-04-21 23:00:00+00:00,95.48,0.09548000000000001
2023-04-22 00:00:00+00:00,96.34,0.09634000000000001
2023-04-22 01:00:00+00:00,93.43,0.09343000000000001
2023-04-22 02:00:00+00:00,91.38,0.09137999999999999
2023-04-22 03:00:00+00:00,96.09,0.09609000000000001
2023-04-22 04:00:00+00:00,99.82,0.09981999999999999
2023-04-22 05:00:00+00:00,108.94,0.10894
2023-04-22 06:00:00+00:00,116.64,0.11664
2023-04-22 07:00:00+00:00,86.0,0.086
2023-04-22 08:00:00+00:00,74.67,0.07467
2023-04-22 09:00:00+00:00,45.06,0.04506
2023-04-22 10:00:00+00:00,26.2,0.026199999999999998
2023-04-22 11:00:00+00:00,16.0,0.016
2023-04-22 12:00:00+00:00,69.93,0.06993
2023-04-22 13:00:00+00:00,89.0,0.089
2023-04-22 14:00:00+00:00,90.59,0.09059
2023-04-22 15:00:00+00:00,95.0,0.095
2023-04-22 16:00:00+00:00,112.97,0.11297
2023-04-22 17:00:00+00:00,131.95,0.13194999999999998
2023-04-22 18:00:00+00:00,130.5,0.1305
2023-04-22 19:00:00+00:00,127.0,0.127
2023-04-22 20:00:00+00:00,121.04,0.12104000000000001
2023-04-22 21:00:00+00:00,102.5,0.1025
2023-04-22 22:00:00+00:00,110.87,0.11087000000000001
2023-04-22 23:00:00+00:00,97.66,0.09766
2023-04-23 00:00:00+00:00,94.99,0.09498999999999999
2023-04-23 01:00:00+00:00,89.4,0.08940000000000001
2023-04-23 02:00:00+00:00,86.64,0.08664
2023-04-23 03:00:00+00:00,88.77,0.08877
2023-04-23 04:00:00+00:00,89.9,0.08990000000000001
2023-04-23 05:00:00+00:00,93.82,0.09381999999999999
2023-04-23 06:00:00+00:00,93.46,0.09345999999999999
2023-04-23 07:00:00+00:00,90.38,0.09038
2023-04-23 08:00:00+00:00,79.28,0.07928
2023-04-23 09:00:00+00:00,48.16,0.048159999999999994
2023-04-23 10:00:00+00:00,35.48,0.03548
2023-04-23 11:00:00+00:00,10.01,0.01001
2023-04-23 12:00:00+00:00,4.88,0.00488
2023-04-23 13:00:00+00:00,34.71,0.03471
2023-04-23 14:00:00+00:00,64.14,0.06414
2023-04-23 15:00:00+00:00,100.26,0.10026
2023-04-23 16:00:00+00:00,123.81,0.12381
2023-04-23 17:00:00+00:00,140.9,0.1409
2023-04-23 18:00:00+00:00,140.36,0.14036
2023-04-23 19:00:00+00:00,125.02,0.12502
2023-04-23 20:00:00+00:00,116.95,0.11695
2023-04-23 21:00:00+00:00,109.65,0.10965000000000001
2023-04-23 22:00:00+00:00,87.7,0.0877
2023-04-23 23:00:00+00:00,83.58,0.08358
2023-04-24 00:00:00+00:00,82.09,0.08209000000000001
2023-04-24 01:00:00+00:00,76.4,0.07640000000000001
2023-04-24 02:00:00+00:00,75.08,0.07508
2023-04-24 03:00:00+00:00,86.55,0.08655
2023-04-24 04:00:00+00:00,114.6,0.1146
2023-04-24 05:00:00+00:00,133.8,0.1338
2023-04-24 06:00:00+00:00,135.0,0.135
2023-04-24 07:00:00+00:00,126.92,0.12692
2023-04-24 08:00:00+00:00,110.81,0.11081
2023-04-24 09:00:00+00:00,108.01,0.10801000000000001
2023-04-24 10:00:00+00:00,98.07,0.09806999999999999
2023-04-24 11:00:00+00:00,94.9,0.09490000000000001
2023-04-24 12:00:00+00:00,86.99,0.08699
2023-04-24 13:00:00+00:00,84.9,0.0849
2023-04-24 14:00:00+00:00,86.21,0.08621
2023-04-24 15:00:00+00:00,97.8,0.0978
2023-04-24 16:00:00+00:00,117.41,0.11741
2023-04-24 17:00:00+00:00,134.57,0.13457
2023-04-24 18:00:00+00:00,135.97,0.13597
2023-04-24 19:00:00+00:00,129.06,0.12906
2023-04-24 20:00:00+00:00,110.8,0.1108
2023-04-24 21:00:00+00:00,100.9,0.1009
2023-04-24 22:00:00+00:00,100.0,0.1
2023-04-24 23:00:00+00:00,98.6,0.0986
2023-04-25 00:00:00+00:00,99.3,0.0993
2023-04-25 01:00:00+00:00,92.12,0.09212000000000001
2023-04-25 02:00:00+00:00,91.8,0.09179999999999999
2023-04-25 03:00:00+00:00,97.36,0.09736
2023-04-25 04:00:00+00:00,121.6,0.1216
2023-04-25 05:00:00+00:00,134.1,0.1341
2023-04-25 06:00:00+00:00,134.93,0.13493
2023-04-25 07:00:00+00:00,99.1,0.0991
2023-04-25 08:00:00+00:00,75.62,0.07562
2023-04-25 09:00:00+00:00,64.28,0.06428
2023-04-25 10:00:00+00:00,34.9,0.0349
2023-04-25 11:00:00+00:00,24.9,0.0249
2023-04-25 12:00:00+00:00,13.88,0.01388
2023-04-25 13:00:00+00:00,14.24,0.014240000000000001
2023-04-25 14:00:00+00:00,50.1,0.0501
2023-04-25 15:00:00+00:00,68.41,0.06841
2023-04-25 16:00:00+00:00,91.96,0.09196
2023-04-25 17:00:00+00:00,127.03,0.12703
2023-04-25 18:00:00+00:00,144.16,0.14416
2023-04-25 19:00:00+00:00,141.98,0.14198
2023-04-25 20:00:00+00:00,135.0,0.135
2023-04-25 21:00:00+00:00,127.97,0.12797
2023-04-25 22:00:00+00:00,98.5,0.0985
2023-04-25 23:00:00+00:00,90.1,0.0901
2023-04-26 00:00:00+00:00,95.0,0.095
2023-04-26 01:00:00+00:00,92.49,0.09248999999999999
2023-04-26 02:00:00+00:00,93.33,0.09333
2023-04-26 03:00:00+00:00,99.2,0.0992
2023-04-26 04:00:00+00:00,125.16,0.12516
2023-04-26 05:00:00+00:00,139.91,0.13991
2023-04-26 06:00:00+00:00,135.0,0.135
2023-04-26 07:00:00+00:00,106.0,0.106
2023-04-26 08:00:00+00:00,98.23,0.09823
2023-04-26 09:00:00+00:00,99.2,0.0992
2023-04-26 10:00:00+00:00,90.03,0.09003
2023-04-26 11:00:00+00:00,94.54,0.09454000000000001
2023-04-26 12:00:00+00:00,88.0,0.088
2023-04-26 13:00:00+00:00,92.85,0.09284999999999999
2023-04-26 14:00:00+00:00,98.2,0.09820000000000001
2023-04-26 15:00:00+00:00,110.0,0.11
2023-04-26 16:00:00+00:00,125.08,0.12508
2023-04-26 17:00:00+00:00,148.11,0.14811000000000002
2023-04-26 18:00:00+00:00,154.97,0.15497
2023-04-26 19:00:00+00:00,146.03,0.14603
2023-04-26 20:00:00+00:00,124.42,0.12442
2023-04-26 21:00:00+00:00,120.58,0.12057999999999999
2023-04-26 22:00:00+00:00,107.12,0.10712
2023-04-26 23:00:00+00:00,100.47,0.10047
2023-04-27 00:00:00+00:00,97.92,0.09792000000000001
2023-04-27 01:00:00+00:00,96.4,0.0964
2023-04-27 02:00:00+00:00,97.37,0.09737
2023-04-27 03:00:00+00:00,107.09,0.10709
2023-04-27 04:00:00+00:00,116.86,0.11686
2023-04-27 05:00:00+00:00,142.75,0.14275
2023-04-27 06:00:00+00:00,134.97,0.13497
2023-04-27 07:00:00+00:00,102.75,0.10275
2023-04-27 08:00:00+00:00,90.6,0.0906
2023-04-27 09:00:00+00:00,45.0,0.045
2023-04-27 10:00:00+00:00,50.1,0.0501
2023-04-27 11:00:00+00:00,50.0,0.05
2023-04-27 12:00:00+00:00,44.9,0.044899999999999995
2023-04-27 13:00:00+00:00,60.0,0.06
2023-04-27 14:00:00+00:00,79.68,0.07968
2023-04-27 15:00:00+00:00,96.9,0.0969
2023-04-27 16:00:00+00:00,109.27,0.10926999999999999
2023-04-27 17:00:00+00:00,113.91,0.11391
2023-04-27 18:00:00+00:00,120.0,0.12
2023-04-27 19:00:00+00:00,115.0,0.115
2023-04-27 20:00:00+00:00,103.8,0.1038
2023-04-27 21:00:00+00:00,96.8,0.0968
2023-04-27 22:00:00+00:00,102.03,0.10203
2023-04-27 23:00:00+00:00,92.97,0.09297
2023-04-28 00:00:00+00:00,90.35,0.09035
2023-04-28 01:00:00+00:00,91.78,0.09178
2023-04-28 02:00:00+00:00,92.82,0.09282
2023-04-28 03:00:00+00:00,95.85,0.09584999999999999
2023-04-28 04:00:00+00:00,113.25,0.11325
2023-04-28 05:00:00+00:00,123.81,0.12381
2023-04-28 06:00:00+00:00,126.73,0.12673
2023-04-28 07:00:00+00:00,120.63,0.12063
2023-04-28 08:00:00+00:00,113.13,0.11313
2023-04-28 09:00:00+00:00,106.12,0.10612
2023-04-28 10:00:00+00:00,102.0,0.102
2023-04-28 11:00:00+00:00,93.04,0.09304000000000001
2023-04-28 12:00:00+00:00,90.14,0.09014
2023-04-28 13:00:00+00:00,88.26,0.08826
2023-04-28 14:00:00+00:00,90.6,0.0906
2023-04-28 15:00:00+00:00,99.45,0.09945
2023-04-28 16:00:00+00:00,115.42,0.11542
2023-04-28 17:00:00+00:00,120.04,0.12004000000000001
2023-04-28 18:00:00+00:00,125.43,0.12543
2023-04-28 19:00:00+00:00,124.34,0.12434
2023-04-28 20:00:00+00:00,116.71,0.11671
2023-04-28 21:00:00+00:00,105.48,0.10548
2023-04-28 22:00:00+00:00,115.59,0.11559
2023-04-28 23:00:00+00:00,108.56,0.10856
2023-04-29 00:00:00+00:00,106.1,0.1061
2023-04-29 01:00:00+00:00,105.0,0.105
2023-04-29 02:00:00+00:00,101.24,0.10124
2023-04-29 03:00:00+00:00,102.75,0.10275
2023-04-29 04:00:00+00:00,103.24,0.10324
2023-04-29 05:00:00+00:00,109.4,0.10940000000000001
2023-04-29 06:00:00+00:00,115.64,0.11564
2023-04-29 07:00:00+00:00,106.61,0.10661
2023-04-29 08:00:00+00:00,103.59,0.10359
2023-04-29 09:00:00+00:00,92.87,0.09287000000000001
2023-04-29 10:00:00+00:00,82.23,0.08223
2023-04-29 11:00:00+00:00,75.29,0.07529000000000001
2023-04-29 12:00:00+00:00,66.2,0.06620000000000001
2023-04-29 13:00:00+00:00,69.05,0.06905
2023-04-29 14:00:00+00:00,80.0,0.08
2023-04-29 15:00:00+00:00,85.0,0.085
2023-04-29 16:00:00+00:00,100.1,0.1001
2023-04-29 17:00:00+00:00,118.18,0.11818000000000001
2023-04-29 18:00:00+00:00,119.12,0.11912
2023-04-29 19:00:00+00:00,120.0,0.12
2023-04-29 20:00:00+00:00,115.57,0.11556999999999999
2023-04-29 21:00:00+00:00,110.0,0.11
2023-04-29 22:00:00+00:00,99.28,0.09928000000000001
2023-04-29 23:00:00+00:00,91.09,0.09109
2023-04-30 00:00:00+00:00,88.38,0.08838
2023-04-30 01:00:00+00:00,86.8,0.0868
2023-04-30 02:00:00+00:00,86.45,0.08645
2023-04-30 03:00:00+00:00,88.27,0.08827
2023-04-30 04:00:00+00:00,85.84,0.08584
2023-04-30 05:00:00+00:00,82.0,0.082
2023-04-30 06:00:00+00:00,75.0,0.075
2023-04-30 07:00:00+00:00,50.0,0.05
2023-04-30 08:00:00+00:00,27.7,0.0277
2023-04-30 09:00:00+00:00,-41.11,-0.04111
2023-04-30 10:00:00+00:00,-99.6,-0.0996
2023-04-30 11:00:00+00:00,-59.0,-0.059
2023-04-30 12:00:00+00:00,-34.9,-0.0349
2023-04-30 13:00:00+00:00,0.64,0.00064
2023-04-30 14:00:00+00:00,14.0,0.014
2023-04-30 15:00:00+00:00,70.57,0.07057
2023-04-30 16:00:00+00:00,105.96,0.10596
2023-04-30 17:00:00+00:00,119.75,0.11975
2023-04-30 18:00:00+00:00,125.01,0.12501
2023-04-30 19:00:00+00:00,122.2,0.1222
2023-04-30 20:00:00+00:00,117.12,0.11712
2023-04-30 21:00:00+00:00,108.71,0.10870999999999999
2023-04-30 22:00:00+00:00,109.9,0.10990000000000001
2023-04-30 23:00:00+00:00,99.9,0.0999
2023-05-01 00:00:00+00:00,95.49,0.09548999999999999
2023-05-01 01:00:00+00:00,92.5,0.0925
2023-05-01 02:00:00+00:00,88.5,0.0885
2023-05-01 03:00:00+00:00,88.0,0.088
2023-05-01 04:00:00+00:00,87.7,0.0877
2023-05-01 05:00:00+00:00,98.0,0.098
2023-05-01 06:00:00+00:00,96.18,0.09618
2023-05-01 07:00:00+00:00,101.2,0.1012
2023-05-01 08:00:00+00:00,90.69,0.09068999999999999
2023-05-01 09:00:00+00:00,67.99,0.06799
2023-05-01 10:00:00+00:00,54.63,0.054630000000000005
2023-05-01 11:00:00+00:00,34.69,0.03469
2023-05-01 12:00:00+00:00,30.0,0.03
2023-05-01 13:00:00+00:00,41.19,0.04119
2023-05-01 14:00:00+00:00,76.25,0.07625
2023-05-01 15:00:00+00:00,89.95,0.08995
2023-05-01 16:00:00+00:00,113.86,0.11386
2023-05-01 17:00:00+00:00,123.11,0.12311
2023-05-01 18:00:00+00:00,128.22,0.12822
2023-05-01 19:00:00+00:00,121.72,0.12172
2023-05-01 20:00:00+00:00,117.9,0.1179
2023-05-01 21:00:00+00:00,111.04,0.11104
2023-05-01 22:00:00+00:00,98.48,0.09848
2023-05-01 23:00:00+00:00,85.6,0.0856
2023-05-02 00:00:00+00:00,83.3,0.0833
2023-05-02 01:00:00+00:00,80.9,0.0809
2023-05-02 02:00:00+00:00,81.22,0.08122
2023-05-02 03:00:00+00:00,90.39,0.09039
2023-05-02 04:00:00+00:00,111.06,0.11106
2023-05-02 05:00:00+00:00,127.42,0.12742
2023-05-02 06:00:00+00:00,135.15,0.13515
2023-05-02 07:00:00+00:00,122.99,0.12298999999999999
2023-05-02 08:00:00+00:00,115.71,0.11571
2023-05-02 09:00:00+00:00,108.96,0.10895999999999999
2023-05-02 10:00:00+00:00,98.46,0.09845999999999999
2023-05-02 11:00:00+00:00,92.76,0.09276000000000001
2023-05-02 12:00:00+00:00,86.32,0.08632
2023-05-02 13:00:00+00:00,81.97,0.08197
2023-05-02 14:00:00+00:00,87.2,0.0872
2023-05-02 15:00:00+00:00,94.43,0.09443
2023-05-02 16:00:00+00:00,117.38,0.11738
2023-05-02 17:00:00+00:00,130.0,0.13
2023-05-02 18:00:00+00:00,142.86,0.14286000000000001
2023-05-02 19:00:00+00:00,133.69,0.13369
2023-05-02 20:00:00+00:00,124.02,0.12401999999999999
2023-05-02 21:00:00+00:00,116.13,0.11613
2023-05-02 22:00:00+00:00,107.65,0.10765000000000001
2023-05-02 23:00:00+00:00,102.63,0.10263
2023-05-03 00:00:00+00:00,100.97,0.10097
2023-05-03 01:00:00+00:00,97.8,0.0978
2023-05-03 02:00:00+00:00,97.37,0.09737
2023-05-03 03:00:00+00:00,110.09,0.11009000000000001
2023-05-03 04:00:00+00:00,123.85,0.12384999999999999
2023-05-03 05:00:00+00:00,132.46,0.13246
2023-05-03 06:00:00+00:00,125.1,0.1251
2023-05-03 07:00:00+00:00,110.1,0.11009999999999999
2023-05-03 08:00:00+00:00,91.16,0.09115999999999999
2023-05-03 09:00:00+00:00,84.16,0.08416
2023-05-03 10:00:00+00:00,77.42,0.07742
2023-05-03 11:00:00+00:00,36.0,0.036
2023-05-03 12:00:00+00:00,24.3,0.024300000000000002
2023-05-03 13:00:00+00:00,50.0,0.05
2023-05-03 14:00:00+00:00,81.29,0.08129
2023-05-03 15:00:00+00:00,96.92,0.09692
2023-05-03 16:00:00+00:00,104.9,0.10490000000000001
2023-05-03 17:00:00+00:00,123.1,0.1231
2023-05-03 18:00:00+00:00,147.73,0.14773
2023-05-03 19:00:00+00:00,128.9,0.12890000000000001
2023-05-03 20:00:00+00:00,116.82,0.11682
2023-05-03 21:00:00+00:00,101.59,0.10159
2023-05-03 22:00:00+00:00,99.18,0.09918
2023-05-03 23:00:00+00:00,94.35,0.09434999999999999
2023-05-04 00:00:00+00:00,93.0,0.093
2023-05-04 01:00:00+00:00,93.78,0.09378
2023-05-04 02:00:00+00:00,94.16,0.09416
2023-05-04 03:00:00+00:00,105.33,0.10533
2023-05-04 04:00:00+00:00,109.5,0.1095
2023-05-04 05:00:00+00:00,128.98,0.12897999999999998
2023-05-04 06:00:00+00:00,119.9,0.1199
2023-05-04 07:00:00+00:00,104.42,0.10442
2023-05-04 08:00:00+00:00,90.0,0.09
2023-05-04 09:00:00+00:00,79.6,0.07959999999999999
2023-05-04 10:00:00+00:00,70.06,0.07006
2023-05-04 11:00:00+00:00,59.72,0.05972
2023-05-04 12:00:00+00:00,56.69,0.05669
2023-05-04 13:00:00+00:00,57.0,0.057
2023-05-04 14:00:00+00:00,78.65,0.07865000000000001
2023-05-04 15:00:00+00:00,94.29,0.09429000000000001
2023-05-04 16:00:00+00:00,111.32,0.11131999999999999
2023-05-04 17:00:00+00:00,118.53,0.11853
2023-05-04 18:00:00+00:00,120.49,0.12049
2023-05-04 19:00:00+00:00,114.74,0.11474
2023-05-04 20:00:00+00:00,105.12,0.10512
2023-05-04 21:00:00+00:00,94.36,0.09436
2023-05-04 22:00:00+00:00,91.5,0.0915
2023-05-04 23:00:00+00:00,81.8,0.0818
2023-05-05 00:00:00+00:00,78.49,0.07848999999999999
2023-05-05 01:00:00+00:00,79.51,0.07951000000000001
2023-05-05 02:00:00+00:00,78.49,0.07848999999999999
2023-05-05 03:00:00+00:00,87.52,0.08752
2023-05-05 04:00:00+00:00,101.22,0.10122
2023-05-05 05:00:00+00:00,113.75,0.11375
2023-05-05 06:00:00+00:00,109.01,0.10901000000000001
2023-05-05 07:00:00+00:00,90.8,0.09079999999999999
2023-05-05 08:00:00+00:00,84.07,0.08406999999999999
2023-05-05 09:00:00+00:00,71.7,0.0717
2023-05-05 10:00:00+00:00,72.03,0.07203
2023-05-05 11:00:00+00:00,77.36,0.07736
2023-05-05 12:00:00+00:00,78.9,0.07890000000000001
2023-05-05 13:00:00+00:00,81.08,0.08108
2023-05-05 14:00:00+00:00,91.16,0.09115999999999999
2023-05-05 15:00:00+00:00,99.87,0.09987
2023-05-05 16:00:00+00:00,112.8,0.1128
2023-05-05 17:00:00+00:00,120.54,0.12054000000000001
2023-05-05 18:00:00+00:00,128.76,0.12875999999999999
2023-05-05 19:00:00+00:00,126.31,0.12631
2023-05-05 20:00:00+00:00,115.56,0.11556
2023-05-05 21:00:00+00:00,124.05,0.12405
2023-05-05 22:00:00+00:00,106.71,0.10671
2023-05-05 23:00:00+00:00,99.62,0.09962
2023-05-06 00:00:00+00:00,95.71,0.09570999999999999
2023-05-06 01:00:00+00:00,91.7,0.0917
2023-05-06 02:00:00+00:00,89.93,0.08993000000000001
2023-05-06 03:00:00+00:00,91.7,0.0917
2023-05-06 04:00:00+00:00,97.2,0.09720000000000001
2023-05-06 05:00:00+00:00,99.02,0.09902
2023-05-06 06:00:00+00:00,95.13,0.09512999999999999
2023-05-06 07:00:00+00:00,93.28,0.09328
2023-05-06 08:00:00+00:00,82.53,0.08253
2023-05-06 09:00:00+00:00,74.42,0.07442
2023-05-06 10:00:00+00:00,70.36,0.07036
2023-05-06 11:00:00+00:00,55.69,0.055689999999999996
2023-05-06 12:00:00+00:00,50.0,0.05
2023-05-06 13:00:00+00:00,63.16,0.06316
2023-05-06 14:00:00+00:00,74.64,0.07464
2023-05-06 15:00:00+00:00,90.3,0.09029999999999999
2023-05-06 16:00:00+00:00,102.7,0.1027
2023-05-06 17:00:00+00:00,108.05,0.10805
2023-05-06 18:00:00+00:00,115.36,0.11536
2023-05-06 19:00:00+00:00,108.71,0.10870999999999999
2023-05-06 20:00:00+00:00,103.12,0.10312
2023-05-06 21:00:00+00:00,92.38,0.09237999999999999
2023-05-06 22:00:00+00:00,123.71,0.12371
2023-05-06 23:00:00+00:00,112.0,0.112
2023-05-07 00:00:00+00:00,107.61,0.10761
2023-05-07 01:00:00+00:00,86.27,0.08627
2023-05-07 02:00:00+00:00,85.69,0.08569
2023-05-07 03:00:00+00:00,86.85,0.08685
2023-05-07 04:00:00+00:00,90.1,0.0901
2023-05-07 05:00:00+00:00,84.1,0.0841
2023-05-07 06:00:00+00:00,80.29,0.08029
2023-05-07 07:00:00+00:00,78.82,0.07881999999999999
2023-05-07 08:00:00+00:00,67.07,0.06706999999999999
2023-05-07 09:00:00+00:00,54.36,0.05436
2023-05-07 10:00:00+00:00,52.25,0.05225
2023-05-07 11:00:00+00:00,55.0,0.055
2023-05-07 12:00:00+00:00,45.0,0.045
2023-05-07 13:00:00+00:00,40.0,0.04
2023-05-07 14:00:00+00:00,60.37,0.06037
2023-05-07 15:00:00+00:00,82.34,0.08234
2023-05-07 16:00:00+00:00,98.99,0.09899
2023-05-07 17:00:00+00:00,123.94,0.12394
2023-05-07 18:00:00+00:00,110.1,0.11009999999999999
2023-05-07 19:00:00+00:00,120.0,0.12
2023-05-07 20:00:00+00:00,123.99,0.12398999999999999
2023-05-07 21:00:00+00:00,100.0,0.1
2023-05-07 22:00:00+00:00,118.1,0.1181
2023-05-07 23:00:00+00:00,100.0,0.1
2023-05-08 00:00:00+00:00,95.59,0.09559000000000001
2023-05-08 01:00:00+00:00,85.99,0.08599
2023-05-08 02:00:00+00:00,84.35,0.08435
2023-05-08 03:00:00+00:00,90.91,0.09090999999999999
2023-05-08 04:00:00+00:00,103.29,0.10329
2023-05-08 05:00:00+00:00,117.87,0.11787
2023-05-08 06:00:00+00:00,110.97,0.11097
2023-05-08 07:00:00+00:00,100.01,0.10001
2023-05-08 08:00:00+00:00,92.59,0.09259
2023-05-08 09:00:00+00:00,85.85,0.08585
2023-05-08 10:00:00+00:00,80.6,0.08059999999999999
2023-05-08 11:00:00+00:00,70.1,0.0701
2023-05-08 12:00:00+00:00,70.63,0.07063
2023-05-08 13:00:00+00:00,78.0,0.078
2023-05-08 14:00:00+00:00,84.01,0.08401
2023-05-08 15:00:00+00:00,97.05,0.09705
2023-05-08 16:00:00+00:00,109.82,0.10981999999999999
2023-05-08 17:00:00+00:00,131.91,0.13191
2023-05-08 18:00:00+00:00,129.37,0.12937
2023-05-08 19:00:00+00:00,121.99,0.12199
2023-05-08 20:00:00+00:00,119.88,0.11988
2023-05-08 21:00:00+00:00,114.0,0.114
2023-05-08 22:00:00+00:00,95.96,0.09595999999999999
2023-05-08 23:00:00+00:00,87.52,0.08752
2023-05-09 00:00:00+00:00,84.6,0.0846
2023-05-09 01:00:00+00:00,84.17,0.08417
2023-05-09 02:00:00+00:00,85.25,0.08525
2023-05-09 03:00:00+00:00,92.45,0.09245
2023-05-09 04:00:00+00:00,111.58,0.11158
2023-05-09 05:00:00+00:00,121.0,0.121
2023-05-09 06:00:00+00:00,117.88,0.11788
2023-05-09 07:00:00+00:00,113.13,0.11313
2023-05-09 08:00:00+00:00,119.9,0.1199
2023-05-09 09:00:00+00:00,113.34,0.11334000000000001
2023-05-09 10:00:00+00:00,131.53,0.13153
2023-05-09 11:00:00+00:00,112.8,0.1128
2023-05-09 12:00:00+00:00,97.8,0.0978
2023-05-09 13:00:00+00:00,81.7,0.08170000000000001
2023-05-09 14:00:00+00:00,84.44,0.08444
2023-05-09 15:00:00+00:00,100.06,0.10006
2023-05-09 16:00:00+00:00,116.34,0.11634
2023-05-09 17:00:00+00:00,121.55,0.12154999999999999
2023-05-09 18:00:00+00:00,119.84,0.11984
2023-05-09 19:00:00+00:00,111.0,0.111
2023-05-09 20:00:00+00:00,104.67,0.10467
2023-05-09 21:00:00+00:00,89.93,0.08993000000000001
2023-05-09 22:00:00+00:00,94.82,0.09481999999999999
2023-05-09 23:00:00+00:00,90.06,0.09006
2023-05-10 00:00:00+00:00,88.38,0.08838
2023-05-10 01:00:00+00:00,86.19,0.08619
2023-05-10 02:00:00+00:00,87.94,0.08794
2023-05-10 03:00:00+00:00,89.59,0.08959
2023-05-10 04:00:00+00:00,106.43,0.10643000000000001
2023-05-10 05:00:00+00:00,119.53,0.11953
2023-05-10 06:00:00+00:00,133.05,0.13305
2023-05-10 07:00:00+00:00,110.24,0.11023999999999999
2023-05-10 08:00:00+00:00,105.82,0.10582
2023-05-10 09:00:00+00:00,101.06,0.10106
2023-05-10 10:00:00+00:00,97.0,0.097
2023-05-10 11:00:00+00:00,92.95,0.09295
2023-05-10 12:00:00+00:00,91.76,0.09176000000000001
2023-05-10 13:00:00+00:00,94.86,0.09486
2023-05-10 14:00:00+00:00,104.81,0.10481
2023-05-10 15:00:00+00:00,101.2,0.1012
2023-05-10 16:00:00+00:00,120.0,0.12
2023-05-10 17:00:00+00:00,135.73,0.13573
2023-05-10 18:00:00+00:00,147.42,0.14742
2023-05-10 19:00:00+00:00,134.15,0.13415000000000002
2023-05-10 20:00:00+00:00,117.73,0.11773
2023-05-10 21:00:00+00:00,109.9,0.10990000000000001
2023-05-10 22:00:00+00:00,100.0,0.1
2023-05-10 23:00:00+00:00,96.94,0.09694
2023-05-11 00:00:00+00:00,96.0,0.096
2023-05-11 01:00:00+00:00,95.88,0.09587999999999999
2023-05-11 02:00:00+00:00,93.06,0.09306
2023-05-11 03:00:00+00:00,103.18,0.10318000000000001
2023-05-11 04:00:00+00:00,110.0,0.11
2023-05-11 05:00:00+00:00,129.9,0.12990000000000002
2023-05-11 06:00:00+00:00,148.0,0.148
2023-05-11 07:00:00+00:00,134.05,0.13405
2023-05-11 08:00:00+00:00,113.2,0.11320000000000001
2023-05-11 09:00:00+00:00,115.03,0.11503000000000001
2023-05-11 10:00:00+00:00,104.53,0.10453
2023-05-11 11:00:00+00:00,95.37,0.09537000000000001
2023-05-11 12:00:00+00:00,95.71,0.09570999999999999
2023-05-11 13:00:00+00:00,85.2,0.0852
2023-05-11 14:00:00+00:00,76.36,0.07636
2023-05-11 15:00:00+00:00,110.32,0.11031999999999999
2023-05-11 16:00:00+00:00,123.19,0.12319
2023-05-11 17:00:00+00:00,147.0,0.147
2023-05-11 18:00:00+00:00,132.8,0.1328
2023-05-11 19:00:00+00:00,118.4,0.1184
2023-05-11 20:00:00+00:00,113.99,0.11399
2023-05-11 21:00:00+00:00,101.66,0.10166
2023-05-11 22:00:00+00:00,98.53,0.09853
2023-05-11 23:00:00+00:00,90.55,0.09054999999999999
2023-05-12 00:00:00+00:00,89.84,0.08984
2023-05-12 01:00:00+00:00,90.0,0.09
2023-05-12 02:00:00+00:00,90.8,0.09079999999999999
2023-05-12 03:00:00+00:00,98.68,0.09868
2023-05-12 04:00:00+00:00,108.73,0.10873000000000001
2023-05-12 05:00:00+00:00,126.96,0.12696
2023-05-12 06:00:00+00:00,137.54,0.13754
2023-05-12 07:00:00+00:00,113.3,0.1133
2023-05-12 08:00:00+00:00,101.6,0.1016
2023-05-12 09:00:00+00:00,97.58,0.09758
2023-05-12 10:00:00+00:00,74.97,0.07497
2023-05-12 11:00:00+00:00,64.1,0.06409999999999999
2023-05-12 12:00:00+00:00,62.51,0.06251
2023-05-12 13:00:00+00:00,69.55,0.06955
2023-05-12 14:00:00+00:00,80.93,0.08093
2023-05-12 15:00:00+00:00,93.69,0.09369
2023-05-12 16:00:00+00:00,106.63,0.10662999999999999
2023-05-12 17:00:00+00:00,119.62,0.11962
2023-05-12 18:00:00+00:00,122.12,0.12212
2023-05-12 19:00:00+00:00,115.8,0.1158
2023-05-12 20:00:00+00:00,101.19,0.10119
2023-05-12 21:00:00+00:00,97.82,0.09781999999999999
2023-05-12 22:00:00+00:00,104.91,0.10491
2023-05-12 23:00:00+00:00,98.29,0.09829
2023-05-13 00:00:00+00:00,94.84,0.09484000000000001
2023-05-13 01:00:00+00:00,96.14,0.09614
2023-05-13 02:00:00+00:00,96.54,0.09654
2023-05-13 03:00:00+00:00,97.83,0.09783
2023-05-13 04:00:00+00:00,94.9,0.09490000000000001
2023-05-13 05:00:00+00:00,90.79,0.09079000000000001
2023-05-13 06:00:00+00:00,94.47,0.09447
2023-05-13 07:00:00+00:00,89.08,0.08907999999999999
2023-05-13 08:00:00+00:00,65.0,0.065
2023-05-13 09:00:00+00:00,0.0,0.0
2023-05-13 10:00:00+00:00,-48.99,-0.04899
2023-05-13 11:00:00+00:00,-99.93,-0.09993
2023-05-13 12:00:00+00:00,-40.0,-0.04
2023-05-13 13:00:00+00:00,-2.26,-0.00226
2023-05-13 14:00:00+00:00,27.72,0.027719999999999998
2023-05-13 15:00:00+00:00,74.53,0.07453
2023-05-13 16:00:00+00:00,83.7,0.0837
2023-05-13 17:00:00+00:00,109.43,0.10943000000000001
2023-05-13 18:00:00+00:00,118.6,0.1186
2023-05-13 19:00:00+00:00,113.48,0.11348
2023-05-13 20:00:00+00:00,109.96,0.10995999999999999
2023-05-13 21:00:00+00:00,104.97,0.10497
2023-05-13 22:00:00+00:00,102.37,0.10237
2023-05-13 23:00:00+00:00,98.18,0.09818
2023-05-14 00:00:00+00:00,94.3,0.0943
2023-05-14 01:00:00+00:00,85.37,0.08537
2023-05-14 02:00:00+00:00,86.42,0.08642
2023-05-14 03:00:00+00:00,93.22,0.09322
2023-05-14 04:00:00+00:00,81.33,0.08133
2023-05-14 05:00:00+00:00,73.87,0.07387
2023-05-14 06:00:00+00:00,75.69,0.07569
2023-05-14 07:00:00+00:00,54.9,0.0549
2023-05-14 08:00:00+00:00,25.09,0.02509
2023-05-14 09:00:00+00:00,13.89,0.013890000000000001
2023-05-14 10:00:00+00:00,9.7,0.009699999999999999
2023-05-14 11:00:00+00:00,1.85,0.00185
2023-05-14 12:00:00+00:00,0.16,0.00016
2023-05-14 13:00:00+00:00,1.78,0.0017800000000000001
2023-05-14 14:00:00+00:00,28.66,0.02866
2023-05-14 15:00:00+00:00,81.0,0.081
2023-05-14 16:00:00+00:00,101.18,0.10118
2023-05-14 17:00:00+00:00,116.0,0.116
2023-05-14 18:00:00+00:00,126.62,0.12662
2023-05-14 19:00:00+00:00,127.99,0.12799
2023-05-14 20:00:00+00:00,119.14,0.11914
2023-05-14 21:00:00+00:00,107.58,0.10758
2023-05-14 22:00:00+00:00,117.15,0.11715
2023-05-14 23:00:00+00:00,105.75,0.10575
2023-05-15 00:00:00+00:00,101.38,0.10138
2023-05-15 01:00:00+00:00,105.25,0.10525
2023-05-15 02:00:00+00:00,104.12,0.10412
2023-05-15 03:00:00+00:00,119.92,0.11992
2023-05-15 04:00:00+00:00,109.9,0.10990000000000001
2023-05-15 05:00:00+00:00,142.86,0.14286000000000001
2023-05-15 06:00:00+00:00,139.94,0.13994
2023-05-15 07:00:00+00:00,123.7,0.1237
2023-05-15 08:00:00+00:00,100.28,0.10028000000000001
2023-05-15 09:00:00+00:00,94.04,0.09404000000000001
2023-05-15 10:00:00+00:00,89.03,0.08903
2023-05-15 11:00:00+00:00,90.21,0.09021
2023-05-15 12:00:00+00:00,88.55,0.08855
2023-05-15 13:00:00+00:00,87.66,0.08766
2023-05-15 14:00:00+00:00,87.95,0.08795
2023-05-15 15:00:00+00:00,90.1,0.0901
2023-05-15 16:00:00+00:00,90.0,0.09
2023-05-15 17:00:00+00:00,109.93,0.10993
2023-05-15 18:00:00+00:00,129.2,0.12919999999999998
2023-05-15 19:00:00+00:00,122.32,0.12232
2023-05-15 20:00:00+00:00,109.9,0.10990000000000001
2023-05-15 21:00:00+00:00,93.89,0.09389
2023-05-15 22:00:00+00:00,78.96,0.07895999999999999
2023-05-15 23:00:00+00:00,73.1,0.0731
2023-05-16 00:00:00+00:00,70.01,0.07001
2023-05-16 01:00:00+00:00,63.56,0.06356
2023-05-16 02:00:00+00:00,65.9,0.0659
2023-05-16 03:00:00+00:00,74.16,0.07415999999999999
2023-05-16 04:00:00+00:00,98.18,0.09818
2023-05-16 05:00:00+00:00,114.97,0.11497
2023-05-16 06:00:00+00:00,119.54,0.11954000000000001
2023-05-16 07:00:00+00:00,96.2,0.09620000000000001
2023-05-16 08:00:00+00:00,81.9,0.0819
2023-05-16 09:00:00+00:00,70.77,0.07077
2023-05-16 10:00:00+00:00,40.66,0.040659999999999995
2023-05-16 11:00:00+00:00,39.07,0.03907
2023-05-16 12:00:00+00:00,14.94,0.01494
2023-05-16 13:00:00+00:00,11.05,0.01105
2023-05-16 14:00:00+00:00,42.78,0.04278
2023-05-16 15:00:00+00:00,72.46,0.07246
2023-05-16 16:00:00+00:00,87.19,0.08719
2023-05-16 17:00:00+00:00,104.91,0.10491
2023-05-16 18:00:00+00:00,117.64,0.11764
2023-05-16 19:00:00+00:00,120.05,0.12005
2023-05-16 20:00:00+00:00,113.0,0.113
2023-05-16 21:00:00+00:00,97.23,0.09723000000000001
2023-05-16 22:00:00+00:00,94.9,0.09490000000000001
2023-05-16 23:00:00+00:00,83.6,0.0836
2023-05-17 00:00:00+00:00,78.78,0.07878
2023-05-17 01:00:00+00:00,70.0,0.07
2023-05-17 02:00:00+00:00,72.52,0.07252
2023-05-17 03:00:00+00:00,79.83,0.07983
2023-05-17 04:00:00+00:00,105.19,0.10518999999999999
2023-05-17 05:00:00+00:00,113.37,0.11337
2023-05-17 06:00:00+00:00,105.55,0.10554999999999999
2023-05-17 07:00:00+00:00,83.05,0.08305
2023-05-17 08:00:00+00:00,72.33,0.07232999999999999
2023-05-17 09:00:00+00:00,40.0,0.04
2023-05-17 10:00:00+00:00,0.0,0.0
2023-05-17 11:00:00+00:00,0.0,0.0
2023-05-17 12:00:00+00:00,-3.91,-0.00391
2023-05-17 13:00:00+00:00,6.01,0.00601
2023-05-17 14:00:00+00:00,34.67,0.03467
2023-05-17 15:00:00+00:00,79.09,0.07909000000000001
2023-05-17 16:00:00+00:00,101.59,0.10159
2023-05-17 17:00:00+00:00,109.9,0.10990000000000001
2023-05-17 18:00:00+00:00,132.91,0.13291
2023-05-17 19:00:00+00:00,128.15,0.12815000000000001
2023-05-17 20:00:00+00:00,111.0,0.111
2023-05-17 21:00:00+00:00,102.49,0.10249
2023-05-17 22:00:00+00:00,100.59,0.10059
2023-05-17 23:00:00+00:00,94.9,0.09490000000000001
2023-05-18 00:00:00+00:00,89.24,0.08924
2023-05-18 01:00:00+00:00,88.92,0.08892
2023-05-18 02:00:00+00:00,94.38,0.09437999999999999
2023-05-18 03:00:00+00:00,98.4,0.0984
2023-05-18 04:00:00+00:00,98.38,0.09838
2023-05-18 05:00:00+00:00,94.9,0.09490000000000001
2023-05-18 06:00:00+00:00,90.48,0.09048
2023-05-18 07:00:00+00:00,81.45,0.08145000000000001
2023-05-18 08:00:00+00:00,72.64,0.07264
2023-05-18 09:00:00+00:00,65.03,0.06503
2023-05-18 10:00:00+00:00,62.87,0.06287
2023-05-18 11:00:00+00:00,43.52,0.04352
2023-05-18 12:00:00+00:00,29.41,0.02941
2023-05-18 13:00:00+00:00,43.08,0.04308
2023-05-18 14:00:00+00:00,71.56,0.07156
2023-05-18 15:00:00+00:00,84.55,0.08455
2023-05-18 16:00:00+00:00,102.66,0.10266
2023-05-18 17:00:00+00:00,115.44,0.11544
2023-05-18 18:00:00+00:00,125.81,0.12581
2023-05-18 19:00:00+00:00,116.89,0.11689
2023-05-18 20:00:00+00:00,109.61,0.10961
2023-05-18 21:00:00+00:00,98.76,0.09876
2023-05-18 22:00:00+00:00,93.02,0.09301999999999999
2023-05-18 23:00:00+00:00,83.2,0.0832
2023-05-19 00:00:00+00:00,80.23,0.08023000000000001
2023-05-19 01:00:00+00:00,77.03,0.07703
2023-05-19 02:00:00+00:00,83.2,0.0832
2023-05-19 03:00:00+00:00,97.92,0.09792000000000001
2023-05-19 04:00:00+00:00,107.75,0.10775
2023-05-19 05:00:00+00:00,109.32,0.10931999999999999
2023-05-19 06:00:00+00:00,106.0,0.106
2023-05-19 07:00:00+00:00,93.29,0.09329000000000001
2023-05-19 08:00:00+00:00,69.43,0.06943
2023-05-19 09:00:00+00:00,59.2,0.0592
2023-05-19 10:00:00+00:00,57.17,0.05717
2023-05-19 11:00:00+00:00,57.79,0.05779
2023-05-19 12:00:00+00:00,57.93,0.05793
2023-05-19 13:00:00+00:00,63.62,0.06362
2023-05-19 14:00:00+00:00,70.12,0.07012
2023-05-19 15:00:00+00:00,85.3,0.0853
2023-05-19 16:00:00+00:00,100.95,0.10095
2023-05-19 17:00:00+00:00,114.21,0.11420999999999999
2023-05-19 18:00:00+00:00,114.51,0.11451
2023-05-19 19:00:00+00:00,104.22,0.10422
2023-05-19 20:00:00+00:00,99.79,0.09979
2023-05-19 21:00:00+00:00,85.78,0.08578
2023-05-19 22:00:00+00:00,78.74,0.07873999999999999
2023-05-19 23:00:00+00:00,74.0,0.074
2023-05-20 00:00:00+00:00,68.07,0.06806999999999999
2023-05-20 01:00:00+00:00,65.33,0.06533
2023-05-20 02:00:00+00:00,64.65,0.06465
2023-05-20 03:00:00+00:00,64.9,0.0649
2023-05-20 04:00:00+00:00,62.08,0.062079999999999996
2023-05-20 05:00:00+00:00,62.46,0.06246
2023-05-20 06:00:00+00:00,59.76,0.05976
2023-05-20 07:00:00+00:00,40.04,0.04004
2023-05-20 08:00:00+00:00,1.94,0.0019399999999999999
2023-05-20 09:00:00+00:00,-3.91,-0.00391
2023-05-20 10:00:00+00:00,-12.83,-0.01283
2023-05-20 11:00:00+00:00,-9.44,-0.009439999999999999
2023-05-20 12:00:00+00:00,-0.17,-0.00017
2023-05-20 13:00:00+00:00,0.0,0.0
2023-05-20 14:00:00+00:00,1.32,0.00132
2023-05-20 15:00:00+00:00,25.94,0.02594
2023-05-20 16:00:00+00:00,53.68,0.05368
2023-05-20 17:00:00+00:00,78.44,0.07844
2023-05-20 18:00:00+00:00,87.69,0.08769
2023-05-20 19:00:00+00:00,81.06,0.08106000000000001
2023-05-20 20:00:00+00:00,78.6,0.07859999999999999
2023-05-20 21:00:00+00:00,73.02,0.07302
2023-05-20 22:00:00+00:00,52.2,0.0522
2023-05-20 23:00:00+00:00,40.04,0.04004
2023-05-21 00:00:00+00:00,33.88,0.03388
2023-05-21 01:00:00+00:00,28.77,0.02877
2023-05-21 02:00:00+00:00,29.96,0.02996
2023-05-21 03:00:00+00:00,28.25,0.02825
2023-05-21 04:00:00+00:00,30.79,0.030789999999999998
2023-05-21 05:00:00+00:00,27.55,0.02755
2023-05-21 06:00:00+00:00,20.0,0.02
2023-05-21 07:00:00+00:00,2.14,0.00214
2023-05-21 08:00:00+00:00,0.0,0.0
2023-05-21 09:00:00+00:00,-3.9,-0.0039
2023-05-21 10:00:00+00:00,-76.0,-0.076
2023-05-21 11:00:00+00:00,-50.0,-0.05
2023-05-21 12:00:00+00:00,-58.32,-0.05832
2023-05-21 13:00:00+00:00,-25.67,-0.025670000000000002
2023-05-21 14:00:00+00:00,-0.41,-0.00041
2023-05-21 15:00:00+00:00,2.22,0.00222
2023-05-21 16:00:00+00:00,41.34,0.04134
2023-05-21 17:00:00+00:00,85.49,0.08549
2023-05-21 18:00:00+00:00,90.87,0.09087
2023-05-21 19:00:00+00:00,91.0,0.091
2023-05-21 20:00:00+00:00,89.94,0.08993999999999999
2023-05-21 21:00:00+00:00,83.5,0.0835
2023-05-21 22:00:00+00:00,88.29,0.08829000000000001
2023-05-21 23:00:00+00:00,80.06,0.08006
2023-05-22 00:00:00+00:00,78.31,0.07831
2023-05-22 01:00:00+00:00,77.8,0.0778
2023-05-22 02:00:00+00:00,81.0,0.081
2023-05-22 03:00:00+00:00,97.88,0.09788
2023-05-22 04:00:00+00:00,110.26,0.11026000000000001
2023-05-22 05:00:00+00:00,118.31,0.11831
2023-05-22 06:00:00+00:00,113.42,0.11342
2023-05-22 07:00:00+00:00,102.31,0.10231
2023-05-22 08:00:00+00:00,86.97,0.08697
2023-05-22 09:00:00+00:00,74.24,0.07424
2023-05-22 10:00:00+00:00,57.33,0.05733
2023-05-22 11:00:00+00:00,55.97,0.05597
2023-05-22 12:00:00+00:00,67.6,0.0676
2023-05-22 13:00:00+00:00,68.25,0.06825
2023-05-22 14:00:00+00:00,70.8,0.0708
2023-05-22 15:00:00+00:00,78.7,0.0787
2023-05-22 16:00:00+00:00,90.0,0.09
2023-05-22 17:00:00+00:00,105.42,0.10542
2023-05-22 18:00:00+00:00,119.0,0.119
2023-05-22 19:00:00+00:00,112.8,0.1128
2023-05-22 20:00:00+00:00,104.24,0.10424
2023-05-22 21:00:00+00:00,84.48,0.08448
2023-05-22 22:00:00+00:00,91.14,0.09114
2023-05-22 23:00:00+00:00,77.66,0.07765999999999999
2023-05-23 00:00:00+00:00,76.02,0.07601999999999999
2023-05-23 01:00:00+00:00,68.32,0.06831999999999999
2023-05-23 02:00:00+00:00,66.97,0.06697
2023-05-23 03:00:00+00:00,75.78,0.07578
2023-05-23 04:00:00+00:00,97.5,0.0975
2023-05-23 05:00:00+00:00,104.14,0.10414
2023-05-23 06:00:00+00:00,101.0,0.101
2023-05-23 07:00:00+00:00,90.0,0.09
2023-05-23 08:00:00+00:00,61.6,0.0616
2023-05-23 09:00:00+00:00,25.0,0.025
2023-05-23 10:00:00+00:00,7.1,0.0070999999999999995
2023-05-23 11:00:00+00:00,-10.04,-0.010039999999999999
2023-05-23 12:00:00+00:00,-20.0,-0.02
2023-05-23 13:00:00+00:00,-15.08,-0.01508
2023-05-23 14:00:00+00:00,-10.0,-0.01
2023-05-23 15:00:00+00:00,56.54,0.05654
2023-05-23 16:00:00+00:00,71.8,0.0718
2023-05-23 17:00:00+00:00,95.88,0.09587999999999999
2023-05-23 18:00:00+00:00,101.58,0.10158
2023-05-23 19:00:00+00:00,103.2,0.1032
2023-05-23 20:00:00+00:00,100.21,0.10021
2023-05-23 21:00:00+00:00,93.78,0.09378
2023-05-23 22:00:00+00:00,83.0,0.083
2023-05-23 23:00:00+00:00,76.09,0.07609
2023-05-24 00:00:00+00:00,75.13,0.07513
2023-05-24 01:00:00+00:00,76.02,0.07601999999999999
2023-05-24 02:00:00+00:00,76.44,0.07644
2023-05-24 03:00:00+00:00,85.53,0.08553
2023-05-24 04:00:00+00:00,105.58,0.10558
2023-05-24 05:00:00+00:00,121.47,0.12147
2023-05-24 06:00:00+00:00,109.66,0.10966
2023-05-24 07:00:00+00:00,97.7,0.09770000000000001
2023-05-24 08:00:00+00:00,85.92,0.08592
2023-05-24 09:00:00+00:00,81.0,0.081
2023-05-24 10:00:00+00:00,80.58,0.08058
2023-05-24 11:00:00+00:00,71.08,0.07108
2023-05-24 12:00:00+00:00,75.21,0.07521
2023-05-24 13:00:00+00:00,67.6,0.0676
2023-05-24 14:00:00+00:00,80.0,0.08
2023-05-24 15:00:00+00:00,78.97,0.07897
2023-05-24 16:00:00+00:00,109.97,0.10997
2023-05-24 17:00:00+00:00,136.0,0.136
2023-05-24 18:00:00+00:00,142.0,0.142
2023-05-24 19:00:00+00:00,148.4,0.1484
2023-05-24 20:00:00+00:00,114.64,0.11464
2023-05-24 21:00:00+00:00,102.96,0.10296
2023-05-24 22:00:00+00:00,102.1,0.1021
2023-05-24 23:00:00+00:00,89.78,0.08978
2023-05-25 00:00:00+00:00,82.0,0.082
2023-05-25 01:00:00+00:00,87.27,0.08727
2023-05-25 02:00:00+00:00,76.8,0.0768
2023-05-25 03:00:00+00:00,80.1,0.08009999999999999
2023-05-25 04:00:00+00:00,101.2,0.1012
2023-05-25 05:00:00+00:00,119.49,0.11949
2023-05-25 06:00:00+00:00,104.0,0.104
2023-05-25 07:00:00+00:00,83.35,0.08335
2023-05-25 08:00:00+00:00,70.85,0.07085
2023-05-25 09:00:00+00:00,45.0,0.045
2023-05-25 10:00:00+00:00,32.76,0.03276
2023-05-25 11:00:00+00:00,13.0,0.013
2023-05-25 12:00:00+00:00,-3.91,-0.00391
2023-05-25 13:00:00+00:00,-0.13,-0.00013000000000000002
2023-05-25 14:00:00+00:00,-3.9,-0.0039
2023-05-25 15:00:00+00:00,54.9,0.0549
2023-05-25 16:00:00+00:00,84.92,0.08492
2023-05-25 17:00:00+00:00,107.11,0.10711
2023-05-25 18:00:00+00:00,121.71,0.12171
2023-05-25 19:00:00+00:00,107.13,0.10712999999999999
2023-05-25 20:00:00+00:00,100.47,0.10047
2023-05-25 21:00:00+00:00,90.94,0.09094
2023-05-25 22:00:00+00:00,88.11,0.08811
2023-05-25 23:00:00+00:00,76.4,0.07640000000000001
2023-05-26 00:00:00+00:00,74.53,0.07453
2023-05-26 01:00:00+00:00,74.0,0.074
2023-05-26 02:00:00+00:00,77.69,0.07769
2023-05-26 03:00:00+00:00,87.44,0.08744
2023-05-26 04:00:00+00:00,102.42,0.10242
2023-05-26 05:00:00+00:00,103.06,0.10306
2023-05-26 06:00:00+00:00,95.0,0.095
2023-05-26 07:00:00+00:00,74.9,0.07490000000000001
2023-05-26 08:00:00+00:00,38.54,0.03854
2023-05-26 09:00:00+00:00,4.02,0.004019999999999999
2023-05-26 10:00:00+00:00,-3.91,-0.00391
2023-05-26 11:00:00+00:00,-25.34,-0.02534
2023-05-26 12:00:00+00:00,-19.9,-0.019899999999999998
2023-05-26 13:00:00+00:00,-10.01,-0.01001
2023-05-26 14:00:00+00:00,-3.9,-0.0039
2023-05-26 15:00:00+00:00,44.9,0.044899999999999995
2023-05-26 16:00:00+00:00,80.9,0.0809
2023-05-26 17:00:00+00:00,80.49,0.08048999999999999
2023-05-26 18:00:00+00:00,113.98,0.11398
2023-05-26 19:00:00+00:00,109.46,0.10945999999999999
2023-05-26 20:00:00+00:00,99.5,0.0995
2023-05-26 21:00:00+00:00,92.5,0.0925
2023-05-26 22:00:00+00:00,89.72,0.08972
2023-05-26 23:00:00+00:00,83.51,0.08351
2023-05-27 00:00:00+00:00,84.73,0.08473
2023-05-27 01:00:00+00:00,86.0,0.086
2023-05-27 02:00:00+00:00,89.82,0.08982
2023-05-27 03:00:00+00:00,88.62,0.08862
2023-05-27 04:00:00+00:00,82.7,0.08270000000000001
2023-05-27 05:00:00+00:00,82.99,0.08299
2023-05-27 06:00:00+00:00,72.61,0.07261
2023-05-27 07:00:00+00:00,55.06,0.055060000000000005
2023-05-27 08:00:00+00:00,16.37,0.016370000000000003
2023-05-27 09:00:00+00:00,1.45,0.00145
2023-05-27 10:00:00+00:00,0.0,0.0
2023-05-27 11:00:00+00:00,-13.16,-0.01316
2023-05-27 12:00:00+00:00,-26.36,-0.026359999999999998
2023-05-27 13:00:00+00:00,-200.0,-0.2
2023-05-27 14:00:00+00:00,2.26,0.00226
2023-05-27 15:00:00+00:00,55.08,0.05508
2023-05-27 16:00:00+00:00,84.85,0.08485
2023-05-27 17:00:00+00:00,90.67,0.09067
2023-05-27 18:00:00+00:00,104.97,0.10497
2023-05-27 19:00:00+00:00,112.45,0.11245000000000001
2023-05-27 20:00:00+00:00,99.96,0.09996
2023-05-27 21:00:00+00:00,94.71,0.09470999999999999
2023-05-27 22:00:00+00:00,87.09,0.08709
2023-05-27 23:00:00+00:00,84.0,0.084
2023-05-28 00:00:00+00:00,81.92,0.08192
2023-05-28 01:00:00+00:00,77.87,0.07787000000000001
2023-05-28 02:00:00+00:00,77.86,0.07786
2023-05-28 03:00:00+00:00,76.47,0.07647
2023-05-28 04:00:00+00:00,71.82,0.07182
2023-05-28 05:00:00+00:00,64.97,0.06497
2023-05-28 06:00:00+00:00,37.7,0.037700000000000004
2023-05-28 07:00:00+00:00,0.0,0.0
2023-05-28 08:00:00+00:00,-4.89,-0.004889999999999999
2023-05-28 09:00:00+00:00,-27.87,-0.027870000000000002
2023-05-28 10:00:00+00:00,-101.6,-0.1016
2023-05-28 11:00:00+00:00,-235.96,-0.23596
2023-05-28 12:00:00+00:00,-400.0,-0.4
2023-05-28 13:00:00+00:00,-162.55,-0.16255
2023-05-28 14:00:00+00:00,-23.51,-0.023510000000000003
2023-05-28 15:00:00+00:00,-0.06,-5.9999999999999995e-05
2023-05-28 16:00:00+00:00,50.0,0.05
2023-05-28 17:00:00+00:00,72.9,0.0729
2023-05-28 18:00:00+00:00,80.29,0.08029
2023-05-28 19:00:00+00:00,78.01,0.07801000000000001
2023-05-28 20:00:00+00:00,73.89,0.07389
2023-05-28 21:00:00+00:00,69.5,0.0695
2023-05-28 22:00:00+00:00,59.23,0.05923
2023-05-28 23:00:00+00:00,53.9,0.053899999999999997
2023-05-29 00:00:00+00:00,51.82,0.05182
2023-05-29 01:00:00+00:00,48.19,0.04819
2023-05-29 02:00:00+00:00,53.4,0.053399999999999996
2023-05-29 03:00:00+00:00,62.04,0.06204
2023-05-29 04:00:00+00:00,66.3,0.0663
2023-05-29 05:00:00+00:00,58.71,0.05871
2023-05-29 06:00:00+00:00,29.92,0.029920000000000002
2023-05-29 07:00:00+00:00,0.0,0.0
2023-05-29 08:00:00+00:00,-2.11,-0.00211
2023-05-29 09:00:00+00:00,-40.0,-0.04
2023-05-29 10:00:00+00:00,-97.12,-0.09712
2023-05-29 11:00:00+00:00,-161.7,-0.16169999999999998
2023-05-29 12:00:00+00:00,-185.86,-0.18586000000000003
2023-05-29 13:00:00+00:00,-110.0,-0.11
2023-05-29 14:00:00+00:00,-19.97,-0.019969999999999998
2023-05-29 15:00:00+00:00,-9.79,-0.009789999999999998
2023-05-29 16:00:00+00:00,17.26,0.01726
2023-05-29 17:00:00+00:00,72.51,0.07251
2023-05-29 18:00:00+00:00,84.41,0.08441
2023-05-29 19:00:00+00:00,85.59,0.08559
2023-05-29 20:00:00+00:00,80.65,0.08065
2023-05-29 21:00:00+00:00,74.2,0.0742
2023-05-29 22:00:00+00:00,75.02,0.07501999999999999
2023-05-29 23:00:00+00:00,71.05,0.07105
2023-05-30 00:00:00+00:00,68.9,0.0689
2023-05-30 01:00:00+00:00,68.29,0.06829
2023-05-30 02:00:00+00:00,74.1,0.0741
2023-05-30 03:00:00+00:00,84.14,0.08414
2023-05-30 04:00:00+00:00,95.19,0.09519
2023-05-30 05:00:00+00:00,115.67,0.11567
2023-05-30 06:00:00+00:00,108.64,0.10864
2023-05-30 07:00:00+00:00,90.06,0.09006
2023-05-30 08:00:00+00:00,82.37,0.08237
2023-05-30 09:00:00+00:00,70.3,0.0703
2023-05-30 10:00:00+00:00,64.7,0.06470000000000001
2023-05-30 11:00:00+00:00,57.58,0.05758
2023-05-30 12:00:00+00:00,56.57,0.05657
2023-05-30 13:00:00+00:00,61.43,0.06143
2023-05-30 14:00:00+00:00,69.29,0.06929
2023-05-30 15:00:00+00:00,87.35,0.08735
2023-05-30 16:00:00+00:00,89.35,0.08935
2023-05-30 17:00:00+00:00,122.66,0.12265999999999999
2023-05-30 18:00:00+00:00,132.1,0.1321
2023-05-30 19:00:00+00:00,94.55,0.09455
2023-05-30 20:00:00+00:00,97.17,0.09717
2023-05-30 21:00:00+00:00,89.65,0.08965000000000001
2023-05-30 22:00:00+00:00,85.92,0.08592
2023-05-30 23:00:00+00:00,81.36,0.08136
2023-05-31 00:00:00+00:00,74.2,0.0742
2023-05-31 01:00:00+00:00,78.09,0.07809
2023-05-31 02:00:00+00:00,82.24,0.08224
2023-05-31 03:00:00+00:00,88.92,0.08892
2023-05-31 04:00:00+00:00,83.98,0.08398
2023-05-31 05:00:00+00:00,105.5,0.1055
2023-05-31 06:00:00+00:00,75.03,0.07503
2023-05-31 07:00:00+00:00,86.41,0.08641
2023-05-31 08:00:00+00:00,66.92,0.06692000000000001
2023-05-31 09:00:00+00:00,46.5,0.0465
2023-05-31 10:00:00+00:00,5.48,0.0054800000000000005
2023-05-31 11:00:00+00:00,-3.89,-0.0038900000000000002
2023-05-31 12:00:00+00:00,-1.27,-0.00127
2023-05-31 13:00:00+00:00,-0.77,-0.0007700000000000001
2023-05-31 14:00:00+00:00,20.2,0.0202
2023-05-31 15:00:00+00:00,51.87,0.05187
2023-05-31 16:00:00+00:00,74.9,0.07490000000000001
2023-05-31 17:00:00+00:00,87.0,0.087
2023-05-31 18:00:00+00:00,105.5,0.1055
2023-05-31 19:00:00+00:00,103.08,0.10308
2023-05-31 20:00:00+00:00,94.29,0.09429000000000001
2023-05-31 21:00:00+00:00,81.9,0.0819
2023-05-31 22:00:00+00:00,84.15,0.08415
2023-05-31 23:00:00+00:00,74.3,0.07429999999999999
2023-06-01 00:00:00+00:00,70.1,0.0701
2023-06-01 01:00:00+00:00,66.51,0.06651
2023-06-01 02:00:00+00:00,67.66,0.06766
2023-06-01 03:00:00+00:00,79.8,0.0798
2023-06-01 04:00:00+00:00,95.89,0.09589
2023-06-01 05:00:00+00:00,104.45,0.10445
2023-06-01 06:00:00+00:00,99.07,0.09906999999999999
2023-06-01 07:00:00+00:00,87.3,0.0873
2023-06-01 08:00:00+00:00,68.19,0.06819
2023-06-01 09:00:00+00:00,59.92,0.05992
2023-06-01 10:00:00+00:00,35.4,0.0354
2023-06-01 11:00:00+00:00,9.34,0.00934
2023-06-01 12:00:00+00:00,2.97,0.00297
2023-06-01 13:00:00+00:00,0.1,0.0001
2023-06-01 14:00:00+00:00,55.6,0.055600000000000004
2023-06-01 15:00:00+00:00,71.99,0.07199
2023-06-01 16:00:00+00:00,76.1,0.0761
2023-06-01 17:00:00+00:00,87.94,0.08794
2023-06-01 18:00:00+00:00,114.2,0.1142
2023-06-01 19:00:00+00:00,103.43,0.10343000000000001
2023-06-01 20:00:00+00:00,95.41,0.09541
2023-06-01 21:00:00+00:00,86.53,0.08653
2023-06-01 22:00:00+00:00,83.59,0.08359
2023-06-01 23:00:00+00:00,79.4,0.07940000000000001
2023-06-02 00:00:00+00:00,79.5,0.0795
2023-06-02 01:00:00+00:00,76.62,0.07662000000000001
2023-06-02 02:00:00+00:00,80.1,0.08009999999999999
2023-06-02 03:00:00+00:00,88.74,0.08874
2023-06-02 04:00:00+00:00,101.5,0.1015
2023-06-02 05:00:00+00:00,103.34,0.10334
2023-06-02 06:00:00+00:00,95.9,0.0959
2023-06-02 07:00:00+00:00,84.37,0.08437
2023-06-02 08:00:00+00:00,72.09,0.07209
2023-06-02 09:00:00+00:00,63.15,0.06315
2023-06-02 10:00:00+00:00,56.06,0.056060000000000006
2023-06-02 11:00:00+00:00,42.61,0.04261
2023-06-02 12:00:00+00:00,36.82,0.03682
2023-06-02 13:00:00+00:00,44.9,0.044899999999999995
2023-06-02 14:00:00+00:00,58.27,0.05827
2023-06-02 15:00:00+00:00,76.62,0.07662000000000001
2023-06-02 16:00:00+00:00,85.2,0.0852
2023-06-02 17:00:00+00:00,98.7,0.0987
2023-06-02 18:00:00+00:00,107.74,0.10773999999999999
2023-06-02 19:00:00+00:00,101.09,0.10109
2023-06-02 20:00:00+00:00,92.56,0.09256
2023-06-02 21:00:00+00:00,85.06,0.08506
2023-06-02 22:00:00+00:00,84.95,0.08495
2023-06-02 23:00:00+00:00,80.3,0.0803
2023-06-03 00:00:00+00:00,77.79,0.07779000000000001
2023-06-03 01:00:00+00:00,75.2,0.0752
2023-06-03 02:00:00+00:00,80.35,0.08034999999999999
2023-06-03 03:00:00+00:00,78.51,0.07851000000000001
2023-06-03 04:00:00+00:00,77.64,0.07764
2023-06-03 05:00:00+00:00,73.63,0.07363
2023-06-03 06:00:00+00:00,70.0,0.07
2023-06-03 07:00:00+00:00,59.97,0.059969999999999996
2023-06-03 08:00:00+00:00,27.36,0.02736
2023-06-03 09:00:00+00:00,5.0,0.005
2023-06-03 10:00:00+00:00,-0.01,-1e-05
2023-06-03 11:00:00+00:00,-10.0,-0.01
2023-06-03 12:00:00+00:00,-10.05,-0.01005
2023-06-03 13:00:00+00:00,-3.8,-0.0038
2023-06-03 14:00:00+00:00,0.01,1e-05
2023-06-03 15:00:00+00:00,45.66,0.04566
2023-06-03 16:00:00+00:00,75.0,0.075
2023-06-03 17:00:00+00:00,83.48,0.08348
2023-06-03 18:00:00+00:00,94.08,0.09408
2023-06-03 19:00:00+00:00,93.68,0.09368000000000001
2023-06-03 20:00:00+00:00,87.23,0.08723
2023-06-03 21:00:00+00:00,81.17,0.08117
2023-06-03 22:00:00+00:00,81.12,0.08112
2023-06-03 23:00:00+00:00,74.9,0.07490000000000001
2023-06-04 00:00:00+00:00,72.51,0.07251
2023-06-04 01:00:00+00:00,71.61,0.07161
2023-06-04 02:00:00+00:00,73.0,0.073
2023-06-04 03:00:00+00:00,72.11,0.07211
2023-06-04 04:00:00+00:00,68.97,0.06897
2023-06-04 05:00:00+00:00,64.77,0.06477
2023-06-04 06:00:00+00:00,50.81,0.05081
2023-06-04 07:00:00+00:00,21.93,0.021929999999999998
2023-06-04 08:00:00+00:00,5.11,0.00511
2023-06-04 09:00:00+00:00,0.0,0.0
2023-06-04 10:00:00+00:00,-14.43,-0.01443
2023-06-04 11:00:00+00:00,-81.54,-0.08154
2023-06-04 12:00:00+00:00,-40.23,-0.040229999999999995
2023-06-04 13:00:00+00:00,-25.0,-0.025
2023-06-04 14:00:00+00:00,0.0,0.0
2023-06-04 15:00:00+00:00,34.5,0.0345
2023-06-04 16:00:00+00:00,78.21,0.07820999999999999
2023-06-04 17:00:00+00:00,82.0,0.082
2023-06-04 18:00:00+00:00,94.0,0.094
2023-06-04 19:00:00+00:00,100.0,0.1
2023-06-04 20:00:00+00:00,97.66,0.09766
2023-06-04 21:00:00+00:00,86.98,0.08698
2023-06-04 22:00:00+00:00,78.71,0.07870999999999999
2023-06-04 23:00:00+00:00,71.1,0.0711
2023-06-05 00:00:00+00:00,70.07,0.07007
2023-06-05 01:00:00+00:00,71.03,0.07103
2023-06-05 02:00:00+00:00,74.07,0.07407
2023-06-05 03:00:00+00:00,77.0,0.077
2023-06-05 04:00:00+00:00,84.9,0.0849
2023-06-05 05:00:00+00:00,97.91,0.09791
2023-06-05 06:00:00+00:00,99.95,0.09995
2023-06-05 07:00:00+00:00,83.55,0.08355
2023-06-05 08:00:00+00:00,75.0,0.075
2023-06-05 09:00:00+00:00,70.08,0.07008
2023-06-05 10:00:00+00:00,68.35,0.06835
2023-06-05 11:00:00+00:00,61.75,0.06175
2023-06-05 12:00:00+00:00,62.0,0.062
2023-06-05 13:00:00+00:00,64.0,0.064
2023-06-05 14:00:00+00:00,65.3,0.0653
2023-06-05 15:00:00+00:00,81.71,0.08170999999999999
2023-06-05 16:00:00+00:00,76.12,0.07612000000000001
2023-06-05 17:00:00+00:00,84.9,0.0849
2023-06-05 18:00:00+00:00,119.0,0.119
2023-06-05 19:00:00+00:00,120.5,0.1205
2023-06-05 20:00:00+00:00,101.02,0.10102
2023-06-05 21:00:00+00:00,88.0,0.088
2023-06-05 22:00:00+00:00,80.23,0.08023000000000001
2023-06-05 23:00:00+00:00,79.12,0.07912000000000001
2023-06-06 00:00:00+00:00,78.62,0.07862000000000001
2023-06-06 01:00:00+00:00,81.0,0.081
2023-06-06 02:00:00+00:00,65.0,0.065
2023-06-06 03:00:00+00:00,79.34,0.07934000000000001
2023-06-06 04:00:00+00:00,72.6,0.0726
2023-06-06 05:00:00+00:00,108.7,0.1087
2023-06-06 06:00:00+00:00,111.8,0.1118
2023-06-06 07:00:00+00:00,94.9,0.09490000000000001
2023-06-06 08:00:00+00:00,84.38,0.08438
2023-06-06 09:00:00+00:00,82.05,0.08205
2023-06-06 10:00:00+00:00,74.36,0.07436
2023-06-06 11:00:00+00:00,43.1,0.0431
2023-06-06 12:00:00+00:00,64.57,0.06456999999999999
2023-06-06 13:00:00+00:00,49.87,0.04987
2023-06-06 14:00:00+00:00,61.84,0.061840000000000006
2023-06-06 15:00:00+00:00,79.83,0.07983
2023-06-06 16:00:00+00:00,91.97,0.09197
2023-06-06 17:00:00+00:00,78.24,0.07823999999999999
2023-06-06 18:00:00+00:00,84.9,0.0849
2023-06-06 19:00:00+00:00,114.41,0.11441
2023-06-06 20:00:00+00:00,98.97,0.09897
2023-06-06 21:00:00+00:00,89.99,0.08999
2023-06-06 22:00:00+00:00,89.66,0.08965999999999999
2023-06-06 23:00:00+00:00,78.36,0.07836
2023-06-07 00:00:00+00:00,72.4,0.0724
2023-06-07 01:00:00+00:00,88.76,0.08876
2023-06-07 02:00:00+00:00,79.86,0.07986
2023-06-07 03:00:00+00:00,80.19,0.08019
2023-06-07 04:00:00+00:00,76.0,0.076
2023-06-07 05:00:00+00:00,97.2,0.09720000000000001
2023-06-07 06:00:00+00:00,111.25,0.11125
2023-06-07 07:00:00+00:00,94.22,0.09422
2023-06-07 08:00:00+00:00,91.6,0.0916
2023-06-07 09:00:00+00:00,85.69,0.08569
2023-06-07 10:00:00+00:00,79.95,0.07995000000000001
2023-06-07 11:00:00+00:00,70.3,0.0703
2023-06-07 12:00:00+00:00,73.2,0.0732
2023-06-07 13:00:00+00:00,72.26,0.07226
2023-06-07 14:00:00+00:00,78.8,0.0788
2023-06-07 15:00:00+00:00,75.7,0.0757
2023-06-07 16:00:00+00:00,97.0,0.097
2023-06-07 17:00:00+00:00,99.93,0.09993
2023-06-07 18:00:00+00:00,117.8,0.1178
2023-06-07 19:00:00+00:00,112.3,0.1123
2023-06-07 20:00:00+00:00,104.89,0.10489
2023-06-07 21:00:00+00:00,94.9,0.09490000000000001
2023-06-07 22:00:00+00:00,93.93,0.09393000000000001
2023-06-07 23:00:00+00:00,89.26,0.08926
2023-06-08 00:00:00+00:00,82.0,0.082
2023-06-08 01:00:00+00:00,72.92,0.07292
2023-06-08 02:00:00+00:00,70.98,0.07098
2023-06-08 03:00:00+00:00,80.94,0.08094
2023-06-08 04:00:00+00:00,83.56,0.08356
2023-06-08 05:00:00+00:00,90.9,0.09090000000000001
2023-06-08 06:00:00+00:00,91.4,0.09140000000000001
2023-06-08 07:00:00+00:00,83.77,0.08377
2023-06-08 08:00:00+00:00,74.64,0.07464
2023-06-08 09:00:00+00:00,68.5,0.0685
2023-06-08 10:00:00+00:00,64.22,0.06422
2023-06-08 11:00:00+00:00,63.3,0.0633
2023-06-08 12:00:00+00:00,64.06,0.06406
2023-06-08 13:00:00+00:00,67.93,0.06793
2023-06-08 14:00:00+00:00,71.17,0.07117
2023-06-08 15:00:00+00:00,76.1,0.0761
2023-06-08 16:00:00+00:00,85.65,0.08565
2023-06-08 17:00:00+00:00,99.94,0.09994
2023-06-08 18:00:00+00:00,113.82,0.11381999999999999
2023-06-08 19:00:00+00:00,105.02,0.10502
2023-06-08 20:00:00+00:00,96.58,0.09658
2023-06-08 21:00:00+00:00,91.0,0.091
2023-06-08 22:00:00+00:00,95.0,0.095
2023-06-08 23:00:00+00:00,89.7,0.0897
2023-06-09 00:00:00+00:00,79.73,0.07973000000000001
2023-06-09 01:00:00+00:00,76.0,0.076
2023-06-09 02:00:00+00:00,76.26,0.07626000000000001
2023-06-09 03:00:00+00:00,88.66,0.08866
2023-06-09 04:00:00+00:00,99.75,0.09975
2023-06-09 05:00:00+00:00,103.97,0.10396999999999999
2023-06-09 06:00:00+00:00,103.94,0.10394
2023-06-09 07:00:00+00:00,91.39,0.09139
2023-06-09 08:00:00+00:00,82.26,0.08226
2023-06-09 09:00:00+00:00,75.43,0.07543000000000001
2023-06-09 10:00:00+00:00,70.03,0.07003
2023-06-09 11:00:00+00:00,61.11,0.06111
2023-06-09 12:00:00+00:00,64.06,0.06406
2023-06-09 13:00:00+00:00,68.39,0.06839
2023-06-09 14:00:00+00:00,72.64,0.07264
2023-06-09 15:00:00+00:00,80.63,0.08063
2023-06-09 16:00:00+00:00,95.0,0.095
2023-06-09 17:00:00+00:00,104.12,0.10412
2023-06-09 18:00:00+00:00,106.45,0.10645
2023-06-09 19:00:00+00:00,104.12,0.10412
2023-06-09 20:00:00+00:00,97.48,0.09748
2023-06-09 21:00:00+00:00,86.0,0.086
2023-06-09 22:00:00+00:00,89.03,0.08903
2023-06-09 23:00:00+00:00,84.1,0.0841
2023-06-10 00:00:00+00:00,84.13,0.08413
2023-06-10 01:00:00+00:00,80.32,0.08031999999999999
2023-06-10 02:00:00+00:00,77.44,0.07744
2023-06-10 03:00:00+00:00,79.87,0.07987000000000001
2023-06-10 04:00:00+00:00,79.43,0.07943
2023-06-10 05:00:00+00:00,85.0,0.085
2023-06-10 06:00:00+00:00,81.81,0.08181000000000001
2023-06-10 07:00:00+00:00,59.71,0.05971
2023-06-10 08:00:00+00:00,10.06,0.010060000000000001
2023-06-10 09:00:00+00:00,-10.0,-0.01
2023-06-10 10:00:00+00:00,-22.01,-0.022010000000000002
2023-06-10 11:00:00+00:00,-56.27,-0.05627
2023-06-10 12:00:00+00:00,-50.05,-0.05005
2023-06-10 13:00:00+00:00,-17.92,-0.017920000000000002
2023-06-10 14:00:00+00:00,-3.5,-0.0035
2023-06-10 15:00:00+00:00,44.5,0.0445
2023-06-10 16:00:00+00:00,74.97,0.07497
2023-06-10 17:00:00+00:00,86.16,0.08616
2023-06-10 18:00:00+00:00,107.4,0.10740000000000001
2023-06-10 19:00:00+00:00,112.49,0.11248999999999999
2023-06-10 20:00:00+00:00,98.0,0.098
2023-06-10 21:00:00+00:00,87.3,0.0873
2023-06-10 22:00:00+00:00,102.43,0.10243000000000001
2023-06-10 23:00:00+00:00,90.0,0.09
2023-06-11 00:00:00+00:00,89.9,0.08990000000000001
2023-06-11 01:00:00+00:00,77.0,0.077
2023-06-11 02:00:00+00:00,73.0,0.073
2023-06-11 03:00:00+00:00,73.0,0.073
2023-06-11 04:00:00+00:00,60.1,0.0601
2023-06-11 05:00:00+00:00,48.92,0.048920000000000005
2023-06-11 06:00:00+00:00,28.44,0.02844
2023-06-11 07:00:00+00:00,15.9,0.0159
2023-06-11 08:00:00+00:00,0.0,0.0
2023-06-11 09:00:00+00:00,-7.92,-0.00792
2023-06-11 10:00:00+00:00,-39.95,-0.03995
2023-06-11 11:00:00+00:00,-66.67,-0.06667000000000001
2023-06-11 12:00:00+00:00,-56.89,-0.05689
2023-06-11 13:00:00+00:00,-20.01,-0.02001
2023-06-11 14:00:00+00:00,-0.1,-0.0001
2023-06-11 15:00:00+00:00,27.92,0.02792
2023-06-11 16:00:00+00:00,83.82,0.08381999999999999
2023-06-11 17:00:00+00:00,99.91,0.09991
2023-06-11 18:00:00+00:00,110.6,0.11059999999999999
2023-06-11 19:00:00+00:00,125.6,0.1256
2023-06-11 20:00:00+00:00,119.0,0.119
2023-06-11 21:00:00+00:00,98.9,0.0989
2023-06-11 22:00:00+00:00,94.33,0.09433
2023-06-11 23:00:00+00:00,85.08,0.08508
2023-06-12 00:00:00+00:00,85.02,0.08502
2023-06-12 01:00:00+00:00,81.63,0.08163
2023-06-12 02:00:00+00:00,83.95,0.08395
2023-06-12 03:00:00+00:00,95.08,0.09508
2023-06-12 04:00:00+00:00,107.2,0.1072
2023-06-12 05:00:00+00:00,126.36,0.12636
2023-06-12 06:00:00+00:00,124.39,0.12439
2023-06-12 07:00:00+00:00,106.01,0.10601000000000001
2023-06-12 08:00:00+00:00,86.03,0.08603
2023-06-12 09:00:00+00:00,64.41,0.06441
2023-06-12 10:00:00+00:00,50.0,0.05
2023-06-12 11:00:00+00:00,42.56,0.04256
2023-06-12 12:00:00+00:00,50.37,0.05037
2023-06-12 13:00:00+00:00,71.04,0.07104
2023-06-12 14:00:00+00:00,84.82,0.08481999999999999
2023-06-12 15:00:00+00:00,97.6,0.09759999999999999
2023-06-12 16:00:00+00:00,109.68,0.10968000000000001
2023-06-12 17:00:00+00:00,133.04,0.13304
2023-06-12 18:00:00+00:00,141.78,0.14178
2023-06-12 19:00:00+00:00,116.93,0.11693
2023-06-12 20:00:00+00:00,107.0,0.107
2023-06-12 21:00:00+00:00,98.1,0.09809999999999999
2023-06-12 22:00:00+00:00,89.11,0.08911
2023-06-12 23:00:00+00:00,82.78,0.08278
2023-06-13 00:00:00+00:00,83.29,0.08329
2023-06-13 01:00:00+00:00,82.75,0.08275
2023-06-13 02:00:00+00:00,84.77,0.08477
2023-06-13 03:00:00+00:00,90.04,0.09004000000000001
2023-06-13 04:00:00+00:00,95.6,0.09559999999999999
2023-06-13 05:00:00+00:00,117.2,0.1172
2023-06-13 06:00:00+00:00,120.04,0.12004000000000001
2023-06-13 07:00:00+00:00,103.12,0.10312
2023-06-13 08:00:00+00:00,85.08,0.08508
2023-06-13 09:00:00+00:00,74.99,0.07499
2023-06-13 10:00:00+00:00,40.0,0.04
2023-06-13 11:00:00+00:00,30.43,0.03043
2023-06-13 12:00:00+00:00,31.55,0.03155
2023-06-13 13:00:00+00:00,60.04,0.060039999999999996
2023-06-13 14:00:00+00:00,73.08,0.07307999999999999
2023-06-13 15:00:00+00:00,84.6,0.0846
2023-06-13 16:00:00+00:00,101.17,0.10117
2023-06-13 17:00:00+00:00,111.95,0.11195000000000001
2023-06-13 18:00:00+00:00,120.18,0.12018000000000001
2023-06-13 19:00:00+00:00,114.81,0.11481
2023-06-13 20:00:00+00:00,105.0,0.105
2023-06-13 21:00:00+00:00,98.38,0.09838
2023-06-13 22:00:00+00:00,96.28,0.09628
2023-06-13 23:00:00+00:00,88.68,0.08868000000000001
2023-06-14 00:00:00+00:00,86.98,0.08698
2023-06-14 01:00:00+00:00,86.25,0.08625
2023-06-14 02:00:00+00:00,88.08,0.08807999999999999
2023-06-14 03:00:00+00:00,97.66,0.09766
2023-06-14 04:00:00+00:00,104.78,0.10478
2023-06-14 05:00:00+00:00,135.08,0.13508
2023-06-14 06:00:00+00:00,128.0,0.128
2023-06-14 07:00:00+00:00,103.32,0.10332
2023-06-14 08:00:00+00:00,87.66,0.08766
2023-06-14 09:00:00+00:00,77.79,0.07779000000000001
2023-06-14 10:00:00+00:00,72.8,0.0728
2023-06-14 11:00:00+00:00,74.8,0.07479999999999999
2023-06-14 12:00:00+00:00,77.24,0.07723999999999999
2023-06-14 13:00:00+00:00,76.51,0.07651000000000001
2023-06-14 14:00:00+00:00,81.74,0.08174
2023-06-14 15:00:00+00:00,96.3,0.0963
2023-06-14 16:00:00+00:00,114.61,0.11461
2023-06-14 17:00:00+00:00,130.0,0.13
2023-06-14 18:00:00+00:00,143.2,0.1432
2023-06-14 19:00:00+00:00,138.03,0.13803
2023-06-14 20:00:00+00:00,119.11,0.11911
2023-06-14 21:00:00+00:00,108.41,0.10840999999999999
2023-06-14 22:00:00+00:00,107.12,0.10712
2023-06-14 23:00:00+00:00,102.77,0.10277
2023-06-15 00:00:00+00:00,100.62,0.10062
2023-06-15 01:00:00+00:00,100.38,0.10038
2023-06-15 02:00:00+00:00,100.37,0.10037
2023-06-15 03:00:00+00:00,99.9,0.0999
2023-06-15 04:00:00+00:00,119.8,0.1198
2023-06-15 05:00:00+00:00,135.94,0.13594
2023-06-15 06:00:00+00:00,140.07,0.14007
2023-06-15 07:00:00+00:00,116.0,0.116
2023-06-15 08:00:00+00:00,103.66,0.10366
2023-06-15 09:00:00+00:00,98.02,0.09802
2023-06-15 10:00:00+00:00,92.24,0.09223999999999999
2023-06-15 11:00:00+00:00,90.0,0.09
2023-06-15 12:00:00+00:00,90.0,0.09
2023-06-15 13:00:00+00:00,92.01,0.09201000000000001
2023-06-15 14:00:00+00:00,96.75,0.09675
2023-06-15 15:00:00+00:00,104.9,0.10490000000000001
2023-06-15 16:00:00+00:00,125.39,0.12539
2023-06-15 17:00:00+00:00,155.0,0.155
2023-06-15 18:00:00+00:00,175.76,0.17576
2023-06-15 19:00:00+00:00,169.42,0.16942
2023-06-15 20:00:00+00:00,149.63,0.14962999999999999
2023-06-15 21:00:00+00:00,125.0,0.125
2023-06-15 22:00:00+00:00,126.16,0.12616
2023-06-15 23:00:00+00:00,121.61,0.12161
2023-06-16 00:00:00+00:00,115.59,0.11559
2023-06-16 01:00:00+00:00,112.69,0.11269
2023-06-16 02:00:00+00:00,113.08,0.11308
2023-06-16 03:00:00+00:00,117.76,0.11776
2023-06-16 04:00:00+00:00,141.97,0.14196999999999999
2023-06-16 05:00:00+00:00,153.56,0.15356
2023-06-16 06:00:00+00:00,145.59,0.14559
2023-06-16 07:00:00+00:00,124.16,0.12415999999999999
2023-06-16 08:00:00+00:00,112.2,0.11220000000000001
2023-06-16 09:00:00+00:00,108.99,0.10898999999999999
2023-06-16 10:00:00+00:00,107.35,0.10735
2023-06-16 11:00:00+00:00,95.31,0.09531
2023-06-16 12:00:00+00:00,94.79,0.09479000000000001
2023-06-16 13:00:00+00:00,101.65,0.10165
2023-06-16 14:00:00+00:00,108.46,0.10845999999999999
2023-06-16 15:00:00+00:00,115.04,0.11504
2023-06-16 16:00:00+00:00,135.35,0.13535
2023-06-16 17:00:00+00:00,161.17,0.16116999999999998
2023-06-16 18:00:00+00:00,175.1,0.1751
2023-06-16 19:00:00+00:00,170.39,0.17038999999999999
2023-06-16 20:00:00+00:00,152.0,0.152
2023-06-16 21:00:00+00:00,138.71,0.13871
2023-06-16 22:00:00+00:00,130.81,0.13081
2023-06-16 23:00:00+00:00,122.8,0.12279999999999999
2023-06-17 00:00:00+00:00,120.0,0.12
2023-06-17 01:00:00+00:00,116.44,0.11644
2023-06-17 02:00:00+00:00,111.07,0.11106999999999999
2023-06-17 03:00:00+00:00,110.0,0.11
2023-06-17 04:00:00+00:00,110.3,0.1103
2023-06-17 05:00:00+00:00,108.04,0.10804000000000001
2023-06-17 06:00:00+00:00,101.0,0.101
2023-06-17 07:00:00+00:00,95.6,0.09559999999999999
2023-06-17 08:00:00+00:00,85.0,0.085
2023-06-17 09:00:00+00:00,69.99,0.06999
2023-06-17 10:00:00+00:00,59.36,0.059359999999999996
2023-06-17 11:00:00+00:00,48.4,0.0484
2023-06-17 12:00:00+00:00,39.38,0.039380000000000005
2023-06-17 13:00:00+00:00,56.08,0.05608
2023-06-17 14:00:00+00:00,85.0,0.085
2023-06-17 15:00:00+00:00,101.52,0.10152
2023-06-17 16:00:00+00:00,115.31,0.11531
2023-06-17 17:00:00+00:00,137.79,0.13779
2023-06-17 18:00:00+00:00,146.97,0.14697
2023-06-17 19:00:00+00:00,154.2,0.15419999999999998
2023-06-17 20:00:00+00:00,146.07,0.14607
2023-06-17 21:00:00+00:00,136.65,0.13665
2023-06-17 22:00:00+00:00,128.48,0.12847999999999998
2023-06-17 23:00:00+00:00,117.85,0.11785
2023-06-18 00:00:00+00:00,110.44,0.11044
2023-06-18 01:00:00+00:00,108.86,0.10886
2023-06-18 02:00:00+00:00,104.0,0.104
2023-06-18 03:00:00+00:00,102.59,0.10259
2023-06-18 04:00:00+00:00,98.34,0.09834
2023-06-18 05:00:00+00:00,92.06,0.09206
2023-06-18 06:00:00+00:00,85.0,0.085
2023-06-18 07:00:00+00:00,78.17,0.07817
2023-06-18 08:00:00+00:00,63.36,0.06336
2023-06-18 09:00:00+00:00,53.65,0.053649999999999996
2023-06-18 10:00:00+00:00,45.8,0.0458
2023-06-18 11:00:00+00:00,29.38,0.02938
2023-06-18 12:00:00+00:00,25.0,0.025
2023-06-18 13:00:00+00:00,49.0,0.049
2023-06-18 14:00:00+00:00,75.0,0.075
2023-06-18 15:00:00+00:00,93.63,0.09362999999999999
2023-06-18 16:00:00+00:00,107.23,0.10723
2023-06-18 17:00:00+00:00,129.9,0.12990000000000002
2023-06-18 18:00:00+00:00,138.71,0.13871
2023-06-18 19:00:00+00:00,137.11,0.13711
2023-06-18 20:00:00+00:00,137.38,0.13738
2023-06-18 21:00:00+00:00,117.6,0.1176
2023-06-18 22:00:00+00:00,99.95,0.09995
2023-06-18 23:00:00+00:00,93.66,0.09366
2023-06-19 00:00:00+00:00,88.57,0.08857
2023-06-19 01:00:00+00:00,89.66,0.08965999999999999
2023-06-19 02:00:00+00:00,93.8,0.0938
2023-06-19 03:00:00+00:00,95.87,0.09587000000000001
2023-06-19 04:00:00+00:00,117.01,0.11701
2023-06-19 05:00:00+00:00,133.85,0.13385
2023-06-19 06:00:00+00:00,132.58,0.13258
2023-06-19 07:00:00+00:00,115.62,0.11562
2023-06-19 08:00:00+00:00,104.09,0.10409
2023-06-19 09:00:00+00:00,97.24,0.09724
2023-06-19 10:00:00+00:00,93.3,0.0933
2023-06-19 11:00:00+00:00,90.01,0.09001
2023-06-19 12:00:00+00:00,88.35,0.08835
2023-06-19 13:00:00+00:00,94.21,0.09420999999999999
2023-06-19 14:00:00+00:00,98.16,0.09816
2023-06-19 15:00:00+00:00,110.08,0.11008
2023-06-19 16:00:00+00:00,137.0,0.137
2023-06-19 17:00:00+00:00,170.07,0.17007
2023-06-19 18:00:00+00:00,197.77,0.19777
2023-06-19 19:00:00+00:00,175.78,0.17578
2023-06-19 20:00:00+00:00,149.94,0.14994
2023-06-19 21:00:00+00:00,135.0,0.135
2023-06-19 22:00:00+00:00,121.19,0.12118999999999999
2023-06-19 23:00:00+00:00,110.63,0.11062999999999999
2023-06-20 00:00:00+00:00,104.15,0.10415
2023-06-20 01:00:00+00:00,101.29,0.10129
2023-06-20 02:00:00+00:00,100.89,0.10089000000000001
2023-06-20 03:00:00+00:00,101.07,0.10107
2023-06-20 04:00:00+00:00,121.64,0.12164
2023-06-20 05:00:00+00:00,143.34,0.14334
2023-06-20 06:00:00+00:00,146.71,0.14671
2023-06-20 07:00:00+00:00,130.94,0.13094
2023-06-20 08:00:00+00:00,114.09,0.11409
2023-06-20 09:00:00+00:00,101.98,0.10198
2023-06-20 10:00:00+00:00,100.02,0.10002
2023-06-20 11:00:00+00:00,89.9,0.08990000000000001
2023-06-20 12:00:00+00:00,92.26,0.09226000000000001
2023-06-20 13:00:00+00:00,99.9,0.0999
2023-06-20 14:00:00+00:00,105.34,0.10534
2023-06-20 15:00:00+00:00,118.63,0.11863
2023-06-20 16:00:00+00:00,140.0,0.14
2023-06-20 17:00:00+00:00,160.59,0.16059
2023-06-20 18:00:00+00:00,165.08,0.16508
2023-06-20 19:00:00+00:00,150.0,0.15
2023-06-20 20:00:00+00:00,138.0,0.138
2023-06-20 21:00:00+00:00,120.24,0.12024
2023-06-20 22:00:00+00:00,119.7,0.1197
2023-06-20 23:00:00+00:00,110.77,0.11077
2023-06-21 00:00:00+00:00,104.8,0.10479999999999999
2023-06-21 01:00:00+00:00,103.92,0.10392
2023-06-21 02:00:00+00:00,103.76,0.10376
2023-06-21 03:00:00+00:00,107.02,0.10701999999999999
2023-06-21 04:00:00+00:00,126.56,0.12656
2023-06-21 05:00:00+00:00,137.67,0.13767
2023-06-21 06:00:00+00:00,144.55,0.14455
2023-06-21 07:00:00+00:00,126.16,0.12616
2023-06-21 08:00:00+00:00,103.02,0.10302
2023-06-21 09:00:00+00:00,91.16,0.09115999999999999
2023-06-21 10:00:00+00:00,89.12,0.08912
2023-06-21 11:00:00+00:00,86.5,0.0865
2023-06-21 12:00:00+00:00,86.64,0.08664
2023-06-21 13:00:00+00:00,94.6,0.09459999999999999
2023-06-21 14:00:00+00:00,100.16,0.10016
2023-06-21 15:00:00+00:00,113.62,0.11362
2023-06-21 16:00:00+00:00,138.17,0.13817
2023-06-21 17:00:00+00:00,167.5,0.1675
2023-06-21 18:00:00+00:00,190.24,0.19024000000000002
2023-06-21 19:00:00+00:00,180.66,0.18066
2023-06-21 20:00:00+00:00,155.57,0.15556999999999999
2023-06-21 21:00:00+00:00,134.86,0.13486
2023-06-21 22:00:00+00:00,132.91,0.13291
2023-06-21 23:00:00+00:00,123.42,0.12342
2023-06-22 00:00:00+00:00,115.4,0.1154
2023-06-22 01:00:00+00:00,111.33,0.11133
2023-06-22 02:00:00+00:00,107.02,0.10701999999999999
2023-06-22 03:00:00+00:00,115.19,0.11519
2023-06-22 04:00:00+00:00,136.02,0.13602
2023-06-22 05:00:00+00:00,151.72,0.15172
2023-06-22 06:00:00+00:00,153.43,0.15343
2023-06-22 07:00:00+00:00,130.08,0.13008
2023-06-22 08:00:00+00:00,116.0,0.116
2023-06-22 09:00:00+00:00,104.49,0.10449
2023-06-22 10:00:00+00:00,102.91,0.10291
2023-06-22 11:00:00+00:00,106.79,0.10679000000000001
2023-06-22 12:00:00+00:00,106.46,0.10646
2023-06-22 13:00:00+00:00,106.79,0.10679000000000001
2023-06-22 14:00:00+00:00,108.19,0.10819
2023-06-22 15:00:00+00:00,125.77,0.12577
2023-06-22 16:00:00+00:00,137.3,0.1373
2023-06-22 17:00:00+00:00,157.43,0.15743000000000001
2023-06-22 18:00:00+00:00,155.23,0.15522999999999998
2023-06-22 19:00:00+00:00,147.18,0.14718
2023-06-22 20:00:00+00:00,134.34,0.13434000000000001
2023-06-22 21:00:00+00:00,120.86,0.12086
2023-06-22 22:00:00+00:00,103.86,0.10386
2023-06-22 23:00:00+00:00,95.2,0.0952
2023-06-23 00:00:00+00:00,91.79,0.09179000000000001
2023-06-23 01:00:00+00:00,91.28,0.09128
2023-06-23 02:00:00+00:00,90.94,0.09094
2023-06-23 03:00:00+00:00,94.56,0.09456
2023-06-23 04:00:00+00:00,115.09,0.11509
2023-06-23 05:00:00+00:00,128.86,0.12886
2023-06-23 06:00:00+00:00,130.87,0.13087000000000001
2023-06-23 07:00:00+00:00,121.65,0.12165000000000001
2023-06-23 08:00:00+00:00,106.27,0.10626999999999999
2023-06-23 09:00:00+00:00,98.1,0.09809999999999999
2023-06-23 10:00:00+00:00,92.89,0.09289
2023-06-23 11:00:00+00:00,86.71,0.08671
2023-06-23 12:00:00+00:00,79.07,0.07906999999999999
2023-06-23 13:00:00+00:00,78.33,0.07833
2023-06-23 14:00:00+00:00,85.84,0.08584
2023-06-23 15:00:00+00:00,96.24,0.09623999999999999
2023-06-23 16:00:00+00:00,107.55,0.10754999999999999
2023-06-23 17:00:00+00:00,129.68,0.12968000000000002
2023-06-23 18:00:00+00:00,137.1,0.1371
2023-06-23 19:00:00+00:00,134.99,0.13499
2023-06-23 20:00:00+00:00,130.54,0.13054
2023-06-23 21:00:00+00:00,122.22,0.12222
2023-06-23 22:00:00+00:00,117.34,0.11734
2023-06-23 23:00:00+00:00,109.72,0.10972
2023-06-24 00:00:00+00:00,102.89,0.10289
2023-06-24 01:00:00+00:00,100.31,0.10031
2023-06-24 02:00:00+00:00,94.33,0.09433
2023-06-24 03:00:00+00:00,92.51,0.09251000000000001
2023-06-24 04:00:00+00:00,92.29,0.09229000000000001
2023-06-24 05:00:00+00:00,92.3,0.0923
2023-06-24 06:00:00+00:00,90.57,0.09057
2023-06-24 07:00:00+00:00,81.69,0.08169
2023-06-24 08:00:00+00:00,57.64,0.057640000000000004
2023-06-24 09:00:00+00:00,25.0,0.025
2023-06-24 10:00:00+00:00,14.99,0.01499
2023-06-24 11:00:00+00:00,1.9,0.0019
2023-06-24 12:00:00+00:00,0.31,0.00031
2023-06-24 13:00:00+00:00,10.0,0.01
2023-06-24 14:00:00+00:00,28.2,0.0282
2023-06-24 15:00:00+00:00,80.98,0.08098000000000001
2023-06-24 16:00:00+00:00,98.74,0.09874
2023-06-24 17:00:00+00:00,127.01,0.12701
2023-06-24 18:00:00+00:00,138.65,0.13865
2023-06-24 19:00:00+00:00,146.2,0.1462
2023-06-24 20:00:00+00:00,130.14,0.13013999999999998
2023-06-24 21:00:00+00:00,118.31,0.11831
2023-06-24 22:00:00+00:00,121.06,0.12106
2023-06-24 23:00:00+00:00,111.9,0.1119
2023-06-25 00:00:00+00:00,106.8,0.10679999999999999
2023-06-25 01:00:00+00:00,105.47,0.10547
2023-06-25 02:00:00+00:00,101.12,0.10112
2023-06-25 03:00:00+00:00,99.5,0.0995
2023-06-25 04:00:00+00:00,86.14,0.08614
2023-06-25 05:00:00+00:00,78.0,0.078
2023-06-25 06:00:00+00:00,54.0,0.054
2023-06-25 07:00:00+00:00,32.55,0.032549999999999996
2023-06-25 08:00:00+00:00,9.69,0.009689999999999999
2023-06-25 09:00:00+00:00,0.1,0.0001
2023-06-25 10:00:00+00:00,0.0,0.0
2023-06-25 11:00:00+00:00,-0.1,-0.0001
2023-06-25 12:00:00+00:00,-0.1,-0.0001
2023-06-25 13:00:00+00:00,0.0,0.0
2023-06-25 14:00:00+00:00,9.69,0.009689999999999999
2023-06-25 15:00:00+00:00,71.05,0.07105
2023-06-25 16:00:00+00:00,105.09,0.10509
2023-06-25 17:00:00+00:00,122.85,0.12285
2023-06-25 18:00:00+00:00,153.81,0.15381
2023-06-25 19:00:00+00:00,163.44,0.16344
2023-06-25 20:00:00+00:00,143.25,0.14325
2023-06-25 21:00:00+00:00,118.98,0.11898
2023-06-25 22:00:00+00:00,115.14,0.11514
2023-06-25 23:00:00+00:00,106.0,0.106
2023-06-26 00:00:00+00:00,93.3,0.0933
2023-06-26 01:00:00+00:00,83.71,0.08370999999999999
2023-06-26 02:00:00+00:00,83.63,0.08363
2023-06-26 03:00:00+00:00,99.21,0.09920999999999999
2023-06-26 04:00:00+00:00,104.97,0.10497
2023-06-26 05:00:00+00:00,130.34,0.13034
2023-06-26 06:00:00+00:00,119.95,0.11995
2023-06-26 07:00:00+00:00,101.52,0.10152
2023-06-26 08:00:00+00:00,87.9,0.0879
2023-06-26 09:00:00+00:00,81.4,0.0814
2023-06-26 10:00:00+00:00,25.0,0.025
2023-06-26 11:00:00+00:00,30.0,0.03
2023-06-26 12:00:00+00:00,44.51,0.04451
2023-06-26 13:00:00+00:00,38.03,0.03803
2023-06-26 14:00:00+00:00,62.37,0.062369999999999995
2023-06-26 15:00:00+00:00,83.48,0.08348
2023-06-26 16:00:00+00:00,97.0,0.097
2023-06-26 17:00:00+00:00,109.43,0.10943000000000001
2023-06-26 18:00:00+00:00,119.9,0.1199
2023-06-26 19:00:00+00:00,130.0,0.13
2023-06-26 20:00:00+00:00,129.54,0.12954
2023-06-26 21:00:00+00:00,118.04,0.11804
2023-06-26 22:00:00+00:00,114.28,0.11428
2023-06-26 23:00:00+00:00,100.14,0.10014
2023-06-27 00:00:00+00:00,93.03,0.09303
2023-06-27 01:00:00+00:00,93.59,0.09359
2023-06-27 02:00:00+00:00,89.2,0.0892
2023-06-27 03:00:00+00:00,92.0,0.092
2023-06-27 04:00:00+00:00,115.29,0.11529
2023-06-27 05:00:00+00:00,130.0,0.13
2023-06-27 06:00:00+00:00,127.04,0.12704000000000001
2023-06-27 07:00:00+00:00,102.24,0.10224
2023-06-27 08:00:00+00:00,90.0,0.09
2023-06-27 09:00:00+00:00,80.27,0.08027
2023-06-27 10:00:00+00:00,73.05,0.07305
2023-06-27 11:00:00+00:00,63.46,0.06346
2023-06-27 12:00:00+00:00,68.12,0.06812
2023-06-27 13:00:00+00:00,80.28,0.08028
2023-06-27 14:00:00+00:00,89.05,0.08904999999999999
2023-06-27 15:00:00+00:00,96.4,0.0964
2023-06-27 16:00:00+00:00,113.57,0.11356999999999999
2023-06-27 17:00:00+00:00,130.41,0.13041
2023-06-27 18:00:00+00:00,134.53,0.13453
2023-06-27 19:00:00+00:00,130.3,0.1303
2023-06-27 20:00:00+00:00,125.06,0.12506
2023-06-27 21:00:00+00:00,116.16,0.11616
2023-06-27 22:00:00+00:00,98.05,0.09805
2023-06-27 23:00:00+00:00,90.58,0.09058
2023-06-28 00:00:00+00:00,87.07,0.08707
2023-06-28 01:00:00+00:00,86.22,0.08622
2023-06-28 02:00:00+00:00,87.12,0.08712
2023-06-28 03:00:00+00:00,93.95,0.09395
2023-06-28 04:00:00+00:00,113.8,0.1138
2023-06-28 05:00:00+00:00,130.27,0.13027
2023-06-28 06:00:00+00:00,127.71,0.12771
2023-06-28 07:00:00+00:00,113.65,0.11365
2023-06-28 08:00:00+00:00,101.89,0.10189
2023-06-28 09:00:00+00:00,99.3,0.0993
2023-06-28 10:00:00+00:00,101.18,0.10118
2023-06-28 11:00:00+00:00,97.42,0.09742
2023-06-28 12:00:00+00:00,95.59,0.09559000000000001
2023-06-28 13:00:00+00:00,95.39,0.09539
2023-06-28 14:00:00+00:00,97.6,0.09759999999999999
2023-06-28 15:00:00+00:00,107.08,0.10708
2023-06-28 16:00:00+00:00,128.14,0.12813999999999998
2023-06-28 17:00:00+00:00,153.25,0.15325
2023-06-28 18:00:00+00:00,167.62,0.16762
2023-06-28 19:00:00+00:00,159.1,0.1591
2023-06-28 20:00:00+00:00,140.0,0.14
2023-06-28 21:00:00+00:00,121.1,0.1211
2023-06-28 22:00:00+00:00,119.46,0.11946
2023-06-28 23:00:00+00:00,110.06,0.11006
2023-06-29 00:00:00+00:00,101.72,0.10172
2023-06-29 01:00:00+00:00,98.04,0.09804
2023-06-29 02:00:00+00:00,99.64,0.09964
2023-06-29 03:00:00+00:00,104.23,0.10423
2023-06-29 04:00:00+00:00,121.06,0.12106
2023-06-29 05:00:00+00:00,130.48,0.13047999999999998
2023-06-29 06:00:00+00:00,130.31,0.13031
2023-06-29 07:00:00+00:00,116.39,0.11639000000000001
2023-06-29 08:00:00+00:00,105.95,0.10595
2023-06-29 09:00:00+00:00,98.6,0.0986
2023-06-29 10:00:00+00:00,90.0,0.09
2023-06-29 11:00:00+00:00,92.75,0.09275
2023-06-29 12:00:00+00:00,98.6,0.0986
2023-06-29 13:00:00+00:00,100.0,0.1
2023-06-29 14:00:00+00:00,101.12,0.10112
2023-06-29 15:00:00+00:00,112.03,0.11203
2023-06-29 16:00:00+00:00,129.91,0.12991
2023-06-29 17:00:00+00:00,134.9,0.1349
2023-06-29 18:00:00+00:00,165.66,0.16566
2023-06-29 19:00:00+00:00,151.31,0.15131
2023-06-29 20:00:00+00:00,139.87,0.13987
2023-06-29 21:00:00+00:00,120.25,0.12025
2023-06-29 22:00:00+00:00,115.53,0.11553000000000001
2023-06-29 23:00:00+00:00,103.4,0.1034
2023-06-30 00:00:00+00:00,96.55,0.09655
2023-06-30 01:00:00+00:00,96.34,0.09634000000000001
2023-06-30 02:00:00+00:00,94.75,0.09475
2023-06-30 03:00:00+00:00,105.34,0.10534
2023-06-30 04:00:00+00:00,123.22,0.12322
2023-06-30 05:00:00+00:00,124.94,0.12494
2023-06-30 06:00:00+00:00,114.0,0.114
2023-06-30 07:00:00+00:00,84.9,0.0849
2023-06-30 08:00:00+00:00,97.93,0.09793
2023-06-30 09:00:00+00:00,90.1,0.0901
2023-06-30 10:00:00+00:00,88.35,0.08835
2023-06-30 11:00:00+00:00,90.1,0.0901
2023-06-30 12:00:00+00:00,88.46,0.08846
2023-06-30 13:00:00+00:00,78.02,0.07801999999999999
2023-06-30 14:00:00+00:00,82.67,0.08267000000000001
2023-06-30 15:00:00+00:00,79.0,0.079
2023-06-30 16:00:00+00:00,101.99,0.10199
2023-06-30 17:00:00+00:00,110.1,0.11009999999999999
2023-06-30 18:00:00+00:00,131.52,0.13152
2023-06-30 19:00:00+00:00,128.84,0.12884
2023-06-30 20:00:00+00:00,121.24,0.12124
2023-06-30 21:00:00+00:00,109.47,0.10947
2023-06-30 22:00:00+00:00,101.56,0.10156
2023-06-30 23:00:00+00:00,99.5,0.0995
2023-07-01 00:00:00+00:00,83.28,0.08328
2023-07-01 01:00:00+00:00,66.89,0.06689
2023-07-01 02:00:00+00:00,60.03,0.06003
2023-07-01 03:00:00+00:00,53.64,0.05364
2023-07-01 04:00:00+00:00,54.27,0.054270000000000006
2023-07-01 05:00:00+00:00,55.12,0.055119999999999995
2023-07-01 06:00:00+00:00,76.09,0.07609
2023-07-01 07:00:00+00:00,64.9,0.0649
2023-07-01 08:00:00+00:00,44.3,0.0443
2023-07-01 09:00:00+00:00,24.61,0.02461
2023-07-01 10:00:00+00:00,16.83,0.016829999999999998
2023-07-01 11:00:00+00:00,4.43,0.00443
2023-07-01 12:00:00+00:00,0.07,7.000000000000001e-05
2023-07-01 13:00:00+00:00,0.89,0.0008900000000000001
2023-07-01 14:00:00+00:00,11.11,0.01111
2023-07-01 15:00:00+00:00,49.9,0.0499
2023-07-01 16:00:00+00:00,71.88,0.07188
2023-07-01 17:00:00+00:00,78.7,0.0787
2023-07-01 18:00:00+00:00,87.0,0.087
2023-07-01 19:00:00+00:00,92.79,0.09279000000000001
2023-07-01 20:00:00+00:00,98.8,0.0988
2023-07-01 21:00:00+00:00,89.86,0.08986
2023-07-01 22:00:00+00:00,16.45,0.01645
2023-07-01 23:00:00+00:00,3.17,0.00317
2023-07-02 00:00:00+00:00,0.01,1e-05
2023-07-02 01:00:00+00:00,0.0,0.0
2023-07-02 02:00:00+00:00,-0.03,-2.9999999999999997e-05
2023-07-02 03:00:00+00:00,-0.05,-5e-05
2023-07-02 04:00:00+00:00,-0.06,-5.9999999999999995e-05
2023-07-02 05:00:00+00:00,-0.51,-0.00051
2023-07-02 06:00:00+00:00,-2.97,-0.00297
2023-07-02 07:00:00+00:00,-16.9,-0.0169
2023-07-02 08:00:00+00:00,-60.0,-0.06
2023-07-02 09:00:00+00:00,-252.92,-0.25292
2023-07-02 10:00:00+00:00,-449.57,-0.44956999999999997
2023-07-02 11:00:00+00:00,-500.0,-0.5
2023-07-02 12:00:00+00:00,-500.0,-0.5
2023-07-02 13:00:00+00:00,-500.0,-0.5
2023-07-02 14:00:00+00:00,-172.39,-0.17239
2023-07-02 15:00:00+00:00,-35.18,-0.03518
2023-07-02 16:00:00+00:00,-6.01,-0.00601
2023-07-02 17:00:00+00:00,4.88,0.00488
2023-07-02 18:00:00+00:00,69.1,0.0691
2023-07-02 19:00:00+00:00,85.58,0.08558
2023-07-02 20:00:00+00:00,94.9,0.09490000000000001
2023-07-02 21:00:00+00:00,86.08,0.08608
2023-07-02 22:00:00+00:00,66.0,0.066
2023-07-02 23:00:00+00:00,43.5,0.0435
2023-07-03 00:00:00+00:00,24.09,0.02409
2023-07-03 01:00:00+00:00,10.26,0.01026
2023-07-03 02:00:00+00:00,15.8,0.0158
2023-07-03 03:00:00+00:00,54.0,0.054
2023-07-03 04:00:00+00:00,86.0,0.086
2023-07-03 05:00:00+00:00,110.89,0.11089
2023-07-03 06:00:00+00:00,104.91,0.10491
2023-07-03 07:00:00+00:00,67.5,0.0675
2023-07-03 08:00:00+00:00,7.34,0.00734
2023-07-03 09:00:00+00:00,-0.06,-5.9999999999999995e-05
2023-07-03 10:00:00+00:00,-8.43,-0.00843
2023-07-03 11:00:00+00:00,-10.0,-0.01
2023-07-03 12:00:00+00:00,-10.07,-0.01007
2023-07-03 13:00:00+00:00,-10.0,-0.01
2023-07-03 14:00:00+00:00,-0.07,-7.000000000000001e-05
2023-07-03 15:00:00+00:00,9.45,0.00945
2023-07-03 16:00:00+00:00,79.95,0.07995000000000001
2023-07-03 17:00:00+00:00,116.51,0.11651
2023-07-03 18:00:00+00:00,124.5,0.1245
2023-07-03 19:00:00+00:00,127.99,0.12799
2023-07-03 20:00:00+00:00,121.3,0.12129999999999999
2023-07-03 21:00:00+00:00,114.5,0.1145
2023-07-03 22:00:00+00:00,96.75,0.09675
2023-07-03 23:00:00+00:00,81.28,0.08128
2023-07-04 00:00:00+00:00,71.0,0.071
2023-07-04 01:00:00+00:00,64.44,0.06444
2023-07-04 02:00:00+00:00,70.42,0.07042
2023-07-04 03:00:00+00:00,85.27,0.08527
2023-07-04 04:00:00+00:00,113.74,0.11374
2023-07-04 05:00:00+00:00,119.97,0.11997
2023-07-04 06:00:00+00:00,113.29,0.11329
2023-07-04 07:00:00+00:00,76.08,0.07608
2023-07-04 08:00:00+00:00,33.64,0.03364
2023-07-04 09:00:00+00:00,10.08,0.01008
2023-07-04 10:00:00+00:00,14.9,0.0149
2023-07-04 11:00:00+00:00,23.09,0.02309
2023-07-04 12:00:00+00:00,23.0,0.023
2023-07-04 13:00:00+00:00,39.22,0.03922
2023-07-04 14:00:00+00:00,84.29,0.08429
2023-07-04 15:00:00+00:00,93.68,0.09368000000000001
2023-07-04 16:00:00+00:00,116.86,0.11686
2023-07-04 17:00:00+00:00,146.29,0.14629
2023-07-04 18:00:00+00:00,170.87,0.17087
2023-07-04 19:00:00+00:00,169.38,0.16938
2023-07-04 20:00:00+00:00,144.6,0.1446
2023-07-04 21:00:00+00:00,124.09,0.12409
2023-07-04 22:00:00+00:00,122.94,0.12294
2023-07-04 23:00:00+00:00,108.75,0.10875
2023-07-05 00:00:00+00:00,94.31,0.09431
2023-07-05 01:00:00+00:00,84.6,0.0846
2023-07-05 02:00:00+00:00,67.56,0.06756000000000001
2023-07-05 03:00:00+00:00,68.2,0.0682
2023-07-05 04:00:00+00:00,76.43,0.07643000000000001
2023-07-05 05:00:00+00:00,92.59,0.09259
2023-07-05 06:00:00+00:00,98.35,0.09834999999999999
2023-07-05 07:00:00+00:00,82.4,0.0824
2023-07-05 08:00:00+00:00,73.44,0.07343999999999999
2023-07-05 09:00:00+00:00,39.45,0.039450000000000006
2023-07-05 10:00:00+00:00,0.01,1e-05
2023-07-05 11:00:00+00:00,0.0,0.0
2023-07-05 12:00:00+00:00,-5.5,-0.0055
2023-07-05 13:00:00+00:00,-4.75,-0.00475
2023-07-05 14:00:00+00:00,-3.52,-0.00352
2023-07-05 15:00:00+00:00,39.1,0.0391
2023-07-05 16:00:00+00:00,92.24,0.09223999999999999
2023-07-05 17:00:00+00:00,104.71,0.10471
2023-07-05 18:00:00+00:00,118.1,0.1181
2023-07-05 19:00:00+00:00,122.78,0.12278
2023-07-05 20:00:00+00:00,121.71,0.12171
2023-07-05 21:00:00+00:00,114.89,0.11489
2023-07-05 22:00:00+00:00,91.62,0.09162000000000001
2023-07-05 23:00:00+00:00,84.0,0.084
2023-07-06 00:00:00+00:00,82.4,0.0824
2023-07-06 01:00:00+00:00,83.05,0.08305
2023-07-06 02:00:00+00:00,85.01,0.08501
2023-07-06 03:00:00+00:00,94.37,0.09437000000000001
2023-07-06 04:00:00+00:00,113.75,0.11375
2023-07-06 05:00:00+00:00,126.17,0.12617
2023-07-06 06:00:00+00:00,124.85,0.12484999999999999
2023-07-06 07:00:00+00:00,110.97,0.11097
2023-07-06 08:00:00+00:00,94.42,0.09442
2023-07-06 09:00:00+00:00,86.38,0.08638
2023-07-06 10:00:00+00:00,56.54,0.05654
2023-07-06 11:00:00+00:00,69.23,0.06923
2023-07-06 12:00:00+00:00,67.44,0.06744
2023-07-06 13:00:00+00:00,84.05,0.08405
2023-07-06 14:00:00+00:00,88.1,0.0881
2023-07-06 15:00:00+00:00,98.82,0.09881999999999999
2023-07-06 16:00:00+00:00,102.98,0.10298
2023-07-06 17:00:00+00:00,119.4,0.1194
2023-07-06 18:00:00+00:00,175.88,0.17588
2023-07-06 19:00:00+00:00,175.1,0.1751
2023-07-06 20:00:00+00:00,137.57,0.13757
2023-07-06 21:00:00+00:00,118.98,0.11898
2023-07-06 22:00:00+00:00,114.0,0.114
2023-07-06 23:00:00+00:00,103.38,0.10338
2023-07-07 00:00:00+00:00,97.6,0.09759999999999999
2023-07-07 01:00:00+00:00,89.0,0.089
2023-07-07 02:00:00+00:00,86.42,0.08642
2023-07-07 03:00:00+00:00,90.93,0.09093000000000001
2023-07-07 04:00:00+00:00,94.8,0.0948
2023-07-07 05:00:00+00:00,109.2,0.1092
2023-07-07 06:00:00+00:00,107.13,0.10712999999999999
2023-07-07 07:00:00+00:00,91.79,0.09179000000000001
2023-07-07 08:00:00+00:00,84.0,0.084
2023-07-07 09:00:00+00:00,79.12,0.07912000000000001
2023-07-07 10:00:00+00:00,74.9,0.07490000000000001
2023-07-07 11:00:00+00:00,66.57,0.06656999999999999
2023-07-07 12:00:00+00:00,64.98,0.06498000000000001
2023-07-07 13:00:00+00:00,66.18,0.06618
2023-07-07 14:00:00+00:00,80.29,0.08029
2023-07-07 15:00:00+00:00,90.0,0.09
2023-07-07 16:00:00+00:00,94.99,0.09498999999999999
2023-07-07 17:00:00+00:00,141.98,0.14198
2023-07-07 18:00:00+00:00,166.56,0.16656
2023-07-07 19:00:00+00:00,137.66,0.13766
2023-07-07 20:00:00+00:00,117.27,0.11727
2023-07-07 21:00:00+00:00,101.56,0.10156
2023-07-07 22:00:00+00:00,100.27,0.10027
2023-07-07 23:00:00+00:00,91.96,0.09196
2023-07-08 00:00:00+00:00,89.97,0.08997
2023-07-08 01:00:00+00:00,86.59,0.08659
2023-07-08 02:00:00+00:00,87.19,0.08719
2023-07-08 03:00:00+00:00,87.28,0.08728
2023-07-08 04:00:00+00:00,84.42,0.08442
2023-07-08 05:00:00+00:00,85.23,0.08523
2023-07-08 06:00:00+00:00,83.76,0.08376
2023-07-08 07:00:00+00:00,76.04,0.07604000000000001
2023-07-08 08:00:00+00:00,60.9,0.060899999999999996
2023-07-08 09:00:00+00:00,46.32,0.04632
2023-07-08 10:00:00+00:00,30.69,0.030690000000000002
2023-07-08 11:00:00+00:00,-6.0,-0.006
2023-07-08 12:00:00+00:00,3.97,0.0039700000000000004
2023-07-08 13:00:00+00:00,40.0,0.04
2023-07-08 14:00:00+00:00,60.9,0.060899999999999996
2023-07-08 15:00:00+00:00,83.4,0.0834
2023-07-08 16:00:00+00:00,107.3,0.10729999999999999
2023-07-08 17:00:00+00:00,120.99,0.12099
2023-07-08 18:00:00+00:00,128.76,0.12875999999999999
2023-07-08 19:00:00+00:00,132.86,0.13286
2023-07-08 20:00:00+00:00,129.72,0.12972
2023-07-08 21:00:00+00:00,115.92,0.11592
2023-07-08 22:00:00+00:00,109.44,0.10944
2023-07-08 23:00:00+00:00,101.74,0.10174
2023-07-09 00:00:00+00:00,101.82,0.10182
2023-07-09 01:00:00+00:00,95.46,0.09545999999999999
2023-07-09 02:00:00+00:00,96.03,0.09603
2023-07-09 03:00:00+00:00,96.97,0.09697
2023-07-09 04:00:00+00:00,94.7,0.0947
2023-07-09 05:00:00+00:00,91.22,0.09122
2023-07-09 06:00:00+00:00,86.27,0.08627
2023-07-09 07:00:00+00:00,77.08,0.07708
2023-07-09 08:00:00+00:00,60.12,0.06012
2023-07-09 09:00:00+00:00,50.09,0.05009
2023-07-09 10:00:00+00:00,45.69,0.045689999999999995
2023-07-09 11:00:00+00:00,36.99,0.03699
2023-07-09 12:00:00+00:00,44.85,0.04485
2023-07-09 13:00:00+00:00,55.16,0.055159999999999994
2023-07-09 14:00:00+00:00,72.97,0.07297
2023-07-09 15:00:00+00:00,82.4,0.0824
2023-07-09 16:00:00+00:00,104.41,0.10441
2023-07-09 17:00:00+00:00,122.21,0.12221
2023-07-09 18:00:00+00:00,132.0,0.132
2023-07-09 19:00:00+00:00,134.1,0.1341
2023-07-09 20:00:00+00:00,132.12,0.13212000000000002
2023-07-09 21:00:00+00:00,119.6,0.1196
2023-07-09 22:00:00+00:00,112.49,0.11248999999999999
2023-07-09 23:00:00+00:00,102.0,0.102
2023-07-10 00:00:00+00:00,94.3,0.0943
2023-07-10 01:00:00+00:00,91.94,0.09194
2023-07-10 02:00:00+00:00,93.31,0.09331
2023-07-10 03:00:00+00:00,105.12,0.10512
2023-07-10 04:00:00+00:00,120.74,0.12074
2023-07-10 05:00:00+00:00,130.52,0.13052
2023-07-10 06:00:00+00:00,134.27,0.13427
2023-07-10 07:00:00+00:00,117.95,0.11795
2023-07-10 08:00:00+00:00,105.28,0.10528
2023-07-10 09:00:00+00:00,91.37,0.09137
2023-07-10 10:00:00+00:00,85.85,0.08585
2023-07-10 11:00:00+00:00,71.4,0.0714
2023-07-10 12:00:00+00:00,58.03,0.05803
2023-07-10 13:00:00+00:00,55.1,0.0551
2023-07-10 14:00:00+00:00,79.56,0.07956
2023-07-10 15:00:00+00:00,89.72,0.08972
2023-07-10 16:00:00+00:00,121.97,0.12197
2023-07-10 17:00:00+00:00,165.49,0.16549
2023-07-10 18:00:00+00:00,175.89,0.17589
2023-07-10 19:00:00+00:00,180.07,0.18006999999999998
2023-07-10 20:00:00+00:00,162.62,0.16262000000000001
2023-07-10 21:00:00+00:00,133.7,0.13369999999999999
2023-07-10 22:00:00+00:00,124.41,0.12440999999999999
2023-07-10 23:00:00+00:00,115.24,0.11524
2023-07-11 00:00:00+00:00,105.12,0.10512
2023-07-11 01:00:00+00:00,99.19,0.09919
2023-07-11 02:00:00+00:00,95.97,0.09597
2023-07-11 03:00:00+00:00,98.16,0.09816
2023-07-11 04:00:00+00:00,99.2,0.0992
2023-07-11 05:00:00+00:00,113.58,0.11358
2023-07-11 06:00:00+00:00,120.95,0.12095
2023-07-11 07:00:00+00:00,105.1,0.1051
2023-07-11 08:00:00+00:00,91.57,0.09157
2023-07-11 09:00:00+00:00,71.5,0.0715
2023-07-11 10:00:00+00:00,38.0,0.038
2023-07-11 11:00:00+00:00,21.32,0.02132
2023-07-11 12:00:00+00:00,30.0,0.03
2023-07-11 13:00:00+00:00,60.0,0.06
2023-07-11 14:00:00+00:00,68.0,0.068
2023-07-11 15:00:00+00:00,94.5,0.0945
2023-07-11 16:00:00+00:00,114.0,0.114
2023-07-11 17:00:00+00:00,141.55,0.14155
2023-07-11 18:00:00+00:00,160.02,0.16002000000000002
2023-07-11 19:00:00+00:00,134.09,0.13409000000000001
2023-07-11 20:00:00+00:00,119.0,0.119
2023-07-11 21:00:00+00:00,103.03,0.10303
2023-07-11 22:00:00+00:00,98.47,0.09847
2023-07-11 23:00:00+00:00,91.0,0.091
2023-07-12 00:00:00+00:00,90.0,0.09
2023-07-12 01:00:00+00:00,82.09,0.08209000000000001
2023-07-12 02:00:00+00:00,77.4,0.07740000000000001
2023-07-12 03:00:00+00:00,76.0,0.076
2023-07-12 04:00:00+00:00,88.22,0.08821999999999999
2023-07-12 05:00:00+00:00,115.4,0.1154
2023-07-12 06:00:00+00:00,120.0,0.12
2023-07-12 07:00:00+00:00,102.33,0.10233
2023-07-12 08:00:00+00:00,83.0,0.083
2023-07-12 09:00:00+00:00,50.77,0.05077
2023-07-12 10:00:00+00:00,8.52,0.00852
2023-07-12 11:00:00+00:00,-7.81,-0.007809999999999999
2023-07-12 12:00:00+00:00,-10.0,-0.01
2023-07-12 13:00:00+00:00,-8.07,-0.00807
2023-07-12 14:00:00+00:00,3.4,0.0034
2023-07-12 15:00:00+00:00,69.91,0.06991
2023-07-12 16:00:00+00:00,84.72,0.08472
2023-07-12 17:00:00+00:00,101.41,0.10141
2023-07-12 18:00:00+00:00,117.95,0.11795
2023-07-12 19:00:00+00:00,125.2,0.1252
2023-07-12 20:00:00+00:00,126.0,0.126
2023-07-12 21:00:00+00:00,113.92,0.11392000000000001
2023-07-12 22:00:00+00:00,104.92,0.10492
2023-07-12 23:00:00+00:00,85.66,0.08566
2023-07-13 00:00:00+00:00,79.0,0.079
2023-07-13 01:00:00+00:00,75.09,0.07509
2023-07-13 02:00:00+00:00,76.0,0.076
2023-07-13 03:00:00+00:00,88.51,0.08851
2023-07-13 04:00:00+00:00,102.23,0.10223
2023-07-13 05:00:00+00:00,110.47,0.11047
2023-07-13 06:00:00+00:00,119.1,0.1191
2023-07-13 07:00:00+00:00,89.98,0.08998
2023-07-13 08:00:00+00:00,88.1,0.0881
2023-07-13 09:00:00+00:00,80.0,0.08
2023-07-13 10:00:00+00:00,75.0,0.075
2023-07-13 11:00:00+00:00,46.5,0.0465
2023-07-13 12:00:00+00:00,46.36,0.04636
2023-07-13 13:00:00+00:00,46.9,0.0469
2023-07-13 14:00:00+00:00,74.25,0.07425
2023-07-13 15:00:00+00:00,85.0,0.085
2023-07-13 16:00:00+00:00,88.98,0.08898
2023-07-13 17:00:00+00:00,116.49,0.11649
2023-07-13 18:00:00+00:00,130.0,0.13
2023-07-13 19:00:00+00:00,137.22,0.13722
2023-07-13 20:00:00+00:00,129.03,0.12903
2023-07-13 21:00:00+00:00,117.72,0.11772
2023-07-13 22:00:00+00:00,101.0,0.101
2023-07-13 23:00:00+00:00,96.36,0.09636
2023-07-14 00:00:00+00:00,84.55,0.08455
2023-07-14 01:00:00+00:00,78.14,0.07814
2023-07-14 02:00:00+00:00,80.0,0.08
2023-07-14 03:00:00+00:00,75.0,0.075
2023-07-14 04:00:00+00:00,79.93,0.07993
2023-07-14 05:00:00+00:00,89.4,0.08940000000000001
2023-07-14 06:00:00+00:00,84.95,0.08495
2023-07-14 07:00:00+00:00,85.07,0.08506999999999999
2023-07-14 08:00:00+00:00,79.71,0.07970999999999999
2023-07-14 09:00:00+00:00,71.8,0.0718
2023-07-14 10:00:00+00:00,73.8,0.07379999999999999
2023-07-14 11:00:00+00:00,69.2,0.0692
2023-07-14 12:00:00+00:00,72.18,0.07218000000000001
2023-07-14 13:00:00+00:00,77.7,0.0777
2023-07-14 14:00:00+00:00,77.55,0.07755
2023-07-14 15:00:00+00:00,76.9,0.07690000000000001
2023-07-14 16:00:00+00:00,84.9,0.0849
2023-07-14 17:00:00+00:00,105.95,0.10595
2023-07-14 18:00:00+00:00,110.0,0.11
2023-07-14 19:00:00+00:00,110.0,0.11
2023-07-14 20:00:00+00:00,94.73,0.09473000000000001
2023-07-14 21:00:00+00:00,79.69,0.07969
2023-07-14 22:00:00+00:00,71.07,0.07107
2023-07-14 23:00:00+00:00,51.94,0.05194
2023-07-15 00:00:00+00:00,29.15,0.02915
2023-07-15 01:00:00+00:00,19.95,0.01995
2023-07-15 02:00:00+00:00,16.98,0.016980000000000002
2023-07-15 03:00:00+00:00,13.69,0.013689999999999999
2023-07-15 04:00:00+00:00,19.9,0.019899999999999998
2023-07-15 05:00:00+00:00,22.6,0.022600000000000002
2023-07-15 06:00:00+00:00,29.95,0.02995
2023-07-15 07:00:00+00:00,17.41,0.017410000000000002
2023-07-15 08:00:00+00:00,4.6,0.0046
2023-07-15 09:00:00+00:00,0.0,0.0
2023-07-15 10:00:00+00:00,-0.02,-2e-05
2023-07-15 11:00:00+00:00,-0.16,-0.00016
2023-07-15 12:00:00+00:00,-1.0,-0.001
2023-07-15 13:00:00+00:00,-0.1,-0.0001
2023-07-15 14:00:00+00:00,0.02,2e-05
2023-07-15 15:00:00+00:00,5.0,0.005
2023-07-15 16:00:00+00:00,68.13,0.06813
2023-07-15 17:00:00+00:00,79.27,0.07927
2023-07-15 18:00:00+00:00,88.58,0.08857999999999999
2023-07-15 19:00:00+00:00,83.8,0.0838
2023-07-15 20:00:00+00:00,83.03,0.08303
2023-07-15 21:00:00+00:00,71.82,0.07182
2023-07-15 22:00:00+00:00,57.04,0.05704
2023-07-15 23:00:00+00:00,19.69,0.019690000000000003
2023-07-16 00:00:00+00:00,1.45,0.00145
2023-07-16 01:00:00+00:00,-0.07,-7.000000000000001e-05
2023-07-16 02:00:00+00:00,-0.14,-0.00014000000000000001
2023-07-16 03:00:00+00:00,-0.43,-0.00043
2023-07-16 04:00:00+00:00,-4.1,-0.0040999999999999995
2023-07-16 05:00:00+00:00,-10.0,-0.01
2023-07-16 06:00:00+00:00,-10.05,-0.01005
2023-07-16 07:00:00+00:00,-14.58,-0.01458
2023-07-16 08:00:00+00:00,-20.0,-0.02
2023-07-16 09:00:00+00:00,-27.0,-0.027
2023-07-16 10:00:00+00:00,-53.75,-0.05375
2023-07-16 11:00:00+00:00,-65.43,-0.06543
2023-07-16 12:00:00+00:00,-73.76,-0.07376
2023-07-16 13:00:00+00:00,-51.07,-0.05107
2023-07-16 14:00:00+00:00,-30.05,-0.03005
2023-07-16 15:00:00+00:00,-8.44,-0.00844
2023-07-16 16:00:00+00:00,27.95,0.02795
2023-07-16 17:00:00+00:00,90.03,0.09003
2023-07-16 18:00:00+00:00,99.22,0.09922
2023-07-16 19:00:00+00:00,108.0,0.108
2023-07-16 20:00:00+00:00,113.85,0.11384999999999999
2023-07-16 21:00:00+00:00,107.54,0.10754000000000001
2023-07-16 22:00:00+00:00,86.42,0.08642
2023-07-16 23:00:00+00:00,65.5,0.0655
2023-07-17 00:00:00+00:00,53.28,0.05328
2023-07-17 01:00:00+00:00,50.0,0.05
2023-07-17 02:00:00+00:00,51.96,0.05196
2023-07-17 03:00:00+00:00,53.2,0.053200000000000004
2023-07-17 04:00:00+00:00,86.4,0.0864
2023-07-17 05:00:00+00:00,77.2,0.0772
2023-07-17 06:00:00+00:00,107.5,0.1075
2023-07-17 07:00:00+00:00,89.27,0.08927
2023-07-17 08:00:00+00:00,45.68,0.04568
2023-07-17 09:00:00+00:00,35.0,0.035
2023-07-17 10:00:00+00:00,-52.65,-0.052649999999999995
2023-07-17 11:00:00+00:00,-6.73,-0.006730000000000001
2023-07-17 12:00:00+00:00,-10.0,-0.01
2023-07-17 13:00:00+00:00,-0.01,-1e-05
2023-07-17 14:00:00+00:00,0.0,0.0
2023-07-17 15:00:00+00:00,57.82,0.05782
2023-07-17 16:00:00+00:00,66.09,0.06609000000000001
2023-07-17 17:00:00+00:00,94.9,0.09490000000000001
2023-07-17 18:00:00+00:00,106.61,0.10661
2023-07-17 19:00:00+00:00,124.43,0.12443000000000001
2023-07-17 20:00:00+00:00,125.28,0.12528
2023-07-17 21:00:00+00:00,110.44,0.11044
2023-07-17 22:00:00+00:00,99.66,0.09966
2023-07-17 23:00:00+00:00,73.0,0.073
2023-07-18 00:00:00+00:00,66.02,0.06602
2023-07-18 01:00:00+00:00,69.47,0.06947
2023-07-18 02:00:00+00:00,73.06,0.07306
2023-07-18 03:00:00+00:00,88.58,0.08857999999999999
2023-07-18 04:00:00+00:00,88.0,0.088
2023-07-18 05:00:00+00:00,100.82,0.10081999999999999
2023-07-18 06:00:00+00:00,110.0,0.11
2023-07-18 07:00:00+00:00,85.4,0.0854
2023-07-18 08:00:00+00:00,74.02,0.07402
2023-07-18 09:00:00+00:00,70.0,0.07
2023-07-18 10:00:00+00:00,75.0,0.075
2023-07-18 11:00:00+00:00,69.12,0.06912
2023-07-18 12:00:00+00:00,67.3,0.0673
2023-07-18 13:00:00+00:00,70.0,0.07
2023-07-18 14:00:00+00:00,74.4,0.07440000000000001
2023-07-18 15:00:00+00:00,94.03,0.09403
2023-07-18 16:00:00+00:00,122.67,0.12267
2023-07-18 17:00:00+00:00,168.26,0.16826
2023-07-18 18:00:00+00:00,188.0,0.188
2023-07-18 19:00:00+00:00,164.21,0.16421
2023-07-18 20:00:00+00:00,139.26,0.13926
2023-07-18 21:00:00+00:00,112.1,0.11209999999999999
2023-07-18 22:00:00+00:00,108.11,0.10811
2023-07-18 23:00:00+00:00,101.04,0.10104
2023-07-19 00:00:00+00:00,97.25,0.09725
2023-07-19 01:00:00+00:00,95.05,0.09505
2023-07-19 02:00:00+00:00,93.58,0.09358
2023-07-19 03:00:00+00:00,94.9,0.09490000000000001
2023-07-19 04:00:00+00:00,97.24,0.09724
2023-07-19 05:00:00+00:00,116.99,0.11699
2023-07-19 06:00:00+00:00,116.88,0.11688
2023-07-19 07:00:00+00:00,99.9,0.0999
2023-07-19 08:00:00+00:00,88.48,0.08848
2023-07-19 09:00:00+00:00,81.29,0.08129
2023-07-19 10:00:00+00:00,77.22,0.07722
2023-07-19 11:00:00+00:00,69.28,0.06928
2023-07-19 12:00:00+00:00,63.33,0.06333
2023-07-19 13:00:00+00:00,62.65,0.06265
2023-07-19 14:00:00+00:00,72.23,0.07223
2023-07-19 15:00:00+00:00,76.54,0.07654000000000001
2023-07-19 16:00:00+00:00,94.9,0.09490000000000001
2023-07-19 17:00:00+00:00,111.81,0.11181
2023-07-19 18:00:00+00:00,125.63,0.12563
2023-07-19 19:00:00+00:00,122.7,0.1227
2023-07-19 20:00:00+00:00,114.39,0.11439
2023-07-19 21:00:00+00:00,101.1,0.1011
2023-07-19 22:00:00+00:00,98.26,0.09826
2023-07-19 23:00:00+00:00,94.45,0.09445
2023-07-20 00:00:00+00:00,82.9,0.0829
2023-07-20 01:00:00+00:00,80.39,0.08039
2023-07-20 02:00:00+00:00,82.0,0.082
2023-07-20 03:00:00+00:00,83.88,0.08388
2023-07-20 04:00:00+00:00,95.83,0.09583
2023-07-20 05:00:00+00:00,106.45,0.10645
2023-07-20 06:00:00+00:00,111.45,0.11145000000000001
2023-07-20 07:00:00+00:00,98.87,0.09887
2023-07-20 08:00:00+00:00,86.3,0.0863
2023-07-20 09:00:00+00:00,75.66,0.07565999999999999
2023-07-20 10:00:00+00:00,68.8,0.0688
2023-07-20 11:00:00+00:00,59.12,0.05912
2023-07-20 12:00:00+00:00,64.12,0.06412000000000001
2023-07-20 13:00:00+00:00,74.13,0.07413
2023-07-20 14:00:00+00:00,74.9,0.07490000000000001
2023-07-20 15:00:00+00:00,85.49,0.08549
2023-07-20 16:00:00+00:00,101.97,0.10197
2023-07-20 17:00:00+00:00,126.58,0.12658
2023-07-20 18:00:00+00:00,144.15,0.14415
2023-07-20 19:00:00+00:00,137.19,0.13719
2023-07-20 20:00:00+00:00,122.0,0.122
2023-07-20 21:00:00+00:00,109.66,0.10966
2023-07-20 22:00:00+00:00,99.9,0.0999
2023-07-20 23:00:00+00:00,95.0,0.095
2023-07-21 00:00:00+00:00,94.2,0.0942
2023-07-21 01:00:00+00:00,91.46,0.09146
2023-07-21 02:00:00+00:00,92.6,0.09259999999999999
2023-07-21 03:00:00+00:00,97.05,0.09705
2023-07-21 04:00:00+00:00,88.29,0.08829000000000001
2023-07-21 05:00:00+00:00,95.0,0.095
2023-07-21 06:00:00+00:00,110.79,0.11079
2023-07-21 07:00:00+00:00,103.09,0.10309
2023-07-21 08:00:00+00:00,88.0,0.088
2023-07-21 09:00:00+00:00,89.55,0.08954999999999999
2023-07-21 10:00:00+00:00,80.72,0.08072
2023-07-21 11:00:00+00:00,77.72,0.07772
2023-07-21 12:00:00+00:00,74.6,0.0746
2023-07-21 13:00:00+00:00,73.68,0.07368000000000001
2023-07-21 14:00:00+00:00,73.0,0.073
2023-07-21 15:00:00+00:00,87.4,0.0874
2023-07-21 16:00:00+00:00,84.0,0.084
2023-07-21 17:00:00+00:00,121.51,0.12151
2023-07-21 18:00:00+00:00,130.0,0.13
2023-07-21 19:00:00+00:00,121.7,0.1217
2023-07-21 20:00:00+00:00,108.49,0.10848999999999999
2023-07-21 21:00:00+00:00,95.64,0.09564
2023-07-21 22:00:00+00:00,97.53,0.09753
2023-07-21 23:00:00+00:00,98.42,0.09842000000000001
2023-07-22 00:00:00+00:00,93.0,0.093
2023-07-22 01:00:00+00:00,94.36,0.09436
2023-07-22 02:00:00+00:00,89.93,0.08993000000000001
2023-07-22 03:00:00+00:00,88.0,0.088
2023-07-22 04:00:00+00:00,88.8,0.0888
2023-07-22 05:00:00+00:00,86.18,0.08618
2023-07-22 06:00:00+00:00,82.93,0.08293
2023-07-22 07:00:00+00:00,90.7,0.0907
2023-07-22 08:00:00+00:00,74.59,0.07459
2023-07-22 09:00:00+00:00,46.56,0.046560000000000004
2023-07-22 10:00:00+00:00,44.14,0.04414
2023-07-22 11:00:00+00:00,22.34,0.02234
2023-07-22 12:00:00+00:00,19.52,0.01952
2023-07-22 13:00:00+00:00,29.05,0.02905
2023-07-22 14:00:00+00:00,46.86,0.04686
2023-07-22 15:00:00+00:00,70.87,0.07087
2023-07-22 16:00:00+00:00,85.44,0.08544
2023-07-22 17:00:00+00:00,99.78,0.09978000000000001
2023-07-22 18:00:00+00:00,103.86,0.10386
2023-07-22 19:00:00+00:00,116.15,0.11615
2023-07-22 20:00:00+00:00,102.62,0.10262
2023-07-22 21:00:00+00:00,97.31,0.09731000000000001
2023-07-22 22:00:00+00:00,87.23,0.08723
2023-07-22 23:00:00+00:00,79.37,0.07937000000000001
2023-07-23 00:00:00+00:00,65.41,0.06541
2023-07-23 01:00:00+00:00,33.22,0.03322
2023-07-23 02:00:00+00:00,15.09,0.01509
2023-07-23 03:00:00+00:00,11.09,0.01109
2023-07-23 04:00:00+00:00,5.08,0.00508
2023-07-23 05:00:00+00:00,2.88,0.0028799999999999997
2023-07-23 06:00:00+00:00,3.42,0.00342
2023-07-23 07:00:00+00:00,0.09,8.999999999999999e-05
2023-07-23 08:00:00+00:00,0.0,0.0
2023-07-23 09:00:00+00:00,-0.03,-2.9999999999999997e-05
2023-07-23 10:00:00+00:00,-0.05,-5e-05
2023-07-23 11:00:00+00:00,-10.08,-0.01008
2023-07-23 12:00:00+00:00,-17.01,-0.01701
2023-07-23 13:00:00+00:00,-9.61,-0.009609999999999999
2023-07-23 14:00:00+00:00,-4.19,-0.00419
2023-07-23 15:00:00+00:00,0.0,0.0
2023-07-23 16:00:00+00:00,27.47,0.027469999999999998
2023-07-23 17:00:00+00:00,66.37,0.06637
2023-07-23 18:00:00+00:00,87.66,0.08766
2023-07-23 19:00:00+00:00,93.67,0.09367
2023-07-23 20:00:00+00:00,100.04,0.10004
2023-07-23 21:00:00+00:00,93.4,0.09340000000000001
2023-07-23 22:00:00+00:00,77.14,0.07714
2023-07-23 23:00:00+00:00,70.02,0.07002
2023-07-24 00:00:00+00:00,68.99,0.06899
2023-07-24 01:00:00+00:00,72.01,0.07201
2023-07-24 02:00:00+00:00,72.09,0.07209
2023-07-24 03:00:00+00:00,87.11,0.08710999999999999
2023-07-24 04:00:00+00:00,99.72,0.09972
2023-07-24 05:00:00+00:00,111.15,0.11115
2023-07-24 06:00:00+00:00,113.7,0.11370000000000001
2023-07-24 07:00:00+00:00,105.0,0.105
2023-07-24 08:00:00+00:00,99.94,0.09994
2023-07-24 09:00:00+00:00,94.62,0.09462000000000001
2023-07-24 10:00:00+00:00,87.45,0.08745
2023-07-24 11:00:00+00:00,81.59,0.08159000000000001
2023-07-24 12:00:00+00:00,74.89,0.07489
2023-07-24 13:00:00+00:00,63.4,0.0634
2023-07-24 14:00:00+00:00,63.73,0.06373
2023-07-24 15:00:00+00:00,77.48,0.07748000000000001
2023-07-24 16:00:00+00:00,95.24,0.09523999999999999
2023-07-24 17:00:00+00:00,104.97,0.10497
2023-07-24 18:00:00+00:00,109.9,0.10990000000000001
2023-07-24 19:00:00+00:00,112.57,0.11256999999999999
2023-07-24 20:00:00+00:00,104.24,0.10424
2023-07-24 21:00:00+00:00,102.45,0.10245
2023-07-24 22:00:00+00:00,96.0,0.096
2023-07-24 23:00:00+00:00,86.55,0.08655
2023-07-25 00:00:00+00:00,84.95,0.08495
2023-07-25 01:00:00+00:00,84.69,0.08469
2023-07-25 02:00:00+00:00,84.15,0.08415
2023-07-25 03:00:00+00:00,94.21,0.09420999999999999
2023-07-25 04:00:00+00:00,89.0,0.089
2023-07-25 05:00:00+00:00,94.0,0.094
2023-07-25 06:00:00+00:00,100.3,0.1003
2023-07-25 07:00:00+00:00,94.9,0.09490000000000001
2023-07-25 08:00:00+00:00,81.24,0.08123999999999999
2023-07-25 09:00:00+00:00,72.0,0.072
2023-07-25 10:00:00+00:00,39.95,0.03995
2023-07-25 11:00:00+00:00,26.5,0.0265
2023-07-25 12:00:00+00:00,25.79,0.02579
2023-07-25 13:00:00+00:00,41.0,0.041
2023-07-25 14:00:00+00:00,74.81,0.07481
2023-07-25 15:00:00+00:00,84.0,0.084
2023-07-25 16:00:00+00:00,88.9,0.0889
2023-07-25 17:00:00+00:00,105.1,0.1051
2023-07-25 18:00:00+00:00,119.28,0.11928
2023-07-25 19:00:00+00:00,118.13,0.11813
2023-07-25 20:00:00+00:00,110.1,0.11009999999999999
2023-07-25 21:00:00+00:00,98.5,0.0985
2023-07-25 22:00:00+00:00,97.96,0.09795999999999999
2023-07-25 23:00:00+00:00,89.31,0.08931
2023-07-26 00:00:00+00:00,86.26,0.08626
2023-07-26 01:00:00+00:00,79.65,0.07965000000000001
2023-07-26 02:00:00+00:00,79.64,0.07964
2023-07-26 03:00:00+00:00,86.83,0.08683
2023-07-26 04:00:00+00:00,100.14,0.10014
2023-07-26 05:00:00+00:00,114.22,0.11422
2023-07-26 06:00:00+00:00,119.94,0.11993999999999999
2023-07-26 07:00:00+00:00,105.6,0.1056
2023-07-26 08:00:00+00:00,97.48,0.09748
2023-07-26 09:00:00+00:00,90.97,0.09097
2023-07-26 10:00:00+00:00,84.59,0.08459
2023-07-26 11:00:00+00:00,72.0,0.072
2023-07-26 12:00:00+00:00,65.16,0.06516
2023-07-26 13:00:00+00:00,56.4,0.0564
2023-07-26 14:00:00+00:00,80.0,0.08
2023-07-26 15:00:00+00:00,89.19,0.08918999999999999
2023-07-26 16:00:00+00:00,95.13,0.09512999999999999
2023-07-26 17:00:00+00:00,114.94,0.11494
2023-07-26 18:00:00+00:00,120.86,0.12086
2023-07-26 19:00:00+00:00,117.81,0.11781
2023-07-26 20:00:00+00:00,110.62,0.11062000000000001
2023-07-26 21:00:00+00:00,97.0,0.097
2023-07-26 22:00:00+00:00,98.36,0.09836
2023-07-26 23:00:00+00:00,82.69,0.08269
2023-07-27 00:00:00+00:00,76.0,0.076
2023-07-27 01:00:00+00:00,71.06,0.07106
2023-07-27 02:00:00+00:00,70.58,0.07058
2023-07-27 03:00:00+00:00,78.6,0.07859999999999999
2023-07-27 04:00:00+00:00,83.34,0.08334
2023-07-27 05:00:00+00:00,98.5,0.0985
2023-07-27 06:00:00+00:00,104.3,0.1043
2023-07-27 07:00:00+00:00,99.12,0.09912
2023-07-27 08:00:00+00:00,96.8,0.0968
2023-07-27 09:00:00+00:00,90.57,0.09057
2023-07-27 10:00:00+00:00,86.45,0.08645
2023-07-27 11:00:00+00:00,80.01,0.08001000000000001
2023-07-27 12:00:00+00:00,78.33,0.07833
2023-07-27 13:00:00+00:00,80.72,0.08072
2023-07-27 14:00:00+00:00,91.48,0.09148
2023-07-27 15:00:00+00:00,105.0,0.105
2023-07-27 16:00:00+00:00,112.83,0.11283
2023-07-27 17:00:00+00:00,114.33,0.11433
2023-07-27 18:00:00+00:00,109.66,0.10966
2023-07-27 19:00:00+00:00,107.96,0.10796
2023-07-27 20:00:00+00:00,106.64,0.10664
2023-07-27 21:00:00+00:00,99.13,0.09913
2023-07-27 22:00:00+00:00,88.63,0.08863
2023-07-27 23:00:00+00:00,79.59,0.07959000000000001
2023-07-28 00:00:00+00:00,78.13,0.07812999999999999
2023-07-28 01:00:00+00:00,79.2,0.0792
2023-07-28 02:00:00+00:00,80.02,0.08002
2023-07-28 03:00:00+00:00,89.53,0.08953
2023-07-28 04:00:00+00:00,99.64,0.09964
2023-07-28 05:00:00+00:00,111.11,0.11111
2023-07-28 06:00:00+00:00,112.99,0.11299
2023-07-28 07:00:00+00:00,107.87,0.10787000000000001
2023-07-28 08:00:00+00:00,99.54,0.09954
2023-07-28 09:00:00+00:00,93.0,0.093
2023-07-28 10:00:00+00:00,83.35,0.08335
2023-07-28 11:00:00+00:00,80.0,0.08
2023-07-28 12:00:00+00:00,75.65,0.07565000000000001
2023-07-28 13:00:00+00:00,76.1,0.0761
2023-07-28 14:00:00+00:00,80.0,0.08
2023-07-28 15:00:00+00:00,92.84,0.09284
2023-07-28 16:00:00+00:00,101.57,0.10157
2023-07-28 17:00:00+00:00,111.73,0.11173000000000001
2023-07-28 18:00:00+00:00,112.66,0.11266
2023-07-28 19:00:00+00:00,120.67,0.12067
2023-07-28 20:00:00+00:00,112.2,0.11220000000000001
2023-07-28 21:00:00+00:00,101.64,0.10164
2023-07-28 22:00:00+00:00,103.09,0.10309
2023-07-28 23:00:00+00:00,94.2,0.0942
2023-07-29 00:00:00+00:00,91.17,0.09117
2023-07-29 01:00:00+00:00,85.66,0.08566
2023-07-29 02:00:00+00:00,88.97,0.08897
2023-07-29 03:00:00+00:00,87.03,0.08703
2023-07-29 04:00:00+00:00,85.7,0.0857
2023-07-29 05:00:00+00:00,87.91,0.08791
2023-07-29 06:00:00+00:00,85.79,0.08579
2023-07-29 07:00:00+00:00,81.71,0.08170999999999999
2023-07-29 08:00:00+00:00,75.5,0.0755
2023-07-29 09:00:00+00:00,63.75,0.06375
2023-07-29 10:00:00+00:00,58.24,0.05824
2023-07-29 11:00:00+00:00,40.09,0.04009
2023-07-29 12:00:00+00:00,15.05,0.015050000000000001
2023-07-29 13:00:00+00:00,19.36,0.01936
2023-07-29 14:00:00+00:00,9.99,0.00999
2023-07-29 15:00:00+00:00,50.06,0.05006
2023-07-29 16:00:00+00:00,72.6,0.0726
2023-07-29 17:00:00+00:00,91.46,0.09146
2023-07-29 18:00:00+00:00,99.85,0.09985
2023-07-29 19:00:00+00:00,100.82,0.10081999999999999
2023-07-29 20:00:00+00:00,100.36,0.10036
2023-07-29 21:00:00+00:00,92.18,0.09218000000000001
2023-07-29 22:00:00+00:00,84.5,0.0845
2023-07-29 23:00:00+00:00,74.9,0.07490000000000001
2023-07-30 00:00:00+00:00,67.81,0.06781000000000001
2023-07-30 01:00:00+00:00,57.79,0.05779
2023-07-30 02:00:00+00:00,51.6,0.0516
2023-07-30 03:00:00+00:00,51.7,0.0517
2023-07-30 04:00:00+00:00,47.34,0.04734
2023-07-30 05:00:00+00:00,37.0,0.037
2023-07-30 06:00:00+00:00,29.82,0.02982
2023-07-30 07:00:00+00:00,8.48,0.00848
2023-07-30 08:00:00+00:00,-0.01,-1e-05
2023-07-30 09:00:00+00:00,-16.02,-0.01602
2023-07-30 10:00:00+00:00,-22.33,-0.02233
2023-07-30 11:00:00+00:00,-68.41,-0.06841
2023-07-30 12:00:00+00:00,-88.03,-0.08803
2023-07-30 13:00:00+00:00,-61.06,-0.06106
2023-07-30 14:00:00+00:00,-30.32,-0.03032
2023-07-30 15:00:00+00:00,-11.12,-0.01112
2023-07-30 16:00:00+00:00,4.02,0.004019999999999999
2023-07-30 17:00:00+00:00,74.37,0.07437
2023-07-30 18:00:00+00:00,84.47,0.08447
2023-07-30 19:00:00+00:00,86.83,0.08683
2023-07-30 20:00:00+00:00,86.19,0.08619
2023-07-30 21:00:00+00:00,70.05,0.07005
2023-07-30 22:00:00+00:00,61.03,0.06103
2023-07-30 23:00:00+00:00,50.51,0.05051
2023-07-31 00:00:00+00:00,44.09,0.044090000000000004
2023-07-31 01:00:00+00:00,30.3,0.0303
2023-07-31 02:00:00+00:00,28.91,0.02891
2023-07-31 03:00:00+00:00,50.31,0.05031
2023-07-31 04:00:00+00:00,77.21,0.07720999999999999
2023-07-31 05:00:00+00:00,86.13,0.08613
2023-07-31 06:00:00+00:00,88.13,0.08813
2023-07-31 07:00:00+00:00,86.0,0.086
2023-07-31 08:00:00+00:00,74.18,0.07418000000000001
2023-07-31 09:00:00+00:00,67.51,0.06751
2023-07-31 10:00:00+00:00,65.3,0.0653
2023-07-31 11:00:00+00:00,59.66,0.05966
2023-07-31 12:00:00+00:00,59.17,0.05917
2023-07-31 13:00:00+00:00,60.0,0.06
2023-07-31 14:00:00+00:00,67.69,0.06769
2023-07-31 15:00:00+00:00,75.78,0.07578
2023-07-31 16:00:00+00:00,88.49,0.08849
2023-07-31 17:00:00+00:00,97.43,0.09743
2023-07-31 18:00:00+00:00,99.86,0.09986
2023-07-31 19:00:00+00:00,98.65,0.09865
2023-07-31 20:00:00+00:00,95.31,0.09531
2023-07-31 21:00:00+00:00,87.72,0.08771999999999999
2023-07-31 22:00:00+00:00,68.09,0.06809
2023-07-31 23:00:00+00:00,58.86,0.05886
2023-08-01 00:00:00+00:00,57.86,0.05786
2023-08-01 01:00:00+00:00,56.94,0.05694
2023-08-01 02:00:00+00:00,57.9,0.0579
2023-08-01 03:00:00+00:00,63.4,0.0634
2023-08-01 04:00:00+00:00,90.5,0.0905
2023-08-01 05:00:00+00:00,94.18,0.09418000000000001
2023-08-01 06:00:00+00:00,95.73,0.09573000000000001
2023-08-01 07:00:00+00:00,90.67,0.09067
2023-08-01 08:00:00+00:00,86.03,0.08603
2023-08-01 09:00:00+00:00,70.89,0.07089
2023-08-01 10:00:00+00:00,68.87,0.06887
2023-08-01 11:00:00+00:00,61.96,0.06196
2023-08-01 12:00:00+00:00,52.5,0.0525
2023-08-01 13:00:00+00:00,47.65,0.04765
2023-08-01 14:00:00+00:00,53.7,0.053700000000000005
2023-08-01 15:00:00+00:00,68.24,0.06824
2023-08-01 16:00:00+00:00,81.32,0.08131999999999999
2023-08-01 17:00:00+00:00,96.08,0.09608
2023-08-01 18:00:00+00:00,108.72,0.10872
2023-08-01 19:00:00+00:00,112.16,0.11216
2023-08-01 20:00:00+00:00,102.55,0.10255
2023-08-01 21:00:00+00:00,92.78,0.09278
2023-08-01 22:00:00+00:00,89.38,0.08938
2023-08-01 23:00:00+00:00,77.54,0.07754000000000001
2023-08-02 00:00:00+00:00,69.62,0.06962
2023-08-02 01:00:00+00:00,67.13,0.06713
2023-08-02 02:00:00+00:00,69.99,0.06999
2023-08-02 03:00:00+00:00,85.74,0.08574
2023-08-02 04:00:00+00:00,102.44,0.10244
2023-08-02 05:00:00+00:00,111.96,0.11195999999999999
2023-08-02 06:00:00+00:00,97.45,0.09745000000000001
2023-08-02 07:00:00+00:00,88.0,0.088
2023-08-02 08:00:00+00:00,78.22,0.07822
2023-08-02 09:00:00+00:00,64.5,0.0645
2023-08-02 10:00:00+00:00,52.02,0.052020000000000004
2023-08-02 11:00:00+00:00,33.08,0.03308
2023-08-02 12:00:00+00:00,24.13,0.02413
2023-08-02 13:00:00+00:00,18.96,0.01896
2023-08-02 14:00:00+00:00,28.29,0.02829
2023-08-02 15:00:00+00:00,52.24,0.05224
2023-08-02 16:00:00+00:00,68.86,0.06886
2023-08-02 17:00:00+00:00,82.16,0.08216
2023-08-02 18:00:00+00:00,80.71,0.08070999999999999
2023-08-02 19:00:00+00:00,77.2,0.0772
2023-08-02 20:00:00+00:00,65.7,0.06570000000000001
2023-08-02 21:00:00+00:00,41.12,0.04112
2023-08-02 22:00:00+00:00,19.97,0.019969999999999998
2023-08-02 23:00:00+00:00,9.51,0.00951
2023-08-03 00:00:00+00:00,3.43,0.0034300000000000003
2023-08-03 01:00:00+00:00,5.61,0.00561
2023-08-03 02:00:00+00:00,7.2,0.0072
2023-08-03 03:00:00+00:00,24.8,0.0248
2023-08-03 04:00:00+00:00,47.38,0.047380000000000005
2023-08-03 05:00:00+00:00,70.0,0.07
2023-08-03 06:00:00+00:00,70.05,0.07005
2023-08-03 07:00:00+00:00,62.8,0.0628
2023-08-03 08:00:00+00:00,45.5,0.0455
2023-08-03 09:00:00+00:00,34.54,0.03454
2023-08-03 10:00:00+00:00,27.01,0.027010000000000003
2023-08-03 11:00:00+00:00,21.25,0.02125
2023-08-03 12:00:00+00:00,17.43,0.01743
2023-08-03 13:00:00+00:00,17.7,0.0177
2023-08-03 14:00:00+00:00,21.94,0.02194
2023-08-03 15:00:00+00:00,49.9,0.0499
2023-08-03 16:00:00+00:00,80.0,0.08
2023-08-03 17:00:00+00:00,95.92,0.09592
2023-08-03 18:00:00+00:00,100.0,0.1
2023-08-03 19:00:00+00:00,115.1,0.1151
2023-08-03 20:00:00+00:00,113.5,0.1135
2023-08-03 21:00:00+00:00,92.85,0.09284999999999999
2023-08-03 22:00:00+00:00,90.14,0.09014
2023-08-03 23:00:00+00:00,83.85,0.08385
2023-08-04 00:00:00+00:00,80.92,0.08092
2023-08-04 01:00:00+00:00,79.25,0.07925
2023-08-04 02:00:00+00:00,82.45,0.08245000000000001
2023-08-04 03:00:00+00:00,87.7,0.0877
2023-08-04 04:00:00+00:00,99.25,0.09925
2023-08-04 05:00:00+00:00,110.0,0.11
2023-08-04 06:00:00+00:00,114.94,0.11494
2023-08-04 07:00:00+00:00,97.0,0.097
2023-08-04 08:00:00+00:00,95.16,0.09516
2023-08-04 09:00:00+00:00,90.68,0.09068000000000001
2023-08-04 10:00:00+00:00,86.92,0.08692
2023-08-04 11:00:00+00:00,80.81,0.08081
2023-08-04 12:00:00+00:00,77.84,0.07784
2023-08-04 13:00:00+00:00,76.27,0.07626999999999999
2023-08-04 14:00:00+00:00,77.1,0.07709999999999999
2023-08-04 15:00:00+00:00,81.43,0.08143
2023-08-04 16:00:00+00:00,95.0,0.095
2023-08-04 17:00:00+00:00,111.54,0.11154
2023-08-04 18:00:00+00:00,138.71,0.13871
2023-08-04 19:00:00+00:00,126.77,0.12677
2023-08-04 20:00:00+00:00,109.19,0.10919
2023-08-04 21:00:00+00:00,98.49,0.09849
2023-08-04 22:00:00+00:00,101.55,0.10155
2023-08-04 23:00:00+00:00,94.9,0.09490000000000001
2023-08-05 00:00:00+00:00,92.58,0.09258
2023-08-05 01:00:00+00:00,90.3,0.09029999999999999
2023-08-05 02:00:00+00:00,90.24,0.09024
2023-08-05 03:00:00+00:00,90.54,0.09054000000000001
2023-08-05 04:00:00+00:00,94.34,0.09434000000000001
2023-08-05 05:00:00+00:00,92.49,0.09248999999999999
2023-08-05 06:00:00+00:00,91.33,0.09133
2023-08-05 07:00:00+00:00,88.54,0.08854000000000001
2023-08-05 08:00:00+00:00,80.1,0.08009999999999999
2023-08-05 09:00:00+00:00,74.67,0.07467
2023-08-05 10:00:00+00:00,65.01,0.06501
2023-08-05 11:00:00+00:00,58.91,0.05891
2023-08-05 12:00:00+00:00,58.04,0.05804
2023-08-05 13:00:00+00:00,65.2,0.06520000000000001
2023-08-05 14:00:00+00:00,77.7,0.0777
2023-08-05 15:00:00+00:00,95.3,0.0953
2023-08-05 16:00:00+00:00,103.0,0.103
2023-08-05 17:00:00+00:00,107.9,0.10790000000000001
2023-08-05 18:00:00+00:00,119.1,0.1191
2023-08-05 19:00:00+00:00,107.42,0.10742
2023-08-05 20:00:00+00:00,98.37,0.09837
2023-08-05 21:00:00+00:00,87.22,0.08721999999999999
2023-08-05 22:00:00+00:00,88.04,0.08804000000000001
2023-08-05 23:00:00+00:00,88.09,0.08809
2023-08-06 00:00:00+00:00,79.07,0.07906999999999999
2023-08-06 01:00:00+00:00,79.08,0.07908
2023-08-06 02:00:00+00:00,75.06,0.07506
2023-08-06 03:00:00+00:00,84.0,0.084
2023-08-06 04:00:00+00:00,75.46,0.07546
2023-08-06 05:00:00+00:00,66.5,0.0665
2023-08-06 06:00:00+00:00,63.4,0.0634
2023-08-06 07:00:00+00:00,57.22,0.05722
2023-08-06 08:00:00+00:00,50.03,0.05003
2023-08-06 09:00:00+00:00,43.85,0.04385
2023-08-06 10:00:00+00:00,0.0,0.0
2023-08-06 11:00:00+00:00,0.04,4e-05
2023-08-06 12:00:00+00:00,-4.75,-0.00475
2023-08-06 13:00:00+00:00,-4.75,-0.00475
2023-08-06 14:00:00+00:00,0.0,0.0
2023-08-06 15:00:00+00:00,35.17,0.03517
2023-08-06 16:00:00+00:00,62.03,0.06203
2023-08-06 17:00:00+00:00,72.61,0.07261
2023-08-06 18:00:00+00:00,76.85,0.07684999999999999
2023-08-06 19:00:00+00:00,77.35,0.07734999999999999
2023-08-06 20:00:00+00:00,71.86,0.07186
2023-08-06 21:00:00+00:00,72.6,0.0726
2023-08-06 22:00:00+00:00,54.51,0.054509999999999996
2023-08-06 23:00:00+00:00,47.95,0.04795
2023-08-07 00:00:00+00:00,50.0,0.05
2023-08-07 01:00:00+00:00,7.48,0.0074800000000000005
2023-08-07 02:00:00+00:00,30.03,0.03003
2023-08-07 03:00:00+00:00,0.03,2.9999999999999997e-05
2023-08-07 04:00:00+00:00,72.22,0.07221999999999999
2023-08-07 05:00:00+00:00,84.1,0.0841
2023-08-07 06:00:00+00:00,64.05,0.06405
2023-08-07 07:00:00+00:00,25.28,0.02528
2023-08-07 08:00:00+00:00,0.01,1e-05
2023-08-07 09:00:00+00:00,-4.75,-0.00475
2023-08-07 10:00:00+00:00,-15.63,-0.01563
2023-08-07 11:00:00+00:00,-27.06,-0.027059999999999997
2023-08-07 12:00:00+00:00,-41.85,-0.04185
2023-08-07 13:00:00+00:00,-20.02,-0.02002
2023-08-07 14:00:00+00:00,-10.02,-0.01002
2023-08-07 15:00:00+00:00,-0.04,-4e-05
2023-08-07 16:00:00+00:00,11.0,0.011
2023-08-07 17:00:00+00:00,74.9,0.07490000000000001
2023-08-07 18:00:00+00:00,112.0,0.112
2023-08-07 19:00:00+00:00,118.0,0.118
2023-08-07 20:00:00+00:00,114.0,0.114
2023-08-07 21:00:00+00:00,84.9,0.0849
2023-08-07 22:00:00+00:00,92.7,0.0927
2023-08-07 23:00:00+00:00,88.0,0.088
2023-08-08 00:00:00+00:00,85.0,0.085
2023-08-08 01:00:00+00:00,80.0,0.08
2023-08-08 02:00:00+00:00,75.77,0.07576999999999999
2023-08-08 03:00:00+00:00,68.84,0.06884
2023-08-08 04:00:00+00:00,98.87,0.09887
2023-08-08 05:00:00+00:00,80.5,0.0805
2023-08-08 06:00:00+00:00,4.9,0.004900000000000001
2023-08-08 07:00:00+00:00,-2.7,-0.0027
2023-08-08 08:00:00+00:00,-10.03,-0.010029999999999999
2023-08-08 09:00:00+00:00,-40.08,-0.04008
2023-08-08 10:00:00+00:00,-51.58,-0.05158
2023-08-08 11:00:00+00:00,-73.22,-0.07322
2023-08-08 12:00:00+00:00,-79.22,-0.07922
2023-08-08 13:00:00+00:00,-48.92,-0.048920000000000005
2023-08-08 14:00:00+00:00,-10.71,-0.01071
2023-08-08 15:00:00+00:00,-0.82,-0.00082
2023-08-08 16:00:00+00:00,40.0,0.04
2023-08-08 17:00:00+00:00,88.71,0.08871
2023-08-08 18:00:00+00:00,95.34,0.09534000000000001
2023-08-08 19:00:00+00:00,105.09,0.10509
2023-08-08 20:00:00+00:00,105.99,0.10599
2023-08-08 21:00:00+00:00,99.9,0.0999
2023-08-08 22:00:00+00:00,85.7,0.0857
2023-08-08 23:00:00+00:00,79.0,0.079
2023-08-09 00:00:00+00:00,74.5,0.0745
2023-08-09 01:00:00+00:00,70.1,0.0701
2023-08-09 02:00:00+00:00,74.12,0.07412
2023-08-09 03:00:00+00:00,83.95,0.08395
2023-08-09 04:00:00+00:00,98.16,0.09816
2023-08-09 05:00:00+00:00,105.7,0.1057
2023-08-09 06:00:00+00:00,106.44,0.10643999999999999
2023-08-09 07:00:00+00:00,99.59,0.09959
2023-08-09 08:00:00+00:00,71.47,0.07147
2023-08-09 09:00:00+00:00,2.86,0.0028599999999999997
2023-08-09 10:00:00+00:00,0.94,0.00094
2023-08-09 11:00:00+00:00,-0.6,-0.0006
2023-08-09 12:00:00+00:00,3.25,0.00325
2023-08-09 13:00:00+00:00,0.1,0.0001
2023-08-09 14:00:00+00:00,4.9,0.004900000000000001
2023-08-09 15:00:00+00:00,64.9,0.0649
2023-08-09 16:00:00+00:00,94.3,0.0943
2023-08-09 17:00:00+00:00,114.4,0.1144
2023-08-09 18:00:00+00:00,134.58,0.13458
2023-08-09 19:00:00+00:00,131.35,0.13135
2023-08-09 20:00:00+00:00,122.47,0.12247
2023-08-09 21:00:00+00:00,100.96,0.10096
2023-08-09 22:00:00+00:00,96.27,0.09627
2023-08-09 23:00:00+00:00,91.99,0.09198999999999999
2023-08-10 00:00:00+00:00,89.15,0.08915000000000001
2023-08-10 01:00:00+00:00,79.98,0.07998000000000001
2023-08-10 02:00:00+00:00,84.85,0.08485
2023-08-10 03:00:00+00:00,86.1,0.0861
2023-08-10 04:00:00+00:00,99.9,0.0999
2023-08-10 05:00:00+00:00,103.32,0.10332
2023-08-10 06:00:00+00:00,104.2,0.1042
2023-08-10 07:00:00+00:00,96.0,0.096
2023-08-10 08:00:00+00:00,70.2,0.0702
2023-08-10 09:00:00+00:00,43.91,0.04391
2023-08-10 10:00:00+00:00,18.25,0.01825
2023-08-10 11:00:00+00:00,18.01,0.01801
2023-08-10 12:00:00+00:00,16.77,0.01677
2023-08-10 13:00:00+00:00,30.69,0.030690000000000002
2023-08-10 14:00:00+00:00,66.15,0.06615
2023-08-10 15:00:00+00:00,87.7,0.0877
2023-08-10 16:00:00+00:00,97.08,0.09708
2023-08-10 17:00:00+00:00,103.46,0.10346
2023-08-10 18:00:00+00:00,164.91,0.16491
2023-08-10 19:00:00+00:00,142.02,0.14202
2023-08-10 20:00:00+00:00,115.49,0.11549
2023-08-10 21:00:00+00:00,101.11,0.10111
2023-08-10 22:00:00+00:00,111.3,0.1113
2023-08-10 23:00:00+00:00,106.27,0.10626999999999999
2023-08-11 00:00:00+00:00,102.86,0.10286
2023-08-11 01:00:00+00:00,98.35,0.09834999999999999
2023-08-11 02:00:00+00:00,87.59,0.08759
2023-08-11 03:00:00+00:00,93.0,0.093
2023-08-11 04:00:00+00:00,116.38,0.11638
2023-08-11 05:00:00+00:00,120.3,0.12029999999999999
2023-08-11 06:00:00+00:00,114.97,0.11497
2023-08-11 07:00:00+00:00,99.71,0.09971
2023-08-11 08:00:00+00:00,85.0,0.085
2023-08-11 09:00:00+00:00,74.3,0.07429999999999999
2023-08-11 10:00:00+00:00,30.1,0.030100000000000002
2023-08-11 11:00:00+00:00,16.63,0.01663
2023-08-11 12:00:00+00:00,24.9,0.0249
2023-08-11 13:00:00+00:00,58.01,0.05801
2023-08-11 14:00:00+00:00,84.58,0.08458
2023-08-11 15:00:00+00:00,97.98,0.09798
2023-08-11 16:00:00+00:00,108.3,0.1083
2023-08-11 17:00:00+00:00,130.0,0.13
2023-08-11 18:00:00+00:00,138.87,0.13887
2023-08-11 19:00:00+00:00,132.59,0.13259
2023-08-11 20:00:00+00:00,118.0,0.118
2023-08-11 21:00:00+00:00,104.06,0.10406
2023-08-11 22:00:00+00:00,103.54,0.10354000000000001
2023-08-11 23:00:00+00:00,98.2,0.09820000000000001
2023-08-12 00:00:00+00:00,97.7,0.09770000000000001
2023-08-12 01:00:00+00:00,95.73,0.09573000000000001
2023-08-12 02:00:00+00:00,93.91,0.09391
2023-08-12 03:00:00+00:00,98.06,0.09806000000000001
2023-08-12 04:00:00+00:00,95.11,0.09511
2023-08-12 05:00:00+00:00,99.31,0.09931
2023-08-12 06:00:00+00:00,101.78,0.10178
2023-08-12 07:00:00+00:00,88.5,0.0885
2023-08-12 08:00:00+00:00,77.61,0.07761
2023-08-12 09:00:00+00:00,64.76,0.06476000000000001
2023-08-12 10:00:00+00:00,50.0,0.05
2023-08-12 11:00:00+00:00,23.72,0.023719999999999998
2023-08-12 12:00:00+00:00,6.0,0.006
2023-08-12 13:00:00+00:00,6.92,0.00692
2023-08-12 14:00:00+00:00,20.4,0.020399999999999998
2023-08-12 15:00:00+00:00,65.12,0.06512000000000001
2023-08-12 16:00:00+00:00,89.43,0.08943000000000001
2023-08-12 17:00:00+00:00,106.47,0.10647
2023-08-12 18:00:00+00:00,111.16,0.11116
2023-08-12 19:00:00+00:00,112.28,0.11228
2023-08-12 20:00:00+00:00,108.05,0.10805
2023-08-12 21:00:00+00:00,101.66,0.10166
2023-08-12 22:00:00+00:00,90.1,0.0901
2023-08-12 23:00:00+00:00,84.67,0.08467
2023-08-13 00:00:00+00:00,78.8,0.0788
2023-08-13 01:00:00+00:00,69.66,0.06966
2023-08-13 02:00:00+00:00,69.0,0.069
2023-08-13 03:00:00+00:00,72.02,0.07202
2023-08-13 04:00:00+00:00,77.73,0.07773000000000001
2023-08-13 05:00:00+00:00,76.64,0.07664
2023-08-13 06:00:00+00:00,69.93,0.06993
2023-08-13 07:00:00+00:00,47.89,0.04789
2023-08-13 08:00:00+00:00,27.42,0.027420000000000003
2023-08-13 09:00:00+00:00,13.7,0.013699999999999999
2023-08-13 10:00:00+00:00,0.01,1e-05
2023-08-13 11:00:00+00:00,-3.79,-0.00379
2023-08-13 12:00:00+00:00,1.44,0.0014399999999999999
2023-08-13 13:00:00+00:00,6.76,0.0067599999999999995
2023-08-13 14:00:00+00:00,17.45,0.01745
2023-08-13 15:00:00+00:00,72.26,0.07226
2023-08-13 16:00:00+00:00,97.16,0.09716
2023-08-13 17:00:00+00:00,100.0,0.1
2023-08-13 18:00:00+00:00,110.9,0.11090000000000001
2023-08-13 19:00:00+00:00,120.0,0.12
2023-08-13 20:00:00+00:00,120.05,0.12005
2023-08-13 21:00:00+00:00,114.0,0.114
2023-08-13 22:00:00+00:00,98.01,0.09801
2023-08-13 23:00:00+00:00,89.63,0.08963
2023-08-14 00:00:00+00:00,84.32,0.08431999999999999
2023-08-14 01:00:00+00:00,85.84,0.08584
2023-08-14 02:00:00+00:00,89.8,0.08979999999999999
2023-08-14 03:00:00+00:00,105.3,0.10529999999999999
2023-08-14 04:00:00+00:00,119.97,0.11997
2023-08-14 05:00:00+00:00,124.66,0.12465999999999999
2023-08-14 06:00:00+00:00,112.96,0.11295999999999999
2023-08-14 07:00:00+00:00,99.33,0.09933
2023-08-14 08:00:00+00:00,82.13,0.08213
2023-08-14 09:00:00+00:00,75.66,0.07565999999999999
2023-08-14 10:00:00+00:00,67.66,0.06766
2023-08-14 11:00:00+00:00,63.57,0.06357
2023-08-14 12:00:00+00:00,67.02,0.06702
2023-08-14 13:00:00+00:00,74.1,0.0741
2023-08-14 14:00:00+00:00,81.48,0.08148000000000001
2023-08-14 15:00:00+00:00,97.27,0.09727
2023-08-14 16:00:00+00:00,103.4,0.1034
2023-08-14 17:00:00+00:00,131.51,0.13151
2023-08-14 18:00:00+00:00,137.0,0.137
2023-08-14 19:00:00+00:00,128.78,0.12878
2023-08-14 20:00:00+00:00,110.99,0.11098999999999999
2023-08-14 21:00:00+00:00,101.06,0.10106
2023-08-14 22:00:00+00:00,99.6,0.0996
2023-08-14 23:00:00+00:00,92.65,0.09265000000000001
2023-08-15 00:00:00+00:00,92.16,0.09215999999999999
2023-08-15 01:00:00+00:00,89.96,0.08996
2023-08-15 02:00:00+00:00,87.67,0.08767
2023-08-15 03:00:00+00:00,92.0,0.092
2023-08-15 04:00:00+00:00,106.76,0.10676000000000001
2023-08-15 05:00:00+00:00,131.16,0.13116
2023-08-15 06:00:00+00:00,117.69,0.11769
2023-08-15 07:00:00+00:00,93.38,0.09337999999999999
2023-08-15 08:00:00+00:00,79.48,0.07948000000000001
2023-08-15 09:00:00+00:00,70.89,0.07089
2023-08-15 10:00:00+00:00,59.08,0.05908
2023-08-15 11:00:00+00:00,25.43,0.02543
2023-08-15 12:00:00+00:00,23.54,0.02354
2023-08-15 13:00:00+00:00,45.85,0.04585
2023-08-15 14:00:00+00:00,70.26,0.07026
2023-08-15 15:00:00+00:00,91.83,0.09183
2023-08-15 16:00:00+00:00,102.18,0.10218
2023-08-15 17:00:00+00:00,124.49,0.12448999999999999
2023-08-15 18:00:00+00:00,142.0,0.142
2023-08-15 19:00:00+00:00,133.04,0.13304
2023-08-15 20:00:00+00:00,125.35,0.12535
2023-08-15 21:00:00+00:00,107.89,0.10789
2023-08-15 22:00:00+00:00,106.79,0.10679000000000001
2023-08-15 23:00:00+00:00,97.45,0.09745000000000001
2023-08-16 00:00:00+00:00,92.6,0.09259999999999999
2023-08-16 01:00:00+00:00,90.52,0.09051999999999999
2023-08-16 02:00:00+00:00,90.17,0.09017
2023-08-16 03:00:00+00:00,96.54,0.09654
2023-08-16 04:00:00+00:00,116.41,0.11641
2023-08-16 05:00:00+00:00,139.9,0.1399
2023-08-16 06:00:00+00:00,127.04,0.12704000000000001
2023-08-16 07:00:00+00:00,109.51,0.10951000000000001
2023-08-16 08:00:00+00:00,99.26,0.09926
2023-08-16 09:00:00+00:00,94.03,0.09403
2023-08-16 10:00:00+00:00,86.7,0.0867
2023-08-16 11:00:00+00:00,84.51,0.08451
2023-08-16 12:00:00+00:00,79.98,0.07998000000000001
2023-08-16 13:00:00+00:00,80.0,0.08
2023-08-16 14:00:00+00:00,88.4,0.0884
2023-08-16 15:00:00+00:00,106.72,0.10672
2023-08-16 16:00:00+00:00,128.43,0.12843000000000002
2023-08-16 17:00:00+00:00,153.47,0.15347
2023-08-16 18:00:00+00:00,151.39,0.15139
2023-08-16 19:00:00+00:00,136.1,0.1361
2023-08-16 20:00:00+00:00,119.9,0.1199
2023-08-16 21:00:00+00:00,99.99,0.09999
2023-08-16 22:00:00+00:00,104.88,0.10488
2023-08-16 23:00:00+00:00,98.38,0.09838
2023-08-17 00:00:00+00:00,97.95,0.09795000000000001
2023-08-17 01:00:00+00:00,94.95,0.09495
2023-08-17 02:00:00+00:00,92.16,0.09215999999999999
2023-08-17 03:00:00+00:00,99.85,0.09985
2023-08-17 04:00:00+00:00,119.27,0.11927
2023-08-17 05:00:00+00:00,124.01,0.12401000000000001
2023-08-17 06:00:00+00:00,124.76,0.12476000000000001
2023-08-17 07:00:00+00:00,108.39,0.10839
2023-08-17 08:00:00+00:00,100.0,0.1
2023-08-17 09:00:00+00:00,95.19,0.09519
2023-08-17 10:00:00+00:00,91.62,0.09162000000000001
2023-08-17 11:00:00+00:00,89.98,0.08998
2023-08-17 12:00:00+00:00,89.98,0.08998
2023-08-17 13:00:00+00:00,88.95,0.08895
2023-08-17 14:00:00+00:00,91.52,0.09151999999999999
2023-08-17 15:00:00+00:00,105.0,0.105
2023-08-17 16:00:00+00:00,117.13,0.11713
2023-08-17 17:00:00+00:00,141.0,0.141
2023-08-17 18:00:00+00:00,139.22,0.13922
2023-08-17 19:00:00+00:00,128.78,0.12878
2023-08-17 20:00:00+00:00,116.63,0.11663
2023-08-17 21:00:00+00:00,106.75,0.10675
2023-08-17 22:00:00+00:00,104.76,0.10476
2023-08-17 23:00:00+00:00,97.3,0.0973
2023-08-18 00:00:00+00:00,100.06,0.10006
2023-08-18 01:00:00+00:00,97.18,0.09718
2023-08-18 02:00:00+00:00,97.54,0.09754
2023-08-18 03:00:00+00:00,100.05,0.10005
2023-08-18 04:00:00+00:00,116.44,0.11644
2023-08-18 05:00:00+00:00,130.91,0.13091
2023-08-18 06:00:00+00:00,120.08,0.12007999999999999
2023-08-18 07:00:00+00:00,106.84,0.10684
2023-08-18 08:00:00+00:00,95.85,0.09584999999999999
2023-08-18 09:00:00+00:00,89.05,0.08904999999999999
2023-08-18 10:00:00+00:00,86.28,0.08628
2023-08-18 11:00:00+00:00,82.85,0.08285
2023-08-18 12:00:00+00:00,84.16,0.08416
2023-08-18 13:00:00+00:00,88.37,0.08837
2023-08-18 14:00:00+00:00,95.24,0.09523999999999999
2023-08-18 15:00:00+00:00,108.12,0.10812000000000001
2023-08-18 16:00:00+00:00,124.46,0.12445999999999999
2023-08-18 17:00:00+00:00,136.97,0.13697
2023-08-18 18:00:00+00:00,145.13,0.14513
2023-08-18 19:00:00+00:00,122.99,0.12298999999999999
2023-08-18 20:00:00+00:00,103.71,0.10371
2023-08-18 21:00:00+00:00,97.08,0.09708
2023-08-18 22:00:00+00:00,98.85,0.09885
2023-08-18 23:00:00+00:00,99.57,0.09956999999999999
2023-08-19 00:00:00+00:00,90.21,0.09021
2023-08-19 01:00:00+00:00,93.64,0.09364
2023-08-19 02:00:00+00:00,95.9,0.0959
2023-08-19 03:00:00+00:00,95.9,0.0959
2023-08-19 04:00:00+00:00,99.9,0.0999
2023-08-19 05:00:00+00:00,88.2,0.0882
2023-08-19 06:00:00+00:00,83.02,0.08302
2023-08-19 07:00:00+00:00,79.37,0.07937000000000001
2023-08-19 08:00:00+00:00,69.4,0.0694
2023-08-19 09:00:00+00:00,41.83,0.04183
2023-08-19 10:00:00+00:00,25.45,0.02545
2023-08-19 11:00:00+00:00,14.86,0.01486
2023-08-19 12:00:00+00:00,12.59,0.01259
2023-08-19 13:00:00+00:00,25.01,0.02501
2023-08-19 14:00:00+00:00,55.84,0.05584
2023-08-19 15:00:00+00:00,77.6,0.07759999999999999
2023-08-19 16:00:00+00:00,98.96,0.09895999999999999
2023-08-19 17:00:00+00:00,99.9,0.0999
2023-08-19 18:00:00+00:00,129.4,0.12940000000000002
2023-08-19 19:00:00+00:00,132.54,0.13254
2023-08-19 20:00:00+00:00,123.71,0.12371
2023-08-19 21:00:00+00:00,112.54,0.11254
2023-08-19 22:00:00+00:00,113.99,0.11399
2023-08-19 23:00:00+00:00,110.59,0.11059000000000001
2023-08-20 00:00:00+00:00,105.17,0.10517
2023-08-20 01:00:00+00:00,105.02,0.10502
2023-08-20 02:00:00+00:00,103.01,0.10301
2023-08-20 03:00:00+00:00,104.61,0.10461
2023-08-20 04:00:00+00:00,104.96,0.10496
2023-08-20 05:00:00+00:00,99.69,0.09969
2023-08-20 06:00:00+00:00,98.99,0.09899
2023-08-20 07:00:00+00:00,86.62,0.08662
2023-08-20 08:00:00+00:00,73.28,0.07328
2023-08-20 09:00:00+00:00,44.0,0.044
2023-08-20 10:00:00+00:00,9.13,0.009130000000000001
2023-08-20 11:00:00+00:00,13.25,0.01325
2023-08-20 12:00:00+00:00,13.84,0.01384
2023-08-20 13:00:00+00:00,33.81,0.03381
2023-08-20 14:00:00+00:00,78.98,0.07898000000000001
2023-08-20 15:00:00+00:00,95.1,0.09509999999999999
2023-08-20 16:00:00+00:00,112.0,0.112
2023-08-20 17:00:00+00:00,128.8,0.1288
2023-08-20 18:00:00+00:00,140.0,0.14
2023-08-20 19:00:00+00:00,139.54,0.13954
2023-08-20 20:00:00+00:00,126.71,0.12671
2023-08-20 21:00:00+00:00,111.95,0.11195000000000001
2023-08-20 22:00:00+00:00,111.95,0.11195000000000001
2023-08-20 23:00:00+00:00,101.67,0.10167
2023-08-21 00:00:00+00:00,98.71,0.09870999999999999
2023-08-21 01:00:00+00:00,95.12,0.09512000000000001
2023-08-21 02:00:00+00:00,97.71,0.09770999999999999
2023-08-21 03:00:00+00:00,106.47,0.10647
2023-08-21 04:00:00+00:00,138.84,0.13884
2023-08-21 05:00:00+00:00,160.93,0.16093000000000002
2023-08-21 06:00:00+00:00,137.27,0.13727
2023-08-21 07:00:00+00:00,115.07,0.11506999999999999
2023-08-21 08:00:00+00:00,104.02,0.10402
2023-08-21 09:00:00+00:00,88.52,0.08852
2023-08-21 10:00:00+00:00,75.4,0.07540000000000001
2023-08-21 11:00:00+00:00,64.9,0.0649
2023-08-21 12:00:00+00:00,77.72,0.07772
2023-08-21 13:00:00+00:00,87.3,0.0873
2023-08-21 14:00:00+00:00,96.17,0.09617
2023-08-21 15:00:00+00:00,118.68,0.11868000000000001
2023-08-21 16:00:00+00:00,142.77,0.14277
2023-08-21 17:00:00+00:00,186.73,0.18672999999999998
2023-08-21 18:00:00+00:00,203.45,0.20345
2023-08-21 19:00:00+00:00,166.35,0.16635
2023-08-21 20:00:00+00:00,136.01,0.13601
2023-08-21 21:00:00+00:00,115.0,0.115
2023-08-21 22:00:00+00:00,113.69,0.11369
2023-08-21 23:00:00+00:00,104.56,0.10456
2023-08-22 00:00:00+00:00,102.65,0.10265
2023-08-22 01:00:00+00:00,102.26,0.10226
2023-08-22 02:00:00+00:00,99.9,0.0999
2023-08-22 03:00:00+00:00,108.06,0.10806
2023-08-22 04:00:00+00:00,126.78,0.12678
2023-08-22 05:00:00+00:00,150.0,0.15
2023-08-22 06:00:00+00:00,136.84,0.13684000000000002
2023-08-22 07:00:00+00:00,115.91,0.11591
2023-08-22 08:00:00+00:00,102.4,0.1024
2023-08-22 09:00:00+00:00,99.67,0.09967000000000001
2023-08-22 10:00:00+00:00,83.71,0.08370999999999999
2023-08-22 11:00:00+00:00,81.88,0.08188
2023-08-22 12:00:00+00:00,81.39,0.08139
2023-08-22 13:00:00+00:00,90.7,0.0907
2023-08-22 14:00:00+00:00,98.0,0.098
2023-08-22 15:00:00+00:00,107.55,0.10754999999999999
2023-08-22 16:00:00+00:00,139.0,0.139
2023-08-22 17:00:00+00:00,192.83,0.19283
2023-08-22 18:00:00+00:00,206.48,0.20648
2023-08-22 19:00:00+00:00,166.3,0.1663
2023-08-22 20:00:00+00:00,145.8,0.1458
2023-08-22 21:00:00+00:00,127.6,0.1276
2023-08-22 22:00:00+00:00,123.89,0.12389
2023-08-22 23:00:00+00:00,112.67,0.11267
2023-08-23 00:00:00+00:00,109.9,0.10990000000000001
2023-08-23 01:00:00+00:00,106.34,0.10634
2023-08-23 02:00:00+00:00,107.5,0.1075
2023-08-23 03:00:00+00:00,114.24,0.11424
2023-08-23 04:00:00+00:00,140.1,0.1401
2023-08-23 05:00:00+00:00,162.0,0.162
2023-08-23 06:00:00+00:00,157.41,0.15741
2023-08-23 07:00:00+00:00,136.5,0.1365
2023-08-23 08:00:00+00:00,117.5,0.1175
2023-08-23 09:00:00+00:00,105.6,0.1056
2023-08-23 10:00:00+00:00,94.53,0.09453
2023-08-23 11:00:00+00:00,87.81,0.08781
2023-08-23 12:00:00+00:00,87.37,0.08737
2023-08-23 13:00:00+00:00,94.43,0.09443
2023-08-23 14:00:00+00:00,116.0,0.116
2023-08-23 15:00:00+00:00,144.2,0.1442
2023-08-23 16:00:00+00:00,225.5,0.2255
2023-08-23 17:00:00+00:00,276.12,0.27612000000000003
2023-08-23 18:00:00+00:00,291.93,0.29193
2023-08-23 19:00:00+00:00,240.79,0.24079
2023-08-23 20:00:00+00:00,172.82,0.17282
2023-08-23 21:00:00+00:00,138.67,0.13867
2023-08-23 22:00:00+00:00,133.82,0.13382
2023-08-23 23:00:00+00:00,124.95,0.12495
2023-08-24 00:00:00+00:00,118.05,0.11805
2023-08-24 01:00:00+00:00,108.03,0.10803
2023-08-24 02:00:00+00:00,96.2,0.09620000000000001
2023-08-24 03:00:00+00:00,95.0,0.095
2023-08-24 04:00:00+00:00,110.1,0.11009999999999999
2023-08-24 05:00:00+00:00,139.4,0.1394
2023-08-24 06:00:00+00:00,136.93,0.13693
2023-08-24 07:00:00+00:00,131.97,0.13197
2023-08-24 08:00:00+00:00,100.2,0.1002
2023-08-24 09:00:00+00:00,103.54,0.10354000000000001
2023-08-24 10:00:00+00:00,100.08,0.10008
2023-08-24 11:00:00+00:00,101.85,0.10185
2023-08-24 12:00:00+00:00,111.6,0.11159999999999999
2023-08-24 13:00:00+00:00,116.27,0.11627
2023-08-24 14:00:00+00:00,123.78,0.12378
2023-08-24 15:00:00+00:00,158.07,0.15807
2023-08-24 16:00:00+00:00,211.78,0.21178
2023-08-24 17:00:00+00:00,265.06,0.26506
2023-08-24 18:00:00+00:00,249.58,0.24958000000000002
2023-08-24 19:00:00+00:00,187.86,0.18786000000000003
2023-08-24 20:00:00+00:00,159.46,0.15946000000000002
2023-08-24 21:00:00+00:00,130.19,0.13019
2023-08-24 22:00:00+00:00,105.24,0.10524
2023-08-24 23:00:00+00:00,96.42,0.09642
2023-08-25 00:00:00+00:00,95.71,0.09570999999999999
2023-08-25 01:00:00+00:00,95.9,0.0959
2023-08-25 02:00:00+00:00,96.76,0.09676
2023-08-25 03:00:00+00:00,103.0,0.103
2023-08-25 04:00:00+00:00,124.22,0.12422
2023-08-25 05:00:00+00:00,135.12,0.13512000000000002
2023-08-25 06:00:00+00:00,139.42,0.13942
2023-08-25 07:00:00+00:00,129.03,0.12903
2023-08-25 08:00:00+00:00,116.67,0.11667
2023-08-25 09:00:00+00:00,110.61,0.11061
2023-08-25 10:00:00+00:00,101.95,0.10195
2023-08-25 11:00:00+00:00,100.0,0.1
2023-08-25 12:00:00+00:00,95.72,0.09572
2023-08-25 13:00:00+00:00,93.58,0.09358
2023-08-25 14:00:00+00:00,99.72,0.09972
2023-08-25 15:00:00+00:00,117.87,0.11787
2023-08-25 16:00:00+00:00,135.42,0.13541999999999998
2023-08-25 17:00:00+00:00,156.78,0.15678
2023-08-25 18:00:00+00:00,150.0,0.15
2023-08-25 19:00:00+00:00,135.9,0.1359
2023-08-25 20:00:00+00:00,126.15,0.12615
2023-08-25 21:00:00+00:00,107.02,0.10701999999999999
2023-08-25 22:00:00+00:00,109.9,0.10990000000000001
2023-08-25 23:00:00+00:00,104.1,0.1041
2023-08-26 00:00:00+00:00,101.91,0.10191
2023-08-26 01:00:00+00:00,99.52,0.09952
2023-08-26 02:00:00+00:00,94.89,0.09489
2023-08-26 03:00:00+00:00,90.5,0.0905
2023-08-26 04:00:00+00:00,95.48,0.09548000000000001
2023-08-26 05:00:00+00:00,95.9,0.0959
2023-08-26 06:00:00+00:00,98.3,0.0983
2023-08-26 07:00:00+00:00,92.64,0.09264
2023-08-26 08:00:00+00:00,85.12,0.08512
2023-08-26 09:00:00+00:00,78.96,0.07895999999999999
2023-08-26 10:00:00+00:00,54.9,0.0549
2023-08-26 11:00:00+00:00,15.0,0.015
2023-08-26 12:00:00+00:00,36.71,0.03671
2023-08-26 13:00:00+00:00,79.82,0.07981999999999999
2023-08-26 14:00:00+00:00,87.04,0.08704
2023-08-26 15:00:00+00:00,94.8,0.0948
2023-08-26 16:00:00+00:00,100.0,0.1
2023-08-26 17:00:00+00:00,120.0,0.12
2023-08-26 18:00:00+00:00,130.98,0.13097999999999999
2023-08-26 19:00:00+00:00,134.7,0.1347
2023-08-26 20:00:00+00:00,122.98,0.12298
2023-08-26 21:00:00+00:00,110.63,0.11062999999999999
2023-08-26 22:00:00+00:00,102.39,0.10239
2023-08-26 23:00:00+00:00,98.31,0.09831000000000001
2023-08-27 00:00:00+00:00,96.91,0.09691
2023-08-27 01:00:00+00:00,96.57,0.09656999999999999
2023-08-27 02:00:00+00:00,98.6,0.0986
2023-08-27 03:00:00+00:00,99.53,0.09953000000000001
2023-08-27 04:00:00+00:00,96.31,0.09631
2023-08-27 05:00:00+00:00,96.0,0.096
2023-08-27 06:00:00+00:00,94.1,0.09409999999999999
2023-08-27 07:00:00+00:00,94.92,0.09492
2023-08-27 08:00:00+00:00,93.22,0.09322
2023-08-27 09:00:00+00:00,93.96,0.09395999999999999
2023-08-27 10:00:00+00:00,80.41,0.08041
2023-08-27 11:00:00+00:00,59.0,0.059
2023-08-27 12:00:00+00:00,0.01,1e-05
2023-08-27 13:00:00+00:00,67.83,0.06783
2023-08-27 14:00:00+00:00,85.72,0.08572
2023-08-27 15:00:00+00:00,100.86,0.10086
2023-08-27 16:00:00+00:00,99.9,0.0999
2023-08-27 17:00:00+00:00,120.25,0.12025
2023-08-27 18:00:00+00:00,125.2,0.1252
2023-08-27 19:00:00+00:00,127.25,0.12725
2023-08-27 20:00:00+00:00,119.0,0.119
2023-08-27 21:00:00+00:00,102.99,0.10299
2023-08-27 22:00:00+00:00,93.31,0.09331
2023-08-27 23:00:00+00:00,88.52,0.08852
2023-08-28 00:00:00+00:00,85.0,0.085
2023-08-28 01:00:00+00:00,80.66,0.08066
2023-08-28 02:00:00+00:00,86.71,0.08671
2023-08-28 03:00:00+00:00,93.96,0.09395999999999999
2023-08-28 04:00:00+00:00,111.6,0.11159999999999999
2023-08-28 05:00:00+00:00,135.66,0.13566
2023-08-28 06:00:00+00:00,140.8,0.1408
2023-08-28 07:00:00+00:00,124.31,0.12431
2023-08-28 08:00:00+00:00,100.02,0.10002
2023-08-28 09:00:00+00:00,98.0,0.098
2023-08-28 10:00:00+00:00,100.9,0.1009
2023-08-28 11:00:00+00:00,88.0,0.088
2023-08-28 12:00:00+00:00,83.34,0.08334
2023-08-28 13:00:00+00:00,81.51,0.08151
2023-08-28 14:00:00+00:00,90.0,0.09
2023-08-28 15:00:00+00:00,99.91,0.09991
2023-08-28 16:00:00+00:00,130.0,0.13
2023-08-28 17:00:00+00:00,166.23,0.16623
2023-08-28 18:00:00+00:00,166.73,0.16673
2023-08-28 19:00:00+00:00,142.4,0.1424
2023-08-28 20:00:00+00:00,123.72,0.12372
2023-08-28 21:00:00+00:00,107.94,0.10794
2023-08-28 22:00:00+00:00,103.12,0.10312
2023-08-28 23:00:00+00:00,96.97,0.09697
2023-08-29 00:00:00+00:00,95.04,0.09504
2023-08-29 01:00:00+00:00,95.04,0.09504
2023-08-29 02:00:00+00:00,95.05,0.09505
2023-08-29 03:00:00+00:00,98.81,0.09881000000000001
2023-08-29 04:00:00+00:00,116.62,0.11662
2023-08-29 05:00:00+00:00,144.56,0.14456
2023-08-29 06:00:00+00:00,119.9,0.1199
2023-08-29 07:00:00+00:00,117.8,0.1178
2023-08-29 08:00:00+00:00,103.93,0.10393000000000001
2023-08-29 09:00:00+00:00,95.3,0.0953
2023-08-29 10:00:00+00:00,93.0,0.093
2023-08-29 11:00:00+00:00,90.1,0.0901
2023-08-29 12:00:00+00:00,89.0,0.089
2023-08-29 13:00:00+00:00,91.5,0.0915
2023-08-29 14:00:00+00:00,100.0,0.1
2023-08-29 15:00:00+00:00,94.6,0.09459999999999999
2023-08-29 16:00:00+00:00,115.5,0.1155
2023-08-29 17:00:00+00:00,145.59,0.14559
2023-08-29 18:00:00+00:00,158.54,0.15854
2023-08-29 19:00:00+00:00,136.68,0.13668
2023-08-29 20:00:00+00:00,122.08,0.12208
2023-08-29 21:00:00+00:00,102.81,0.10281
2023-08-29 22:00:00+00:00,100.12,0.10012
2023-08-29 23:00:00+00:00,98.6,0.0986
2023-08-30 00:00:00+00:00,96.36,0.09636
2023-08-30 01:00:00+00:00,93.49,0.09348999999999999
2023-08-30 02:00:00+00:00,93.71,0.09370999999999999
2023-08-30 03:00:00+00:00,94.59,0.09459000000000001
2023-08-30 04:00:00+00:00,110.1,0.11009999999999999
2023-08-30 05:00:00+00:00,133.64,0.13363999999999998
2023-08-30 06:00:00+00:00,136.85,0.13685
2023-08-30 07:00:00+00:00,124.5,0.1245
2023-08-30 08:00:00+00:00,110.2,0.1102
2023-08-30 09:00:00+00:00,98.87,0.09887
2023-08-30 10:00:00+00:00,97.38,0.09738
2023-08-30 11:00:00+00:00,95.28,0.09528
2023-08-30 12:00:00+00:00,94.02,0.09401999999999999
2023-08-30 13:00:00+00:00,96.65,0.09665
2023-08-30 14:00:00+00:00,95.74,0.09573999999999999
2023-08-30 15:00:00+00:00,109.89,0.10989
2023-08-30 16:00:00+00:00,130.0,0.13
2023-08-30 17:00:00+00:00,161.84,0.16184
2023-08-30 18:00:00+00:00,163.0,0.163
2023-08-30 19:00:00+00:00,134.4,0.13440000000000002
2023-08-30 20:00:00+00:00,119.49,0.11949
2023-08-30 21:00:00+00:00,101.59,0.10159
2023-08-30 22:00:00+00:00,96.31,0.09631
2023-08-30 23:00:00+00:00,91.76,0.09176000000000001
2023-08-31 00:00:00+00:00,91.43,0.09143000000000001
2023-08-31 01:00:00+00:00,90.78,0.09078
2023-08-31 02:00:00+00:00,88.51,0.08851
2023-08-31 03:00:00+00:00,91.55,0.09154999999999999
2023-08-31 04:00:00+00:00,105.3,0.10529999999999999
2023-08-31 05:00:00+00:00,135.61,0.13561
2023-08-31 06:00:00+00:00,127.8,0.1278
2023-08-31 07:00:00+00:00,114.09,0.11409
2023-08-31 08:00:00+00:00,96.91,0.09691
2023-08-31 09:00:00+00:00,92.0,0.092
2023-08-31 10:00:00+00:00,90.06,0.09006
2023-08-31 11:00:00+00:00,84.98,0.08498
2023-08-31 12:00:00+00:00,81.68,0.08168
2023-08-31 13:00:00+00:00,86.68,0.08668000000000001
2023-08-31 14:00:00+00:00,89.34,0.08934
2023-08-31 15:00:00+00:00,99.8,0.0998
2023-08-31 16:00:00+00:00,118.97,0.11896999999999999
2023-08-31 17:00:00+00:00,148.55,0.14855000000000002
2023-08-31 18:00:00+00:00,138.99,0.13899
2023-08-31 19:00:00+00:00,125.67,0.12567
2023-08-31 20:00:00+00:00,106.07,0.10607
2023-08-31 21:00:00+00:00,96.89,0.09689
2023-08-31 22:00:00+00:00,98.9,0.0989
2023-08-31 23:00:00+00:00,95.97,0.09597
2023-09-01 00:00:00+00:00,93.29,0.09329000000000001
2023-09-01 01:00:00+00:00,93.74,0.09373999999999999
2023-09-01 02:00:00+00:00,94.08,0.09408
2023-09-01 03:00:00+00:00,97.2,0.09720000000000001
2023-09-01 04:00:00+00:00,112.04,0.11204
2023-09-01 05:00:00+00:00,128.43,0.12843000000000002
2023-09-01 06:00:00+00:00,129.43,0.12943000000000002
2023-09-01 07:00:00+00:00,111.3,0.1113
2023-09-01 08:00:00+00:00,102.22,0.10222
2023-09-01 09:00:00+00:00,96.52,0.09652
2023-09-01 10:00:00+00:00,92.02,0.09201999999999999
2023-09-01 11:00:00+00:00,88.9,0.0889
2023-09-01 12:00:00+00:00,89.23,0.08923
2023-09-01 13:00:00+00:00,92.55,0.09255
2023-09-01 14:00:00+00:00,94.08,0.09408
2023-09-01 15:00:00+00:00,106.05,0.10604999999999999
2023-09-01 16:00:00+00:00,125.5,0.1255
2023-09-01 17:00:00+00:00,147.73,0.14773
2023-09-01 18:00:00+00:00,144.48,0.14448
2023-09-01 19:00:00+00:00,127.82,0.12782
2023-09-01 20:00:00+00:00,118.56,0.11856
2023-09-01 21:00:00+00:00,114.65,0.11465
2023-09-01 22:00:00+00:00,107.46,0.10746
2023-09-01 23:00:00+00:00,102.7,0.1027
2023-09-02 00:00:00+00:00,100.0,0.1
2023-09-02 01:00:00+00:00,96.47,0.09647
2023-09-02 02:00:00+00:00,95.84,0.09584000000000001
2023-09-02 03:00:00+00:00,96.3,0.0963
2023-09-02 04:00:00+00:00,101.02,0.10102
2023-09-02 05:00:00+00:00,101.09,0.10109
2023-09-02 06:00:00+00:00,100.22,0.10022
2023-09-02 07:00:00+00:00,94.58,0.09458
2023-09-02 08:00:00+00:00,89.77,0.08977
2023-09-02 09:00:00+00:00,79.9,0.0799
2023-09-02 10:00:00+00:00,76.0,0.076
2023-09-02 11:00:00+00:00,62.99,0.06299
2023-09-02 12:00:00+00:00,55.35,0.05535
2023-09-02 13:00:00+00:00,69.4,0.0694
2023-09-02 14:00:00+00:00,80.01,0.08001000000000001
2023-09-02 15:00:00+00:00,93.45,0.09345
2023-09-02 16:00:00+00:00,110.0,0.11
2023-09-02 17:00:00+00:00,121.86,0.12186
2023-09-02 18:00:00+00:00,126.9,0.1269
2023-09-02 19:00:00+00:00,115.19,0.11519
2023-09-02 20:00:00+00:00,105.64,0.10564
2023-09-02 21:00:00+00:00,97.34,0.09734000000000001
2023-09-02 22:00:00+00:00,105.28,0.10528
2023-09-02 23:00:00+00:00,101.02,0.10102
2023-09-03 00:00:00+00:00,103.79,0.10379000000000001
2023-09-03 01:00:00+00:00,104.37,0.10437
2023-09-03 02:00:00+00:00,100.37,0.10037
2023-09-03 03:00:00+00:00,99.9,0.0999
2023-09-03 04:00:00+00:00,100.26,0.10026
2023-09-03 05:00:00+00:00,97.12,0.09712
2023-09-03 06:00:00+00:00,90.67,0.09067
2023-09-03 07:00:00+00:00,83.0,0.083
2023-09-03 08:00:00+00:00,60.3,0.0603
2023-09-03 09:00:00+00:00,43.43,0.043429999999999996
2023-09-03 10:00:00+00:00,21.37,0.02137
2023-09-03 11:00:00+00:00,11.33,0.01133
2023-09-03 12:00:00+00:00,4.94,0.004940000000000001
2023-09-03 13:00:00+00:00,15.71,0.015710000000000002
2023-09-03 14:00:00+00:00,53.66,0.05366
2023-09-03 15:00:00+00:00,95.1,0.09509999999999999
2023-09-03 16:00:00+00:00,110.03,0.11003
2023-09-03 17:00:00+00:00,125.19,0.12519
2023-09-03 18:00:00+00:00,138.59,0.13859
2023-09-03 19:00:00+00:00,120.11,0.12011
2023-09-03 20:00:00+00:00,109.83,0.10983
2023-09-03 21:00:00+00:00,101.17,0.10117
2023-09-03 22:00:00+00:00,100.85,0.10085
2023-09-03 23:00:00+00:00,94.49,0.09448999999999999
2023-09-04 00:00:00+00:00,93.14,0.09314
2023-09-04 01:00:00+00:00,93.59,0.09359
2023-09-04 02:00:00+00:00,93.19,0.09319
2023-09-04 03:00:00+00:00,103.38,0.10338
2023-09-04 04:00:00+00:00,127.33,0.12733
2023-09-04 05:00:00+00:00,144.33,0.14433
2023-09-04 06:00:00+00:00,129.92,0.12991999999999998
2023-09-04 07:00:00+00:00,109.36,0.10936
2023-09-04 08:00:00+00:00,92.88,0.09287999999999999
2023-09-04 09:00:00+00:00,82.07,0.08206999999999999
2023-09-04 10:00:00+00:00,77.65,0.07765000000000001
2023-09-04 11:00:00+00:00,72.51,0.07251
2023-09-04 12:00:00+00:00,72.03,0.07203
2023-09-04 13:00:00+00:00,79.35,0.07934999999999999
2023-09-04 14:00:00+00:00,88.81,0.08881
2023-09-04 15:00:00+00:00,108.72,0.10872
2023-09-04 16:00:00+00:00,128.0,0.128
2023-09-04 17:00:00+00:00,184.78,0.18478
2023-09-04 18:00:00+00:00,172.04,0.17204
2023-09-04 19:00:00+00:00,125.69,0.12569
2023-09-04 20:00:00+00:00,105.01,0.10501
2023-09-04 21:00:00+00:00,95.56,0.09556
2023-09-04 22:00:00+00:00,92.19,0.09219
2023-09-04 23:00:00+00:00,92.13,0.09212999999999999
2023-09-05 00:00:00+00:00,89.0,0.089
2023-09-05 01:00:00+00:00,90.15,0.09015000000000001
2023-09-05 02:00:00+00:00,89.36,0.08936
2023-09-05 03:00:00+00:00,95.6,0.09559999999999999
2023-09-05 04:00:00+00:00,120.0,0.12
2023-09-05 05:00:00+00:00,126.0,0.126
2023-09-05 06:00:00+00:00,118.1,0.1181
2023-09-05 07:00:00+00:00,97.78,0.09778
2023-09-05 08:00:00+00:00,88.0,0.088
2023-09-05 09:00:00+00:00,81.85,0.08184999999999999
2023-09-05 10:00:00+00:00,72.0,0.072
2023-09-05 11:00:00+00:00,74.9,0.07490000000000001
2023-09-05 12:00:00+00:00,73.94,0.07393999999999999
2023-09-05 13:00:00+00:00,83.0,0.083
2023-09-05 14:00:00+00:00,88.51,0.08851
2023-09-05 15:00:00+00:00,103.26,0.10326
2023-09-05 16:00:00+00:00,129.1,0.1291
2023-09-05 17:00:00+00:00,179.22,0.17922
2023-09-05 18:00:00+00:00,154.27,0.15427000000000002
2023-09-05 19:00:00+00:00,121.95,0.12195
2023-09-05 20:00:00+00:00,107.61,0.10761
2023-09-05 21:00:00+00:00,96.03,0.09603
2023-09-05 22:00:00+00:00,88.89,0.08889
2023-09-05 23:00:00+00:00,85.52,0.08552
2023-09-06 00:00:00+00:00,84.11,0.08411
2023-09-06 01:00:00+00:00,84.19,0.08419
2023-09-06 02:00:00+00:00,79.47,0.07947
2023-09-06 03:00:00+00:00,92.24,0.09223999999999999
2023-09-06 04:00:00+00:00,115.39,0.11539
2023-09-06 05:00:00+00:00,141.13,0.14113
2023-09-06 06:00:00+00:00,119.19,0.11919
2023-09-06 07:00:00+00:00,97.73,0.09773
2023-09-06 08:00:00+00:00,88.65,0.08865
2023-09-06 09:00:00+00:00,82.1,0.08209999999999999
2023-09-06 10:00:00+00:00,75.02,0.07501999999999999
2023-09-06 11:00:00+00:00,70.1,0.0701
2023-09-06 12:00:00+00:00,75.48,0.07548
2023-09-06 13:00:00+00:00,82.5,0.0825
2023-09-06 14:00:00+00:00,91.44,0.09144
2023-09-06 15:00:00+00:00,105.87,0.10587
2023-09-06 16:00:00+00:00,145.83,0.14583000000000002
2023-09-06 17:00:00+00:00,188.61,0.18861
2023-09-06 18:00:00+00:00,166.04,0.16604
2023-09-06 19:00:00+00:00,123.13,0.12312999999999999
2023-09-06 20:00:00+00:00,105.5,0.1055
2023-09-06 21:00:00+00:00,95.72,0.09572
2023-09-06 22:00:00+00:00,95.42,0.09542
2023-09-06 23:00:00+00:00,91.37,0.09137
2023-09-07 00:00:00+00:00,89.08,0.08907999999999999
2023-09-07 01:00:00+00:00,83.98,0.08398
2023-09-07 02:00:00+00:00,88.67,0.08867
2023-09-07 03:00:00+00:00,92.44,0.09244
2023-09-07 04:00:00+00:00,115.64,0.11564
2023-09-07 05:00:00+00:00,130.0,0.13
2023-09-07 06:00:00+00:00,126.0,0.126
2023-09-07 07:00:00+00:00,102.68,0.10268000000000001
2023-09-07 08:00:00+00:00,88.22,0.08821999999999999
2023-09-07 09:00:00+00:00,83.03,0.08303
2023-09-07 10:00:00+00:00,67.62,0.06762
2023-09-07 11:00:00+00:00,56.12,0.056119999999999996
2023-09-07 12:00:00+00:00,59.48,0.05948
2023-09-07 13:00:00+00:00,82.0,0.082
2023-09-07 14:00:00+00:00,88.3,0.0883
2023-09-07 15:00:00+00:00,103.14,0.10314
2023-09-07 16:00:00+00:00,133.53,0.13353
2023-09-07 17:00:00+00:00,167.27,0.16727
2023-09-07 18:00:00+00:00,146.73,0.14673
2023-09-07 19:00:00+00:00,118.0,0.118
2023-09-07 20:00:00+00:00,101.4,0.1014
2023-09-07 21:00:00+00:00,88.91,0.08891
2023-09-07 22:00:00+00:00,84.62,0.08462
2023-09-07 23:00:00+00:00,81.52,0.08152
2023-09-08 00:00:00+00:00,82.06,0.08206000000000001
2023-09-08 01:00:00+00:00,82.1,0.08209999999999999
2023-09-08 02:00:00+00:00,86.71,0.08671
2023-09-08 03:00:00+00:00,91.82,0.09182
2023-09-08 04:00:00+00:00,111.26,0.11126000000000001
2023-09-08 05:00:00+00:00,131.69,0.13169
2023-09-08 06:00:00+00:00,122.51,0.12251000000000001
2023-09-08 07:00:00+00:00,100.17,0.10017
2023-09-08 08:00:00+00:00,89.86,0.08986
2023-09-08 09:00:00+00:00,82.48,0.08248
2023-09-08 10:00:00+00:00,72.71,0.07271
2023-09-08 11:00:00+00:00,70.45,0.07045
2023-09-08 12:00:00+00:00,72.22,0.07221999999999999
2023-09-08 13:00:00+00:00,80.23,0.08023000000000001
2023-09-08 14:00:00+00:00,88.41,0.08841
2023-09-08 15:00:00+00:00,107.9,0.10790000000000001
2023-09-08 16:00:00+00:00,170.28,0.17028000000000001
2023-09-08 17:00:00+00:00,230.0,0.23
2023-09-08 18:00:00+00:00,194.24,0.19424
2023-09-08 19:00:00+00:00,132.08,0.13208
2023-09-08 20:00:00+00:00,113.93,0.11393
2023-09-08 21:00:00+00:00,105.98,0.10598
2023-09-08 22:00:00+00:00,105.2,0.1052
2023-09-08 23:00:00+00:00,102.47,0.10247
2023-09-09 00:00:00+00:00,100.01,0.10001
2023-09-09 01:00:00+00:00,100.0,0.1
2023-09-09 02:00:00+00:00,100.85,0.10085
2023-09-09 03:00:00+00:00,99.8,0.0998
2023-09-09 04:00:00+00:00,103.83,0.10382999999999999
2023-09-09 05:00:00+00:00,104.04,0.10404000000000001
2023-09-09 06:00:00+00:00,96.09,0.09609000000000001
2023-09-09 07:00:00+00:00,89.77,0.08977
2023-09-09 08:00:00+00:00,78.79,0.07879000000000001
2023-09-09 09:00:00+00:00,65.53,0.06553
2023-09-09 10:00:00+00:00,-2.16,-0.00216
2023-09-09 11:00:00+00:00,-8.09,-0.00809
2023-09-09 12:00:00+00:00,2.15,0.00215
2023-09-09 13:00:00+00:00,57.89,0.057890000000000004
2023-09-09 14:00:00+00:00,78.8,0.0788
2023-09-09 15:00:00+00:00,97.38,0.09738
2023-09-09 16:00:00+00:00,120.59,0.12059
2023-09-09 17:00:00+00:00,152.0,0.152
2023-09-09 18:00:00+00:00,157.49,0.15749000000000002
2023-09-09 19:00:00+00:00,131.78,0.13178
2023-09-09 20:00:00+00:00,110.9,0.11090000000000001
2023-09-09 21:00:00+00:00,103.16,0.10316
2023-09-09 22:00:00+00:00,105.85,0.10585
2023-09-09 23:00:00+00:00,104.56,0.10456
2023-09-10 00:00:00+00:00,103.7,0.1037
2023-09-10 01:00:00+00:00,101.42,0.10142
2023-09-10 02:00:00+00:00,97.63,0.09763
2023-09-10 03:00:00+00:00,98.72,0.09872
2023-09-10 04:00:00+00:00,99.35,0.09935
2023-09-10 05:00:00+00:00,97.98,0.09798
2023-09-10 06:00:00+00:00,94.11,0.09411
2023-09-10 07:00:00+00:00,89.13,0.08913
2023-09-10 08:00:00+00:00,56.04,0.05604
2023-09-10 09:00:00+00:00,18.0,0.018
2023-09-10 10:00:00+00:00,8.28,0.00828
2023-09-10 11:00:00+00:00,0.03,2.9999999999999997e-05
2023-09-10 12:00:00+00:00,0.0,0.0
2023-09-10 13:00:00+00:00,26.33,0.02633
2023-09-10 14:00:00+00:00,79.0,0.079
2023-09-10 15:00:00+00:00,100.24,0.10024
2023-09-10 16:00:00+00:00,121.19,0.12118999999999999
2023-09-10 17:00:00+00:00,150.6,0.15059999999999998
2023-09-10 18:00:00+00:00,151.9,0.1519
2023-09-10 19:00:00+00:00,131.57,0.13157
2023-09-10 20:00:00+00:00,113.93,0.11393
2023-09-10 21:00:00+00:00,100.86,0.10086
2023-09-10 22:00:00+00:00,105.0,0.105
2023-09-10 23:00:00+00:00,97.22,0.09722
2023-09-11 00:00:00+00:00,96.03,0.09603
2023-09-11 01:00:00+00:00,92.07,0.09207
2023-09-11 02:00:00+00:00,92.34,0.09234
2023-09-11 03:00:00+00:00,101.82,0.10182
2023-09-11 04:00:00+00:00,130.26,0.13026
2023-09-11 05:00:00+00:00,172.8,0.1728
2023-09-11 06:00:00+00:00,136.44,0.13644
2023-09-11 07:00:00+00:00,113.0,0.113
2023-09-11 08:00:00+00:00,95.16,0.09516
2023-09-11 09:00:00+00:00,78.26,0.07826000000000001
2023-09-11 10:00:00+00:00,79.97,0.07997
2023-09-11 11:00:00+00:00,84.7,0.0847
2023-09-11 12:00:00+00:00,87.86,0.08786
2023-09-11 13:00:00+00:00,92.53,0.09253
2023-09-11 14:00:00+00:00,100.18,0.10018
2023-09-11 15:00:00+00:00,131.45,0.13144999999999998
2023-09-11 16:00:00+00:00,266.71,0.26671
2023-09-11 17:00:00+00:00,463.77,0.46376999999999996
2023-09-11 18:00:00+00:00,448.13,0.44813
2023-09-11 19:00:00+00:00,223.11,0.22311
2023-09-11 20:00:00+00:00,147.83,0.14783000000000002
2023-09-11 21:00:00+00:00,119.94,0.11993999999999999
2023-09-11 22:00:00+00:00,105.76,0.10576
2023-09-11 23:00:00+00:00,102.32,0.10232
2023-09-12 00:00:00+00:00,101.41,0.10141
2023-09-12 01:00:00+00:00,101.58,0.10158
2023-09-12 02:00:00+00:00,101.82,0.10182
2023-09-12 03:00:00+00:00,108.36,0.10836
2023-09-12 04:00:00+00:00,138.76,0.13876
2023-09-12 05:00:00+00:00,214.13,0.21413
2023-09-12 06:00:00+00:00,146.41,0.14640999999999998
2023-09-12 07:00:00+00:00,123.22,0.12322
2023-09-12 08:00:00+00:00,112.25,0.11225
2023-09-12 09:00:00+00:00,101.59,0.10159
2023-09-12 10:00:00+00:00,95.6,0.09559999999999999
2023-09-12 11:00:00+00:00,90.0,0.09
2023-09-12 12:00:00+00:00,96.89,0.09689
2023-09-12 13:00:00+00:00,99.9,0.0999
2023-09-12 14:00:00+00:00,108.96,0.10895999999999999
2023-09-12 15:00:00+00:00,139.57,0.13957
2023-09-12 16:00:00+00:00,189.37,0.18937
2023-09-12 17:00:00+00:00,260.0,0.26
2023-09-12 18:00:00+00:00,185.62,0.18562
2023-09-12 19:00:00+00:00,136.62,0.13662
2023-09-12 20:00:00+00:00,115.55,0.11555
2023-09-12 21:00:00+00:00,93.77,0.09376999999999999
2023-09-12 22:00:00+00:00,106.45,0.10645
2023-09-12 23:00:00+00:00,99.9,0.0999
2023-09-13 00:00:00+00:00,97.74,0.09774
2023-09-13 01:00:00+00:00,93.44,0.09344
2023-09-13 02:00:00+00:00,85.22,0.08522
2023-09-13 03:00:00+00:00,71.58,0.07158
2023-09-13 04:00:00+00:00,85.0,0.085
2023-09-13 05:00:00+00:00,115.08,0.11508
2023-09-13 06:00:00+00:00,137.72,0.13772
2023-09-13 07:00:00+00:00,124.91,0.12491
2023-09-13 08:00:00+00:00,103.21,0.10321
2023-09-13 09:00:00+00:00,96.86,0.09686
2023-09-13 10:00:00+00:00,90.9,0.09090000000000001
2023-09-13 11:00:00+00:00,91.5,0.0915
2023-09-13 12:00:00+00:00,90.81,0.09081
2023-09-13 13:00:00+00:00,85.21,0.08521
2023-09-13 14:00:00+00:00,92.7,0.0927
2023-09-13 15:00:00+00:00,103.55,0.10355
2023-09-13 16:00:00+00:00,124.83,0.12483
2023-09-13 17:00:00+00:00,149.9,0.1499
2023-09-13 18:00:00+00:00,140.94,0.14094
2023-09-13 19:00:00+00:00,122.79,0.12279000000000001
2023-09-13 20:00:00+00:00,106.41,0.10640999999999999
2023-09-13 21:00:00+00:00,98.07,0.09806999999999999
2023-09-13 22:00:00+00:00,96.3,0.0963
2023-09-13 23:00:00+00:00,94.62,0.09462000000000001
2023-09-14 00:00:00+00:00,96.4,0.0964
2023-09-14 01:00:00+00:00,96.37,0.09637000000000001
2023-09-14 02:00:00+00:00,92.59,0.09259
2023-09-14 03:00:00+00:00,100.5,0.1005
2023-09-14 04:00:00+00:00,134.42,0.13441999999999998
2023-09-14 05:00:00+00:00,178.7,0.1787
2023-09-14 06:00:00+00:00,150.58,0.15058000000000002
2023-09-14 07:00:00+00:00,118.02,0.11802
2023-09-14 08:00:00+00:00,96.82,0.09681999999999999
2023-09-14 09:00:00+00:00,88.81,0.08881
2023-09-14 10:00:00+00:00,85.13,0.08513
2023-09-14 11:00:00+00:00,83.14,0.08314
2023-09-14 12:00:00+00:00,87.42,0.08742
2023-09-14 13:00:00+00:00,85.0,0.085
2023-09-14 14:00:00+00:00,94.16,0.09416
2023-09-14 15:00:00+00:00,113.0,0.113
2023-09-14 16:00:00+00:00,163.77,0.16377
2023-09-14 17:00:00+00:00,216.96,0.21696000000000001
2023-09-14 18:00:00+00:00,178.62,0.17862
2023-09-14 19:00:00+00:00,131.89,0.13188999999999998
2023-09-14 20:00:00+00:00,114.13,0.11413
2023-09-14 21:00:00+00:00,99.37,0.09937
2023-09-14 22:00:00+00:00,100.89,0.10089000000000001
2023-09-14 23:00:00+00:00,97.01,0.09701
2023-09-15 00:00:00+00:00,96.4,0.0964
2023-09-15 01:00:00+00:00,97.64,0.09764
2023-09-15 02:00:00+00:00,99.2,0.0992
2023-09-15 03:00:00+00:00,99.43,0.09943
2023-09-15 04:00:00+00:00,128.81,0.12881
2023-09-15 05:00:00+00:00,145.93,0.14593
2023-09-15 06:00:00+00:00,125.07,0.12507
2023-09-15 07:00:00+00:00,104.38,0.10438
2023-09-15 08:00:00+00:00,93.58,0.09358
2023-09-15 09:00:00+00:00,89.46,0.08946
2023-09-15 10:00:00+00:00,78.57,0.07856999999999999
2023-09-15 11:00:00+00:00,62.9,0.0629
2023-09-15 12:00:00+00:00,71.2,0.0712
2023-09-15 13:00:00+00:00,84.3,0.0843
2023-09-15 14:00:00+00:00,93.35,0.09334999999999999
2023-09-15 15:00:00+00:00,113.6,0.11359999999999999
2023-09-15 16:00:00+00:00,149.2,0.1492
2023-09-15 17:00:00+00:00,178.78,0.17878
2023-09-15 18:00:00+00:00,139.68,0.13968
2023-09-15 19:00:00+00:00,112.66,0.11266
2023-09-15 20:00:00+00:00,100.98,0.10098
2023-09-15 21:00:00+00:00,95.77,0.09577
2023-09-15 22:00:00+00:00,96.24,0.09623999999999999
2023-09-15 23:00:00+00:00,94.02,0.09401999999999999
2023-09-16 00:00:00+00:00,94.42,0.09442
2023-09-16 01:00:00+00:00,95.09,0.09509000000000001
2023-09-16 02:00:00+00:00,100.52,0.10052
2023-09-16 03:00:00+00:00,95.27,0.09527
2023-09-16 04:00:00+00:00,106.53,0.10653
2023-09-16 05:00:00+00:00,113.16,0.11316
2023-09-16 06:00:00+00:00,102.0,0.102
2023-09-16 07:00:00+00:00,90.79,0.09079000000000001
2023-09-16 08:00:00+00:00,79.0,0.079
2023-09-16 09:00:00+00:00,64.97,0.06497
2023-09-16 10:00:00+00:00,54.48,0.054479999999999994
2023-09-16 11:00:00+00:00,32.44,0.03244
2023-09-16 12:00:00+00:00,34.4,0.0344
2023-09-16 13:00:00+00:00,74.46,0.07446
2023-09-16 14:00:00+00:00,85.26,0.08526
2023-09-16 15:00:00+00:00,103.16,0.10316
2023-09-16 16:00:00+00:00,127.7,0.1277
2023-09-16 17:00:00+00:00,170.93,0.17093
2023-09-16 18:00:00+00:00,140.05,0.14005
2023-09-16 19:00:00+00:00,117.35,0.11735
2023-09-16 20:00:00+00:00,105.03,0.10503
2023-09-16 21:00:00+00:00,99.9,0.0999
2023-09-16 22:00:00+00:00,108.99,0.10898999999999999
2023-09-16 23:00:00+00:00,105.35,0.10535
2023-09-17 00:00:00+00:00,106.54,0.10654000000000001
2023-09-17 01:00:00+00:00,103.63,0.10363
2023-09-17 02:00:00+00:00,101.7,0.1017
2023-09-17 03:00:00+00:00,100.1,0.1001
2023-09-17 04:00:00+00:00,100.0,0.1
2023-09-17 05:00:00+00:00,103.33,0.10333
2023-09-17 06:00:00+00:00,95.38,0.09537999999999999
2023-09-17 07:00:00+00:00,84.5,0.0845
2023-09-17 08:00:00+00:00,71.58,0.07158
2023-09-17 09:00:00+00:00,39.51,0.039509999999999997
2023-09-17 10:00:00+00:00,21.21,0.02121
2023-09-17 11:00:00+00:00,4.08,0.00408
2023-09-17 12:00:00+00:00,4.3,0.0043
2023-09-17 13:00:00+00:00,38.7,0.038700000000000005
2023-09-17 14:00:00+00:00,80.68,0.08068
2023-09-17 15:00:00+00:00,109.9,0.10990000000000001
2023-09-17 16:00:00+00:00,132.0,0.132
2023-09-17 17:00:00+00:00,151.9,0.1519
2023-09-17 18:00:00+00:00,126.96,0.12696
2023-09-17 19:00:00+00:00,118.25,0.11825
2023-09-17 20:00:00+00:00,108.91,0.10890999999999999
2023-09-17 21:00:00+00:00,99.18,0.09918
2023-09-17 22:00:00+00:00,112.2,0.11220000000000001
2023-09-17 23:00:00+00:00,88.96,0.08896
2023-09-18 00:00:00+00:00,81.73,0.08173
2023-09-18 01:00:00+00:00,81.8,0.0818
2023-09-18 02:00:00+00:00,79.85,0.07984999999999999
2023-09-18 03:00:00+00:00,87.42,0.08742
2023-09-18 04:00:00+00:00,115.4,0.1154
2023-09-18 05:00:00+00:00,135.76,0.13576
2023-09-18 06:00:00+00:00,165.0,0.165
2023-09-18 07:00:00+00:00,105.85,0.10585
2023-09-18 08:00:00+00:00,90.65,0.09065000000000001
2023-09-18 09:00:00+00:00,74.3,0.07429999999999999
2023-09-18 10:00:00+00:00,54.16,0.05416
2023-09-18 11:00:00+00:00,9.57,0.00957
2023-09-18 12:00:00+00:00,8.88,0.00888
2023-09-18 13:00:00+00:00,0.1,0.0001
2023-09-18 14:00:00+00:00,45.0,0.045
2023-09-18 15:00:00+00:00,100.0,0.1
2023-09-18 16:00:00+00:00,115.0,0.115
2023-09-18 17:00:00+00:00,156.4,0.1564
2023-09-18 18:00:00+00:00,125.65,0.12565
2023-09-18 19:00:00+00:00,103.97,0.10396999999999999
2023-09-18 20:00:00+00:00,92.4,0.09240000000000001
2023-09-18 21:00:00+00:00,72.28,0.07228
2023-09-18 22:00:00+00:00,1.02,0.00102
2023-09-18 23:00:00+00:00,-0.09,-8.999999999999999e-05
2023-09-19 00:00:00+00:00,-0.1,-0.0001
2023-09-19 01:00:00+00:00,-0.13,-0.00013000000000000002
2023-09-19 02:00:00+00:00,-1.24,-0.00124
2023-09-19 03:00:00+00:00,0.0,0.0
2023-09-19 04:00:00+00:00,70.84,0.07084
2023-09-19 05:00:00+00:00,104.83,0.10482999999999999
2023-09-19 06:00:00+00:00,109.7,0.1097
2023-09-19 07:00:00+00:00,82.86,0.08286
2023-09-19 08:00:00+00:00,0.01,1e-05
2023-09-19 09:00:00+00:00,-0.08,-8e-05
2023-09-19 10:00:00+00:00,-3.5,-0.0035
2023-09-19 11:00:00+00:00,-5.34,-0.00534
2023-09-19 12:00:00+00:00,-4.85,-0.004849999999999999
2023-09-19 13:00:00+00:00,-2.95,-0.0029500000000000004
2023-09-19 14:00:00+00:00,0.0,0.0
2023-09-19 15:00:00+00:00,48.17,0.048170000000000004
2023-09-19 16:00:00+00:00,97.51,0.09751
2023-09-19 17:00:00+00:00,116.48,0.11648
2023-09-19 18:00:00+00:00,110.23,0.11023000000000001
2023-09-19 19:00:00+00:00,87.16,0.08716
2023-09-19 20:00:00+00:00,66.81,0.06681000000000001
2023-09-19 21:00:00+00:00,16.35,0.01635
2023-09-19 22:00:00+00:00,0.79,0.00079
2023-09-19 23:00:00+00:00,0.0,0.0
2023-09-20 00:00:00+00:00,-1.6,-0.0016
2023-09-20 01:00:00+00:00,-2.91,-0.0029100000000000003
2023-09-20 02:00:00+00:00,-2.67,-0.00267
2023-09-20 03:00:00+00:00,8.7,0.0087
2023-09-20 04:00:00+00:00,70.64,0.07064
2023-09-20 05:00:00+00:00,98.64,0.09864
2023-09-20 06:00:00+00:00,105.64,0.10564
2023-09-20 07:00:00+00:00,80.88,0.08088
2023-09-20 08:00:00+00:00,0.06,5.9999999999999995e-05
2023-09-20 09:00:00+00:00,-0.89,-0.0008900000000000001
2023-09-20 10:00:00+00:00,-3.33,-0.00333
2023-09-20 11:00:00+00:00,-5.34,-0.00534
2023-09-20 12:00:00+00:00,-4.94,-0.004940000000000001
2023-09-20 13:00:00+00:00,-1.83,-0.00183
2023-09-20 14:00:00+00:00,0.95,0.00095
2023-09-20 15:00:00+00:00,82.26,0.08226
2023-09-20 16:00:00+00:00,123.61,0.12361
2023-09-20 17:00:00+00:00,169.9,0.1699
2023-09-20 18:00:00+00:00,122.0,0.122
2023-09-20 19:00:00+00:00,95.74,0.09573999999999999
2023-09-20 20:00:00+00:00,86.65,0.08665
2023-09-20 21:00:00+00:00,76.47,0.07647
2023-09-20 22:00:00+00:00,74.55,0.07454999999999999
2023-09-20 23:00:00+00:00,65.61,0.06561
2023-09-21 00:00:00+00:00,48.89,0.04889
2023-09-21 01:00:00+00:00,26.51,0.026510000000000002
2023-09-21 02:00:00+00:00,42.78,0.04278
2023-09-21 03:00:00+00:00,66.3,0.0663
2023-09-21 04:00:00+00:00,94.9,0.09490000000000001
2023-09-21 05:00:00+00:00,116.34,0.11634
2023-09-21 06:00:00+00:00,115.82,0.11581999999999999
2023-09-21 07:00:00+00:00,102.74,0.10274
2023-09-21 08:00:00+00:00,97.71,0.09770999999999999
2023-09-21 09:00:00+00:00,101.3,0.1013
2023-09-21 10:00:00+00:00,96.3,0.0963
2023-09-21 11:00:00+00:00,95.6,0.09559999999999999
2023-09-21 12:00:00+00:00,100.0,0.1
2023-09-21 13:00:00+00:00,93.8,0.0938
2023-09-21 14:00:00+00:00,105.82,0.10582
2023-09-21 15:00:00+00:00,124.04,0.12404000000000001
2023-09-21 16:00:00+00:00,179.01,0.17901
2023-09-21 17:00:00+00:00,245.21,0.24521
2023-09-21 18:00:00+00:00,148.29,0.14829
2023-09-21 19:00:00+00:00,114.8,0.1148
2023-09-21 20:00:00+00:00,100.1,0.1001
2023-09-21 21:00:00+00:00,94.75,0.09475
2023-09-21 22:00:00+00:00,90.1,0.0901
2023-09-21 23:00:00+00:00,87.16,0.08716
2023-09-22 00:00:00+00:00,91.54,0.09154000000000001
2023-09-22 01:00:00+00:00,95.15,0.09515000000000001
2023-09-22 02:00:00+00:00,99.61,0.09961
2023-09-22 03:00:00+00:00,95.53,0.09553
2023-09-22 04:00:00+00:00,110.0,0.11
2023-09-22 05:00:00+00:00,139.0,0.139
2023-09-22 06:00:00+00:00,134.79,0.13479
2023-09-22 07:00:00+00:00,118.28,0.11828
2023-09-22 08:00:00+00:00,99.64,0.09964
2023-09-22 09:00:00+00:00,90.93,0.09093000000000001
2023-09-22 10:00:00+00:00,85.65,0.08565
2023-09-22 11:00:00+00:00,76.49,0.07648999999999999
2023-09-22 12:00:00+00:00,70.89,0.07089
2023-09-22 13:00:00+00:00,73.26,0.07326
2023-09-22 14:00:00+00:00,85.27,0.08527
2023-09-22 15:00:00+00:00,99.9,0.0999
2023-09-22 16:00:00+00:00,130.23,0.13022999999999998
2023-09-22 17:00:00+00:00,152.27,0.15227000000000002
2023-09-22 18:00:00+00:00,133.46,0.13346
2023-09-22 19:00:00+00:00,114.63,0.11463
2023-09-22 20:00:00+00:00,105.93,0.10593000000000001
2023-09-22 21:00:00+00:00,103.06,0.10306
2023-09-22 22:00:00+00:00,109.04,0.10904000000000001
2023-09-22 23:00:00+00:00,101.86,0.10186
2023-09-23 00:00:00+00:00,97.05,0.09705
2023-09-23 01:00:00+00:00,91.72,0.09172
2023-09-23 02:00:00+00:00,89.43,0.08943000000000001
2023-09-23 03:00:00+00:00,91.78,0.09178
2023-09-23 04:00:00+00:00,98.88,0.09888
2023-09-23 05:00:00+00:00,107.2,0.1072
2023-09-23 06:00:00+00:00,109.99,0.10998999999999999
2023-09-23 07:00:00+00:00,104.68,0.10468000000000001
2023-09-23 08:00:00+00:00,90.75,0.09075
2023-09-23 09:00:00+00:00,84.9,0.0849
2023-09-23 10:00:00+00:00,79.89,0.07989
2023-09-23 11:00:00+00:00,70.55,0.07055
2023-09-23 12:00:00+00:00,53.09,0.053090000000000005
2023-09-23 13:00:00+00:00,71.2,0.0712
2023-09-23 14:00:00+00:00,78.23,0.07823000000000001
2023-09-23 15:00:00+00:00,99.09,0.09909
2023-09-23 16:00:00+00:00,130.99,0.13099
2023-09-23 17:00:00+00:00,156.19,0.15619
2023-09-23 18:00:00+00:00,145.0,0.145
2023-09-23 19:00:00+00:00,117.91,0.11791
2023-09-23 20:00:00+00:00,106.92,0.10692
2023-09-23 21:00:00+00:00,110.0,0.11
2023-09-23 22:00:00+00:00,98.71,0.09870999999999999
2023-09-23 23:00:00+00:00,87.24,0.08724
2023-09-24 00:00:00+00:00,77.73,0.07773000000000001
2023-09-24 01:00:00+00:00,74.2,0.0742
2023-09-24 02:00:00+00:00,78.05,0.07805
2023-09-24 03:00:00+00:00,82.52,0.08252
2023-09-24 04:00:00+00:00,87.5,0.0875
2023-09-24 05:00:00+00:00,91.0,0.091
2023-09-24 06:00:00+00:00,81.28,0.08128
2023-09-24 07:00:00+00:00,59.36,0.059359999999999996
2023-09-24 08:00:00+00:00,1.06,0.00106
2023-09-24 09:00:00+00:00,0.85,0.00085
2023-09-24 10:00:00+00:00,-0.03,-2.9999999999999997e-05
2023-09-24 11:00:00+00:00,-4.2,-0.004200000000000001
2023-09-24 12:00:00+00:00,-3.15,-0.00315
2023-09-24 13:00:00+00:00,-0.22,-0.00022
2023-09-24 14:00:00+00:00,3.2,0.0032
2023-09-24 15:00:00+00:00,79.65,0.07965000000000001
2023-09-24 16:00:00+00:00,130.0,0.13
2023-09-24 17:00:00+00:00,157.09,0.15709
2023-09-24 18:00:00+00:00,134.98,0.13498
2023-09-24 19:00:00+00:00,105.0,0.105
2023-09-24 20:00:00+00:00,90.19,0.09018999999999999
2023-09-24 21:00:00+00:00,72.19,0.07219
2023-09-24 22:00:00+00:00,34.63,0.03463
2023-09-24 23:00:00+00:00,10.0,0.01
2023-09-25 00:00:00+00:00,1.09,0.00109
2023-09-25 01:00:00+00:00,0.0,0.0
2023-09-25 02:00:00+00:00,0.49,0.00049
2023-09-25 03:00:00+00:00,42.25,0.04225
2023-09-25 04:00:00+00:00,98.9,0.0989
2023-09-25 05:00:00+00:00,139.15,0.13915
2023-09-25 06:00:00+00:00,143.0,0.143
2023-09-25 07:00:00+00:00,118.32,0.11832
2023-09-25 08:00:00+00:00,90.33,0.09033
2023-09-25 09:00:00+00:00,89.01,0.08901
2023-09-25 10:00:00+00:00,66.51,0.06651
2023-09-25 11:00:00+00:00,76.11,0.07611
2023-09-25 12:00:00+00:00,84.09,0.08409
2023-09-25 13:00:00+00:00,92.06,0.09206
2023-09-25 14:00:00+00:00,97.46,0.09745999999999999
2023-09-25 15:00:00+00:00,124.22,0.12422
2023-09-25 16:00:00+00:00,200.09,0.20009
2023-09-25 17:00:00+00:00,379.59,0.37959
2023-09-25 18:00:00+00:00,237.48,0.23748
2023-09-25 19:00:00+00:00,135.97,0.13597
2023-09-25 20:00:00+00:00,122.16,0.12215999999999999
2023-09-25 21:00:00+00:00,110.13,0.11012999999999999
2023-09-25 22:00:00+00:00,114.13,0.11413
2023-09-25 23:00:00+00:00,107.99,0.10798999999999999
2023-09-26 00:00:00+00:00,104.93,0.10493000000000001
2023-09-26 01:00:00+00:00,104.58,0.10457999999999999
2023-09-26 02:00:00+00:00,105.0,0.105
2023-09-26 03:00:00+00:00,107.99,0.10798999999999999
2023-09-26 04:00:00+00:00,147.8,0.14780000000000001
2023-09-26 05:00:00+00:00,253.63,0.25363
2023-09-26 06:00:00+00:00,161.95,0.16194999999999998
2023-09-26 07:00:00+00:00,117.83,0.11783
2023-09-26 08:00:00+00:00,100.59,0.10059
2023-09-26 09:00:00+00:00,95.52,0.09552
2023-09-26 10:00:00+00:00,91.28,0.09128
2023-09-26 11:00:00+00:00,82.95,0.08295
2023-09-26 12:00:00+00:00,90.0,0.09
2023-09-26 13:00:00+00:00,98.02,0.09802
2023-09-26 14:00:00+00:00,104.51,0.10451
2023-09-26 15:00:00+00:00,133.0,0.133
2023-09-26 16:00:00+00:00,171.24,0.17124
2023-09-26 17:00:00+00:00,228.02,0.22802
2023-09-26 18:00:00+00:00,160.34,0.16034
2023-09-26 19:00:00+00:00,126.27,0.12627
2023-09-26 20:00:00+00:00,108.06,0.10806
2023-09-26 21:00:00+00:00,101.28,0.10128
2023-09-26 22:00:00+00:00,105.51,0.10551
2023-09-26 23:00:00+00:00,102.0,0.102
2023-09-27 00:00:00+00:00,102.52,0.10252
2023-09-27 01:00:00+00:00,101.89,0.10189
2023-09-27 02:00:00+00:00,100.43,0.10043
2023-09-27 03:00:00+00:00,107.79,0.10779000000000001
2023-09-27 04:00:00+00:00,137.57,0.13757
2023-09-27 05:00:00+00:00,234.9,0.2349
2023-09-27 06:00:00+00:00,168.88,0.16888
2023-09-27 07:00:00+00:00,128.7,0.12869999999999998
2023-09-27 08:00:00+00:00,102.33,0.10233
2023-09-27 09:00:00+00:00,93.26,0.09326000000000001
2023-09-27 10:00:00+00:00,90.2,0.0902
2023-09-27 11:00:00+00:00,87.34,0.08734
2023-09-27 12:00:00+00:00,87.8,0.0878
2023-09-27 13:00:00+00:00,90.9,0.09090000000000001
2023-09-27 14:00:00+00:00,111.58,0.11158
2023-09-27 15:00:00+00:00,149.91,0.14991
2023-09-27 16:00:00+00:00,179.9,0.1799
2023-09-27 17:00:00+00:00,174.44,0.17443999999999998
2023-09-27 18:00:00+00:00,132.66,0.13266
2023-09-27 19:00:00+00:00,107.07,0.10707
2023-09-27 20:00:00+00:00,96.38,0.09638
2023-09-27 21:00:00+00:00,86.61,0.08660999999999999
2023-09-27 22:00:00+00:00,86.67,0.08667
2023-09-27 23:00:00+00:00,80.47,0.08047
2023-09-28 00:00:00+00:00,70.0,0.07
2023-09-28 01:00:00+00:00,62.0,0.062
2023-09-28 02:00:00+00:00,58.47,0.05847
2023-09-28 03:00:00+00:00,85.84,0.08584
2023-09-28 04:00:00+00:00,100.94,0.10094
2023-09-28 05:00:00+00:00,126.25,0.12625
2023-09-28 06:00:00+00:00,129.56,0.12956
2023-09-28 07:00:00+00:00,110.85,0.11084999999999999
2023-09-28 08:00:00+00:00,93.36,0.09336
2023-09-28 09:00:00+00:00,88.56,0.08856
2023-09-28 10:00:00+00:00,83.46,0.08345999999999999
2023-09-28 11:00:00+00:00,81.99,0.08199
2023-09-28 12:00:00+00:00,87.7,0.0877
2023-09-28 13:00:00+00:00,92.02,0.09201999999999999
2023-09-28 14:00:00+00:00,99.89,0.09989
2023-09-28 15:00:00+00:00,132.63,0.13263
2023-09-28 16:00:00+00:00,172.0,0.172
2023-09-28 17:00:00+00:00,239.75,0.23975
2023-09-28 18:00:00+00:00,156.51,0.15650999999999998
2023-09-28 19:00:00+00:00,127.57,0.12757
2023-09-28 20:00:00+00:00,117.82,0.11782
2023-09-28 21:00:00+00:00,110.4,0.11040000000000001
2023-09-28 22:00:00+00:00,108.5,0.1085
2023-09-28 23:00:00+00:00,96.34,0.09634000000000001
2023-09-29 00:00:00+00:00,86.59,0.08659
2023-09-29 01:00:00+00:00,82.17,0.08217
2023-09-29 02:00:00+00:00,38.99,0.038990000000000004
2023-09-29 03:00:00+00:00,68.11,0.06811
2023-09-29 04:00:00+00:00,105.26,0.10526
2023-09-29 05:00:00+00:00,132.92,0.13291999999999998
2023-09-29 06:00:00+00:00,130.05,0.13005
2023-09-29 07:00:00+00:00,106.82,0.10682
2023-09-29 08:00:00+00:00,92.07,0.09207
2023-09-29 09:00:00+00:00,87.37,0.08737
2023-09-29 10:00:00+00:00,82.05,0.08205
2023-09-29 11:00:00+00:00,72.44,0.07244
2023-09-29 12:00:00+00:00,77.04,0.07704000000000001
2023-09-29 13:00:00+00:00,90.7,0.0907
2023-09-29 14:00:00+00:00,96.22,0.09622
2023-09-29 15:00:00+00:00,112.12,0.11212000000000001
2023-09-29 16:00:00+00:00,132.9,0.13290000000000002
2023-09-29 17:00:00+00:00,140.58,0.14058
2023-09-29 18:00:00+00:00,132.96,0.13296
2023-09-29 19:00:00+00:00,113.4,0.1134
2023-09-29 20:00:00+00:00,106.57,0.10657
2023-09-29 21:00:00+00:00,101.07,0.10107
2023-09-29 22:00:00+00:00,99.91,0.09991
2023-09-29 23:00:00+00:00,93.64,0.09364
2023-09-30 00:00:00+00:00,90.0,0.09
2023-09-30 01:00:00+00:00,88.72,0.08872
2023-09-30 02:00:00+00:00,88.28,0.08828
2023-09-30 03:00:00+00:00,92.1,0.09209999999999999
2023-09-30 04:00:00+00:00,105.3,0.10529999999999999
2023-09-30 05:00:00+00:00,109.46,0.10945999999999999
2023-09-30 06:00:00+00:00,115.0,0.115
2023-09-30 07:00:00+00:00,105.25,0.10525
2023-09-30 08:00:00+00:00,87.51,0.08751
2023-09-30 09:00:00+00:00,70.53,0.07053
2023-09-30 10:00:00+00:00,42.76,0.04276
2023-09-30 11:00:00+00:00,5.0,0.005
2023-09-30 12:00:00+00:00,15.04,0.01504
2023-09-30 13:00:00+00:00,56.0,0.056
2023-09-30 14:00:00+00:00,85.01,0.08501
2023-09-30 15:00:00+00:00,107.24,0.10723999999999999
2023-09-30 16:00:00+00:00,133.73,0.13373
2023-09-30 17:00:00+00:00,159.08,0.15908
2023-09-30 18:00:00+00:00,134.1,0.1341
2023-09-30 19:00:00+00:00,111.81,0.11181
2023-09-30 20:00:00+00:00,107.4,0.10740000000000001
2023-09-30 21:00:00+00:00,101.04,0.10104
2023-09-30 22:00:00+00:00,102.73,0.10273
2023-09-30 23:00:00+00:00,94.14,0.09414
2023-10-01 00:00:00+00:00,88.6,0.0886
2023-10-01 01:00:00+00:00,80.42,0.08042
2023-10-01 02:00:00+00:00,84.89,0.08489000000000001
2023-10-01 03:00:00+00:00,81.54,0.08154
2023-10-01 04:00:00+00:00,82.12,0.08212
2023-10-01 05:00:00+00:00,88.08,0.08807999999999999
2023-10-01 06:00:00+00:00,82.1,0.08209999999999999
2023-10-01 07:00:00+00:00,62.73,0.06273
2023-10-01 08:00:00+00:00,40.0,0.04
2023-10-01 09:00:00+00:00,8.99,0.00899
2023-10-01 10:00:00+00:00,-0.04,-4e-05
2023-10-01 11:00:00+00:00,-3.1,-0.0031
2023-10-01 12:00:00+00:00,-1.19,-0.0011899999999999999
2023-10-01 13:00:00+00:00,1.53,0.0015300000000000001
2023-10-01 14:00:00+00:00,62.73,0.06273
2023-10-01 15:00:00+00:00,98.03,0.09803
2023-10-01 16:00:00+00:00,120.06,0.12006
2023-10-01 17:00:00+00:00,130.0,0.13
2023-10-01 18:00:00+00:00,130.0,0.13
2023-10-01 19:00:00+00:00,115.16,0.11516
2023-10-01 20:00:00+00:00,106.62,0.10662
2023-10-01 21:00:00+00:00,99.97,0.09997
2023-10-01 22:00:00+00:00,94.9,0.09490000000000001
2023-10-01 23:00:00+00:00,93.17,0.09317
2023-10-02 00:00:00+00:00,93.4,0.09340000000000001
2023-10-02 01:00:00+00:00,92.02,0.09201999999999999
2023-10-02 02:00:00+00:00,95.68,0.09568
2023-10-02 03:00:00+00:00,99.33,0.09933
2023-10-02 04:00:00+00:00,124.78,0.12478
2023-10-02 05:00:00+00:00,142.65,0.14265
2023-10-02 06:00:00+00:00,144.5,0.1445
2023-10-02 07:00:00+00:00,128.0,0.128
2023-10-02 08:00:00+00:00,105.35,0.10535
2023-10-02 09:00:00+00:00,92.39,0.09239
2023-10-02 10:00:00+00:00,90.34,0.09034
2023-10-02 11:00:00+00:00,87.92,0.08792
2023-10-02 12:00:00+00:00,88.15,0.08815
2023-10-02 13:00:00+00:00,90.5,0.0905
2023-10-02 14:00:00+00:00,104.6,0.1046
2023-10-02 15:00:00+00:00,127.79,0.12779000000000001
2023-10-02 16:00:00+00:00,199.48,0.19948
2023-10-02 17:00:00+00:00,245.05,0.24505000000000002
2023-10-02 18:00:00+00:00,160.07,0.16007
2023-10-02 19:00:00+00:00,120.0,0.12
2023-10-02 20:00:00+00:00,106.42,0.10642
2023-10-02 21:00:00+00:00,100.0,0.1
2023-10-02 22:00:00+00:00,97.58,0.09758
2023-10-02 23:00:00+00:00,87.85,0.08785
2023-10-03 00:00:00+00:00,71.94,0.07194
2023-10-03 01:00:00+00:00,30.91,0.03091
2023-10-03 02:00:00+00:00,9.83,0.00983
2023-10-03 03:00:00+00:00,2.02,0.00202
2023-10-03 04:00:00+00:00,5.29,0.00529
2023-10-03 05:00:00+00:00,44.74,0.04474
2023-10-03 06:00:00+00:00,133.2,0.13319999999999999
2023-10-03 07:00:00+00:00,135.3,0.1353
2023-10-03 08:00:00+00:00,119.92,0.11992
2023-10-03 09:00:00+00:00,84.2,0.0842
2023-10-03 10:00:00+00:00,64.89,0.06489
2023-10-03 11:00:00+00:00,27.8,0.027800000000000002
2023-10-03 12:00:00+00:00,0.07,7.000000000000001e-05
2023-10-03 13:00:00+00:00,0.0,0.0
2023-10-03 14:00:00+00:00,0.0,0.0
2023-10-03 15:00:00+00:00,67.5,0.0675
2023-10-03 16:00:00+00:00,108.0,0.108
2023-10-03 17:00:00+00:00,131.1,0.1311
2023-10-03 18:00:00+00:00,124.0,0.124
2023-10-03 19:00:00+00:00,99.9,0.0999
2023-10-03 20:00:00+00:00,97.4,0.0974
2023-10-03 21:00:00+00:00,84.89,0.08489000000000001
2023-10-03 22:00:00+00:00,52.2,0.0522
2023-10-03 23:00:00+00:00,44.0,0.044
2023-10-04 00:00:00+00:00,44.0,0.044
2023-10-04 01:00:00+00:00,37.64,0.03764
2023-10-04 02:00:00+00:00,35.07,0.03507
2023-10-04 03:00:00+00:00,47.97,0.04797
2023-10-04 04:00:00+00:00,98.56,0.09856000000000001
2023-10-04 05:00:00+00:00,116.86,0.11686
2023-10-04 06:00:00+00:00,121.22,0.12122
2023-10-04 07:00:00+00:00,105.87,0.10587
2023-10-04 08:00:00+00:00,77.66,0.07765999999999999
2023-10-04 09:00:00+00:00,67.0,0.067
2023-10-04 10:00:00+00:00,20.72,0.02072
2023-10-04 11:00:00+00:00,41.81,0.04181
2023-10-04 12:00:00+00:00,33.17,0.033170000000000005
2023-10-04 13:00:00+00:00,62.2,0.062200000000000005
2023-10-04 14:00:00+00:00,80.77,0.08077
2023-10-04 15:00:00+00:00,92.0,0.092
2023-10-04 16:00:00+00:00,99.4,0.0994
2023-10-04 17:00:00+00:00,127.78,0.12778
2023-10-04 18:00:00+00:00,116.1,0.1161
2023-10-04 19:00:00+00:00,87.81,0.08781
2023-10-04 20:00:00+00:00,85.59,0.08559
2023-10-04 21:00:00+00:00,77.86,0.07786
2023-10-04 22:00:00+00:00,82.7,0.08270000000000001
2023-10-04 23:00:00+00:00,76.88,0.07687999999999999
2023-10-05 00:00:00+00:00,70.3,0.0703
2023-10-05 01:00:00+00:00,61.2,0.061200000000000004
2023-10-05 02:00:00+00:00,69.0,0.069
2023-10-05 03:00:00+00:00,78.22,0.07822
2023-10-05 04:00:00+00:00,89.52,0.08952
2023-10-05 05:00:00+00:00,107.58,0.10758
2023-10-05 06:00:00+00:00,121.83,0.12183
2023-10-05 07:00:00+00:00,107.11,0.10711
2023-10-05 08:00:00+00:00,87.33,0.08733
2023-10-05 09:00:00+00:00,84.61,0.08461
2023-10-05 10:00:00+00:00,87.61,0.08761
2023-10-05 11:00:00+00:00,78.33,0.07833
2023-10-05 12:00:00+00:00,80.03,0.08003
2023-10-05 13:00:00+00:00,83.62,0.08362
2023-10-05 14:00:00+00:00,94.23,0.09423000000000001
2023-10-05 15:00:00+00:00,111.16,0.11116
2023-10-05 16:00:00+00:00,165.07,0.16507
2023-10-05 17:00:00+00:00,229.82,0.22982
2023-10-05 18:00:00+00:00,139.4,0.1394
2023-10-05 19:00:00+00:00,109.93,0.10993
2023-10-05 20:00:00+00:00,100.98,0.10098
2023-10-05 21:00:00+00:00,94.58,0.09458
2023-10-05 22:00:00+00:00,87.39,0.08739
2023-10-05 23:00:00+00:00,84.86,0.08486
2023-10-06 00:00:00+00:00,76.0,0.076
2023-10-06 01:00:00+00:00,75.06,0.07506
2023-10-06 02:00:00+00:00,66.92,0.06692000000000001
2023-10-06 03:00:00+00:00,71.78,0.07178
2023-10-06 04:00:00+00:00,93.62,0.09362000000000001
2023-10-06 05:00:00+00:00,115.51,0.11551
2023-10-06 06:00:00+00:00,120.66,0.12066
2023-10-06 07:00:00+00:00,104.39,0.10439
2023-10-06 08:00:00+00:00,84.0,0.084
2023-10-06 09:00:00+00:00,63.07,0.06307
2023-10-06 10:00:00+00:00,16.22,0.01622
2023-10-06 11:00:00+00:00,5.04,0.00504
2023-10-06 12:00:00+00:00,1.47,0.00147
2023-10-06 13:00:00+00:00,39.0,0.039
2023-10-06 14:00:00+00:00,62.24,0.062240000000000004
2023-10-06 15:00:00+00:00,86.55,0.08655
2023-10-06 16:00:00+00:00,103.44,0.10344
2023-10-06 17:00:00+00:00,111.8,0.1118
2023-10-06 18:00:00+00:00,100.72,0.10072
2023-10-06 19:00:00+00:00,77.64,0.07764
2023-10-06 20:00:00+00:00,80.0,0.08
2023-10-06 21:00:00+00:00,85.1,0.0851
2023-10-06 22:00:00+00:00,55.0,0.055
2023-10-06 23:00:00+00:00,50.79,0.05079
2023-10-07 00:00:00+00:00,2.43,0.0024300000000000003
2023-10-07 01:00:00+00:00,3.26,0.00326
2023-10-07 02:00:00+00:00,6.24,0.00624
2023-10-07 03:00:00+00:00,21.45,0.02145
2023-10-07 04:00:00+00:00,51.92,0.05192
2023-10-07 05:00:00+00:00,66.66,0.06666
2023-10-07 06:00:00+00:00,71.07,0.07107
2023-10-07 07:00:00+00:00,68.66,0.06866
2023-10-07 08:00:00+00:00,46.81,0.046810000000000004
2023-10-07 09:00:00+00:00,19.62,0.019620000000000002
2023-10-07 10:00:00+00:00,10.38,0.01038
2023-10-07 11:00:00+00:00,0.22,0.00022
2023-10-07 12:00:00+00:00,1.0,0.001
2023-10-07 13:00:00+00:00,22.01,0.022010000000000002
2023-10-07 14:00:00+00:00,61.59,0.061590000000000006
2023-10-07 15:00:00+00:00,86.44,0.08644
2023-10-07 16:00:00+00:00,102.28,0.10228
2023-10-07 17:00:00+00:00,108.91,0.10890999999999999
2023-10-07 18:00:00+00:00,100.0,0.1
2023-10-07 19:00:00+00:00,83.99,0.08399
2023-10-07 20:00:00+00:00,76.19,0.07619
2023-10-07 21:00:00+00:00,72.0,0.072
2023-10-07 22:00:00+00:00,103.94,0.10394
2023-10-07 23:00:00+00:00,89.6,0.0896
2023-10-08 00:00:00+00:00,84.89,0.08489000000000001
2023-10-08 01:00:00+00:00,78.0,0.078
2023-10-08 02:00:00+00:00,71.81,0.07181
2023-10-08 03:00:00+00:00,77.09,0.07709
2023-10-08 04:00:00+00:00,83.51,0.08351
2023-10-08 05:00:00+00:00,100.0,0.1
2023-10-08 06:00:00+00:00,102.08,0.10208
2023-10-08 07:00:00+00:00,100.9,0.1009
2023-10-08 08:00:00+00:00,86.94,0.08694
2023-10-08 09:00:00+00:00,76.56,0.07656
2023-10-08 10:00:00+00:00,70.56,0.07056
2023-10-08 11:00:00+00:00,55.15,0.05515
2023-10-08 12:00:00+00:00,54.62,0.054619999999999995
2023-10-08 13:00:00+00:00,70.8,0.0708
2023-10-08 14:00:00+00:00,89.15,0.08915000000000001
2023-10-08 15:00:00+00:00,108.28,0.10828
2023-10-08 16:00:00+00:00,132.32,0.13232
2023-10-08 17:00:00+00:00,158.42,0.15841999999999998
2023-10-08 18:00:00+00:00,131.85,0.13185
2023-10-08 19:00:00+00:00,110.2,0.1102
2023-10-08 20:00:00+00:00,104.42,0.10442
2023-10-08 21:00:00+00:00,96.34,0.09634000000000001
2023-10-08 22:00:00+00:00,91.11,0.09111
2023-10-08 23:00:00+00:00,87.45,0.08745
2023-10-09 00:00:00+00:00,82.44,0.08244
2023-10-09 01:00:00+00:00,77.4,0.07740000000000001
2023-10-09 02:00:00+00:00,75.0,0.075
2023-10-09 03:00:00+00:00,79.05,0.07905
2023-10-09 04:00:00+00:00,96.5,0.0965
2023-10-09 05:00:00+00:00,111.8,0.1118
2023-10-09 06:00:00+00:00,127.02,0.12702
2023-10-09 07:00:00+00:00,121.44,0.12143999999999999
2023-10-09 08:00:00+00:00,111.57,0.11156999999999999
2023-10-09 09:00:00+00:00,105.36,0.10536
2023-10-09 10:00:00+00:00,98.55,0.09855
2023-10-09 11:00:00+00:00,95.24,0.09523999999999999
2023-10-09 12:00:00+00:00,97.41,0.09741
2023-10-09 13:00:00+00:00,79.4,0.07940000000000001
2023-10-09 14:00:00+00:00,108.2,0.1082
2023-10-09 15:00:00+00:00,129.58,0.12958
2023-10-09 16:00:00+00:00,189.22,0.18922
2023-10-09 17:00:00+00:00,221.7,0.22169999999999998
2023-10-09 18:00:00+00:00,184.5,0.1845
2023-10-09 19:00:00+00:00,132.86,0.13286
2023-10-09 20:00:00+00:00,120.0,0.12
2023-10-09 21:00:00+00:00,112.7,0.11270000000000001
2023-10-09 22:00:00+00:00,104.0,0.104
2023-10-09 23:00:00+00:00,100.6,0.1006
2023-10-10 00:00:00+00:00,99.9,0.0999
2023-10-10 01:00:00+00:00,99.52,0.09952
2023-10-10 02:00:00+00:00,97.37,0.09737
2023-10-10 03:00:00+00:00,104.22,0.10422
2023-10-10 04:00:00+00:00,128.7,0.12869999999999998
2023-10-10 05:00:00+00:00,174.71,0.17471
2023-10-10 06:00:00+00:00,177.75,0.17775
2023-10-10 07:00:00+00:00,132.1,0.1321
2023-10-10 08:00:00+00:00,113.97,0.11397
2023-10-10 09:00:00+00:00,103.95,0.10395
2023-10-10 10:00:00+00:00,94.55,0.09455
2023-10-10 11:00:00+00:00,79.33,0.07933
2023-10-10 12:00:00+00:00,78.0,0.078
2023-10-10 13:00:00+00:00,74.25,0.07425
2023-10-10 14:00:00+00:00,86.6,0.0866
2023-10-10 15:00:00+00:00,99.89,0.09989
2023-10-10 16:00:00+00:00,128.85,0.12885
2023-10-10 17:00:00+00:00,139.72,0.13972
2023-10-10 18:00:00+00:00,104.58,0.10457999999999999
2023-10-10 19:00:00+00:00,86.3,0.0863
2023-10-10 20:00:00+00:00,88.59,0.08859
2023-10-10 21:00:00+00:00,68.14,0.06814
2023-10-10 22:00:00+00:00,62.75,0.06275
2023-10-10 23:00:00+00:00,24.6,0.0246
2023-10-11 00:00:00+00:00,5.82,0.0058200000000000005
2023-10-11 01:00:00+00:00,0.06,5.9999999999999995e-05
2023-10-11 02:00:00+00:00,0.0,0.0
2023-10-11 03:00:00+00:00,7.07,0.00707
2023-10-11 04:00:00+00:00,78.84,0.07884000000000001
2023-10-11 05:00:00+00:00,127.13,0.12713
2023-10-11 06:00:00+00:00,134.63,0.13463
2023-10-11 07:00:00+00:00,111.76,0.11176
2023-10-11 08:00:00+00:00,59.58,0.05958
2023-10-11 09:00:00+00:00,1.05,0.0010500000000000002
2023-10-11 10:00:00+00:00,0.0,0.0
2023-10-11 11:00:00+00:00,-0.06,-5.9999999999999995e-05
2023-10-11 12:00:00+00:00,-0.04,-4e-05
2023-10-11 13:00:00+00:00,0.06,5.9999999999999995e-05
2023-10-11 14:00:00+00:00,60.42,0.06042
2023-10-11 15:00:00+00:00,104.33,0.10432999999999999
2023-10-11 16:00:00+00:00,128.24,0.12824000000000002
2023-10-11 17:00:00+00:00,152.0,0.152
2023-10-11 18:00:00+00:00,142.0,0.142
2023-10-11 19:00:00+00:00,120.1,0.1201
2023-10-11 20:00:00+00:00,112.96,0.11295999999999999
2023-10-11 21:00:00+00:00,116.16,0.11616
2023-10-11 22:00:00+00:00,128.76,0.12875999999999999
2023-10-11 23:00:00+00:00,122.71,0.12271
2023-10-12 00:00:00+00:00,138.12,0.13812
2023-10-12 01:00:00+00:00,115.0,0.115
2023-10-12 02:00:00+00:00,89.04,0.08904000000000001
2023-10-12 03:00:00+00:00,102.6,0.1026
2023-10-12 04:00:00+00:00,126.5,0.1265
2023-10-12 05:00:00+00:00,133.39,0.13338999999999998
2023-10-12 06:00:00+00:00,148.39,0.14839
2023-10-12 07:00:00+00:00,169.28,0.16928
2023-10-12 08:00:00+00:00,131.72,0.13172
2023-10-12 09:00:00+00:00,125.0,0.125
2023-10-12 10:00:00+00:00,111.08,0.11108
2023-10-12 11:00:00+00:00,104.29,0.10429000000000001
2023-10-12 12:00:00+00:00,108.38,0.10837999999999999
2023-10-12 13:00:00+00:00,120.0,0.12
2023-10-12 14:00:00+00:00,123.58,0.12358
2023-10-12 15:00:00+00:00,145.29,0.14529
2023-10-12 16:00:00+00:00,170.29,0.17029
2023-10-12 17:00:00+00:00,221.09,0.22109
2023-10-12 18:00:00+00:00,151.61,0.15161000000000002
2023-10-12 19:00:00+00:00,129.36,0.12936
2023-10-12 20:00:00+00:00,123.5,0.1235
2023-10-12 21:00:00+00:00,109.84,0.10984000000000001
2023-10-12 22:00:00+00:00,123.99,0.12398999999999999
2023-10-12 23:00:00+00:00,115.0,0.115
2023-10-13 00:00:00+00:00,107.14,0.10714
2023-10-13 01:00:00+00:00,101.4,0.1014
2023-10-13 02:00:00+00:00,99.9,0.0999
2023-10-13 03:00:00+00:00,85.75,0.08575
2023-10-13 04:00:00+00:00,104.2,0.1042
2023-10-13 05:00:00+00:00,140.76,0.14076
2023-10-13 06:00:00+00:00,144.92,0.14492
2023-10-13 07:00:00+00:00,132.05,0.13205
2023-10-13 08:00:00+00:00,99.0,0.099
2023-10-13 09:00:00+00:00,72.02,0.07202
2023-10-13 10:00:00+00:00,34.45,0.03445
2023-10-13 11:00:00+00:00,7.3,0.0073
2023-10-13 12:00:00+00:00,4.31,0.00431
2023-10-13 13:00:00+00:00,4.24,0.00424
2023-10-13 14:00:00+00:00,10.17,0.01017
2023-10-13 15:00:00+00:00,50.1,0.0501
2023-10-13 16:00:00+00:00,79.91,0.07991
2023-10-13 17:00:00+00:00,100.0,0.1
2023-10-13 18:00:00+00:00,74.0,0.074
2023-10-13 19:00:00+00:00,8.0,0.008
2023-10-13 20:00:00+00:00,0.21,0.00020999999999999998
2023-10-13 21:00:00+00:00,-0.81,-0.0008100000000000001
2023-10-13 22:00:00+00:00,-0.09,-8.999999999999999e-05
2023-10-13 23:00:00+00:00,-2.57,-0.00257
2023-10-14 00:00:00+00:00,-0.9,-0.0009
2023-10-14 01:00:00+00:00,-1.03,-0.00103
2023-10-14 02:00:00+00:00,-1.39,-0.00139
2023-10-14 03:00:00+00:00,-1.27,-0.00127
2023-10-14 04:00:00+00:00,-0.3,-0.0003
2023-10-14 05:00:00+00:00,1.65,0.00165
2023-10-14 06:00:00+00:00,34.21,0.034210000000000004
2023-10-14 07:00:00+00:00,32.06,0.032060000000000005
2023-10-14 08:00:00+00:00,3.82,0.00382
2023-10-14 09:00:00+00:00,-0.01,-1e-05
2023-10-14 10:00:00+00:00,-2.9,-0.0029
2023-10-14 11:00:00+00:00,-2.62,-0.00262
2023-10-14 12:00:00+00:00,-2.11,-0.00211
2023-10-14 13:00:00+00:00,-0.08,-8e-05
2023-10-14 14:00:00+00:00,0.6,0.0006
2023-10-14 15:00:00+00:00,68.13,0.06813
2023-10-14 16:00:00+00:00,120.0,0.12
2023-10-14 17:00:00+00:00,166.0,0.166
2023-10-14 18:00:00+00:00,179.89,0.17989
2023-10-14 19:00:00+00:00,128.0,0.128
2023-10-14 20:00:00+00:00,117.8,0.1178
2023-10-14 21:00:00+00:00,111.0,0.111
2023-10-14 22:00:00+00:00,69.0,0.069
2023-10-14 23:00:00+00:00,34.0,0.034
2023-10-15 00:00:00+00:00,5.83,0.00583
2023-10-15 01:00:00+00:00,9.11,0.00911
2023-10-15 02:00:00+00:00,5.76,0.0057599999999999995
2023-10-15 03:00:00+00:00,7.67,0.00767
2023-10-15 04:00:00+00:00,5.79,0.00579
2023-10-15 05:00:00+00:00,46.83,0.04683
2023-10-15 06:00:00+00:00,69.04,0.06904
2023-10-15 07:00:00+00:00,78.0,0.078
2023-10-15 08:00:00+00:00,41.11,0.04111
2023-10-15 09:00:00+00:00,-1.01,-0.00101
2023-10-15 10:00:00+00:00,-4.39,-0.00439
2023-10-15 11:00:00+00:00,-1.03,-0.00103
2023-10-15 12:00:00+00:00,-7.1,-0.0070999999999999995
2023-10-15 13:00:00+00:00,4.86,0.004860000000000001
2023-10-15 14:00:00+00:00,33.64,0.03364
2023-10-15 15:00:00+00:00,111.6,0.11159999999999999
2023-10-15 16:00:00+00:00,160.83,0.16083
2023-10-15 17:00:00+00:00,187.63,0.18763
2023-10-15 18:00:00+00:00,194.0,0.194
2023-10-15 19:00:00+00:00,145.0,0.145
2023-10-15 20:00:00+00:00,136.8,0.1368
2023-10-15 21:00:00+00:00,135.6,0.1356
2023-10-15 22:00:00+00:00,120.2,0.1202
2023-10-15 23:00:00+00:00,116.6,0.1166
2023-10-16 00:00:00+00:00,110.7,0.1107
2023-10-16 01:00:00+00:00,110.1,0.11009999999999999
2023-10-16 02:00:00+00:00,107.0,0.107
2023-10-16 03:00:00+00:00,110.0,0.11
2023-10-16 04:00:00+00:00,139.56,0.13956
2023-10-16 05:00:00+00:00,159.37,0.15937
2023-10-16 06:00:00+00:00,204.0,0.204
2023-10-16 07:00:00+00:00,164.3,0.1643
2023-10-16 08:00:00+00:00,167.99,0.16799
2023-10-16 09:00:00+00:00,120.3,0.12029999999999999
2023-10-16 10:00:00+00:00,113.76,0.11376
2023-10-16 11:00:00+00:00,106.26,0.10626000000000001
2023-10-16 12:00:00+00:00,109.49,0.10948999999999999
2023-10-16 13:00:00+00:00,116.75,0.11675
2023-10-16 14:00:00+00:00,138.96,0.13896
2023-10-16 15:00:00+00:00,170.23,0.17023
2023-10-16 16:00:00+00:00,214.4,0.2144
2023-10-16 17:00:00+00:00,240.0,0.24
2023-10-16 18:00:00+00:00,160.64,0.16063999999999998
2023-10-16 19:00:00+00:00,145.44,0.14543999999999999
2023-10-16 20:00:00+00:00,135.2,0.1352
2023-10-16 21:00:00+00:00,119.22,0.11921999999999999
2023-10-16 22:00:00+00:00,127.58,0.12758
2023-10-16 23:00:00+00:00,114.04,0.11404
2023-10-17 00:00:00+00:00,108.4,0.10840000000000001
2023-10-17 01:00:00+00:00,106.57,0.10657
2023-10-17 02:00:00+00:00,105.44,0.10543999999999999
2023-10-17 03:00:00+00:00,113.85,0.11384999999999999
2023-10-17 04:00:00+00:00,133.0,0.133
2023-10-17 05:00:00+00:00,161.78,0.16178
2023-10-17 06:00:00+00:00,187.33,0.18733000000000002
2023-10-17 07:00:00+00:00,159.45,0.15944999999999998
2023-10-17 08:00:00+00:00,134.98,0.13498
2023-10-17 09:00:00+00:00,113.67,0.11367000000000001
2023-10-17 10:00:00+00:00,105.61,0.10561
2023-10-17 11:00:00+00:00,88.61,0.08861
2023-10-17 12:00:00+00:00,80.98,0.08098000000000001
2023-10-17 13:00:00+00:00,97.25,0.09725
2023-10-17 14:00:00+00:00,119.0,0.119
2023-10-17 15:00:00+00:00,139.89,0.13989
2023-10-17 16:00:00+00:00,159.8,0.1598
2023-10-17 17:00:00+00:00,161.69,0.16169
2023-10-17 18:00:00+00:00,128.48,0.12847999999999998
2023-10-17 19:00:00+00:00,119.72,0.11972
2023-10-17 20:00:00+00:00,108.48,0.10848000000000001
2023-10-17 21:00:00+00:00,95.14,0.09514
2023-10-17 22:00:00+00:00,76.18,0.07618000000000001
2023-10-17 23:00:00+00:00,63.35,0.06335
2023-10-18 00:00:00+00:00,57.73,0.05773
2023-10-18 01:00:00+00:00,49.56,0.04956
2023-10-18 02:00:00+00:00,42.54,0.04254
2023-10-18 03:00:00+00:00,48.42,0.048420000000000005
2023-10-18 04:00:00+00:00,86.65,0.08665
2023-10-18 05:00:00+00:00,119.28,0.11928
2023-10-18 06:00:00+00:00,148.45,0.14845
2023-10-18 07:00:00+00:00,119.13,0.11913
2023-10-18 08:00:00+00:00,89.99,0.08999
2023-10-18 09:00:00+00:00,76.92,0.07692
2023-10-18 10:00:00+00:00,70.09,0.07009
2023-10-18 11:00:00+00:00,64.0,0.064
2023-10-18 12:00:00+00:00,65.87,0.06587
2023-10-18 13:00:00+00:00,66.73,0.06673
2023-10-18 14:00:00+00:00,74.9,0.07490000000000001
2023-10-18 15:00:00+00:00,102.55,0.10255
2023-10-18 16:00:00+00:00,105.5,0.1055
2023-10-18 17:00:00+00:00,106.78,0.10678
2023-10-18 18:00:00+00:00,96.85,0.09684999999999999
2023-10-18 19:00:00+00:00,85.54,0.08554
2023-10-18 20:00:00+00:00,65.79,0.06579
2023-10-18 21:00:00+00:00,34.8,0.0348
2023-10-18 22:00:00+00:00,5.17,0.00517
2023-10-18 23:00:00+00:00,-3.7,-0.0037
2023-10-19 00:00:00+00:00,-4.4,-0.0044
2023-10-19 01:00:00+00:00,0.0,0.0
2023-10-19 02:00:00+00:00,-2.57,-0.00257
2023-10-19 03:00:00+00:00,15.27,0.015269999999999999
2023-10-19 04:00:00+00:00,80.06,0.08006
2023-10-19 05:00:00+00:00,103.12,0.10312
2023-10-19 06:00:00+00:00,122.39,0.12239
2023-10-19 07:00:00+00:00,127.0,0.127
2023-10-19 08:00:00+00:00,123.7,0.1237
2023-10-19 09:00:00+00:00,126.07,0.12607
2023-10-19 10:00:00+00:00,125.45,0.12545
2023-10-19 11:00:00+00:00,122.0,0.122
2023-10-19 12:00:00+00:00,120.34,0.12034
2023-10-19 13:00:00+00:00,120.64,0.12064
2023-10-19 14:00:00+00:00,126.0,0.126
2023-10-19 15:00:00+00:00,147.92,0.14792
2023-10-19 16:00:00+00:00,160.0,0.16
2023-10-19 17:00:00+00:00,155.0,0.155
2023-10-19 18:00:00+00:00,116.8,0.1168
2023-10-19 19:00:00+00:00,99.9,0.0999
2023-10-19 20:00:00+00:00,106.0,0.106
2023-10-19 21:00:00+00:00,95.2,0.0952
2023-10-19 22:00:00+00:00,77.59,0.07759
2023-10-19 23:00:00+00:00,60.82,0.06082
2023-10-20 00:00:00+00:00,41.36,0.04136
2023-10-20 01:00:00+00:00,23.19,0.023190000000000002
2023-10-20 02:00:00+00:00,5.41,0.00541
2023-10-20 03:00:00+00:00,32.61,0.03261
2023-10-20 04:00:00+00:00,73.02,0.07302
2023-10-20 05:00:00+00:00,108.12,0.10812000000000001
2023-10-20 06:00:00+00:00,119.61,0.11961
2023-10-20 07:00:00+00:00,124.76,0.12476000000000001
2023-10-20 08:00:00+00:00,124.92,0.12492
2023-10-20 09:00:00+00:00,118.32,0.11832
2023-10-20 10:00:00+00:00,111.8,0.1118
2023-10-20 11:00:00+00:00,114.1,0.1141
2023-10-20 12:00:00+00:00,103.7,0.1037
2023-10-20 13:00:00+00:00,98.34,0.09834
2023-10-20 14:00:00+00:00,99.66,0.09966
2023-10-20 15:00:00+00:00,122.8,0.12279999999999999
2023-10-20 16:00:00+00:00,135.97,0.13597
2023-10-20 17:00:00+00:00,144.6,0.1446
2023-10-20 18:00:00+00:00,117.5,0.1175
2023-10-20 19:00:00+00:00,94.88,0.09487999999999999
2023-10-20 20:00:00+00:00,91.0,0.091
2023-10-20 21:00:00+00:00,68.0,0.068
2023-10-20 22:00:00+00:00,53.1,0.0531
2023-10-20 23:00:00+00:00,37.27,0.037270000000000005
2023-10-21 00:00:00+00:00,39.74,0.039740000000000004
2023-10-21 01:00:00+00:00,34.62,0.03462
2023-10-21 02:00:00+00:00,40.46,0.04046
2023-10-21 03:00:00+00:00,35.52,0.03552
2023-10-21 04:00:00+00:00,41.62,0.04162
2023-10-21 05:00:00+00:00,63.83,0.06383
2023-10-21 06:00:00+00:00,74.71,0.07471
2023-10-21 07:00:00+00:00,59.0,0.059
2023-10-21 08:00:00+00:00,44.83,0.044829999999999995
2023-10-21 09:00:00+00:00,31.1,0.031100000000000003
2023-10-21 10:00:00+00:00,20.8,0.0208
2023-10-21 11:00:00+00:00,10.0,0.01
2023-10-21 12:00:00+00:00,13.21,0.013210000000000001
2023-10-21 13:00:00+00:00,26.65,0.02665
2023-10-21 14:00:00+00:00,61.59,0.061590000000000006
2023-10-21 15:00:00+00:00,92.85,0.09284999999999999
2023-10-21 16:00:00+00:00,114.82,0.11481999999999999
2023-10-21 17:00:00+00:00,114.75,0.11475
2023-10-21 18:00:00+00:00,90.0,0.09
2023-10-21 19:00:00+00:00,52.65,0.052649999999999995
2023-10-21 20:00:00+00:00,48.93,0.04893
2023-10-21 21:00:00+00:00,40.15,0.04015
2023-10-21 22:00:00+00:00,39.37,0.039369999999999995
2023-10-21 23:00:00+00:00,30.36,0.030359999999999998
2023-10-22 00:00:00+00:00,18.59,0.01859
2023-10-22 01:00:00+00:00,15.63,0.01563
2023-10-22 02:00:00+00:00,18.35,0.01835
2023-10-22 03:00:00+00:00,34.32,0.03432
2023-10-22 04:00:00+00:00,30.26,0.030260000000000002
2023-10-22 05:00:00+00:00,58.2,0.0582
2023-10-22 06:00:00+00:00,54.89,0.05489
2023-10-22 07:00:00+00:00,64.9,0.0649
2023-10-22 08:00:00+00:00,51.94,0.05194
2023-10-22 09:00:00+00:00,48.84,0.04884
2023-10-22 10:00:00+00:00,44.99,0.04499
2023-10-22 11:00:00+00:00,29.19,0.02919
2023-10-22 12:00:00+00:00,30.84,0.03084
2023-10-22 13:00:00+00:00,51.54,0.05154
2023-10-22 14:00:00+00:00,75.93,0.07593000000000001
2023-10-22 15:00:00+00:00,129.45,0.12944999999999998
2023-10-22 16:00:00+00:00,149.9,0.1499
2023-10-22 17:00:00+00:00,149.94,0.14994
2023-10-22 18:00:00+00:00,139.89,0.13989
2023-10-22 19:00:00+00:00,112.47,0.11247
2023-10-22 20:00:00+00:00,102.18,0.10218
2023-10-22 21:00:00+00:00,101.09,0.10109
2023-10-22 22:00:00+00:00,115.02,0.11502
2023-10-22 23:00:00+00:00,101.0,0.101
2023-10-23 00:00:00+00:00,101.28,0.10128
2023-10-23 01:00:00+00:00,100.22,0.10022
2023-10-23 02:00:00+00:00,98.94,0.09894
2023-10-23 03:00:00+00:00,105.98,0.10598
2023-10-23 04:00:00+00:00,135.53,0.13553
2023-10-23 05:00:00+00:00,173.6,0.1736
2023-10-23 06:00:00+00:00,198.39,0.19838999999999998
2023-10-23 07:00:00+00:00,151.81,0.15181
2023-10-23 08:00:00+00:00,128.07,0.12807
2023-10-23 09:00:00+00:00,109.03,0.10903
2023-10-23 10:00:00+00:00,102.26,0.10226
2023-10-23 11:00:00+00:00,103.22,0.10321999999999999
2023-10-23 12:00:00+00:00,107.0,0.107
2023-10-23 13:00:00+00:00,125.07,0.12507
2023-10-23 14:00:00+00:00,132.44,0.13244
2023-10-23 15:00:00+00:00,147.25,0.14725
2023-10-23 16:00:00+00:00,158.68,0.15868000000000002
2023-10-23 17:00:00+00:00,154.7,0.15469999999999998
2023-10-23 18:00:00+00:00,124.7,0.1247
2023-10-23 19:00:00+00:00,103.82,0.10382
2023-10-23 20:00:00+00:00,108.0,0.108
2023-10-23 21:00:00+00:00,92.76,0.09276000000000001
2023-10-23 22:00:00+00:00,101.33,0.10133
2023-10-23 23:00:00+00:00,97.21,0.09720999999999999
2023-10-24 00:00:00+00:00,94.54,0.09454000000000001
2023-10-24 01:00:00+00:00,89.46,0.08946
2023-10-24 02:00:00+00:00,90.27,0.09026999999999999
2023-10-24 03:00:00+00:00,94.45,0.09445
2023-10-24 04:00:00+00:00,101.12,0.10112
2023-10-24 05:00:00+00:00,119.67,0.11967
2023-10-24 06:00:00+00:00,130.31,0.13031
2023-10-24 07:00:00+00:00,136.35,0.13635
2023-10-24 08:00:00+00:00,128.37,0.12837
2023-10-24 09:00:00+00:00,125.0,0.125
2023-10-24 10:00:00+00:00,118.99,0.11899
2023-10-24 11:00:00+00:00,112.54,0.11254
2023-10-24 12:00:00+00:00,105.9,0.10590000000000001
2023-10-24 13:00:00+00:00,100.1,0.1001
2023-10-24 14:00:00+00:00,109.9,0.10990000000000001
2023-10-24 15:00:00+00:00,137.94,0.13794
2023-10-24 16:00:00+00:00,149.9,0.1499
2023-10-24 17:00:00+00:00,154.15,0.15415
2023-10-24 18:00:00+00:00,133.45,0.13344999999999999
2023-10-24 19:00:00+00:00,119.31,0.11931
2023-10-24 20:00:00+00:00,114.1,0.1141
2023-10-24 21:00:00+00:00,102.78,0.10278
2023-10-24 22:00:00+00:00,99.07,0.09906999999999999
2023-10-24 23:00:00+00:00,94.56,0.09456
2023-10-25 00:00:00+00:00,91.0,0.091
2023-10-25 01:00:00+00:00,91.68,0.09168000000000001
2023-10-25 02:00:00+00:00,96.35,0.09634999999999999
2023-10-25 03:00:00+00:00,100.01,0.10001
2023-10-25 04:00:00+00:00,118.96,0.11896
2023-10-25 05:00:00+00:00,142.74,0.14274
2023-10-25 06:00:00+00:00,150.5,0.1505
2023-10-25 07:00:00+00:00,140.52,0.14052
2023-10-25 08:00:00+00:00,129.57,0.12957
2023-10-25 09:00:00+00:00,124.61,0.12461
2023-10-25 10:00:00+00:00,117.39,0.11739
2023-10-25 11:00:00+00:00,115.7,0.1157
2023-10-25 12:00:00+00:00,124.47,0.12447
2023-10-25 13:00:00+00:00,130.98,0.13097999999999999
2023-10-25 14:00:00+00:00,144.35,0.14435
2023-10-25 15:00:00+00:00,152.71,0.15271
2023-10-25 16:00:00+00:00,153.73,0.15372999999999998
2023-10-25 17:00:00+00:00,157.9,0.1579
2023-10-25 18:00:00+00:00,137.18,0.13718
2023-10-25 19:00:00+00:00,123.66,0.12365999999999999
2023-10-25 20:00:00+00:00,120.06,0.12006
2023-10-25 21:00:00+00:00,112.8,0.1128
2023-10-25 22:00:00+00:00,104.4,0.1044
2023-10-25 23:00:00+00:00,106.0,0.106
2023-10-26 00:00:00+00:00,109.0,0.109
2023-10-26 01:00:00+00:00,99.96,0.09996
2023-10-26 02:00:00+00:00,100.0,0.1
2023-10-26 03:00:00+00:00,100.0,0.1
2023-10-26 04:00:00+00:00,117.32,0.11732
2023-10-26 05:00:00+00:00,133.79,0.13379
2023-10-26 06:00:00+00:00,144.05,0.14405
2023-10-26 07:00:00+00:00,149.0,0.149
2023-10-26 08:00:00+00:00,146.37,0.14637
2023-10-26 09:00:00+00:00,140.0,0.14
2023-10-26 10:00:00+00:00,131.11,0.13111
2023-10-26 11:00:00+00:00,120.09,0.12009
2023-10-26 12:00:00+00:00,119.6,0.1196
2023-10-26 13:00:00+00:00,118.21,0.11821
2023-10-26 14:00:00+00:00,126.0,0.126
2023-10-26 15:00:00+00:00,137.98,0.13798
2023-10-26 16:00:00+00:00,151.05,0.15105000000000002
2023-10-26 17:00:00+00:00,151.08,0.15108000000000002
2023-10-26 18:00:00+00:00,130.85,0.13085
2023-10-26 19:00:00+00:00,119.07,0.11907
2023-10-26 20:00:00+00:00,117.06,0.11706
2023-10-26 21:00:00+00:00,104.85,0.10485
2023-10-26 22:00:00+00:00,104.56,0.10456
2023-10-26 23:00:00+00:00,97.61,0.09761
2023-10-27 00:00:00+00:00,97.26,0.09726
2023-10-27 01:00:00+00:00,98.9,0.0989
2023-10-27 02:00:00+00:00,105.92,0.10592
2023-10-27 03:00:00+00:00,108.84,0.10884
2023-10-27 04:00:00+00:00,122.4,0.12240000000000001
2023-10-27 05:00:00+00:00,139.4,0.1394
2023-10-27 06:00:00+00:00,154.55,0.15455000000000002
2023-10-27 07:00:00+00:00,152.7,0.1527
2023-10-27 08:00:00+00:00,147.77,0.14777
2023-10-27 09:00:00+00:00,142.53,0.14253
2023-10-27 10:00:00+00:00,125.79,0.12579
2023-10-27 11:00:00+00:00,112.19,0.11219
2023-10-27 12:00:00+00:00,105.98,0.10598
2023-10-27 13:00:00+00:00,102.79,0.10279
2023-10-27 14:00:00+00:00,113.16,0.11316
2023-10-27 15:00:00+00:00,125.88,0.12588
2023-10-27 16:00:00+00:00,139.9,0.1399
2023-10-27 17:00:00+00:00,140.6,0.1406
2023-10-27 18:00:00+00:00,121.05,0.12104999999999999
2023-10-27 19:00:00+00:00,100.13,0.10013
2023-10-27 20:00:00+00:00,96.87,0.09687
2023-10-27 21:00:00+00:00,93.7,0.0937
2023-10-27 22:00:00+00:00,84.6,0.0846
2023-10-27 23:00:00+00:00,68.61,0.06861
2023-10-28 00:00:00+00:00,64.59,0.06459000000000001
2023-10-28 01:00:00+00:00,55.0,0.055
2023-10-28 02:00:00+00:00,56.85,0.056850000000000005
2023-10-28 03:00:00+00:00,60.26,0.06026
2023-10-28 04:00:00+00:00,64.82,0.06481999999999999
2023-10-28 05:00:00+00:00,74.0,0.074
2023-10-28 06:00:00+00:00,89.35,0.08935
2023-10-28 07:00:00+00:00,89.74,0.08974
2023-10-28 08:00:00+00:00,87.01,0.08701
2023-10-28 09:00:00+00:00,69.54,0.06954
2023-10-28 10:00:00+00:00,57.37,0.05737
2023-10-28 11:00:00+00:00,52.56,0.05256
2023-10-28 12:00:00+00:00,51.22,0.05122
2023-10-28 13:00:00+00:00,72.93,0.07293000000000001
2023-10-28 14:00:00+00:00,87.66,0.08766
2023-10-28 15:00:00+00:00,115.2,0.1152
2023-10-28 16:00:00+00:00,132.0,0.132
2023-10-28 17:00:00+00:00,105.76,0.10576
2023-10-28 18:00:00+00:00,79.86,0.07986
2023-10-28 19:00:00+00:00,50.84,0.05084
2023-10-28 20:00:00+00:00,37.83,0.037829999999999996
2023-10-28 21:00:00+00:00,17.62,0.01762
2023-10-28 22:00:00+00:00,5.34,0.00534
2023-10-28 23:00:00+00:00,-2.76,-0.00276
2023-10-29 00:00:00+00:00,-1.93,-0.0019299999999999999
2023-10-29 01:00:00+00:00,-1.59,-0.00159
2023-10-29 02:00:00+00:00,-1.54,-0.0015400000000000001
2023-10-29 03:00:00+00:00,-1.67,-0.0016699999999999998
2023-10-29 04:00:00+00:00,-1.84,-0.00184
2023-10-29 05:00:00+00:00,-1.0,-0.001
2023-10-29 06:00:00+00:00,-1.05,-0.0010500000000000002
2023-10-29 07:00:00+00:00,-0.82,-0.00082
2023-10-29 08:00:00+00:00,-0.81,-0.0008100000000000001
2023-10-29 09:00:00+00:00,-0.8,-0.0008
2023-10-29 10:00:00+00:00,-0.58,-0.00058
2023-10-29 11:00:00+00:00,0.0,0.0
2023-10-29 12:00:00+00:00,0.0,0.0
2023-10-29 13:00:00+00:00,9.59,0.00959
2023-10-29 14:00:00+00:00,34.82,0.034820000000000004
2023-10-29 15:00:00+00:00,84.89,0.08489000000000001
2023-10-29 16:00:00+00:00,109.89,0.10989
2023-10-29 17:00:00+00:00,102.7,0.1027
2023-10-29 18:00:00+00:00,75.0,0.075
2023-10-29 19:00:00+00:00,62.41,0.06240999999999999
2023-10-29 20:00:00+00:00,54.27,0.054270000000000006
2023-10-29 21:00:00+00:00,52.0,0.052
2023-10-29 22:00:00+00:00,38.47,0.03847
2023-10-29 23:00:00+00:00,8.0,0.008
2023-10-30 00:00:00+00:00,8.13,0.00813
2023-10-30 01:00:00+00:00,8.36,0.00836
2023-10-30 02:00:00+00:00,10.02,0.01002
2023-10-30 03:00:00+00:00,13.9,0.013900000000000001
2023-10-30 04:00:00+00:00,23.27,0.02327
2023-10-30 05:00:00+00:00,79.2,0.0792
2023-10-30 06:00:00+00:00,105.91,0.10590999999999999
2023-10-30 07:00:00+00:00,111.0,0.111
2023-10-30 08:00:00+00:00,103.0,0.103
2023-10-30 09:00:00+00:00,90.0,0.09
2023-10-30 10:00:00+00:00,96.17,0.09617
2023-10-30 11:00:00+00:00,102.54,0.10254
2023-10-30 12:00:00+00:00,114.62,0.11462
2023-10-30 13:00:00+00:00,123.98,0.12398
2023-10-30 14:00:00+00:00,139.45,0.13945
2023-10-30 15:00:00+00:00,145.4,0.1454
2023-10-30 16:00:00+00:00,165.84,0.16584000000000002
2023-10-30 17:00:00+00:00,171.0,0.171
2023-10-30 18:00:00+00:00,151.13,0.15113
2023-10-30 19:00:00+00:00,129.03,0.12903
2023-10-30 20:00:00+00:00,114.88,0.11488
2023-10-30 21:00:00+00:00,128.0,0.128
2023-10-30 22:00:00+00:00,114.26,0.11426
2023-10-30 23:00:00+00:00,86.05,0.08605
2023-10-31 00:00:00+00:00,79.2,0.0792
2023-10-31 01:00:00+00:00,71.96,0.07196
2023-10-31 02:00:00+00:00,64.8,0.0648
2023-10-31 03:00:00+00:00,76.0,0.076
2023-10-31 04:00:00+00:00,92.26,0.09226000000000001
2023-10-31 05:00:00+00:00,107.14,0.10714
2023-10-31 06:00:00+00:00,130.1,0.1301
2023-10-31 07:00:00+00:00,171.8,0.1718
2023-10-31 08:00:00+00:00,156.14,0.15613999999999997
2023-10-31 09:00:00+00:00,129.35,0.12935
2023-10-31 10:00:00+00:00,111.6,0.11159999999999999
2023-10-31 11:00:00+00:00,106.0,0.106
2023-10-31 12:00:00+00:00,113.65,0.11365
2023-10-31 13:00:00+00:00,120.66,0.12066
2023-10-31 14:00:00+00:00,122.4,0.12240000000000001
2023-10-31 15:00:00+00:00,135.11,0.13511
2023-10-31 16:00:00+00:00,161.81,0.16181
2023-10-31 17:00:00+00:00,172.04,0.17204
2023-10-31 18:00:00+00:00,152.92,0.15292
2023-10-31 19:00:00+00:00,125.88,0.12588
2023-10-31 20:00:00+00:00,115.92,0.11592
2023-10-31 21:00:00+00:00,122.2,0.1222
2023-10-31 22:00:00+00:00,106.5,0.1065
2023-10-31 23:00:00+00:00,65.45,0.06545000000000001
2023-11-01 00:00:00+00:00,67.31,0.06731000000000001
2023-11-01 01:00:00+00:00,58.84,0.05884
2023-11-01 02:00:00+00:00,48.7,0.0487
2023-11-01 03:00:00+00:00,46.65,0.04665
2023-11-01 04:00:00+00:00,54.67,0.05467
2023-11-01 05:00:00+00:00,67.35,0.06735
2023-11-01 06:00:00+00:00,78.65,0.07865000000000001
2023-11-01 07:00:00+00:00,80.22,0.08022
2023-11-01 08:00:00+00:00,69.23,0.06923
2023-11-01 09:00:00+00:00,55.64,0.05564
2023-11-01 10:00:00+00:00,49.16,0.049159999999999995
2023-11-01 11:00:00+00:00,47.64,0.04764
2023-11-01 12:00:00+00:00,55.0,0.055
2023-11-01 13:00:00+00:00,53.33,0.053329999999999995
2023-11-01 14:00:00+00:00,63.51,0.06351
2023-11-01 15:00:00+00:00,69.85,0.06985
2023-11-01 16:00:00+00:00,87.71,0.08771
2023-11-01 17:00:00+00:00,79.94,0.07994
2023-11-01 18:00:00+00:00,74.97,0.07497
2023-11-01 19:00:00+00:00,61.18,0.06118
2023-11-01 20:00:00+00:00,39.83,0.03983
2023-11-01 21:00:00+00:00,48.4,0.0484
2023-11-01 22:00:00+00:00,28.2,0.0282
2023-11-01 23:00:00+00:00,19.72,0.019719999999999998
2023-11-02 00:00:00+00:00,11.44,0.011439999999999999
2023-11-02 01:00:00+00:00,9.14,0.00914
2023-11-02 02:00:00+00:00,6.67,0.00667
2023-11-02 03:00:00+00:00,7.0,0.007
2023-11-02 04:00:00+00:00,7.86,0.00786
2023-11-02 05:00:00+00:00,38.8,0.038799999999999994
2023-11-02 06:00:00+00:00,74.79,0.07479000000000001
2023-11-02 07:00:00+00:00,102.32,0.10232
2023-11-02 08:00:00+00:00,77.39,0.07739
2023-11-02 09:00:00+00:00,60.9,0.060899999999999996
2023-11-02 10:00:00+00:00,63.2,0.0632
2023-11-02 11:00:00+00:00,63.7,0.0637
2023-11-02 12:00:00+00:00,64.3,0.0643
2023-11-02 13:00:00+00:00,85.95,0.08595
2023-11-02 14:00:00+00:00,124.0,0.124
2023-11-02 15:00:00+00:00,129.89,0.12988999999999998
2023-11-02 16:00:00+00:00,141.39,0.14139
2023-11-02 17:00:00+00:00,144.0,0.144
2023-11-02 18:00:00+00:00,99.89,0.09989
2023-11-02 19:00:00+00:00,87.83,0.08782999999999999
2023-11-02 20:00:00+00:00,75.99,0.07598999999999999
2023-11-02 21:00:00+00:00,72.27,0.07227
2023-11-02 22:00:00+00:00,57.04,0.05704
2023-11-02 23:00:00+00:00,15.17,0.01517
2023-11-03 00:00:00+00:00,11.47,0.011470000000000001
2023-11-03 01:00:00+00:00,10.0,0.01
2023-11-03 02:00:00+00:00,5.73,0.005730000000000001
2023-11-03 03:00:00+00:00,9.73,0.00973
2023-11-03 04:00:00+00:00,23.6,0.023600000000000003
2023-11-03 05:00:00+00:00,61.64,0.06164
2023-11-03 06:00:00+00:00,90.28,0.09028
2023-11-03 07:00:00+00:00,95.05,0.09505
2023-11-03 08:00:00+00:00,89.59,0.08959
2023-11-03 09:00:00+00:00,82.9,0.0829
2023-11-03 10:00:00+00:00,74.7,0.0747
2023-11-03 11:00:00+00:00,61.81,0.061810000000000004
2023-11-03 12:00:00+00:00,60.85,0.06085
2023-11-03 13:00:00+00:00,64.89,0.06489
2023-11-03 14:00:00+00:00,69.89,0.06989
2023-11-03 15:00:00+00:00,82.7,0.08270000000000001
2023-11-03 16:00:00+00:00,110.1,0.11009999999999999
2023-11-03 17:00:00+00:00,107.8,0.10779999999999999
2023-11-03 18:00:00+00:00,91.5,0.0915
2023-11-03 19:00:00+00:00,70.5,0.0705
2023-11-03 20:00:00+00:00,54.89,0.05489
2023-11-03 21:00:00+00:00,45.53,0.04553
2023-11-03 22:00:00+00:00,30.0,0.03
2023-11-03 23:00:00+00:00,45.72,0.04572
2023-11-04 00:00:00+00:00,32.06,0.032060000000000005
2023-11-04 01:00:00+00:00,30.0,0.03
2023-11-04 02:00:00+00:00,22.01,0.022010000000000002
2023-11-04 03:00:00+00:00,19.19,0.019190000000000002
2023-11-04 04:00:00+00:00,15.4,0.0154
2023-11-04 05:00:00+00:00,16.13,0.01613
2023-11-04 06:00:00+00:00,25.08,0.025079999999999998
2023-11-04 07:00:00+00:00,25.85,0.02585
2023-11-04 08:00:00+00:00,20.0,0.02
2023-11-04 09:00:00+00:00,13.95,0.013949999999999999
2023-11-04 10:00:00+00:00,15.2,0.0152
2023-11-04 11:00:00+00:00,20.0,0.02
2023-11-04 12:00:00+00:00,21.14,0.02114
2023-11-04 13:00:00+00:00,30.79,0.030789999999999998
2023-11-04 14:00:00+00:00,42.69,0.04269
2023-11-04 15:00:00+00:00,40.0,0.04
2023-11-04 16:00:00+00:00,59.0,0.059
2023-11-04 17:00:00+00:00,57.81,0.05781
2023-11-04 18:00:00+00:00,53.3,0.0533
2023-11-04 19:00:00+00:00,50.0,0.05
2023-11-04 20:00:00+00:00,34.09,0.03409
2023-11-04 21:00:00+00:00,11.73,0.01173
2023-11-04 22:00:00+00:00,7.05,0.00705
2023-11-04 23:00:00+00:00,8.71,0.00871
2023-11-05 00:00:00+00:00,6.59,0.0065899999999999995
2023-11-05 01:00:00+00:00,5.18,0.00518
2023-11-05 02:00:00+00:00,2.98,0.00298
2023-11-05 03:00:00+00:00,4.24,0.00424
2023-11-05 04:00:00+00:00,7.99,0.00799
2023-11-05 05:00:00+00:00,16.49,0.016489999999999998
2023-11-05 06:00:00+00:00,55.1,0.0551
2023-11-05 07:00:00+00:00,60.0,0.06
2023-11-05 08:00:00+00:00,51.47,0.05147
2023-11-05 09:00:00+00:00,42.83,0.04283
2023-11-05 10:00:00+00:00,43.45,0.04345
2023-11-05 11:00:00+00:00,39.88,0.039880000000000006
2023-11-05 12:00:00+00:00,26.39,0.02639
2023-11-05 13:00:00+00:00,33.37,0.03337
2023-11-05 14:00:00+00:00,51.29,0.05129
2023-11-05 15:00:00+00:00,63.09,0.06309000000000001
2023-11-05 16:00:00+00:00,74.91,0.07490999999999999
2023-11-05 17:00:00+00:00,72.71,0.07271
2023-11-05 18:00:00+00:00,59.21,0.05921
2023-11-05 19:00:00+00:00,50.1,0.0501
2023-11-05 20:00:00+00:00,51.55,0.05155
2023-11-05 21:00:00+00:00,50.1,0.0501
2023-11-05 22:00:00+00:00,45.89,0.04589
2023-11-05 23:00:00+00:00,47.24,0.047240000000000004
2023-11-06 00:00:00+00:00,31.89,0.03189
2023-11-06 01:00:00+00:00,16.75,0.01675
2023-11-06 02:00:00+00:00,6.78,0.0067800000000000004
2023-11-06 03:00:00+00:00,4.3,0.0043
2023-11-06 04:00:00+00:00,16.93,0.01693
2023-11-06 05:00:00+00:00,72.75,0.07275
2023-11-06 06:00:00+00:00,96.21,0.09620999999999999
2023-11-06 07:00:00+00:00,104.47,0.10447
2023-11-06 08:00:00+00:00,86.0,0.086
2023-11-06 09:00:00+00:00,63.99,0.06399
2023-11-06 10:00:00+00:00,60.15,0.060149999999999995
2023-11-06 11:00:00+00:00,58.05,0.05805
2023-11-06 12:00:00+00:00,66.98,0.06698
2023-11-06 13:00:00+00:00,80.34,0.08034000000000001
2023-11-06 14:00:00+00:00,100.0,0.1
2023-11-06 15:00:00+00:00,112.46,0.11245999999999999
2023-11-06 16:00:00+00:00,138.0,0.138
2023-11-06 17:00:00+00:00,151.19,0.15119
2023-11-06 18:00:00+00:00,139.77,0.13977
2023-11-06 19:00:00+00:00,111.49,0.11148999999999999
2023-11-06 20:00:00+00:00,105.92,0.10592
2023-11-06 21:00:00+00:00,99.27,0.09927
2023-11-06 22:00:00+00:00,92.0,0.092
2023-11-06 23:00:00+00:00,92.07,0.09207
2023-11-07 00:00:00+00:00,76.38,0.07637999999999999
2023-11-07 01:00:00+00:00,71.18,0.07118000000000001
2023-11-07 02:00:00+00:00,68.01,0.06801
2023-11-07 03:00:00+00:00,70.25,0.07025
2023-11-07 04:00:00+00:00,83.41,0.08341
2023-11-07 05:00:00+00:00,101.49,0.10149
2023-11-07 06:00:00+00:00,132.93,0.13293000000000002
2023-11-07 07:00:00+00:00,136.45,0.13645
2023-11-07 08:00:00+00:00,127.0,0.127
2023-11-07 09:00:00+00:00,99.55,0.09955
2023-11-07 10:00:00+00:00,89.03,0.08903
2023-11-07 11:00:00+00:00,86.21,0.08621
2023-11-07 12:00:00+00:00,88.79,0.08879000000000001
2023-11-07 13:00:00+00:00,97.9,0.0979
2023-11-07 14:00:00+00:00,108.4,0.10840000000000001
2023-11-07 15:00:00+00:00,113.24,0.11324
2023-11-07 16:00:00+00:00,137.18,0.13718
2023-11-07 17:00:00+00:00,149.7,0.1497
2023-11-07 18:00:00+00:00,132.8,0.1328
2023-11-07 19:00:00+00:00,105.1,0.1051
2023-11-07 20:00:00+00:00,92.98,0.09298000000000001
2023-11-07 21:00:00+00:00,99.59,0.09959
2023-11-07 22:00:00+00:00,98.46,0.09845999999999999
2023-11-07 23:00:00+00:00,94.0,0.094
2023-11-08 00:00:00+00:00,86.56,0.08656
2023-11-08 01:00:00+00:00,70.95,0.07095
2023-11-08 02:00:00+00:00,64.47,0.06447
2023-11-08 03:00:00+00:00,66.76,0.06676
2023-11-08 04:00:00+00:00,75.01,0.07501000000000001
2023-11-08 05:00:00+00:00,84.61,0.08461
2023-11-08 06:00:00+00:00,107.68,0.10768000000000001
2023-11-08 07:00:00+00:00,111.47,0.11147
2023-11-08 08:00:00+00:00,93.73,0.09373000000000001
2023-11-08 09:00:00+00:00,85.1,0.0851
2023-11-08 10:00:00+00:00,78.85,0.07884999999999999
2023-11-08 11:00:00+00:00,76.0,0.076
2023-11-08 12:00:00+00:00,76.28,0.07628
2023-11-08 13:00:00+00:00,83.23,0.08323
2023-11-08 14:00:00+00:00,104.7,0.1047
2023-11-08 15:00:00+00:00,113.54,0.11354
2023-11-08 16:00:00+00:00,119.14,0.11914
2023-11-08 17:00:00+00:00,127.14,0.12714
2023-11-08 18:00:00+00:00,121.0,0.121
2023-11-08 19:00:00+00:00,109.9,0.10990000000000001
2023-11-08 20:00:00+00:00,107.0,0.107
2023-11-08 21:00:00+00:00,104.0,0.104
2023-11-08 22:00:00+00:00,101.65,0.10165
2023-11-08 23:00:00+00:00,89.2,0.0892
2023-11-09 00:00:00+00:00,99.03,0.09903
2023-11-09 01:00:00+00:00,93.01,0.09301000000000001
2023-11-09 02:00:00+00:00,90.0,0.09
2023-11-09 03:00:00+00:00,91.19,0.09119
2023-11-09 04:00:00+00:00,88.3,0.0883
2023-11-09 05:00:00+00:00,109.61,0.10961
2023-11-09 06:00:00+00:00,120.06,0.12006
2023-11-09 07:00:00+00:00,139.97,0.13997
2023-11-09 08:00:00+00:00,130.0,0.13
2023-11-09 09:00:00+00:00,100.08,0.10008
2023-11-09 10:00:00+00:00,95.0,0.095
2023-11-09 11:00:00+00:00,90.16,0.09015999999999999
2023-11-09 12:00:00+00:00,92.32,0.09232
2023-11-09 13:00:00+00:00,100.61,0.10061
2023-11-09 14:00:00+00:00,116.18,0.11618
2023-11-09 15:00:00+00:00,120.25,0.12025
2023-11-09 16:00:00+00:00,131.88,0.13188
2023-11-09 17:00:00+00:00,128.6,0.1286
2023-11-09 18:00:00+00:00,112.14,0.11214
2023-11-09 19:00:00+00:00,100.0,0.1
2023-11-09 20:00:00+00:00,88.0,0.088
2023-11-09 21:00:00+00:00,84.04,0.08404
2023-11-09 22:00:00+00:00,74.36,0.07436
2023-11-09 23:00:00+00:00,64.08,0.06408
2023-11-10 00:00:00+00:00,59.73,0.05973
2023-11-10 01:00:00+00:00,53.74,0.05374
2023-11-10 02:00:00+00:00,48.36,0.04836
2023-11-10 03:00:00+00:00,50.0,0.05
2023-11-10 04:00:00+00:00,66.98,0.06698
2023-11-10 05:00:00+00:00,84.25,0.08425
2023-11-10 06:00:00+00:00,106.73,0.10673
2023-11-10 07:00:00+00:00,113.0,0.113
2023-11-10 08:00:00+00:00,116.37,0.11637
2023-11-10 09:00:00+00:00,105.8,0.10579999999999999
2023-11-10 10:00:00+00:00,98.0,0.098
2023-11-10 11:00:00+00:00,91.8,0.09179999999999999
2023-11-10 12:00:00+00:00,100.0,0.1
2023-11-10 13:00:00+00:00,96.24,0.09623999999999999
2023-11-10 14:00:00+00:00,110.67,0.11067
2023-11-10 15:00:00+00:00,121.07,0.12107
2023-11-10 16:00:00+00:00,135.15,0.13515
2023-11-10 17:00:00+00:00,135.1,0.1351
2023-11-10 18:00:00+00:00,123.58,0.12358
2023-11-10 19:00:00+00:00,112.93,0.11293
2023-11-10 20:00:00+00:00,105.1,0.1051
2023-11-10 21:00:00+00:00,103.97,0.10396999999999999
2023-11-10 22:00:00+00:00,93.2,0.0932
2023-11-10 23:00:00+00:00,87.3,0.0873
2023-11-11 00:00:00+00:00,85.89,0.08589
2023-11-11 01:00:00+00:00,85.88,0.08588
2023-11-11 02:00:00+00:00,83.21,0.08320999999999999
2023-11-11 03:00:00+00:00,82.71,0.08270999999999999
2023-11-11 04:00:00+00:00,85.44,0.08544
2023-11-11 05:00:00+00:00,86.3,0.0863
2023-11-11 06:00:00+00:00,88.0,0.088
2023-11-11 07:00:00+00:00,92.0,0.092
2023-11-11 08:00:00+00:00,94.89,0.09489
2023-11-11 09:00:00+00:00,91.28,0.09128
2023-11-11 10:00:00+00:00,90.22,0.09022
2023-11-11 11:00:00+00:00,87.94,0.08794
2023-11-11 12:00:00+00:00,87.8,0.0878
2023-11-11 13:00:00+00:00,91.5,0.0915
2023-11-11 14:00:00+00:00,102.87,0.10287
2023-11-11 15:00:00+00:00,115.74,0.11574
2023-11-11 16:00:00+00:00,127.98,0.12798
2023-11-11 17:00:00+00:00,135.76,0.13576
2023-11-11 18:00:00+00:00,124.47,0.12447
2023-11-11 19:00:00+00:00,113.51,0.11351
2023-11-11 20:00:00+00:00,102.58,0.10258
2023-11-11 21:00:00+00:00,92.38,0.09237999999999999
2023-11-11 22:00:00+00:00,87.41,0.08741
2023-11-11 23:00:00+00:00,89.58,0.08957999999999999
2023-11-12 00:00:00+00:00,85.36,0.08536
2023-11-12 01:00:00+00:00,85.37,0.08537
2023-11-12 02:00:00+00:00,84.4,0.0844
2023-11-12 03:00:00+00:00,86.76,0.08676
2023-11-12 04:00:00+00:00,88.32,0.08832
2023-11-12 05:00:00+00:00,87.25,0.08725
2023-11-12 06:00:00+00:00,87.28,0.08728
2023-11-12 07:00:00+00:00,88.04,0.08804000000000001
2023-11-12 08:00:00+00:00,89.75,0.08975
2023-11-12 09:00:00+00:00,88.66,0.08866
2023-11-12 10:00:00+00:00,86.62,0.08662
2023-11-12 11:00:00+00:00,88.09,0.08809
2023-11-12 12:00:00+00:00,90.0,0.09
2023-11-12 13:00:00+00:00,94.97,0.09497
2023-11-12 14:00:00+00:00,110.38,0.11037999999999999
2023-11-12 15:00:00+00:00,122.51,0.12251000000000001
2023-11-12 16:00:00+00:00,141.96,0.14196
2023-11-12 17:00:00+00:00,130.49,0.13049000000000002
2023-11-12 18:00:00+00:00,126.0,0.126
2023-11-12 19:00:00+00:00,116.8,0.1168
2023-11-12 20:00:00+00:00,107.33,0.10733
2023-11-12 21:00:00+00:00,100.14,0.10014
2023-11-12 22:00:00+00:00,88.02,0.08802
2023-11-12 23:00:00+00:00,91.26,0.09126000000000001
2023-11-13 00:00:00+00:00,86.82,0.08682
2023-11-13 01:00:00+00:00,87.0,0.087
2023-11-13 02:00:00+00:00,87.25,0.08725
2023-11-13 03:00:00+00:00,85.28,0.08528
2023-11-13 04:00:00+00:00,88.56,0.08856
2023-11-13 05:00:00+00:00,112.2,0.11220000000000001
2023-11-13 06:00:00+00:00,134.21,0.13421
2023-11-13 07:00:00+00:00,145.0,0.145
2023-11-13 08:00:00+00:00,125.9,0.1259
2023-11-13 09:00:00+00:00,118.86,0.11886
2023-11-13 10:00:00+00:00,116.67,0.11667
2023-11-13 11:00:00+00:00,108.5,0.1085
2023-11-13 12:00:00+00:00,101.61,0.10161
2023-11-13 13:00:00+00:00,88.25,0.08825
2023-11-13 14:00:00+00:00,80.13,0.08012999999999999
2023-11-13 15:00:00+00:00,78.67,0.07867
2023-11-13 16:00:00+00:00,91.33,0.09133
2023-11-13 17:00:00+00:00,96.0,0.096
2023-11-13 18:00:00+00:00,87.6,0.0876
2023-11-13 19:00:00+00:00,76.8,0.0768
2023-11-13 20:00:00+00:00,61.99,0.06199
2023-11-13 21:00:00+00:00,61.48,0.06148
2023-11-13 22:00:00+00:00,30.01,0.030010000000000002
2023-11-13 23:00:00+00:00,10.6,0.0106
2023-11-14 00:00:00+00:00,1.48,0.00148
2023-11-14 01:00:00+00:00,0.29,0.00029
2023-11-14 02:00:00+00:00,0.08,8e-05
2023-11-14 03:00:00+00:00,0.32,0.00032
2023-11-14 04:00:00+00:00,1.82,0.00182
2023-11-14 05:00:00+00:00,47.63,0.047630000000000006
2023-11-14 06:00:00+00:00,80.03,0.08003
2023-11-14 07:00:00+00:00,96.31,0.09631
2023-11-14 08:00:00+00:00,86.46,0.08646
2023-11-14 09:00:00+00:00,74.8,0.07479999999999999
2023-11-14 10:00:00+00:00,72.82,0.07282
2023-11-14 11:00:00+00:00,75.08,0.07508
2023-11-14 12:00:00+00:00,75.22,0.07522
2023-11-14 13:00:00+00:00,86.38,0.08638
2023-11-14 14:00:00+00:00,100.6,0.1006
2023-11-14 15:00:00+00:00,98.91,0.09891
2023-11-14 16:00:00+00:00,132.8,0.1328
2023-11-14 17:00:00+00:00,126.03,0.12603
2023-11-14 18:00:00+00:00,116.97,0.11697
2023-11-14 19:00:00+00:00,100.45,0.10045
2023-11-14 20:00:00+00:00,93.4,0.09340000000000001
2023-11-14 21:00:00+00:00,96.16,0.09616
2023-11-14 22:00:00+00:00,85.5,0.0855
2023-11-14 23:00:00+00:00,81.1,0.08109999999999999
2023-11-15 00:00:00+00:00,76.42,0.07642
2023-11-15 01:00:00+00:00,72.9,0.0729
2023-11-15 02:00:00+00:00,70.69,0.07069
2023-11-15 03:00:00+00:00,74.45,0.07445
2023-11-15 04:00:00+00:00,81.99,0.08199
2023-11-15 05:00:00+00:00,101.27,0.10127
2023-11-15 06:00:00+00:00,121.36,0.12136
2023-11-15 07:00:00+00:00,126.23,0.12623
2023-11-15 08:00:00+00:00,117.48,0.11748
2023-11-15 09:00:00+00:00,108.46,0.10845999999999999
2023-11-15 10:00:00+00:00,96.82,0.09681999999999999
2023-11-15 11:00:00+00:00,90.94,0.09094
2023-11-15 12:00:00+00:00,92.46,0.09246
2023-11-15 13:00:00+00:00,94.55,0.09455
2023-11-15 14:00:00+00:00,113.76,0.11376
2023-11-15 15:00:00+00:00,119.21,0.11921
2023-11-15 16:00:00+00:00,126.6,0.1266
2023-11-15 17:00:00+00:00,129.9,0.12990000000000002
2023-11-15 18:00:00+00:00,121.08,0.12108
2023-11-15 19:00:00+00:00,109.9,0.10990000000000001
2023-11-15 20:00:00+00:00,97.5,0.0975
2023-11-15 21:00:00+00:00,91.66,0.09165999999999999
2023-11-15 22:00:00+00:00,84.21,0.08421
2023-11-15 23:00:00+00:00,85.46,0.08546
2023-11-16 00:00:00+00:00,83.4,0.0834
2023-11-16 01:00:00+00:00,95.57,0.09556999999999999
2023-11-16 02:00:00+00:00,95.57,0.09556999999999999
2023-11-16 03:00:00+00:00,98.3,0.0983
2023-11-16 04:00:00+00:00,103.2,0.1032
2023-11-16 05:00:00+00:00,105.0,0.105
2023-11-16 06:00:00+00:00,126.9,0.1269
2023-11-16 07:00:00+00:00,129.99,0.12999000000000002
2023-11-16 08:00:00+00:00,128.59,0.12859
2023-11-16 09:00:00+00:00,120.1,0.1201
2023-11-16 10:00:00+00:00,116.62,0.11662
2023-11-16 11:00:00+00:00,122.63,0.12262999999999999
2023-11-16 12:00:00+00:00,131.64,0.13163999999999998
2023-11-16 13:00:00+00:00,146.52,0.14652
2023-11-16 14:00:00+00:00,158.5,0.1585
2023-11-16 15:00:00+00:00,158.24,0.15824000000000002
2023-11-16 16:00:00+00:00,181.22,0.18122
2023-11-16 17:00:00+00:00,140.44,0.14044
2023-11-16 18:00:00+00:00,125.26,0.12526
2023-11-16 19:00:00+00:00,121.19,0.12118999999999999
2023-11-16 20:00:00+00:00,115.0,0.115
2023-11-16 21:00:00+00:00,110.2,0.1102
2023-11-16 22:00:00+00:00,100.85,0.10085
2023-11-16 23:00:00+00:00,106.0,0.106
2023-11-17 00:00:00+00:00,100.0,0.1
2023-11-17 01:00:00+00:00,100.0,0.1
2023-11-17 02:00:00+00:00,92.86,0.09286
2023-11-17 03:00:00+00:00,95.7,0.09570000000000001
2023-11-17 04:00:00+00:00,103.2,0.1032
2023-11-17 05:00:00+00:00,119.35,0.11935
2023-11-17 06:00:00+00:00,131.03,0.13103
2023-11-17 07:00:00+00:00,141.92,0.14192
2023-11-17 08:00:00+00:00,134.75,0.13475
2023-11-17 09:00:00+00:00,127.9,0.1279
2023-11-17 10:00:00+00:00,125.18,0.12518
2023-11-17 11:00:00+00:00,119.54,0.11954000000000001
2023-11-17 12:00:00+00:00,112.1,0.11209999999999999
2023-11-17 13:00:00+00:00,123.91,0.12390999999999999
2023-11-17 14:00:00+00:00,129.76,0.12976
2023-11-17 15:00:00+00:00,137.65,0.13765
2023-11-17 16:00:00+00:00,146.32,0.14632
2023-11-17 17:00:00+00:00,149.8,0.14980000000000002
2023-11-17 18:00:00+00:00,141.83,0.14183
2023-11-17 19:00:00+00:00,128.44,0.12844
2023-11-17 20:00:00+00:00,120.36,0.12036
2023-11-17 21:00:00+00:00,118.24,0.11824
2023-11-17 22:00:00+00:00,112.1,0.11209999999999999
2023-11-17 23:00:00+00:00,110.56,0.11056
2023-11-18 00:00:00+00:00,97.38,0.09738
2023-11-18 01:00:00+00:00,90.61,0.09061
2023-11-18 02:00:00+00:00,85.94,0.08594
2023-11-18 03:00:00+00:00,82.46,0.08245999999999999
2023-11-18 04:00:00+00:00,82.5,0.0825
2023-11-18 05:00:00+00:00,86.19,0.08619
2023-11-18 06:00:00+00:00,92.08,0.09208
2023-11-18 07:00:00+00:00,100.17,0.10017
2023-11-18 08:00:00+00:00,96.95,0.09695000000000001
2023-11-18 09:00:00+00:00,95.21,0.09520999999999999
2023-11-18 10:00:00+00:00,92.89,0.09289
2023-11-18 11:00:00+00:00,92.64,0.09264
2023-11-18 12:00:00+00:00,91.61,0.09161
2023-11-18 13:00:00+00:00,92.89,0.09289
2023-11-18 14:00:00+00:00,92.23,0.09223
2023-11-18 15:00:00+00:00,94.48,0.09448000000000001
2023-11-18 16:00:00+00:00,105.28,0.10528
2023-11-18 17:00:00+00:00,107.62,0.10762000000000001
2023-11-18 18:00:00+00:00,90.8,0.09079999999999999
2023-11-18 19:00:00+00:00,83.54,0.08354
2023-11-18 20:00:00+00:00,78.11,0.07811
2023-11-18 21:00:00+00:00,73.76,0.07376
2023-11-18 22:00:00+00:00,58.11,0.05811
2023-11-18 23:00:00+00:00,19.24,0.01924
2023-11-19 00:00:00+00:00,5.75,0.00575
2023-11-19 01:00:00+00:00,4.1,0.0040999999999999995
2023-11-19 02:00:00+00:00,0.13,0.00013000000000000002
2023-11-19 03:00:00+00:00,0.07,7.000000000000001e-05
2023-11-19 04:00:00+00:00,0.09,8.999999999999999e-05
2023-11-19 05:00:00+00:00,2.33,0.00233
2023-11-19 06:00:00+00:00,5.59,0.0055899999999999995
2023-11-19 07:00:00+00:00,14.49,0.01449
2023-11-19 08:00:00+00:00,18.92,0.018920000000000003
2023-11-19 09:00:00+00:00,12.57,0.01257
2023-11-19 10:00:00+00:00,12.61,0.01261
2023-11-19 11:00:00+00:00,11.66,0.01166
2023-11-19 12:00:00+00:00,0.79,0.00079
2023-11-19 13:00:00+00:00,15.29,0.01529
2023-11-19 14:00:00+00:00,67.31,0.06731000000000001
2023-11-19 15:00:00+00:00,80.98,0.08098000000000001
2023-11-19 16:00:00+00:00,94.99,0.09498999999999999
2023-11-19 17:00:00+00:00,104.58,0.10457999999999999
2023-11-19 18:00:00+00:00,103.86,0.10386
2023-11-19 19:00:00+00:00,88.74,0.08874
2023-11-19 20:00:00+00:00,84.42,0.08442
2023-11-19 21:00:00+00:00,88.05,0.08805
2023-11-19 22:00:00+00:00,80.05,0.08005
2023-11-19 23:00:00+00:00,68.3,0.0683
2023-11-20 00:00:00+00:00,62.68,0.06268
2023-11-20 01:00:00+00:00,59.91,0.05991
2023-11-20 02:00:00+00:00,57.61,0.05761
2023-11-20 03:00:00+00:00,63.4,0.0634
2023-11-20 04:00:00+00:00,80.43,0.08043
2023-11-20 05:00:00+00:00,102.47,0.10247
2023-11-20 06:00:00+00:00,127.72,0.12772
2023-11-20 07:00:00+00:00,126.0,0.126
2023-11-20 08:00:00+00:00,117.59,0.11759
2023-11-20 09:00:00+00:00,110.59,0.11059000000000001
2023-11-20 10:00:00+00:00,106.0,0.106
2023-11-20 11:00:00+00:00,103.0,0.103
2023-11-20 12:00:00+00:00,114.3,0.1143
2023-11-20 13:00:00+00:00,120.35,0.12035
2023-11-20 14:00:00+00:00,125.37,0.12537
2023-11-20 15:00:00+00:00,135.86,0.13586
2023-11-20 16:00:00+00:00,148.12,0.14812
2023-11-20 17:00:00+00:00,139.98,0.13998
2023-11-20 18:00:00+00:00,130.1,0.1301
2023-11-20 19:00:00+00:00,120.05,0.12005
2023-11-20 20:00:00+00:00,107.01,0.10701000000000001
2023-11-20 21:00:00+00:00,108.05,0.10805
2023-11-20 22:00:00+00:00,100.0,0.1
2023-11-20 23:00:00+00:00,102.75,0.10275
2023-11-21 00:00:00+00:00,98.2,0.09820000000000001
2023-11-21 01:00:00+00:00,96.12,0.09612000000000001
2023-11-21 02:00:00+00:00,91.17,0.09117
2023-11-21 03:00:00+00:00,95.36,0.09536
2023-11-21 04:00:00+00:00,101.12,0.10112
2023-11-21 05:00:00+00:00,120.1,0.1201
2023-11-21 06:00:00+00:00,134.5,0.1345
2023-11-21 07:00:00+00:00,139.3,0.1393
2023-11-21 08:00:00+00:00,136.02,0.13602
2023-11-21 09:00:00+00:00,135.0,0.135
2023-11-21 10:00:00+00:00,134.12,0.13412000000000002
2023-11-21 11:00:00+00:00,137.83,0.13783
2023-11-21 12:00:00+00:00,137.02,0.13702
2023-11-21 13:00:00+00:00,137.07,0.13707
2023-11-21 14:00:00+00:00,137.23,0.13723
2023-11-21 15:00:00+00:00,140.57,0.14057
2023-11-21 16:00:00+00:00,145.8,0.1458
2023-11-21 17:00:00+00:00,142.08,0.14208
2023-11-21 18:00:00+00:00,132.35,0.13235
2023-11-21 19:00:00+00:00,124.79,0.12479000000000001
2023-11-21 20:00:00+00:00,110.52,0.11052
2023-11-21 21:00:00+00:00,110.91,0.11091
2023-11-21 22:00:00+00:00,98.04,0.09804
2023-11-21 23:00:00+00:00,98.0,0.098
2023-11-22 00:00:00+00:00,95.01,0.09501000000000001
2023-11-22 01:00:00+00:00,95.01,0.09501000000000001
2023-11-22 02:00:00+00:00,92.0,0.092
2023-11-22 03:00:00+00:00,92.59,0.09259
2023-11-22 04:00:00+00:00,96.5,0.0965
2023-11-22 05:00:00+00:00,119.25,0.11925
2023-11-22 06:00:00+00:00,140.55,0.14055
2023-11-22 07:00:00+00:00,152.23,0.15222999999999998
2023-11-22 08:00:00+00:00,131.3,0.1313
2023-11-22 09:00:00+00:00,114.99,0.11499
2023-11-22 10:00:00+00:00,103.57,0.10357
2023-11-22 11:00:00+00:00,95.6,0.09559999999999999
2023-11-22 12:00:00+00:00,102.41,0.10241
2023-11-22 13:00:00+00:00,116.09,0.11609
2023-11-22 14:00:00+00:00,120.0,0.12
2023-11-22 15:00:00+00:00,127.2,0.1272
2023-11-22 16:00:00+00:00,132.95,0.13294999999999998
2023-11-22 17:00:00+00:00,129.89,0.12988999999999998
2023-11-22 18:00:00+00:00,118.78,0.11878
2023-11-22 19:00:00+00:00,123.0,0.123
2023-11-22 20:00:00+00:00,102.82,0.10282
2023-11-22 21:00:00+00:00,108.57,0.10857
2023-11-22 22:00:00+00:00,80.2,0.08020000000000001
2023-11-22 23:00:00+00:00,64.97,0.06497
2023-11-23 00:00:00+00:00,46.05,0.046049999999999994
2023-11-23 01:00:00+00:00,41.12,0.04112
2023-11-23 02:00:00+00:00,30.13,0.03013
2023-11-23 03:00:00+00:00,20.18,0.02018
2023-11-23 04:00:00+00:00,32.17,0.032170000000000004
2023-11-23 05:00:00+00:00,82.0,0.082
2023-11-23 06:00:00+00:00,114.43,0.11443
2023-11-23 07:00:00+00:00,139.8,0.1398
2023-11-23 08:00:00+00:00,139.9,0.1399
2023-11-23 09:00:00+00:00,119.01,0.11901
2023-11-23 10:00:00+00:00,88.0,0.088
2023-11-23 11:00:00+00:00,70.87,0.07087
2023-11-23 12:00:00+00:00,84.89,0.08489000000000001
2023-11-23 13:00:00+00:00,95.0,0.095
2023-11-23 14:00:00+00:00,98.0,0.098
2023-11-23 15:00:00+00:00,112.1,0.11209999999999999
2023-11-23 16:00:00+00:00,155.77,0.15577000000000002
2023-11-23 17:00:00+00:00,135.9,0.1359
2023-11-23 18:00:00+00:00,130.1,0.1301
2023-11-23 19:00:00+00:00,96.0,0.096
2023-11-23 20:00:00+00:00,93.0,0.093
2023-11-23 21:00:00+00:00,91.8,0.09179999999999999
2023-11-23 22:00:00+00:00,60.32,0.06032
2023-11-23 23:00:00+00:00,47.0,0.047
2023-11-24 00:00:00+00:00,20.4,0.020399999999999998
2023-11-24 01:00:00+00:00,24.4,0.024399999999999998
2023-11-24 02:00:00+00:00,0.59,0.0005899999999999999
2023-11-24 03:00:00+00:00,1.77,0.00177
2023-11-24 04:00:00+00:00,31.68,0.03168
2023-11-24 05:00:00+00:00,70.9,0.0709
2023-11-24 06:00:00+00:00,94.61,0.09461
2023-11-24 07:00:00+00:00,126.57,0.12657
2023-11-24 08:00:00+00:00,131.22,0.13122
2023-11-24 09:00:00+00:00,107.15,0.10715000000000001
2023-11-24 10:00:00+00:00,98.85,0.09885
2023-11-24 11:00:00+00:00,77.86,0.07786
2023-11-24 12:00:00+00:00,78.29,0.07829000000000001
2023-11-24 13:00:00+00:00,89.31,0.08931
2023-11-24 14:00:00+00:00,90.09,0.09009
2023-11-24 15:00:00+00:00,113.1,0.11309999999999999
2023-11-24 16:00:00+00:00,145.1,0.1451
2023-11-24 17:00:00+00:00,148.02,0.14802
2023-11-24 18:00:00+00:00,136.34,0.13634000000000002
2023-11-24 19:00:00+00:00,121.6,0.1216
2023-11-24 20:00:00+00:00,100.1,0.1001
2023-11-24 21:00:00+00:00,92.97,0.09297
2023-11-24 22:00:00+00:00,85.35,0.08535
2023-11-24 23:00:00+00:00,78.07,0.07806999999999999
2023-11-25 00:00:00+00:00,74.03,0.07403
2023-11-25 01:00:00+00:00,72.07,0.07207
2023-11-25 02:00:00+00:00,71.61,0.07161
2023-11-25 03:00:00+00:00,69.99,0.06999
2023-11-25 04:00:00+00:00,74.19,0.07418999999999999
2023-11-25 05:00:00+00:00,79.81,0.07981
2023-11-25 06:00:00+00:00,87.08,0.08708
2023-11-25 07:00:00+00:00,94.29,0.09429000000000001
2023-11-25 08:00:00+00:00,92.02,0.09201999999999999
2023-11-25 09:00:00+00:00,89.17,0.08917
2023-11-25 10:00:00+00:00,87.06,0.08706
2023-11-25 11:00:00+00:00,84.84,0.08484
2023-11-25 12:00:00+00:00,83.09,0.08309
2023-11-25 13:00:00+00:00,90.09,0.09009
2023-11-25 14:00:00+00:00,95.8,0.0958
2023-11-25 15:00:00+00:00,114.95,0.11495
2023-11-25 16:00:00+00:00,124.1,0.12409999999999999
2023-11-25 17:00:00+00:00,138.79,0.13879
2023-11-25 18:00:00+00:00,128.05,0.12805000000000002
2023-11-25 19:00:00+00:00,139.12,0.13912
2023-11-25 20:00:00+00:00,121.0,0.121
2023-11-25 21:00:00+00:00,117.86,0.11785999999999999
2023-11-25 22:00:00+00:00,111.15,0.11115
2023-11-25 23:00:00+00:00,111.73,0.11173000000000001
2023-11-26 00:00:00+00:00,105.07,0.10507
2023-11-26 01:00:00+00:00,101.84,0.10184
2023-11-26 02:00:00+00:00,99.34,0.09934
2023-11-26 03:00:00+00:00,96.58,0.09658
2023-11-26 04:00:00+00:00,97.16,0.09716
2023-11-26 05:00:00+00:00,100.1,0.1001
2023-11-26 06:00:00+00:00,110.08,0.11008
2023-11-26 07:00:00+00:00,113.13,0.11313
2023-11-26 08:00:00+00:00,117.7,0.1177
2023-11-26 09:00:00+00:00,115.88,0.11588
2023-11-26 10:00:00+00:00,114.8,0.1148
2023-11-26 11:00:00+00:00,113.67,0.11367000000000001
2023-11-26 12:00:00+00:00,110.14,0.11014
2023-11-26 13:00:00+00:00,115.1,0.1151
2023-11-26 14:00:00+00:00,123.26,0.12326000000000001
2023-11-26 15:00:00+00:00,134.15,0.13415000000000002
2023-11-26 16:00:00+00:00,145.7,0.1457
2023-11-26 17:00:00+00:00,160.6,0.1606
2023-11-26 18:00:00+00:00,146.63,0.14662999999999998
2023-11-26 19:00:00+00:00,135.91,0.13591
2023-11-26 20:00:00+00:00,122.41,0.12240999999999999
2023-11-26 21:00:00+00:00,118.99,0.11899
2023-11-26 22:00:00+00:00,102.49,0.10249
2023-11-26 23:00:00+00:00,99.31,0.09931
2023-11-27 00:00:00+00:00,94.15,0.09415000000000001
2023-11-27 01:00:00+00:00,89.9,0.08990000000000001
2023-11-27 02:00:00+00:00,88.82,0.08882
2023-11-27 03:00:00+00:00,87.91,0.08791
2023-11-27 04:00:00+00:00,94.09,0.09409000000000001
2023-11-27 05:00:00+00:00,122.01,0.12201000000000001
2023-11-27 06:00:00+00:00,136.89,0.13688999999999998
2023-11-27 07:00:00+00:00,144.99,0.14499
2023-11-27 08:00:00+00:00,139.41,0.13941
2023-11-27 09:00:00+00:00,138.0,0.138
2023-11-27 10:00:00+00:00,136.94,0.13694
2023-11-27 11:00:00+00:00,133.97,0.13397
2023-11-27 12:00:00+00:00,132.67,0.13266999999999998
2023-11-27 13:00:00+00:00,130.09,0.13009
2023-11-27 14:00:00+00:00,121.63,0.12163
2023-11-27 15:00:00+00:00,116.84,0.11684
2023-11-27 16:00:00+00:00,125.56,0.12556
2023-11-27 17:00:00+00:00,129.1,0.1291
2023-11-27 18:00:00+00:00,105.58,0.10558
2023-11-27 19:00:00+00:00,109.0,0.109
2023-11-27 20:00:00+00:00,108.1,0.10809999999999999
2023-11-27 21:00:00+00:00,94.3,0.0943
2023-11-27 22:00:00+00:00,84.89,0.08489000000000001
2023-11-27 23:00:00+00:00,77.74,0.07773999999999999
2023-11-28 00:00:00+00:00,70.49,0.07049
2023-11-28 01:00:00+00:00,67.47,0.06747
2023-11-28 02:00:00+00:00,64.5,0.0645
2023-11-28 03:00:00+00:00,68.29,0.06829
2023-11-28 04:00:00+00:00,80.08,0.08008
2023-11-28 05:00:00+00:00,97.62,0.09762
2023-11-28 06:00:00+00:00,118.38,0.11838
2023-11-28 07:00:00+00:00,127.6,0.1276
2023-11-28 08:00:00+00:00,138.28,0.13828000000000001
2023-11-28 09:00:00+00:00,139.27,0.13927
2023-11-28 10:00:00+00:00,138.51,0.13851
2023-11-28 11:00:00+00:00,135.61,0.13561
2023-11-28 12:00:00+00:00,137.73,0.13773
2023-11-28 13:00:00+00:00,144.01,0.14401
2023-11-28 14:00:00+00:00,150.0,0.15
2023-11-28 15:00:00+00:00,164.01,0.16401
2023-11-28 16:00:00+00:00,189.98,0.18997999999999998
2023-11-28 17:00:00+00:00,177.0,0.177
2023-11-28 18:00:00+00:00,161.49,0.16149000000000002
2023-11-28 19:00:00+00:00,140.51,0.14051
2023-11-28 20:00:00+00:00,120.0,0.12
2023-11-28 21:00:00+00:00,116.84,0.11684
2023-11-28 22:00:00+00:00,109.29,0.10929000000000001
2023-11-28 23:00:00+00:00,98.43,0.09843
2023-11-29 00:00:00+00:00,95.11,0.09511
2023-11-29 01:00:00+00:00,92.08,0.09208
2023-11-29 02:00:00+00:00,86.12,0.08612
2023-11-29 03:00:00+00:00,84.94,0.08494
2023-11-29 04:00:00+00:00,95.7,0.09570000000000001
2023-11-29 05:00:00+00:00,102.84,0.10284
2023-11-29 06:00:00+00:00,132.59,0.13259
2023-11-29 07:00:00+00:00,149.58,0.14958000000000002
2023-11-29 08:00:00+00:00,145.0,0.145
2023-11-29 09:00:00+00:00,133.85,0.13385
2023-11-29 10:00:00+00:00,129.99,0.12999000000000002
2023-11-29 11:00:00+00:00,128.21,0.12821000000000002
2023-11-29 12:00:00+00:00,132.38,0.13238
2023-11-29 13:00:00+00:00,146.66,0.14665999999999998
2023-11-29 14:00:00+00:00,168.0,0.168
2023-11-29 15:00:00+00:00,200.0,0.2
2023-11-29 16:00:00+00:00,250.0,0.25
2023-11-29 17:00:00+00:00,250.0,0.25
2023-11-29 18:00:00+00:00,200.0,0.2
2023-11-29 19:00:00+00:00,161.0,0.161
2023-11-29 20:00:00+00:00,139.01,0.13901
2023-11-29 21:00:00+00:00,128.5,0.1285
2023-11-29 22:00:00+00:00,114.27,0.11427
2023-11-29 23:00:00+00:00,104.79,0.10479000000000001
2023-11-30 00:00:00+00:00,104.52,0.10452
2023-11-30 01:00:00+00:00,102.2,0.1022
2023-11-30 02:00:00+00:00,100.0,0.1
2023-11-30 03:00:00+00:00,101.63,0.10163
2023-11-30 04:00:00+00:00,106.3,0.10629999999999999
2023-11-30 05:00:00+00:00,129.41,0.12941
2023-11-30 06:00:00+00:00,168.09,0.16809000000000002
2023-11-30 07:00:00+00:00,219.27,0.21927000000000002
2023-11-30 08:00:00+00:00,237.06,0.23706
2023-11-30 09:00:00+00:00,222.4,0.22240000000000001
2023-11-30 10:00:00+00:00,223.22,0.22322
2023-11-30 11:00:00+00:00,195.15,0.19515000000000002
2023-11-30 12:00:00+00:00,189.76,0.18975999999999998
2023-11-30 13:00:00+00:00,195.0,0.195
2023-11-30 14:00:00+00:00,195.0,0.195
2023-11-30 15:00:00+00:00,226.0,0.226
2023-11-30 16:00:00+00:00,261.0,0.261
2023-11-30 17:00:00+00:00,249.41,0.24941
2023-11-30 18:00:00+00:00,196.66,0.19666
2023-11-30 19:00:00+00:00,153.93,0.15393
2023-11-30 20:00:00+00:00,132.71,0.13271
2023-11-30 21:00:00+00:00,124.67,0.12467
2023-11-30 22:00:00+00:00,113.72,0.11372
2023-11-30 23:00:00+00:00,106.91,0.10690999999999999
2023-12-01 00:00:00+00:00,102.63,0.10263
2023-12-01 01:00:00+00:00,99.1,0.0991
2023-12-01 02:00:00+00:00,95.89,0.09589
2023-12-01 03:00:00+00:00,96.07,0.09606999999999999
2023-12-01 04:00:00+00:00,102.29,0.10229
2023-12-01 05:00:00+00:00,120.0,0.12
2023-12-01 06:00:00+00:00,152.07,0.15206999999999998
2023-12-01 07:00:00+00:00,203.32,0.20332
2023-12-01 08:00:00+00:00,222.35,0.22235
2023-12-01 09:00:00+00:00,214.99,0.21499000000000001
2023-12-01 10:00:00+00:00,213.09,0.21309
2023-12-01 11:00:00+00:00,196.72,0.19672
2023-12-01 12:00:00+00:00,174.54,0.17454
2023-12-01 13:00:00+00:00,174.11,0.17411000000000001
2023-12-01 14:00:00+00:00,183.6,0.18359999999999999
2023-12-01 15:00:00+00:00,200.0,0.2
2023-12-01 16:00:00+00:00,229.77,0.22977
2023-12-01 17:00:00+00:00,199.1,0.1991
2023-12-01 18:00:00+00:00,168.49,0.16849
2023-12-01 19:00:00+00:00,142.33,0.14233
2023-12-01 20:00:00+00:00,125.11,0.12511
2023-12-01 21:00:00+00:00,118.31,0.11831
2023-12-01 22:00:00+00:00,108.12,0.10812000000000001
2023-12-01 23:00:00+00:00,105.3,0.10529999999999999
2023-12-02 00:00:00+00:00,102.78,0.10278
2023-12-02 01:00:00+00:00,101.74,0.10174
2023-12-02 02:00:00+00:00,99.24,0.09924
2023-12-02 03:00:00+00:00,98.35,0.09834999999999999
2023-12-02 04:00:00+00:00,98.01,0.09801
2023-12-02 05:00:00+00:00,99.06,0.09906000000000001
2023-12-02 06:00:00+00:00,104.75,0.10475
2023-12-02 07:00:00+00:00,120.34,0.12034
2023-12-02 08:00:00+00:00,127.99,0.12799
2023-12-02 09:00:00+00:00,130.75,0.13075
2023-12-02 10:00:00+00:00,126.24,0.12624
2023-12-02 11:00:00+00:00,119.9,0.1199
2023-12-02 12:00:00+00:00,114.58,0.11458
2023-12-02 13:00:00+00:00,118.52,0.11852
2023-12-02 14:00:00+00:00,123.5,0.1235
2023-12-02 15:00:00+00:00,129.79,0.12979
2023-12-02 16:00:00+00:00,144.15,0.14415
2023-12-02 17:00:00+00:00,144.85,0.14485
2023-12-02 18:00:00+00:00,129.56,0.12956
2023-12-02 19:00:00+00:00,122.56,0.12256
2023-12-02 20:00:00+00:00,113.0,0.113
2023-12-02 21:00:00+00:00,109.01,0.10901000000000001
2023-12-02 22:00:00+00:00,106.3,0.10629999999999999
2023-12-02 23:00:00+00:00,108.63,0.10862999999999999
2023-12-03 00:00:00+00:00,103.38,0.10338
2023-12-03 01:00:00+00:00,100.2,0.1002
2023-12-03 02:00:00+00:00,99.13,0.09913
2023-12-03 03:00:00+00:00,95.15,0.09515000000000001
2023-12-03 04:00:00+00:00,91.83,0.09183
2023-12-03 05:00:00+00:00,88.89,0.08889
2023-12-03 06:00:00+00:00,92.31,0.09231
2023-12-03 07:00:00+00:00,97.02,0.09702
2023-12-03 08:00:00+00:00,100.15,0.10015
2023-12-03 09:00:00+00:00,104.96,0.10496
2023-12-03 10:00:00+00:00,105.07,0.10507
2023-12-03 11:00:00+00:00,102.91,0.10291
2023-12-03 12:00:00+00:00,100.0,0.1
2023-12-03 13:00:00+00:00,105.68,0.10568000000000001
2023-12-03 14:00:00+00:00,115.0,0.115
2023-12-03 15:00:00+00:00,122.2,0.1222
2023-12-03 16:00:00+00:00,127.9,0.1279
2023-12-03 17:00:00+00:00,129.05,0.12905
2023-12-03 18:00:00+00:00,126.07,0.12607
2023-12-03 19:00:00+00:00,112.33,0.11233
2023-12-03 20:00:00+00:00,100.0,0.1
2023-12-03 21:00:00+00:00,99.09,0.09909
2023-12-03 22:00:00+00:00,89.0,0.089
2023-12-03 23:00:00+00:00,93.86,0.09386
2023-12-04 00:00:00+00:00,89.81,0.08981
2023-12-04 01:00:00+00:00,88.02,0.08802
2023-12-04 02:00:00+00:00,85.38,0.08538
2023-12-04 03:00:00+00:00,85.83,0.08583
2023-12-04 04:00:00+00:00,91.98,0.09198
2023-12-04 05:00:00+00:00,103.38,0.10338
2023-12-04 06:00:00+00:00,115.75,0.11575
2023-12-04 07:00:00+00:00,122.64,0.12264
2023-12-04 08:00:00+00:00,126.12,0.12612
2023-12-04 09:00:00+00:00,128.02,0.12802000000000002
2023-12-04 10:00:00+00:00,130.7,0.13069999999999998
2023-12-04 11:00:00+00:00,126.45,0.12645
2023-12-04 12:00:00+00:00,130.0,0.13
2023-12-04 13:00:00+00:00,127.1,0.1271
2023-12-04 14:00:00+00:00,124.84,0.12484
2023-12-04 15:00:00+00:00,121.96,0.12196
2023-12-04 16:00:00+00:00,128.06,0.12806
2023-12-04 17:00:00+00:00,125.6,0.1256
2023-12-04 18:00:00+00:00,120.0,0.12
2023-12-04 19:00:00+00:00,114.33,0.11433
2023-12-04 20:00:00+00:00,105.55,0.10554999999999999
2023-12-04 21:00:00+00:00,100.0,0.1
2023-12-04 22:00:00+00:00,91.76,0.09176000000000001
2023-12-04 23:00:00+00:00,90.85,0.09085
2023-12-05 00:00:00+00:00,88.01,0.08801
2023-12-05 01:00:00+00:00,85.73,0.08573
2023-12-05 02:00:00+00:00,83.62,0.08362
2023-12-05 03:00:00+00:00,84.71,0.08471
2023-12-05 04:00:00+00:00,91.02,0.09101999999999999
2023-12-05 05:00:00+00:00,107.95,0.10795
2023-12-05 06:00:00+00:00,114.36,0.11436
2023-12-05 07:00:00+00:00,122.79,0.12279000000000001
2023-12-05 08:00:00+00:00,123.29,0.12329000000000001
2023-12-05 09:00:00+00:00,120.69,0.12068999999999999
2023-12-05 10:00:00+00:00,120.79,0.12079000000000001
2023-12-05 11:00:00+00:00,117.96,0.11796
2023-12-05 12:00:00+00:00,118.12,0.11812
2023-12-05 13:00:00+00:00,125.07,0.12507
2023-12-05 14:00:00+00:00,122.59,0.12259
2023-12-05 15:00:00+00:00,129.24,0.12924000000000002
2023-12-05 16:00:00+00:00,146.05,0.14605
2023-12-05 17:00:00+00:00,147.47,0.14747
2023-12-05 18:00:00+00:00,141.56,0.14156
2023-12-05 19:00:00+00:00,128.63,0.12863
2023-12-05 20:00:00+00:00,117.83,0.11783
2023-12-05 21:00:00+00:00,111.55,0.11155
2023-12-05 22:00:00+00:00,103.28,0.10328
2023-12-05 23:00:00+00:00,94.97,0.09497
2023-12-06 00:00:00+00:00,93.1,0.09309999999999999
2023-12-06 01:00:00+00:00,92.57,0.09257
2023-12-06 02:00:00+00:00,90.96,0.09096
2023-12-06 03:00:00+00:00,90.59,0.09059
2023-12-06 04:00:00+00:00,93.89,0.09389
2023-12-06 05:00:00+00:00,106.52,0.10651999999999999
2023-12-06 06:00:00+00:00,132.76,0.13276
2023-12-06 07:00:00+00:00,167.0,0.167
2023-12-06 08:00:00+00:00,166.54,0.16654
2023-12-06 09:00:00+00:00,150.0,0.15
2023-12-06 10:00:00+00:00,146.29,0.14629
2023-12-06 11:00:00+00:00,119.0,0.119
2023-12-06 12:00:00+00:00,109.73,0.10973000000000001
2023-12-06 13:00:00+00:00,129.89,0.12988999999999998
2023-12-06 14:00:00+00:00,143.99,0.14399
2023-12-06 15:00:00+00:00,164.0,0.164
2023-12-06 16:00:00+00:00,178.07,0.17807
2023-12-06 17:00:00+00:00,165.28,0.16528
2023-12-06 18:00:00+00:00,149.93,0.14993
2023-12-06 19:00:00+00:00,129.91,0.12991
2023-12-06 20:00:00+00:00,115.68,0.11568
2023-12-06 21:00:00+00:00,107.33,0.10733
2023-12-06 22:00:00+00:00,100.44,0.10044
2023-12-06 23:00:00+00:00,99.2,0.0992
2023-12-07 00:00:00+00:00,97.85,0.09784999999999999
2023-12-07 01:00:00+00:00,96.86,0.09686
2023-12-07 02:00:00+00:00,91.81,0.09181
2023-12-07 03:00:00+00:00,89.92,0.08992
2023-12-07 04:00:00+00:00,94.53,0.09453
2023-12-07 05:00:00+00:00,97.05,0.09705
2023-12-07 06:00:00+00:00,127.99,0.12799
2023-12-07 07:00:00+00:00,150.0,0.15
2023-12-07 08:00:00+00:00,137.7,0.1377
2023-12-07 09:00:00+00:00,108.2,0.1082
2023-12-07 10:00:00+00:00,94.3,0.0943
2023-12-07 11:00:00+00:00,79.0,0.079
2023-12-07 12:00:00+00:00,80.3,0.0803
2023-12-07 13:00:00+00:00,86.0,0.086
2023-12-07 14:00:00+00:00,106.7,0.1067
2023-12-07 15:00:00+00:00,126.13,0.12613
2023-12-07 16:00:00+00:00,125.21,0.12521
2023-12-07 17:00:00+00:00,120.28,0.12028
2023-12-07 18:00:00+00:00,103.19,0.10319
2023-12-07 19:00:00+00:00,99.88,0.09988
2023-12-07 20:00:00+00:00,96.1,0.09609999999999999
2023-12-07 21:00:00+00:00,96.47,0.09647
2023-12-07 22:00:00+00:00,87.08,0.08708
2023-12-07 23:00:00+00:00,87.09,0.08709
2023-12-08 00:00:00+00:00,83.26,0.08326
2023-12-08 01:00:00+00:00,81.43,0.08143
2023-12-08 02:00:00+00:00,79.52,0.07952
2023-12-08 03:00:00+00:00,80.0,0.08
2023-12-08 04:00:00+00:00,87.04,0.08704
2023-12-08 05:00:00+00:00,99.94,0.09994
2023-12-08 06:00:00+00:00,107.54,0.10754000000000001
2023-12-08 07:00:00+00:00,112.8,0.1128
2023-12-08 08:00:00+00:00,118.58,0.11858
2023-12-08 09:00:00+00:00,118.78,0.11878
2023-12-08 10:00:00+00:00,118.07,0.11807
2023-12-08 11:00:00+00:00,116.74,0.11674
2023-12-08 12:00:00+00:00,111.89,0.11189
2023-12-08 13:00:00+00:00,113.09,0.11309000000000001
2023-12-08 14:00:00+00:00,115.75,0.11575
2023-12-08 15:00:00+00:00,113.35,0.11334999999999999
2023-12-08 16:00:00+00:00,117.63,0.11763
2023-12-08 17:00:00+00:00,118.6,0.1186
2023-12-08 18:00:00+00:00,105.56,0.10556
2023-12-08 19:00:00+00:00,104.67,0.10467
2023-12-08 20:00:00+00:00,101.12,0.10112
2023-12-08 21:00:00+00:00,101.39,0.10139
2023-12-08 22:00:00+00:00,90.58,0.09058
2023-12-08 23:00:00+00:00,95.0,0.095
2023-12-09 00:00:00+00:00,85.1,0.0851
2023-12-09 01:00:00+00:00,79.49,0.07948999999999999
2023-12-09 02:00:00+00:00,73.07,0.07307
2023-12-09 03:00:00+00:00,69.57,0.06956999999999999
2023-12-09 04:00:00+00:00,72.38,0.07238
2023-12-09 05:00:00+00:00,76.04,0.07604000000000001
2023-12-09 06:00:00+00:00,82.49,0.08249
2023-12-09 07:00:00+00:00,85.14,0.08514000000000001
2023-12-09 08:00:00+00:00,91.76,0.09176000000000001
2023-12-09 09:00:00+00:00,90.58,0.09058
2023-12-09 10:00:00+00:00,90.75,0.09075
2023-12-09 11:00:00+00:00,91.17,0.09117
2023-12-09 12:00:00+00:00,88.69,0.08868999999999999
2023-12-09 13:00:00+00:00,85.6,0.0856
2023-12-09 14:00:00+00:00,83.5,0.0835
2023-12-09 15:00:00+00:00,78.7,0.0787
2023-12-09 16:00:00+00:00,83.44,0.08344
2023-12-09 17:00:00+00:00,80.0,0.08
2023-12-09 18:00:00+00:00,78.69,0.07869
2023-12-09 19:00:00+00:00,65.62,0.06562
2023-12-09 20:00:00+00:00,61.4,0.061399999999999996
2023-12-09 21:00:00+00:00,57.2,0.0572
2023-12-09 22:00:00+00:00,46.18,0.04618
2023-12-09 23:00:00+00:00,33.78,0.033780000000000004
2023-12-10 00:00:00+00:00,21.34,0.02134
2023-12-10 01:00:00+00:00,12.49,0.01249
2023-12-10 02:00:00+00:00,6.37,0.00637
2023-12-10 03:00:00+00:00,9.36,0.00936
2023-12-10 04:00:00+00:00,17.54,0.01754
2023-12-10 05:00:00+00:00,23.84,0.02384
2023-12-10 06:00:00+00:00,41.85,0.04185
2023-12-10 07:00:00+00:00,59.67,0.05967
2023-12-10 08:00:00+00:00,66.24,0.06624
2023-12-10 09:00:00+00:00,68.01,0.06801
2023-12-10 10:00:00+00:00,67.96,0.06795999999999999
2023-12-10 11:00:00+00:00,66.38,0.06638
2023-12-10 12:00:00+00:00,64.73,0.06473000000000001
2023-12-10 13:00:00+00:00,68.98,0.06898
2023-12-10 14:00:00+00:00,75.84,0.07584
2023-12-10 15:00:00+00:00,80.3,0.0803
2023-12-10 16:00:00+00:00,80.3,0.0803
2023-12-10 17:00:00+00:00,85.42,0.08542
2023-12-10 18:00:00+00:00,80.76,0.08076
2023-12-10 19:00:00+00:00,78.05,0.07805
2023-12-10 20:00:00+00:00,77.06,0.07706
2023-12-10 21:00:00+00:00,77.47,0.07747
2023-12-10 22:00:00+00:00,67.15,0.06715
2023-12-10 23:00:00+00:00,34.55,0.03455
2023-12-11 00:00:00+00:00,15.74,0.01574
2023-12-11 01:00:00+00:00,13.0,0.013
2023-12-11 02:00:00+00:00,8.9,0.0089
2023-12-11 03:00:00+00:00,11.99,0.01199
2023-12-11 04:00:00+00:00,35.79,0.03579
2023-12-11 05:00:00+00:00,74.29,0.07429000000000001
2023-12-11 06:00:00+00:00,92.74,0.09273999999999999
2023-12-11 07:00:00+00:00,98.65,0.09865
2023-12-11 08:00:00+00:00,98.37,0.09837
2023-12-11 09:00:00+00:00,93.29,0.09329000000000001
2023-12-11 10:00:00+00:00,90.98,0.09098
2023-12-11 11:00:00+00:00,85.97,0.08597
2023-12-11 12:00:00+00:00,84.48,0.08448
2023-12-11 13:00:00+00:00,92.0,0.092
2023-12-11 14:00:00+00:00,96.79,0.09679
2023-12-11 15:00:00+00:00,106.12,0.10612
2023-12-11 16:00:00+00:00,118.45,0.11845
2023-12-11 17:00:00+00:00,122.9,0.12290000000000001
2023-12-11 18:00:00+00:00,121.55,0.12154999999999999
2023-12-11 19:00:00+00:00,114.11,0.11411
2023-12-11 20:00:00+00:00,99.42,0.09942000000000001
2023-12-11 21:00:00+00:00,96.53,0.09653
2023-12-11 22:00:00+00:00,90.37,0.09037
2023-12-11 23:00:00+00:00,88.07,0.08807
2023-12-12 00:00:00+00:00,87.06,0.08706
2023-12-12 01:00:00+00:00,85.62,0.08562
2023-12-12 02:00:00+00:00,84.42,0.08442
2023-12-12 03:00:00+00:00,85.55,0.08555
2023-12-12 04:00:00+00:00,87.31,0.08731
2023-12-12 05:00:00+00:00,98.9,0.0989
2023-12-12 06:00:00+00:00,118.4,0.1184
2023-12-12 07:00:00+00:00,140.79,0.14079
2023-12-12 08:00:00+00:00,128.77,0.12877000000000002
2023-12-12 09:00:00+00:00,124.57,0.12456999999999999
2023-12-12 10:00:00+00:00,118.81,0.11881
2023-12-12 11:00:00+00:00,116.82,0.11682
2023-12-12 12:00:00+00:00,119.47,0.11946999999999999
2023-12-12 13:00:00+00:00,116.69,0.11669
2023-12-12 14:00:00+00:00,115.54,0.11554
2023-12-12 15:00:00+00:00,106.5,0.1065
2023-12-12 16:00:00+00:00,104.13,0.10413
2023-12-12 17:00:00+00:00,105.0,0.105
2023-12-12 18:00:00+00:00,93.6,0.09359999999999999
2023-12-12 19:00:00+00:00,92.15,0.09215000000000001
2023-12-12 20:00:00+00:00,88.14,0.08814
2023-12-12 21:00:00+00:00,83.37,0.08337
2023-12-12 22:00:00+00:00,77.5,0.0775
2023-12-12 23:00:00+00:00,75.43,0.07543000000000001
2023-12-13 00:00:00+00:00,73.01,0.07301
2023-12-13 01:00:00+00:00,73.72,0.07372
2023-12-13 02:00:00+00:00,71.46,0.07146
2023-12-13 03:00:00+00:00,73.05,0.07305
2023-12-13 04:00:00+00:00,75.57,0.07557
2023-12-13 05:00:00+00:00,83.1,0.0831
2023-12-13 06:00:00+00:00,102.19,0.10219
2023-12-13 07:00:00+00:00,98.77,0.09877
2023-12-13 08:00:00+00:00,103.51,0.10351
2023-12-13 09:00:00+00:00,100.23,0.10023
2023-12-13 10:00:00+00:00,100.0,0.1
2023-12-13 11:00:00+00:00,97.62,0.09762
2023-12-13 12:00:00+00:00,97.34,0.09734000000000001
2023-12-13 13:00:00+00:00,102.06,0.10206
2023-12-13 14:00:00+00:00,102.83,0.10283
2023-12-13 15:00:00+00:00,100.78,0.10078
2023-12-13 16:00:00+00:00,110.04,0.11004000000000001
2023-12-13 17:00:00+00:00,105.42,0.10542
2023-12-13 18:00:00+00:00,102.04,0.10204
2023-12-13 19:00:00+00:00,95.3,0.0953
2023-12-13 20:00:00+00:00,90.88,0.09087999999999999
2023-12-13 21:00:00+00:00,92.35,0.09234999999999999
2023-12-13 22:00:00+00:00,84.25,0.08425
2023-12-13 23:00:00+00:00,77.34,0.07734
2023-12-14 00:00:00+00:00,76.13,0.07612999999999999
2023-12-14 01:00:00+00:00,76.5,0.0765
2023-12-14 02:00:00+00:00,77.53,0.07753
2023-12-14 03:00:00+00:00,79.05,0.07905
2023-12-14 04:00:00+00:00,81.92,0.08192
2023-12-14 05:00:00+00:00,90.92,0.09092
2023-12-14 06:00:00+00:00,116.34,0.11634
2023-12-14 07:00:00+00:00,124.66,0.12465999999999999
2023-12-14 08:00:00+00:00,121.7,0.1217
2023-12-14 09:00:00+00:00,114.33,0.11433
2023-12-14 10:00:00+00:00,119.32,0.11932
2023-12-14 11:00:00+00:00,95.0,0.095
2023-12-14 12:00:00+00:00,99.9,0.0999
2023-12-14 13:00:00+00:00,100.8,0.1008
2023-12-14 14:00:00+00:00,108.1,0.10809999999999999
2023-12-14 15:00:00+00:00,120.0,0.12
2023-12-14 16:00:00+00:00,119.9,0.1199
2023-12-14 17:00:00+00:00,122.3,0.12229999999999999
2023-12-14 18:00:00+00:00,113.82,0.11381999999999999
2023-12-14 19:00:00+00:00,99.9,0.0999
2023-12-14 20:00:00+00:00,96.2,0.09620000000000001
2023-12-14 21:00:00+00:00,94.46,0.09445999999999999
2023-12-14 22:00:00+00:00,85.57,0.08557
2023-12-14 23:00:00+00:00,86.11,0.08611
2023-12-15 00:00:00+00:00,82.93,0.08293
2023-12-15 01:00:00+00:00,80.1,0.08009999999999999
2023-12-15 02:00:00+00:00,76.55,0.07654999999999999
2023-12-15 03:00:00+00:00,75.16,0.07515999999999999
2023-12-15 04:00:00+00:00,80.41,0.08041
2023-12-15 05:00:00+00:00,95.97,0.09597
2023-12-15 06:00:00+00:00,106.92,0.10692
2023-12-15 07:00:00+00:00,121.5,0.1215
2023-12-15 08:00:00+00:00,117.47,0.11747
2023-12-15 09:00:00+00:00,109.97,0.10997
2023-12-15 10:00:00+00:00,102.77,0.10277
2023-12-15 11:00:00+00:00,94.2,0.0942
2023-12-15 12:00:00+00:00,88.37,0.08837
2023-12-15 13:00:00+00:00,87.1,0.0871
2023-12-15 14:00:00+00:00,89.86,0.08986
2023-12-15 15:00:00+00:00,98.4,0.0984
2023-12-15 16:00:00+00:00,104.4,0.1044
2023-12-15 17:00:00+00:00,101.86,0.10186
2023-12-15 18:00:00+00:00,93.3,0.0933
2023-12-15 19:00:00+00:00,93.36,0.09336
2023-12-15 20:00:00+00:00,88.36,0.08836
2023-12-15 21:00:00+00:00,86.77,0.08677
2023-12-15 22:00:00+00:00,76.71,0.07671
2023-12-15 23:00:00+00:00,67.2,0.06720000000000001
2023-12-16 00:00:00+00:00,63.21,0.06321
2023-12-16 01:00:00+00:00,60.37,0.06037
2023-12-16 02:00:00+00:00,58.0,0.058
2023-12-16 03:00:00+00:00,54.1,0.0541
2023-12-16 04:00:00+00:00,55.64,0.05564
2023-12-16 05:00:00+00:00,59.34,0.059340000000000004
2023-12-16 06:00:00+00:00,65.1,0.06509999999999999
2023-12-16 07:00:00+00:00,79.89,0.07989
2023-12-16 08:00:00+00:00,87.69,0.08769
2023-12-16 09:00:00+00:00,84.42,0.08442
2023-12-16 10:00:00+00:00,77.0,0.077
2023-12-16 11:00:00+00:00,71.45,0.07145
2023-12-16 12:00:00+00:00,70.62,0.07062
2023-12-16 13:00:00+00:00,75.31,0.07531
2023-12-16 14:00:00+00:00,80.38,0.08038
2023-12-16 15:00:00+00:00,83.9,0.0839
2023-12-16 16:00:00+00:00,106.78,0.10678
2023-12-16 17:00:00+00:00,118.81,0.11881
2023-12-16 18:00:00+00:00,103.0,0.103
2023-12-16 19:00:00+00:00,93.6,0.09359999999999999
2023-12-16 20:00:00+00:00,75.0,0.075
2023-12-16 21:00:00+00:00,66.46,0.06645999999999999
2023-12-16 22:00:00+00:00,56.0,0.056
2023-12-16 23:00:00+00:00,45.48,0.04548
2023-12-17 00:00:00+00:00,43.11,0.04311
2023-12-17 01:00:00+00:00,43.71,0.04371
2023-12-17 02:00:00+00:00,28.69,0.02869
2023-12-17 03:00:00+00:00,26.37,0.02637
2023-12-17 04:00:00+00:00,29.87,0.02987
2023-12-17 05:00:00+00:00,39.03,0.03903
2023-12-17 06:00:00+00:00,45.53,0.04553
2023-12-17 07:00:00+00:00,57.67,0.05767
2023-12-17 08:00:00+00:00,59.17,0.05917
2023-12-17 09:00:00+00:00,54.43,0.05443
2023-12-17 10:00:00+00:00,49.0,0.049
2023-12-17 11:00:00+00:00,43.71,0.04371
2023-12-17 12:00:00+00:00,40.03,0.04003
2023-12-17 13:00:00+00:00,46.1,0.0461
2023-12-17 14:00:00+00:00,57.18,0.05718
2023-12-17 15:00:00+00:00,64.13,0.06412999999999999
2023-12-17 16:00:00+00:00,89.0,0.089
2023-12-17 17:00:00+00:00,99.89,0.09989
2023-12-17 18:00:00+00:00,86.0,0.086
2023-12-17 19:00:00+00:00,65.99,0.06599
2023-12-17 20:00:00+00:00,64.89,0.06489
2023-12-17 21:00:00+00:00,66.84,0.06684
2023-12-17 22:00:00+00:00,51.63,0.05163
2023-12-17 23:00:00+00:00,54.46,0.05446
2023-12-18 00:00:00+00:00,52.02,0.052020000000000004
2023-12-18 01:00:00+00:00,50.29,0.05029
2023-12-18 02:00:00+00:00,49.2,0.0492
2023-12-18 03:00:00+00:00,52.77,0.052770000000000004
2023-12-18 04:00:00+00:00,62.58,0.06258
2023-12-18 05:00:00+00:00,84.0,0.084
2023-12-18 06:00:00+00:00,103.39,0.10339
2023-12-18 07:00:00+00:00,109.28,0.10928
2023-12-18 08:00:00+00:00,110.28,0.11028
2023-12-18 09:00:00+00:00,89.03,0.08903
2023-12-18 10:00:00+00:00,81.17,0.08117
2023-12-18 11:00:00+00:00,74.89,0.07489
2023-12-18 12:00:00+00:00,74.95,0.07495
2023-12-18 13:00:00+00:00,80.87,0.08087000000000001
2023-12-18 14:00:00+00:00,88.0,0.088
2023-12-18 15:00:00+00:00,95.41,0.09541
2023-12-18 16:00:00+00:00,104.33,0.10432999999999999
2023-12-18 17:00:00+00:00,103.15,0.10315
2023-12-18 18:00:00+00:00,96.3,0.0963
2023-12-18 19:00:00+00:00,83.09,0.08309
2023-12-18 20:00:00+00:00,74.89,0.07489
2023-12-18 21:00:00+00:00,63.79,0.06379
2023-12-18 22:00:00+00:00,57.94,0.05794
2023-12-18 23:00:00+00:00,52.24,0.05224
2023-12-19 00:00:00+00:00,50.89,0.05089
2023-12-19 01:00:00+00:00,49.99,0.04999
2023-12-19 02:00:00+00:00,56.27,0.05627
2023-12-19 03:00:00+00:00,59.0,0.059
2023-12-19 04:00:00+00:00,65.05,0.06505
2023-12-19 05:00:00+00:00,80.0,0.08
2023-12-19 06:00:00+00:00,93.74,0.09373999999999999
2023-12-19 07:00:00+00:00,100.24,0.10024
2023-12-19 08:00:00+00:00,94.28,0.09428
2023-12-19 09:00:00+00:00,86.1,0.0861
2023-12-19 10:00:00+00:00,79.71,0.07970999999999999
2023-12-19 11:00:00+00:00,76.5,0.0765
2023-12-19 12:00:00+00:00,80.0,0.08
2023-12-19 13:00:00+00:00,80.66,0.08066
2023-12-19 14:00:00+00:00,84.82,0.08481999999999999
2023-12-19 15:00:00+00:00,88.67,0.08867
2023-12-19 16:00:00+00:00,101.81,0.10181
2023-12-19 17:00:00+00:00,94.4,0.09440000000000001
2023-12-19 18:00:00+00:00,91.1,0.0911
2023-12-19 19:00:00+00:00,85.2,0.0852
2023-12-19 20:00:00+00:00,79.64,0.07964
2023-12-19 21:00:00+00:00,75.86,0.07586
2023-12-19 22:00:00+00:00,59.84,0.059840000000000004
2023-12-19 23:00:00+00:00,57.85,0.05785
2023-12-20 00:00:00+00:00,50.48,0.05048
2023-12-20 01:00:00+00:00,48.0,0.048
2023-12-20 02:00:00+00:00,39.98,0.039979999999999995
2023-12-20 03:00:00+00:00,31.51,0.03151
2023-12-20 04:00:00+00:00,39.97,0.03997
2023-12-20 05:00:00+00:00,48.13,0.04813
2023-12-20 06:00:00+00:00,69.53,0.06953
2023-12-20 07:00:00+00:00,98.09,0.09809
2023-12-20 08:00:00+00:00,107.1,0.1071
2023-12-20 09:00:00+00:00,95.0,0.095
2023-12-20 10:00:00+00:00,88.0,0.088
2023-12-20 11:00:00+00:00,66.54,0.06654
2023-12-20 12:00:00+00:00,70.1,0.0701
2023-12-20 13:00:00+00:00,84.31,0.08431
2023-12-20 14:00:00+00:00,90.66,0.09065999999999999
2023-12-20 15:00:00+00:00,98.0,0.098
2023-12-20 16:00:00+00:00,110.91,0.11091
2023-12-20 17:00:00+00:00,100.81,0.10081
2023-12-20 18:00:00+00:00,89.06,0.08906
2023-12-20 19:00:00+00:00,78.07,0.07806999999999999
2023-12-20 20:00:00+00:00,66.87,0.06687
2023-12-20 21:00:00+00:00,61.42,0.06142
2023-12-20 22:00:00+00:00,48.93,0.04893
2023-12-20 23:00:00+00:00,29.9,0.0299
2023-12-21 00:00:00+00:00,24.83,0.024829999999999998
2023-12-21 01:00:00+00:00,20.48,0.02048
2023-12-21 02:00:00+00:00,2.76,0.00276
2023-12-21 03:00:00+00:00,-0.84,-0.0008399999999999999
2023-12-21 04:00:00+00:00,-0.27,-0.00027
2023-12-21 05:00:00+00:00,24.44,0.02444
2023-12-21 06:00:00+00:00,46.5,0.0465
2023-12-21 07:00:00+00:00,78.2,0.0782
2023-12-21 08:00:00+00:00,83.8,0.0838
2023-12-21 09:00:00+00:00,87.38,0.08738
2023-12-21 10:00:00+00:00,85.72,0.08572
2023-12-21 11:00:00+00:00,75.9,0.07590000000000001
2023-12-21 12:00:00+00:00,64.9,0.0649
2023-12-21 13:00:00+00:00,75.1,0.0751
2023-12-21 14:00:00+00:00,75.87,0.07587
2023-12-21 15:00:00+00:00,73.4,0.0734
2023-12-21 16:00:00+00:00,100.0,0.1
2023-12-21 17:00:00+00:00,102.75,0.10275
2023-12-21 18:00:00+00:00,90.7,0.0907
2023-12-21 19:00:00+00:00,89.0,0.089
2023-12-21 20:00:00+00:00,60.0,0.06
2023-12-21 21:00:00+00:00,47.56,0.047560000000000005
2023-12-21 22:00:00+00:00,13.58,0.01358
2023-12-21 23:00:00+00:00,0.13,0.00013000000000000002
2023-12-22 00:00:00+00:00,-0.25,-0.00025
2023-12-22 01:00:00+00:00,-0.07,-7.000000000000001e-05
2023-12-22 02:00:00+00:00,-0.19,-0.00019
2023-12-22 03:00:00+00:00,-0.21,-0.00020999999999999998
2023-12-22 04:00:00+00:00,-0.4,-0.0004
2023-12-22 05:00:00+00:00,0.44,0.00044
2023-12-22 06:00:00+00:00,32.1,0.032100000000000004
2023-12-22 07:00:00+00:00,72.0,0.072
2023-12-22 08:00:00+00:00,92.0,0.092
2023-12-22 09:00:00+00:00,63.57,0.06357
2023-12-22 10:00:00+00:00,59.95,0.05995
2023-12-22 11:00:00+00:00,54.11,0.05411
2023-12-22 12:00:00+00:00,54.5,0.0545
2023-12-22 13:00:00+00:00,60.61,0.06061
2023-12-22 14:00:00+00:00,60.0,0.06
2023-12-22 15:00:00+00:00,49.8,0.0498
2023-12-22 16:00:00+00:00,72.0,0.072
2023-12-22 17:00:00+00:00,64.9,0.0649
2023-12-22 18:00:00+00:00,60.1,0.0601
2023-12-22 19:00:00+00:00,56.47,0.05647
2023-12-22 20:00:00+00:00,45.03,0.04503
2023-12-22 21:00:00+00:00,30.41,0.03041
2023-12-22 22:00:00+00:00,12.0,0.012
2023-12-22 23:00:00+00:00,10.0,0.01
2023-12-23 00:00:00+00:00,4.32,0.00432
2023-12-23 01:00:00+00:00,0.13,0.00013000000000000002
2023-12-23 02:00:00+00:00,0.03,2.9999999999999997e-05
2023-12-23 03:00:00+00:00,0.0,0.0
2023-12-23 04:00:00+00:00,0.0,0.0
2023-12-23 05:00:00+00:00,0.1,0.0001
2023-12-23 06:00:00+00:00,7.43,0.00743
2023-12-23 07:00:00+00:00,20.0,0.02
2023-12-23 08:00:00+00:00,42.08,0.04208
2023-12-23 09:00:00+00:00,41.64,0.04164
2023-12-23 10:00:00+00:00,45.9,0.045899999999999996
2023-12-23 11:00:00+00:00,46.0,0.046
2023-12-23 12:00:00+00:00,49.81,0.04981
2023-12-23 13:00:00+00:00,49.3,0.0493
2023-12-23 14:00:00+00:00,49.51,0.04951
2023-12-23 15:00:00+00:00,54.28,0.05428
2023-12-23 16:00:00+00:00,63.77,0.06377000000000001
2023-12-23 17:00:00+00:00,66.45,0.06645000000000001
2023-12-23 18:00:00+00:00,57.99,0.05799
2023-12-23 19:00:00+00:00,48.46,0.04846
2023-12-23 20:00:00+00:00,38.37,0.038369999999999994
2023-12-23 21:00:00+00:00,20.32,0.02032
2023-12-23 22:00:00+00:00,7.77,0.00777
2023-12-23 23:00:00+00:00,0.08,8e-05
2023-12-24 00:00:00+00:00,-0.25,-0.00025
2023-12-24 01:00:00+00:00,-0.55,-0.00055
2023-12-24 02:00:00+00:00,-1.24,-0.00124
2023-12-24 03:00:00+00:00,-4.1,-0.0040999999999999995
2023-12-24 04:00:00+00:00,-4.97,-0.00497
2023-12-24 05:00:00+00:00,-4.22,-0.00422
2023-12-24 06:00:00+00:00,-2.91,-0.0029100000000000003
2023-12-24 07:00:00+00:00,-1.62,-0.0016200000000000001
2023-12-24 08:00:00+00:00,0.0,0.0
2023-12-24 09:00:00+00:00,2.09,0.00209
2023-12-24 10:00:00+00:00,0.06,5.9999999999999995e-05
2023-12-24 11:00:00+00:00,0.05,5e-05
2023-12-24 12:00:00+00:00,0.06,5.9999999999999995e-05
2023-12-24 13:00:00+00:00,0.03,2.9999999999999997e-05
2023-12-24 14:00:00+00:00,0.13,0.00013000000000000002
2023-12-24 15:00:00+00:00,1.0,0.001
2023-12-24 16:00:00+00:00,18.5,0.0185
2023-12-24 17:00:00+00:00,31.21,0.03121
2023-12-24 18:00:00+00:00,34.8,0.0348
2023-12-24 19:00:00+00:00,10.0,0.01
2023-12-24 20:00:00+00:00,2.01,0.0020099999999999996
2023-12-24 21:00:00+00:00,0.0,0.0
2023-12-24 22:00:00+00:00,-0.1,-0.0001
2023-12-24 23:00:00+00:00,-1.91,-0.00191
2023-12-25 00:00:00+00:00,-3.79,-0.00379
2023-12-25 01:00:00+00:00,-6.65,-0.0066500000000000005
2023-12-25 02:00:00+00:00,-10.03,-0.010029999999999999
2023-12-25 03:00:00+00:00,-10.0,-0.01
2023-12-25 04:00:00+00:00,-6.5,-0.0065
2023-12-25 05:00:00+00:00,-7.59,-0.0075899999999999995
2023-12-25 06:00:00+00:00,-1.5,-0.0015
2023-12-25 07:00:00+00:00,0.08,8e-05
2023-12-25 08:00:00+00:00,10.05,0.01005
2023-12-25 09:00:00+00:00,25.0,0.025
2023-12-25 10:00:00+00:00,15.1,0.015099999999999999
2023-12-25 11:00:00+00:00,0.09,8.999999999999999e-05
2023-12-25 12:00:00+00:00,0.0,0.0
2023-12-25 13:00:00+00:00,0.07,7.000000000000001e-05
2023-12-25 14:00:00+00:00,5.0,0.005
2023-12-25 15:00:00+00:00,34.99,0.03499
2023-12-25 16:00:00+00:00,52.5,0.0525
2023-12-25 17:00:00+00:00,40.1,0.040100000000000004
2023-12-25 18:00:00+00:00,33.0,0.033
2023-12-25 19:00:00+00:00,12.01,0.01201
2023-12-25 20:00:00+00:00,9.62,0.00962
2023-12-25 21:00:00+00:00,5.0,0.005
2023-12-25 22:00:00+00:00,0.08,8e-05
2023-12-25 23:00:00+00:00,0.0,0.0
2023-12-26 00:00:00+00:00,-0.02,-2e-05
2023-12-26 01:00:00+00:00,-0.14,-0.00014000000000000001
2023-12-26 02:00:00+00:00,-2.83,-0.00283
2023-12-26 03:00:00+00:00,-3.8,-0.0038
2023-12-26 04:00:00+00:00,-1.85,-0.00185
2023-12-26 05:00:00+00:00,0.0,0.0
2023-12-26 06:00:00+00:00,1.62,0.0016200000000000001
2023-12-26 07:00:00+00:00,38.21,0.03821
2023-12-26 08:00:00+00:00,51.7,0.0517
2023-12-26 09:00:00+00:00,48.88,0.04888
2023-12-26 10:00:00+00:00,25.04,0.02504
2023-12-26 11:00:00+00:00,10.0,0.01
2023-12-26 12:00:00+00:00,2.73,0.00273
2023-12-26 13:00:00+00:00,40.1,0.040100000000000004
2023-12-26 14:00:00+00:00,74.2,0.0742
2023-12-26 15:00:00+00:00,91.9,0.09190000000000001
2023-12-26 16:00:00+00:00,113.8,0.1138
2023-12-26 17:00:00+00:00,130.0,0.13
2023-12-26 18:00:00+00:00,129.0,0.129
2023-12-26 19:00:00+00:00,113.9,0.1139
2023-12-26 20:00:00+00:00,83.1,0.0831
2023-12-26 21:00:00+00:00,97.2,0.09720000000000001
2023-12-26 22:00:00+00:00,85.0,0.085
2023-12-26 23:00:00+00:00,89.91,0.08990999999999999
2023-12-27 00:00:00+00:00,79.2,0.0792
2023-12-27 01:00:00+00:00,57.63,0.05763
2023-12-27 02:00:00+00:00,51.9,0.0519
2023-12-27 03:00:00+00:00,50.03,0.05003
2023-12-27 04:00:00+00:00,55.71,0.05571
2023-12-27 05:00:00+00:00,65.06,0.06506
2023-12-27 06:00:00+00:00,77.65,0.07765000000000001
2023-12-27 07:00:00+00:00,82.76,0.08276
2023-12-27 08:00:00+00:00,80.54,0.08054
2023-12-27 09:00:00+00:00,74.89,0.07489
2023-12-27 10:00:00+00:00,74.71,0.07471
2023-12-27 11:00:00+00:00,73.79,0.07379000000000001
2023-12-27 12:00:00+00:00,72.0,0.072
2023-12-27 13:00:00+00:00,73.7,0.0737
2023-12-27 14:00:00+00:00,80.0,0.08
2023-12-27 15:00:00+00:00,79.16,0.07916
2023-12-27 16:00:00+00:00,80.38,0.08038
2023-12-27 17:00:00+00:00,74.38,0.07438
2023-12-27 18:00:00+00:00,64.9,0.0649
2023-12-27 19:00:00+00:00,54.73,0.054729999999999994
2023-12-27 20:00:00+00:00,24.74,0.024739999999999998
2023-12-27 21:00:00+00:00,16.99,0.016989999999999998
2023-12-27 22:00:00+00:00,0.2,0.0002
2023-12-27 23:00:00+00:00,-0.02,-2e-05
2023-12-28 00:00:00+00:00,-0.78,-0.00078
2023-12-28 01:00:00+00:00,-1.43,-0.0014299999999999998
2023-12-28 02:00:00+00:00,-1.39,-0.00139
2023-12-28 03:00:00+00:00,-1.94,-0.0019399999999999999
2023-12-28 04:00:00+00:00,-1.04,-0.0010400000000000001
2023-12-28 05:00:00+00:00,-0.7,-0.0007
2023-12-28 06:00:00+00:00,16.06,0.016059999999999998
2023-12-28 07:00:00+00:00,38.2,0.038200000000000005
2023-12-28 08:00:00+00:00,38.79,0.03879
2023-12-28 09:00:00+00:00,29.6,0.0296
2023-12-28 10:00:00+00:00,34.89,0.03489
2023-12-28 11:00:00+00:00,11.65,0.01165
2023-12-28 12:00:00+00:00,11.4,0.0114
2023-12-28 13:00:00+00:00,26.37,0.02637
2023-12-28 14:00:00+00:00,50.72,0.05072
2023-12-28 15:00:00+00:00,40.87,0.04087
2023-12-28 16:00:00+00:00,78.4,0.07840000000000001
2023-12-28 17:00:00+00:00,78.4,0.07840000000000001
2023-12-28 18:00:00+00:00,65.02,0.06502
2023-12-28 19:00:00+00:00,64.9,0.0649
2023-12-28 20:00:00+00:00,54.0,0.054
2023-12-28 21:00:00+00:00,40.0,0.04
2023-12-28 22:00:00+00:00,2.0,0.002
2023-12-28 23:00:00+00:00,0.0,0.0
2023-12-29 00:00:00+00:00,-0.08,-8e-05
2023-12-29 01:00:00+00:00,-0.28,-0.00028000000000000003
2023-12-29 02:00:00+00:00,-1.51,-0.00151
2023-12-29 03:00:00+00:00,-1.27,-0.00127
2023-12-29 04:00:00+00:00,-0.28,-0.00028000000000000003
2023-12-29 05:00:00+00:00,-0.07,-7.000000000000001e-05
2023-12-29 06:00:00+00:00,0.1,0.0001
2023-12-29 07:00:00+00:00,25.0,0.025
2023-12-29 08:00:00+00:00,59.0,0.059
2023-12-29 09:00:00+00:00,60.05,0.06005
2023-12-29 10:00:00+00:00,50.04,0.05004
2023-12-29 11:00:00+00:00,30.44,0.030440000000000002
2023-12-29 12:00:00+00:00,17.13,0.01713
2023-12-29 13:00:00+00:00,41.28,0.041280000000000004
2023-12-29 14:00:00+00:00,60.0,0.06
2023-12-29 15:00:00+00:00,73.7,0.0737
2023-12-29 16:00:00+00:00,75.1,0.0751
2023-12-29 17:00:00+00:00,69.53,0.06953
2023-12-29 18:00:00+00:00,74.9,0.07490000000000001
2023-12-29 19:00:00+00:00,62.54,0.06254
2023-12-29 20:00:00+00:00,54.89,0.05489
2023-12-29 21:00:00+00:00,36.04,0.03604
2023-12-29 22:00:00+00:00,19.35,0.019350000000000003
2023-12-29 23:00:00+00:00,32.49,0.032490000000000005
2023-12-30 00:00:00+00:00,29.16,0.02916
2023-12-30 01:00:00+00:00,8.88,0.00888
2023-12-30 02:00:00+00:00,5.61,0.00561
2023-12-30 03:00:00+00:00,5.74,0.00574
2023-12-30 04:00:00+00:00,10.0,0.01
2023-12-30 05:00:00+00:00,32.17,0.032170000000000004
2023-12-30 06:00:00+00:00,44.9,0.044899999999999995
2023-12-30 07:00:00+00:00,73.5,0.0735
2023-12-30 08:00:00+00:00,73.5,0.0735
2023-12-30 09:00:00+00:00,53.0,0.053
2023-12-30 10:00:00+00:00,55.0,0.055
2023-12-30 11:00:00+00:00,36.38,0.03638
2023-12-30 12:00:00+00:00,33.25,0.03325
2023-12-30 13:00:00+00:00,42.04,0.04204
2023-12-30 14:00:00+00:00,73.5,0.0735
2023-12-30 15:00:00+00:00,70.62,0.07062
2023-12-30 16:00:00+00:00,79.51,0.07951000000000001
2023-12-30 17:00:00+00:00,79.99,0.07998999999999999
2023-12-30 18:00:00+00:00,71.09,0.07109
2023-12-30 19:00:00+00:00,62.01,0.062009999999999996
2023-12-30 20:00:00+00:00,52.78,0.05278
2023-12-30 21:00:00+00:00,50.1,0.0501
2023-12-30 22:00:00+00:00,43.23,0.04323
2023-12-30 23:00:00+00:00,34.91,0.03491
2023-12-31 00:00:00+00:00,12.56,0.01256
2023-12-31 01:00:00+00:00,4.0,0.004
2023-12-31 02:00:00+00:00,0.31,0.00031
2023-12-31 03:00:00+00:00,0.13,0.00013000000000000002
2023-12-31 04:00:00+00:00,0.38,0.00038
2023-12-31 05:00:00+00:00,-0.41,-0.00041
2023-12-31 06:00:00+00:00,-0.38,-0.00038
2023-12-31 07:00:00+00:00,3.24,0.0032400000000000003
2023-12-31 08:00:00+00:00,9.36,0.00936
2023-12-31 09:00:00+00:00,14.0,0.014
2023-12-31 10:00:00+00:00,10.68,0.01068
2023-12-31 11:00:00+00:00,11.0,0.011
2023-12-31 12:00:00+00:00,6.09,0.00609
2023-12-31 13:00:00+00:00,8.54,0.008539999999999999
2023-12-31 14:00:00+00:00,13.24,0.01324
2023-12-31 15:00:00+00:00,28.07,0.02807
2023-12-31 16:00:00+00:00,50.0,0.05
2023-12-31 17:00:00+00:00,45.0,0.045
2023-12-31 18:00:00+00:00,39.64,0.03964
2023-12-31 19:00:00+00:00,34.89,0.03489
2023-12-31 20:00:00+00:00,13.3,0.013300000000000001
2023-12-31 21:00:00+00:00,10.68,0.01068
2023-12-31 22:00:00+00:00,3.17,0.00317
2023-12-31 23:00:00+00:00,0.1,0.0001
