timestamp,P_elec_kW
2020-01-01 00:00:00+00:00,120.0
2020-01-01 01:00:00+00:00,120.0
2020-01-01 02:00:00+00:00,120.0
2020-01-01 03:00:00+00:00,120.0
2020-01-01 04:00:00+00:00,120.0
2020-01-01 05:00:00+00:00,120.0
2020-01-01 06:00:00+00:00,1320.0
2020-01-01 07:00:00+00:00,1320.0
2020-01-01 08:00:00+00:00,1320.0
2020-01-01 09:00:00+00:00,1238.256
2020-01-01 10:00:00+00:00,1217.832
2020-01-01 11:00:00+00:00,1158.816
2020-01-01 12:00:00+00:00,1121.592
2020-01-01 13:00:00+00:00,1192.872
2020-01-01 14:00:00+00:00,1247.352
2020-01-01 15:00:00+00:00,1204.032
2020-01-01 16:00:00+00:00,1320.0
2020-01-01 17:00:00+00:00,1320.0
2020-01-01 18:00:00+00:00,1320.0
2020-01-01 19:00:00+00:00,1320.0
2020-01-01 20:00:00+00:00,1320.0
2020-01-01 21:00:00+00:00,1320.0
2020-01-01 22:00:00+00:00,120.0
2020-01-01 23:00:00+00:00,120.0
2020-01-02 00:00:00+00:00,120.0
2020-01-02 01:00:00+00:00,120.0
2020-01-02 02:00:00+00:00,120.0
2020-01-02 03:00:00+00:00,120.0
2020-01-02 04:00:00+00:00,120.0
2020-01-02 05:00:00+00:00,120.0
2020-01-02 06:00:00+00:00,1319.9112251734641
2020-01-02 07:00:00+00:00,1319.9112251734641
2020-01-02 08:00:00+00:00,1319.9112251734641
2020-01-02 09:00:00+00:00,1225.1662348337675
2020-01-02 10:00:00+00:00,1185.977134219602
2020-01-02 11:00:00+00:00,1181.4414697884465
2020-01-02 12:00:00+00:00,1197.328294409743
2020-01-02 13:00:00+00:00,1170.0903095983056
2020-01-02 14:00:00+00:00,1231.381774980166
2020-01-02 15:00:00+00:00,1299.488736121012
2020-01-02 16:00:00+00:00,1319.9112251734641
2020-01-02 17:00:00+00:00,1319.9112251734641
2020-01-02 18:00:00+00:00,1319.9112251734641
2020-01-02 19:00:00+00:00,1319.9112251734641
2020-01-02 20:00:00+00:00,1319.9112251734641
2020-01-02 21:00:00+00:00,1319.9112251734641
2020-01-02 22:00:00+00:00,120.0
2020-01-02 23:00:00+00:00,120.0
2020-01-03 00:00:00+00:00,120.0
2020-01-03 01:00:00+00:00,120.0
2020-01-03 02:00:00+00:00,120.0
2020-01-03 03:00:00+00:00,120.0
2020-01-03 04:00:00+00:00,120.0
2020-01-03 05:00:00+00:00,120.0
2020-01-03 06:00:00+00:00,1319.644926963756
2020-01-03 07:00:00+00:00,1319.644926963756
2020-01-03 08:00:00+00:00,1319.644926963756
2020-01-03 09:00:00+00:00,1244.739097724139
2020-01-03 10:00:00+00:00,1244.739097724139
2020-01-03 11:00:00+00:00,904.3518461474429
2020-01-03 12:00:00+00:00,1262.9017219183704
2020-01-03 13:00:00+00:00,1194.8098758639076
2020-01-03 14:00:00+00:00,1141.2577263242454
2020-01-03 15:00:00+00:00,1051.2603639034244
2020-01-03 16:00:00+00:00,1319.644926963756
2020-01-03 17:00:00+00:00,1319.644926963756
2020-01-03 18:00:00+00:00,1319.644926963756
2020-01-03 19:00:00+00:00,1319.644926963756
2020-01-03 20:00:00+00:00,1319.644926963756
2020-01-03 21:00:00+00:00,1319.644926963756
2020-01-03 22:00:00+00:00,120.0
2020-01-03 23:00:00+00:00,120.0
2020-01-04 00:00:00+00:00,120.0
2020-01-04 01:00:00+00:00,120.0
2020-01-04 02:00:00+00:00,120.0
2020-01-04 03:00:00+00:00,120.0
2020-01-04 04:00:00+00:00,120.0
2020-01-04 05:00:00+00:00,120.0
2020-01-04 06:00:00+00:00,1319.2011841728
2020-01-04 07:00:00+00:00,1319.2011841728
2020-01-04 08:00:00+00:00,1319.2011841728
2020-01-04 09:00:00+00:00,841.2715442325721
2020-01-04 10:00:00+00:00,429.273985398165
2020-01-04 11:00:00+00:00,359.84023683456
2020-01-04 12:00:00+00:00,1125.602144999943
2020-01-04 13:00:00+00:00,1232.9786190307755
2020-01-04 14:00:00+00:00,1269.290430887528
2020-01-04 15:00:00+00:00,1314.668203696627
2020-01-04 16:00:00+00:00,1319.2011841728
2020-01-04 17:00:00+00:00,1319.2011841728
2020-01-04 18:00:00+00:00,1319.2011841728
2020-01-04 19:00:00+00:00,1319.2011841728
2020-01-04 20:00:00+00:00,1319.2011841728
2020-01-04 21:00:00+00:00,1319.2011841728
2020-01-04 22:00:00+00:00,120.0
2020-01-04 23:00:00+00:00,120.0
2020-01-05 00:00:00+00:00,120.0
2020-01-05 01:00:00+00:00,120.0
2020-01-05 02:00:00+00:00,120.0
2020-01-05 03:00:00+00:00,120.0
2020-01-05 04:00:00+00:00,120.0
2020-01-05 05:00:00+00:00,120.0
2020-01-05 06:00:00+00:00,1318.580128111227
2020-01-05 07:00:00+00:00,1318.580128111227
2020-01-05 08:00:00+00:00,1318.580128111227
2020-01-05 09:00:00+00:00,1255.0793529238942
2020-01-05 10:00:00+00:00,1225.594281772358
2020-01-05 11:00:00+00:00,1250.5487200396337
2020-01-05 12:00:00+00:00,1234.6795191434412
2020-01-05 13:00:00+00:00,1232.4022169000298
2020-01-05 14:00:00+00:00,1232.4022169000298
2020-01-05 15:00:00+00:00,1298.1802943307741
2020-01-05 16:00:00+00:00,1318.580128111227
2020-01-05 17:00:00+00:00,1318.580128111227
2020-01-05 18:00:00+00:00,1318.580128111227
2020-01-05 19:00:00+00:00,1318.580128111227
2020-01-05 20:00:00+00:00,1318.580128111227
2020-01-05 21:00:00+00:00,1318.580128111227
2020-01-05 22:00:00+00:00,120.0
2020-01-05 23:00:00+00:00,120.0
2020-01-06 00:00:00+00:00,120.0
2020-01-06 01:00:00+00:00,120.0
2020-01-06 02:00:00+00:00,120.0
2020-01-06 03:00:00+00:00,120.0
2020-01-06 04:00:00+00:00,120.0
2020-01-06 05:00:00+00:00,120.0
2020-01-06 06:00:00+00:00,1317.781942559518
2020-01-06 07:00:00+00:00,1317.781942559518
2020-01-06 08:00:00+00:00,1317.781942559518
2020-01-06 09:00:00+00:00,1236.1890366323635
2020-01-06 10:00:00+00:00,1190.8889235647625
2020-01-06 11:00:00+00:00,359.5563885119036
2020-01-06 12:00:00+00:00,359.5563885119036
2020-01-06 13:00:00+00:00,359.5563885119036
2020-01-06 14:00:00+00:00,497.2294449896945
2020-01-06 15:00:00+00:00,981.9478415046802
2020-01-06 16:00:00+00:00,1317.781942559518
2020-01-06 17:00:00+00:00,1317.781942559518
2020-01-06 18:00:00+00:00,1317.781942559518
2020-01-06 19:00:00+00:00,1317.781942559518
2020-01-06 20:00:00+00:00,1317.781942559518
2020-01-06 21:00:00+00:00,1317.781942559518
2020-01-06 22:00:00+00:00,120.0
2020-01-06 23:00:00+00:00,120.0
2020-01-07 00:00:00+00:00,120.0
2020-01-07 01:00:00+00:00,120.0
2020-01-07 02:00:00+00:00,120.0
2020-01-07 03:00:00+00:00,120.0
2020-01-07 04:00:00+00:00,120.0
2020-01-07 05:00:00+00:00,120.0
2020-01-07 06:00:00+00:00,1316.806863713619
2020-01-07 07:00:00+00:00,1316.806863713619
2020-01-07 08:00:00+00:00,1316.806863713619
2020-01-07 09:00:00+00:00,665.0497818724563
2020-01-07 10:00:00+00:00,1052.1449938719893
2020-01-07 11:00:00+00:00,359.36137274272374
2020-01-07 12:00:00+00:00,765.9406004835142
2020-01-07 13:00:00+00:00,1260.1978990599646
2020-01-07 14:00:00+00:00,1200.9559593061404
2020-01-07 15:00:00+00:00,1266.1819333785327
2020-01-07 16:00:00+00:00,1316.806863713619
2020-01-07 17:00:00+00:00,1316.806863713619
2020-01-07 18:00:00+00:00,1316.806863713619
2020-01-07 19:00:00+00:00,1316.806863713619
2020-01-07 20:00:00+00:00,1316.806863713619
2020-01-07 21:00:00+00:00,1316.806863713619
2020-01-07 22:00:00+00:00,120.0
2020-01-07 23:00:00+00:00,120.0
2020-01-08 00:00:00+00:00,120.0
2020-01-08 01:00:00+00:00,120.0
2020-01-08 02:00:00+00:00,120.0
2020-01-08 03:00:00+00:00,120.0
2020-01-08 04:00:00+00:00,120.0
2020-01-08 05:00:00+00:00,120.0
2020-01-08 06:00:00+00:00,1315.6551801150476
2020-01-08 07:00:00+00:00,1315.6551801150476
2020-01-08 08:00:00+00:00,1315.6551801150476
2020-01-08 09:00:00+00:00,970.0390937509918
2020-01-08 10:00:00+00:00,1088.6480876184046
2020-01-08 11:00:00+00:00,1270.411588099494
2020-01-08 12:00:00+00:00,1191.2353020722758
2020-01-08 13:00:00+00:00,1027.7174996397418
2020-01-08 14:00:00+00:00,1176.8874399108952
2020-01-08 15:00:00+00:00,1279.4507412611642
2020-01-08 16:00:00+00:00,1315.6551801150476
2020-01-08 17:00:00+00:00,1315.6551801150476
2020-01-08 18:00:00+00:00,1315.6551801150476
2020-01-08 19:00:00+00:00,1315.6551801150476
2020-01-08 20:00:00+00:00,1315.6551801150476
2020-01-08 21:00:00+00:00,1315.6551801150476
2020-01-08 22:00:00+00:00,120.0
2020-01-08 23:00:00+00:00,120.0
2020-01-09 00:00:00+00:00,120.0
2020-01-09 01:00:00+00:00,120.0
2020-01-09 02:00:00+00:00,120.0
2020-01-09 03:00:00+00:00,120.0
2020-01-09 04:00:00+00:00,120.0
2020-01-09 05:00:00+00:00,120.0
2020-01-09 06:00:00+00:00,1314.32723256551
2020-01-09 07:00:00+00:00,1314.32723256551
2020-01-09 08:00:00+00:00,1314.32723256551
2020-01-09 09:00:00+00:00,839.6060441653711
2020-01-09 10:00:00+00:00,1278.1630039634265
2020-01-09 11:00:00+00:00,1257.8355544651613
2020-01-09 12:00:00+00:00,1208.1276550457849
2020-01-09 13:00:00+00:00,1239.7534401641194
2020-01-09 14:00:00+00:00,1157.392634206402
2020-01-09 15:00:00+00:00,1303.0288969454405
2020-01-09 16:00:00+00:00,1314.32723256551
2020-01-09 17:00:00+00:00,1314.32723256551
2020-01-09 18:00:00+00:00,1314.32723256551
2020-01-09 19:00:00+00:00,1314.32723256551
2020-01-09 20:00:00+00:00,1314.32723256551
2020-01-09 21:00:00+00:00,1314.32723256551
2020-01-09 22:00:00+00:00,120.0
2020-01-09 23:00:00+00:00,120.0
2020-01-10 00:00:00+00:00,120.0
2020-01-10 01:00:00+00:00,120.0
2020-01-10 02:00:00+00:00,120.0
2020-01-10 03:00:00+00:00,120.0
2020-01-10 04:00:00+00:00,120.0
2020-01-10 05:00:00+00:00,120.0
2020-01-10 06:00:00+00:00,1312.8234140260506
2020-01-10 07:00:00+00:00,1312.8234140260506
2020-01-10 08:00:00+00:00,1312.8234140260506
2020-01-10 09:00:00+00:00,610.8706913400001
2020-01-10 10:00:00+00:00,921.4103389475423
2020-01-10 11:00:00+00:00,668.4840622374585
2020-01-10 12:00:00+00:00,742.0574104145854
2020-01-10 13:00:00+00:00,418.1104276333905
2020-01-10 14:00:00+00:00,1040.4302591990618
2020-01-10 15:00:00+00:00,1181.565125546624
2020-01-10 16:00:00+00:00,1312.8234140260506
2020-01-10 17:00:00+00:00,1312.8234140260506
2020-01-10 18:00:00+00:00,1312.8234140260506
2020-01-10 19:00:00+00:00,1312.8234140260506
2020-01-10 20:00:00+00:00,1312.8234140260506
2020-01-10 21:00:00+00:00,1312.8234140260506
2020-01-10 22:00:00+00:00,120.0
2020-01-10 23:00:00+00:00,120.0
2020-01-11 00:00:00+00:00,120.0
2020-01-11 01:00:00+00:00,120.0
2020-01-11 02:00:00+00:00,120.0
2020-01-11 03:00:00+00:00,120.0
2020-01-11 04:00:00+00:00,120.0
2020-01-11 05:00:00+00:00,120.0
2020-01-11 06:00:00+00:00,1311.1441695007693
2020-01-11 07:00:00+00:00,1311.1441695007693
2020-01-11 08:00:00+00:00,1311.1441695007693
2020-01-11 09:00:00+00:00,1165.6578206379454
2020-01-11 10:00:00+00:00,492.4946046862807
2020-01-11 11:00:00+00:00,627.6894679246179
2020-01-11 12:00:00+00:00,675.4067033548187
2020-01-11 13:00:00+00:00,939.102199598899
2020-01-11 14:00:00+00:00,1234.5297765184798
2020-01-11 15:00:00+00:00,1297.6127717352406
2020-01-11 16:00:00+00:00,1311.1441695007693
2020-01-11 17:00:00+00:00,1311.1441695007693
2020-01-11 18:00:00+00:00,1311.1441695007693
2020-01-11 19:00:00+00:00,1311.1441695007693
2020-01-11 20:00:00+00:00,1311.1441695007693
2020-01-11 21:00:00+00:00,1311.1441695007693
2020-01-11 22:00:00+00:00,120.0
2020-01-11 23:00:00+00:00,120.0
2020-01-12 00:00:00+00:00,120.0
2020-01-12 01:00:00+00:00,120.0
2020-01-12 02:00:00+00:00,120.0
2020-01-12 03:00:00+00:00,120.0
2020-01-12 04:00:00+00:00,120.0
2020-01-12 05:00:00+00:00,120.0
2020-01-12 06:00:00+00:00,1309.2899959051374
2020-01-12 07:00:00+00:00,1309.2899959051374
2020-01-12 08:00:00+00:00,1309.2899959051374
2020-01-12 09:00:00+00:00,1219.2845290150365
2020-01-12 10:00:00+00:00,1210.2934966459939
2020-01-12 11:00:00+00:00,1199.0428132847312
2020-01-12 12:00:00+00:00,1196.7831622925114
2020-01-12 13:00:00+00:00,1192.2876461079898
2020-01-12 14:00:00+00:00,1246.2814119220832
2020-01-12 15:00:00+00:00,1275.5379458213497
2020-01-12 16:00:00+00:00,1309.2899959051374
2020-01-12 17:00:00+00:00,1309.2899959051374
2020-01-12 18:00:00+00:00,1309.2899959051374
2020-01-12 19:00:00+00:00,1309.2899959051374
2020-01-12 20:00:00+00:00,1309.2899959051374
2020-01-12 21:00:00+00:00,1309.2899959051374
2020-01-12 22:00:00+00:00,120.0
2020-01-12 23:00:00+00:00,120.0
2020-01-13 00:00:00+00:00,120.0
2020-01-13 01:00:00+00:00,120.0
2020-01-13 02:00:00+00:00,120.0
2020-01-13 03:00:00+00:00,120.0
2020-01-13 04:00:00+00:00,120.0
2020-01-13 05:00:00+00:00,120.0
2020-01-13 06:00:00+00:00,1307.2614419189529
2020-01-13 07:00:00+00:00,1307.2614419189529
2020-01-13 08:00:00+00:00,1307.2614419189529
2020-01-13 09:00:00+00:00,1233.1288374855335
2020-01-13 10:00:00+00:00,697.3177487475101
2020-01-13 11:00:00+00:00,357.45228838379063
2020-01-13 12:00:00+00:00,1000.11690689452
2020-01-13 13:00:00+00:00,841.1663450504103
2020-01-13 14:00:00+00:00,519.7984179517881
2020-01-13 15:00:00+00:00,1223.4645293483134
2020-01-13 16:00:00+00:00,1307.2614419189529
2020-01-13 17:00:00+00:00,1307.2614419189529
2020-01-13 18:00:00+00:00,1307.2614419189529
2020-01-13 19:00:00+00:00,1307.2614419189529
2020-01-13 20:00:00+00:00,1307.2614419189529
2020-01-13 21:00:00+00:00,1307.2614419189529
2020-01-13 22:00:00+00:00,120.0
2020-01-13 23:00:00+00:00,120.0
2020-01-14 00:00:00+00:00,120.0
2020-01-14 01:00:00+00:00,120.0
2020-01-14 02:00:00+00:00,120.0
2020-01-14 03:00:00+00:00,120.0
2020-01-14 04:00:00+00:00,120.0
2020-01-14 05:00:00+00:00,120.0
2020-01-14 06:00:00+00:00,1305.0591078239768
2020-01-14 07:00:00+00:00,1305.0591078239768
2020-01-14 08:00:00+00:00,1171.7636593759357
2020-01-14 09:00:00+00:00,1073.474856973015
2020-01-14 10:00:00+00:00,725.0674792727659
2020-01-14 11:00:00+00:00,949.5176742946271
2020-01-14 12:00:00+00:00,1206.4147876887089
2020-01-14 13:00:00+00:00,1262.468083488783
2020-01-14 14:00:00+00:00,1266.9476069163575
2020-01-14 15:00:00+00:00,1222.3656832800195
2020-01-14 16:00:00+00:00,1305.0591078239768
2020-01-14 17:00:00+00:00,1305.0591078239768
2020-01-14 18:00:00+00:00,1305.0591078239768
2020-01-14 19:00:00+00:00,1305.0591078239768
2020-01-14 20:00:00+00:00,1305.0591078239768
2020-01-14 21:00:00+00:00,1305.0591078239768
2020-01-14 22:00:00+00:00,120.0
2020-01-14 23:00:00+00:00,120.0
2020-01-15 00:00:00+00:00,120.0
2020-01-15 01:00:00+00:00,120.0
2020-01-15 02:00:00+00:00,120.0
2020-01-15 03:00:00+00:00,120.0
2020-01-15 04:00:00+00:00,120.0
2020-01-15 05:00:00+00:00,120.0
2020-01-15 06:00:00+00:00,1302.6836453262993
2020-01-15 07:00:00+00:00,1302.6836453262993
2020-01-15 08:00:00+00:00,1298.2131011469658
2020-01-15 09:00:00+00:00,1215.425245974125
2020-01-15 10:00:00+00:00,1226.6134332589118
2020-01-15 11:00:00+00:00,1222.1192354066718
2020-01-15 12:00:00+00:00,1197.519415583885
2020-01-15 13:00:00+00:00,1201.9899597632182
2020-01-15 14:00:00+00:00,1186.3312282990978
2020-01-15 15:00:00+00:00,1264.6485392926056
2020-01-15 16:00:00+00:00,1302.6836453262993
2020-01-15 17:00:00+00:00,1302.6836453262993
2020-01-15 18:00:00+00:00,1302.6836453262993
2020-01-15 19:00:00+00:00,1302.6836453262993
2020-01-15 20:00:00+00:00,1302.6836453262993
2020-01-15 21:00:00+00:00,1302.6836453262993
2020-01-15 22:00:00+00:00,120.0
2020-01-15 23:00:00+00:00,120.0
2020-01-16 00:00:00+00:00,120.0
2020-01-16 01:00:00+00:00,120.0
2020-01-16 02:00:00+00:00,120.0
2020-01-16 03:00:00+00:00,120.0
2020-01-16 04:00:00+00:00,120.0
2020-01-16 05:00:00+00:00,120.0
2020-01-16 06:00:00+00:00,1300.1357573634914
2020-01-16 07:00:00+00:00,1300.1357573634914
2020-01-16 08:00:00+00:00,1191.4216513951665
2020-01-16 09:00:00+00:00,600.3860613923827
2020-01-16 10:00:00+00:00,371.2509027426872
2020-01-16 11:00:00+00:00,356.0271514726983
2020-01-16 12:00:00+00:00,356.0271514726983
2020-01-16 13:00:00+00:00,356.0271514726983
2020-01-16 14:00:00+00:00,356.0271514726983
2020-01-16 15:00:00+00:00,765.1802185506206
2020-01-16 16:00:00+00:00,1300.1357573634914
2020-01-16 17:00:00+00:00,1300.1357573634914
2020-01-16 18:00:00+00:00,1300.1357573634914
2020-01-16 19:00:00+00:00,1300.1357573634914
2020-01-16 20:00:00+00:00,1300.1357573634914
2020-01-16 21:00:00+00:00,1300.1357573634914
2020-01-16 22:00:00+00:00,120.0
2020-01-16 23:00:00+00:00,120.0
2020-01-17 00:00:00+00:00,120.0
2020-01-17 01:00:00+00:00,120.0
2020-01-17 02:00:00+00:00,120.0
2020-01-17 03:00:00+00:00,120.0
2020-01-17 04:00:00+00:00,120.0
2020-01-17 05:00:00+00:00,120.0
2020-01-17 06:00:00+00:00,1297.4161978965928
2020-01-17 07:00:00+00:00,1297.4161978965928
2020-01-17 08:00:00+00:00,1275.1394834323892
2020-01-17 09:00:00+00:00,1235.0366877320312
2020-01-17 10:00:00+00:00,1143.7162874231713
2020-01-17 11:00:00+00:00,1085.6225722189533
2020-01-17 12:00:00+00:00,929.5678293497391
2020-01-17 13:00:00+00:00,1139.2656541951221
2020-01-17 14:00:00+00:00,732.0209396666488
2020-01-17 15:00:00+00:00,1179.3449015715223
2020-01-17 16:00:00+00:00,1297.4161978965928
2020-01-17 17:00:00+00:00,1297.4161978965928
2020-01-17 18:00:00+00:00,1297.4161978965928
2020-01-17 19:00:00+00:00,1297.4161978965928
2020-01-17 20:00:00+00:00,1297.4161978965928
2020-01-17 21:00:00+00:00,1297.4161978965928
2020-01-17 22:00:00+00:00,120.0
2020-01-17 23:00:00+00:00,120.0
2020-01-18 00:00:00+00:00,120.0
2020-01-18 01:00:00+00:00,120.0
2020-01-18 02:00:00+00:00,120.0
2020-01-18 03:00:00+00:00,120.0
2020-01-18 04:00:00+00:00,120.0
2020-01-18 05:00:00+00:00,120.0
2020-01-18 06:00:00+00:00,1294.525771687003
2020-01-18 07:00:00+00:00,1294.525771687003
2020-01-18 08:00:00+00:00,979.8468269366214
2020-01-18 09:00:00+00:00,1138.102429413728
2020-01-18 10:00:00+00:00,550.1348281072143
2020-01-18 11:00:00+00:00,959.9973413951109
2020-01-18 12:00:00+00:00,379.89906275889973
2020-01-18 13:00:00+00:00,721.4511571654805
2020-01-18 14:00:00+00:00,669.2082508408428
2020-01-18 15:00:00+00:00,847.031452674255
2020-01-18 16:00:00+00:00,1294.525771687003
2020-01-18 17:00:00+00:00,1294.525771687003
2020-01-18 18:00:00+00:00,1294.525771687003
2020-01-18 19:00:00+00:00,1294.525771687003
2020-01-18 20:00:00+00:00,1294.525771687003
2020-01-18 21:00:00+00:00,1294.525771687003
2020-01-18 22:00:00+00:00,120.0
2020-01-18 23:00:00+00:00,120.0
2020-01-19 00:00:00+00:00,120.0
2020-01-19 01:00:00+00:00,120.0
2020-01-19 02:00:00+00:00,120.0
2020-01-19 03:00:00+00:00,120.0
2020-01-19 04:00:00+00:00,120.0
2020-01-19 05:00:00+00:00,120.0
2020-01-19 06:00:00+00:00,1291.4653340583409
2020-01-19 07:00:00+00:00,1291.4653340583409
2020-01-19 08:00:00+00:00,969.8278119392826
2020-01-19 09:00:00+00:00,415.3966986361511
2020-01-19 10:00:00+00:00,354.29306681166815
2020-01-19 11:00:00+00:00,967.7191743379775
2020-01-19 12:00:00+00:00,901.8125346438553
2020-01-19 13:00:00+00:00,354.29306681166815
2020-01-19 14:00:00+00:00,354.29306681166815
2020-01-19 15:00:00+00:00,773.79480293796
2020-01-19 16:00:00+00:00,1291.4653340583409
2020-01-19 17:00:00+00:00,1291.4653340583409
2020-01-19 18:00:00+00:00,1291.4653340583409
2020-01-19 19:00:00+00:00,1291.4653340583409
2020-01-19 20:00:00+00:00,1291.4653340583409
2020-01-19 21:00:00+00:00,1291.4653340583409
2020-01-19 22:00:00+00:00,120.0
2020-01-19 23:00:00+00:00,120.0
2020-01-20 00:00:00+00:00,120.0
2020-01-20 01:00:00+00:00,120.0
2020-01-20 02:00:00+00:00,120.0
2020-01-20 03:00:00+00:00,120.0
2020-01-20 04:00:00+00:00,120.0
2020-01-20 05:00:00+00:00,120.0
2020-01-20 06:00:00+00:00,1288.235790643337
2020-01-20 07:00:00+00:00,1288.235790643337
2020-01-20 08:00:00+00:00,1183.8656051072614
2020-01-20 09:00:00+00:00,1108.9816909270232
2020-01-20 10:00:00+00:00,1140.1502218213875
2020-01-20 11:00:00+00:00,1204.2396372960811
2020-01-20 12:00:00+00:00,1071.7383339213138
2020-01-20 13:00:00+00:00,860.4044793939341
2020-01-20 14:00:00+00:00,1065.523319515091
2020-01-20 15:00:00+00:00,1107.7900904205671
2020-01-20 16:00:00+00:00,1288.235790643337
2020-01-20 17:00:00+00:00,1288.235790643337
2020-01-20 18:00:00+00:00,1288.235790643337
2020-01-20 19:00:00+00:00,1288.235790643337
2020-01-20 20:00:00+00:00,1288.235790643337
2020-01-20 21:00:00+00:00,1288.235790643337
2020-01-20 22:00:00+00:00,120.0
2020-01-20 23:00:00+00:00,120.0
2020-01-21 00:00:00+00:00,120.0
2020-01-21 01:00:00+00:00,120.0
2020-01-21 02:00:00+00:00,120.0
2020-01-21 03:00:00+00:00,120.0
2020-01-21 04:00:00+00:00,120.0
2020-01-21 05:00:00+00:00,120.0
2020-01-21 06:00:00+00:00,1284.8380971158474
2020-01-21 07:00:00+00:00,1284.8380971158474
2020-01-21 08:00:00+00:00,1056.3900495094872
2020-01-21 09:00:00+00:00,1055.271804936256
2020-01-21 10:00:00+00:00,961.036402879584
2020-01-21 11:00:00+00:00,1062.3074270428358
2020-01-21 12:00:00+00:00,1095.318938715099
2020-01-21 13:00:00+00:00,1152.6056763312563
2020-01-21 14:00:00+00:00,1205.489325940316
2020-01-21 15:00:00+00:00,1242.9738159055037
2020-01-21 16:00:00+00:00,1284.8380971158474
2020-01-21 17:00:00+00:00,1284.8380971158474
2020-01-21 18:00:00+00:00,1284.8380971158474
2020-01-21 19:00:00+00:00,1284.8380971158474
2020-01-21 20:00:00+00:00,1284.8380971158474
2020-01-21 21:00:00+00:00,1284.8380971158474
2020-01-21 22:00:00+00:00,120.0
2020-01-21 23:00:00+00:00,120.0
2020-01-22 00:00:00+00:00,120.0
2020-01-22 01:00:00+00:00,120.0
2020-01-22 02:00:00+00:00,120.0
2020-01-22 03:00:00+00:00,120.0
2020-01-22 04:00:00+00:00,120.0
2020-01-22 05:00:00+00:00,120.0
2020-01-22 06:00:00+00:00,1281.2732589080497
2020-01-22 07:00:00+00:00,1281.2732589080497
2020-01-22 08:00:00+00:00,1274.677226797452
2020-01-22 09:00:00+00:00,1208.763356621831
2020-01-22 10:00:00+00:00,999.8967482746292
2020-01-22 11:00:00+00:00,1094.5172934104571
2020-01-22 12:00:00+00:00,1118.6950026609227
2020-01-22 13:00:00+00:00,1147.2623248300608
2020-01-22 14:00:00+00:00,1197.7777115925608
2020-01-22 15:00:00+00:00,1178.3844481687966
2020-01-22 16:00:00+00:00,1281.2732589080497
2020-01-22 17:00:00+00:00,1281.2732589080497
2020-01-22 18:00:00+00:00,1281.2732589080497
2020-01-22 19:00:00+00:00,1281.2732589080497
2020-01-22 20:00:00+00:00,1281.2732589080497
2020-01-22 21:00:00+00:00,1281.2732589080497
2020-01-22 22:00:00+00:00,120.0
2020-01-22 23:00:00+00:00,120.0
2020-01-23 00:00:00+00:00,120.0
2020-01-23 01:00:00+00:00,120.0
2020-01-23 02:00:00+00:00,120.0
2020-01-23 03:00:00+00:00,120.0
2020-01-23 04:00:00+00:00,120.0
2020-01-23 05:00:00+00:00,120.0
2020-01-23 06:00:00+00:00,1277.542330912923
2020-01-23 07:00:00+00:00,1277.542330912923
2020-01-23 08:00:00+00:00,1206.7470419542888
2020-01-23 09:00:00+00:00,1155.5142183880828
2020-01-23 10:00:00+00:00,1130.8122650464009
2020-01-23 11:00:00+00:00,981.952321290999
2020-01-23 12:00:00+00:00,809.2470055187908
2020-01-23 13:00:00+00:00,921.2971031511618
2020-01-23 14:00:00+00:00,794.9860840019437
2020-01-23 15:00:00+00:00,1074.3705009910866
2020-01-23 16:00:00+00:00,1277.542330912923
2020-01-23 17:00:00+00:00,1277.542330912923
2020-01-23 18:00:00+00:00,1277.542330912923
2020-01-23 19:00:00+00:00,1277.542330912923
2020-01-23 20:00:00+00:00,1277.542330912923
2020-01-23 21:00:00+00:00,1277.542330912923
2020-01-23 22:00:00+00:00,120.0
2020-01-23 23:00:00+00:00,120.0
2020-01-24 00:00:00+00:00,120.0
2020-01-24 01:00:00+00:00,120.0
2020-01-24 02:00:00+00:00,120.0
2020-01-24 03:00:00+00:00,120.0
2020-01-24 04:00:00+00:00,120.0
2020-01-24 05:00:00+00:00,120.0
2020-01-24 06:00:00+00:00,1273.6464171720854
2020-01-24 07:00:00+00:00,1273.6464171720854
2020-01-24 08:00:00+00:00,1185.692414326886
2020-01-24 09:00:00+00:00,1210.357374726025
2020-01-24 10:00:00+00:00,350.72928343441714
2020-01-24 11:00:00+00:00,1144.8764040873373
2020-01-24 12:00:00+00:00,1184.1465281278752
2020-01-24 13:00:00+00:00,1164.5114661076063
2020-01-24 14:00:00+00:00,1216.8870134472188
2020-01-24 15:00:00+00:00,1243.0978600453689
2020-01-24 16:00:00+00:00,1273.6464171720854
2020-01-24 17:00:00+00:00,1273.6464171720854
2020-01-24 18:00:00+00:00,1273.6464171720854
2020-01-24 19:00:00+00:00,1273.6464171720854
2020-01-24 20:00:00+00:00,1273.6464171720854
2020-01-24 21:00:00+00:00,1273.6464171720854
2020-01-24 22:00:00+00:00,120.0
2020-01-24 23:00:00+00:00,120.0
2020-01-25 00:00:00+00:00,120.0
2020-01-25 01:00:00+00:00,120.0
2020-01-25 02:00:00+00:00,120.0
2020-01-25 03:00:00+00:00,120.0
2020-01-25 04:00:00+00:00,120.0
2020-01-25 05:00:00+00:00,120.0
2020-01-25 06:00:00+00:00,1269.5866705490928
2020-01-25 07:00:00+00:00,1269.5866705490928
2020-01-25 08:00:00+00:00,1181.3673894511553
2020-01-25 09:00:00+00:00,1163.019986189192
2020-01-25 10:00:00+00:00,1130.3947164790086
2020-01-25 11:00:00+00:00,1119.519626575614
2020-01-25 12:00:00+00:00,1110.805759612852
2020-01-25 13:00:00+00:00,1037.0252870970112
2020-01-25 14:00:00+00:00,1152.1448962857974
2020-01-25 15:00:00+00:00,921.0549837720188
2020-01-25 16:00:00+00:00,1269.5866705490928
2020-01-25 17:00:00+00:00,1269.5866705490928
2020-01-25 18:00:00+00:00,1269.5866705490928
2020-01-25 19:00:00+00:00,1269.5866705490928
2020-01-25 20:00:00+00:00,1269.5866705490928
2020-01-25 21:00:00+00:00,1269.5866705490928
2020-01-25 22:00:00+00:00,120.0
2020-01-25 23:00:00+00:00,120.0
2020-01-26 00:00:00+00:00,120.0
2020-01-26 01:00:00+00:00,120.0
2020-01-26 02:00:00+00:00,120.0
2020-01-26 03:00:00+00:00,120.0
2020-01-26 04:00:00+00:00,120.0
2020-01-26 05:00:00+00:00,120.0
2020-01-26 06:00:00+00:00,1265.3642923882849
2020-01-26 07:00:00+00:00,1265.3642923882849
2020-01-26 08:00:00+00:00,947.8234959665568
2020-01-26 09:00:00+00:00,379.5395486551853
2020-01-26 10:00:00+00:00,349.072858477657
2020-01-26 11:00:00+00:00,447.230578335333
2020-01-26 12:00:00+00:00,349.072858477657
2020-01-26 13:00:00+00:00,350.65346120115265
2020-01-26 14:00:00+00:00,877.223240983743
2020-01-26 15:00:00+00:00,1027.7012017177158
2020-01-26 16:00:00+00:00,1265.3642923882849
2020-01-26 17:00:00+00:00,1265.3642923882849
2020-01-26 18:00:00+00:00,1265.3642923882849
2020-01-26 19:00:00+00:00,1265.3642923882849
2020-01-26 20:00:00+00:00,1265.3642923882849
2020-01-26 21:00:00+00:00,1265.3642923882849
2020-01-26 22:00:00+00:00,120.0
2020-01-26 23:00:00+00:00,120.0
2020-01-27 00:00:00+00:00,120.0
2020-01-27 01:00:00+00:00,120.0
2020-01-27 02:00:00+00:00,120.0
2020-01-27 03:00:00+00:00,120.0
2020-01-27 04:00:00+00:00,120.0
2020-01-27 05:00:00+00:00,120.0
2020-01-27 06:00:00+00:00,1260.9805321592914
2020-01-27 07:00:00+00:00,1260.9805321592914
2020-01-27 08:00:00+00:00,973.9554694893002
2020-01-27 09:00:00+00:00,1007.9338697370039
2020-01-27 10:00:00+00:00,902.8952019464195
2020-01-27 11:00:00+00:00,898.1487229326367
2020-01-27 12:00:00+00:00,566.7166979510059
2020-01-27 13:00:00+00:00,608.7276011451111
2020-01-27 14:00:00+00:00,886.875835274903
2020-01-27 15:00:00+00:00,1124.5877193449699
2020-01-27 16:00:00+00:00,1260.9805321592914
2020-01-27 17:00:00+00:00,1260.9805321592914
2020-01-27 18:00:00+00:00,1260.9805321592914
2020-01-27 19:00:00+00:00,1260.9805321592914
2020-01-27 20:00:00+00:00,1260.9805321592914
2020-01-27 21:00:00+00:00,1260.9805321592914
2020-01-27 22:00:00+00:00,120.0
2020-01-27 23:00:00+00:00,120.0
2020-01-28 00:00:00+00:00,120.0
2020-01-28 01:00:00+00:00,120.0
2020-01-28 02:00:00+00:00,120.0
2020-01-28 03:00:00+00:00,120.0
2020-01-28 04:00:00+00:00,120.0
2020-01-28 05:00:00+00:00,120.0
2020-01-28 06:00:00+00:00,1256.4366870872925
2020-01-28 07:00:00+00:00,1256.4366870872925
2020-01-28 08:00:00+00:00,908.9143481759984
2020-01-28 09:00:00+00:00,877.6396105473561
2020-01-28 10:00:00+00:00,1058.7194322678454
2020-01-28 11:00:00+00:00,937.8252974954993
2020-01-28 12:00:00+00:00,986.4420589690936
2020-01-28 13:00:00+00:00,685.377251825928
2020-01-28 14:00:00+00:00,347.28733741745856
2020-01-28 15:00:00+00:00,1006.6706319992473
2020-01-28 16:00:00+00:00,1256.4366870872925
2020-01-28 17:00:00+00:00,1256.4366870872925
2020-01-28 18:00:00+00:00,1256.4366870872925
2020-01-28 19:00:00+00:00,1256.4366870872925
2020-01-28 20:00:00+00:00,1256.4366870872925
2020-01-28 21:00:00+00:00,1256.4366870872925
2020-01-28 22:00:00+00:00,120.0
2020-01-28 23:00:00+00:00,120.0
2020-01-29 00:00:00+00:00,120.0
2020-01-29 01:00:00+00:00,120.0
2020-01-29 02:00:00+00:00,120.0
2020-01-29 03:00:00+00:00,120.0
2020-01-29 04:00:00+00:00,120.0
2020-01-29 05:00:00+00:00,120.0
2020-01-29 06:00:00+00:00,1251.7341017691479
2020-01-29 07:00:00+00:00,1251.7341017691479
2020-01-29 08:00:00+00:00,1097.252396877659
2020-01-29 09:00:00+00:00,1012.2591658347961
2020-01-29 10:00:00+00:00,346.34682035382957
2020-01-29 11:00:00+00:00,346.34682035382957
2020-01-29 12:00:00+00:00,346.34682035382957
2020-01-29 13:00:00+00:00,346.34682035382957
2020-01-29 14:00:00+00:00,537.225093958214
2020-01-29 15:00:00+00:00,590.4392314233993
2020-01-29 16:00:00+00:00,1251.7341017691479
2020-01-29 17:00:00+00:00,1251.7341017691479
2020-01-29 18:00:00+00:00,1251.7341017691479
2020-01-29 19:00:00+00:00,1251.7341017691479
2020-01-29 20:00:00+00:00,1251.7341017691479
2020-01-29 21:00:00+00:00,1251.7341017691479
2020-01-29 22:00:00+00:00,120.0
2020-01-29 23:00:00+00:00,120.0
2020-01-30 00:00:00+00:00,120.0
2020-01-30 01:00:00+00:00,120.0
2020-01-30 02:00:00+00:00,120.0
2020-01-30 03:00:00+00:00,120.0
2020-01-30 04:00:00+00:00,120.0
2020-01-30 05:00:00+00:00,120.0
2020-01-30 06:00:00+00:00,1246.8741677755108
2020-01-30 07:00:00+00:00,1246.8741677755108
2020-01-30 08:00:00+00:00,915.054800332334
2020-01-30 09:00:00+00:00,751.9510332885064
2020-01-30 10:00:00+00:00,345.37483355510216
2020-01-30 11:00:00+00:00,345.37483355510216
2020-01-30 12:00:00+00:00,872.075819573376
2020-01-30 13:00:00+00:00,1002.5002357517134
2020-01-30 14:00:00+00:00,1187.1723743667642
2020-01-30 15:00:00+00:00,1163.7333916770335
2020-01-30 16:00:00+00:00,1246.8741677755108
2020-01-30 17:00:00+00:00,1246.8741677755108
2020-01-30 18:00:00+00:00,1246.8741677755108
2020-01-30 19:00:00+00:00,1246.8741677755108
2020-01-30 20:00:00+00:00,1246.8741677755108
2020-01-30 21:00:00+00:00,1246.8741677755108
2020-01-30 22:00:00+00:00,120.0
2020-01-30 23:00:00+00:00,120.0
2020-01-31 00:00:00+00:00,120.0
2020-01-31 01:00:00+00:00,120.0
2020-01-31 02:00:00+00:00,120.0
2020-01-31 03:00:00+00:00,120.0
2020-01-31 04:00:00+00:00,120.0
2020-01-31 05:00:00+00:00,120.0
2020-01-31 06:00:00+00:00,1241.8583232390388
2020-01-31 07:00:00+00:00,1241.8583232390388
2020-01-31 08:00:00+00:00,1135.6632143612312
2020-01-31 09:00:00+00:00,1135.7305258606254
2020-01-31 10:00:00+00:00,1038.3980977364067
2020-01-31 11:00:00+00:00,1135.7305258606254
2020-01-31 12:00:00+00:00,1159.0876161504625
2020-01-31 13:00:00+00:00,1028.032126829678
2020-01-31 14:00:00+00:00,1020.5381132304411
2020-01-31 15:00:00+00:00,1121.5502366548842
2020-01-31 16:00:00+00:00,1241.8583232390388
2020-01-31 17:00:00+00:00,1241.8583232390388
2020-01-31 18:00:00+00:00,1241.8583232390388
2020-01-31 19:00:00+00:00,1241.8583232390388
2020-01-31 20:00:00+00:00,1241.8583232390388
2020-01-31 21:00:00+00:00,1241.8583232390388
2020-01-31 22:00:00+00:00,120.0
2020-01-31 23:00:00+00:00,120.0
2020-02-01 00:00:00+00:00,120.0
2020-02-01 01:00:00+00:00,120.0
2020-02-01 02:00:00+00:00,120.0
2020-02-01 03:00:00+00:00,120.0
2020-02-01 04:00:00+00:00,120.0
2020-02-01 05:00:00+00:00,120.0
2020-02-01 06:00:00+00:00,1236.6880524288272
2020-02-01 07:00:00+00:00,1236.6880524288272
2020-02-01 08:00:00+00:00,1152.9141147356165
2020-02-01 09:00:00+00:00,1013.9311197303247
2020-02-01 10:00:00+00:00,967.387561705091
2020-02-01 11:00:00+00:00,507.40141914860857
2020-02-01 12:00:00+00:00,343.3376104857655
2020-02-01 13:00:00+00:00,343.3376104857655
2020-02-01 14:00:00+00:00,343.3376104857655
2020-02-01 15:00:00+00:00,613.8887918282215
2020-02-01 16:00:00+00:00,1236.6880524288272
2020-02-01 17:00:00+00:00,1236.6880524288272
2020-02-01 18:00:00+00:00,1236.6880524288272
2020-02-01 19:00:00+00:00,1236.6880524288272
2020-02-01 20:00:00+00:00,1236.6880524288272
2020-02-01 21:00:00+00:00,1236.6880524288272
2020-02-01 22:00:00+00:00,120.0
2020-02-01 23:00:00+00:00,120.0
2020-02-02 00:00:00+00:00,120.0
2020-02-02 01:00:00+00:00,120.0
2020-02-02 02:00:00+00:00,120.0
2020-02-02 03:00:00+00:00,120.0
2020-02-02 04:00:00+00:00,120.0
2020-02-02 05:00:00+00:00,120.0
2020-02-02 06:00:00+00:00,1231.3648853111902
2020-02-02 07:00:00+00:00,1231.3648853111902
2020-02-02 08:00:00+00:00,1164.9274924672873
2020-02-02 09:00:00+00:00,1172.4847736874035
2020-02-02 10:00:00+00:00,1136.7432789757954
2020-02-02 11:00:00+00:00,1006.380177928793
2020-02-02 12:00:00+00:00,890.9982755357853
2020-02-02 13:00:00+00:00,1004.9354035778882
2020-02-02 14:00:00+00:00,916.7152589818861
2020-02-02 15:00:00+00:00,1047.9229973417252
2020-02-02 16:00:00+00:00,1231.3648853111902
2020-02-02 17:00:00+00:00,1231.3648853111902
2020-02-02 18:00:00+00:00,1231.3648853111902
2020-02-02 19:00:00+00:00,1231.3648853111902
2020-02-02 20:00:00+00:00,1231.3648853111902
2020-02-02 21:00:00+00:00,1231.3648853111902
2020-02-02 22:00:00+00:00,120.0
2020-02-02 23:00:00+00:00,120.0
2020-02-03 00:00:00+00:00,120.0
2020-02-03 01:00:00+00:00,120.0
2020-02-03 02:00:00+00:00,120.0
2020-02-03 03:00:00+00:00,120.0
2020-02-03 04:00:00+00:00,120.0
2020-02-03 05:00:00+00:00,120.0
2020-02-03 06:00:00+00:00,1225.8903970969197
2020-02-03 07:00:00+00:00,1225.8903970969197
2020-02-03 08:00:00+00:00,795.389383315031
2020-02-03 09:00:00+00:00,955.5223128146649
2020-02-03 10:00:00+00:00,435.3335878282157
2020-02-03 11:00:00+00:00,341.17807941938395
2020-02-03 12:00:00+00:00,341.17807941938395
2020-02-03 13:00:00+00:00,341.17807941938395
2020-02-03 14:00:00+00:00,867.0068454310276
2020-02-03 15:00:00+00:00,1012.8295531922273
2020-02-03 16:00:00+00:00,1225.8903970969197
2020-02-03 17:00:00+00:00,1225.8903970969197
2020-02-03 18:00:00+00:00,1225.8903970969197
2020-02-03 19:00:00+00:00,1225.8903970969197
2020-02-03 20:00:00+00:00,1225.8903970969197
2020-02-03 21:00:00+00:00,1225.8903970969197
2020-02-03 22:00:00+00:00,120.0
2020-02-03 23:00:00+00:00,120.0
2020-02-04 00:00:00+00:00,120.0
2020-02-04 01:00:00+00:00,120.0
2020-02-04 02:00:00+00:00,120.0
2020-02-04 03:00:00+00:00,120.0
2020-02-04 04:00:00+00:00,120.0
2020-02-04 05:00:00+00:00,120.0
2020-02-04 06:00:00+00:00,1220.266207775155
2020-02-04 07:00:00+00:00,1220.266207775155
2020-02-04 08:00:00+00:00,974.5767635789628
2020-02-04 09:00:00+00:00,853.8775605860283
2020-02-04 10:00:00+00:00,1032.9128779152015
2020-02-04 11:00:00+00:00,612.6111865450923
2020-02-04 12:00:00+00:00,497.80941042583254
2020-02-04 13:00:00+00:00,1053.7299145663073
2020-02-04 14:00:00+00:00,1049.5709083009174
2020-02-04 15:00:00+00:00,1052.0134992821781
2020-02-04 16:00:00+00:00,1220.266207775155
2020-02-04 17:00:00+00:00,1220.266207775155
2020-02-04 18:00:00+00:00,1220.266207775155
2020-02-04 19:00:00+00:00,1220.266207775155
2020-02-04 20:00:00+00:00,1220.266207775155
2020-02-04 21:00:00+00:00,1220.266207775155
2020-02-04 22:00:00+00:00,120.0
2020-02-04 23:00:00+00:00,120.0
2020-02-05 00:00:00+00:00,120.0
2020-02-05 01:00:00+00:00,120.0
2020-02-05 02:00:00+00:00,120.0
2020-02-05 03:00:00+00:00,120.0
2020-02-05 04:00:00+00:00,120.0
2020-02-05 05:00:00+00:00,120.0
2020-02-05 06:00:00+00:00,1214.4939816339997
2020-02-05 07:00:00+00:00,1214.4939816339997
2020-02-05 08:00:00+00:00,1005.9490983734576
2020-02-05 09:00:00+00:00,416.58597914318125
2020-02-05 10:00:00+00:00,338.8987963267999
2020-02-05 11:00:00+00:00,338.8987963267999
2020-02-05 12:00:00+00:00,338.8987963267999
2020-02-05 13:00:00+00:00,338.8987963267999
2020-02-05 14:00:00+00:00,338.8987963267999
2020-02-05 15:00:00+00:00,847.3131406754255
2020-02-05 16:00:00+00:00,1193.7861555014845
2020-02-05 17:00:00+00:00,1214.4939816339997
2020-02-05 18:00:00+00:00,1214.4939816339997
2020-02-05 19:00:00+00:00,1214.4939816339997
2020-02-05 20:00:00+00:00,1214.4939816339997
2020-02-05 21:00:00+00:00,1214.4939816339997
2020-02-05 22:00:00+00:00,120.0
2020-02-05 23:00:00+00:00,120.0
2020-02-06 00:00:00+00:00,120.0
2020-02-06 01:00:00+00:00,120.0
2020-02-06 02:00:00+00:00,120.0
2020-02-06 03:00:00+00:00,120.0
2020-02-06 04:00:00+00:00,120.0
2020-02-06 05:00:00+00:00,120.0
2020-02-06 06:00:00+00:00,1208.575426768036
2020-02-06 07:00:00+00:00,1208.575426768036
2020-02-06 08:00:00+00:00,982.9137407990221
2020-02-06 09:00:00+00:00,337.71508535360726
2020-02-06 10:00:00+00:00,337.71508535360726
2020-02-06 11:00:00+00:00,337.71508535360726
2020-02-06 12:00:00+00:00,337.71508535360726
2020-02-06 13:00:00+00:00,337.71508535360726
2020-02-06 14:00:00+00:00,337.71508535360726
2020-02-06 15:00:00+00:00,535.4656973802886
2020-02-06 16:00:00+00:00,1185.9112863827256
2020-02-06 17:00:00+00:00,1208.575426768036
2020-02-06 18:00:00+00:00,1208.575426768036
2020-02-06 19:00:00+00:00,1208.575426768036
2020-02-06 20:00:00+00:00,1208.575426768036
2020-02-06 21:00:00+00:00,1208.575426768036
2020-02-06 22:00:00+00:00,120.0
2020-02-06 23:00:00+00:00,120.0
2020-02-07 00:00:00+00:00,120.0
2020-02-07 01:00:00+00:00,120.0
2020-02-07 02:00:00+00:00,120.0
2020-02-07 03:00:00+00:00,120.0
2020-02-07 04:00:00+00:00,120.0
2020-02-07 05:00:00+00:00,120.0
2020-02-07 06:00:00+00:00,1202.5122945728688
2020-02-07 07:00:00+00:00,1202.5122945728688
2020-02-07 08:00:00+00:00,656.3415414690735
2020-02-07 09:00:00+00:00,336.5024589145737
2020-02-07 10:00:00+00:00,336.5024589145737
2020-02-07 11:00:00+00:00,336.5024589145737
2020-02-07 12:00:00+00:00,336.5024589145737
2020-02-07 13:00:00+00:00,336.5024589145737
2020-02-07 14:00:00+00:00,336.5024589145737
2020-02-07 15:00:00+00:00,431.092383214351
2020-02-07 16:00:00+00:00,1157.6096845939862
2020-02-07 17:00:00+00:00,1202.5122945728688
2020-02-07 18:00:00+00:00,1202.5122945728688
2020-02-07 19:00:00+00:00,1202.5122945728688
2020-02-07 20:00:00+00:00,1202.5122945728688
2020-02-07 21:00:00+00:00,1202.5122945728688
2020-02-07 22:00:00+00:00,120.0
2020-02-07 23:00:00+00:00,120.0
2020-02-08 00:00:00+00:00,120.0
2020-02-08 01:00:00+00:00,120.0
2020-02-08 02:00:00+00:00,120.0
2020-02-08 03:00:00+00:00,120.0
2020-02-08 04:00:00+00:00,120.0
2020-02-08 05:00:00+00:00,120.0
2020-02-08 06:00:00+00:00,1196.306379226861
2020-02-08 07:00:00+00:00,1196.306379226861
2020-02-08 08:00:00+00:00,887.0405042198149
2020-02-08 09:00:00+00:00,1118.9199505604497
2020-02-08 10:00:00+00:00,1082.2824814115675
2020-02-08 11:00:00+00:00,1065.9872028300726
2020-02-08 12:00:00+00:00,1082.2824814115675
2020-02-08 13:00:00+00:00,1002.851070624625
2020-02-08 14:00:00+00:00,1009.5887485585853
2020-02-08 15:00:00+00:00,1035.5277322979525
2020-02-08 16:00:00+00:00,1177.98764465242
2020-02-08 17:00:00+00:00,1196.306379226861
2020-02-08 18:00:00+00:00,1196.306379226861
2020-02-08 19:00:00+00:00,1196.306379226861
2020-02-08 20:00:00+00:00,1196.306379226861
2020-02-08 21:00:00+00:00,1196.306379226861
2020-02-08 22:00:00+00:00,120.0
2020-02-08 23:00:00+00:00,120.0
2020-02-09 00:00:00+00:00,120.0
2020-02-09 01:00:00+00:00,120.0
2020-02-09 02:00:00+00:00,120.0
2020-02-09 03:00:00+00:00,120.0
2020-02-09 04:00:00+00:00,120.0
2020-02-09 05:00:00+00:00,120.0
2020-02-09 06:00:00+00:00,1189.9595171602075
2020-02-09 07:00:00+00:00,1189.9595171602075
2020-02-09 08:00:00+00:00,1097.5792124485954
2020-02-09 09:00:00+00:00,1082.663976779382
2020-02-09 10:00:00+00:00,1052.2985256823754
2020-02-09 11:00:00+00:00,1034.0878147003084
2020-02-09 12:00:00+00:00,993.6005465709662
2020-02-09 13:00:00+00:00,1056.3643718475842
2020-02-09 14:00:00+00:00,1104.9405339266575
2020-02-09 15:00:00+00:00,1113.0294278763886
2020-02-09 16:00:00+00:00,1179.837700127872
2020-02-09 17:00:00+00:00,1189.9595171602075
2020-02-09 18:00:00+00:00,1189.9595171602075
2020-02-09 19:00:00+00:00,1189.9595171602075
2020-02-09 20:00:00+00:00,1189.9595171602075
2020-02-09 21:00:00+00:00,1189.9595171602075
2020-02-09 22:00:00+00:00,120.0
2020-02-09 23:00:00+00:00,120.0
2020-02-10 00:00:00+00:00,120.0
2020-02-10 01:00:00+00:00,120.0
2020-02-10 02:00:00+00:00,120.0
2020-02-10 03:00:00+00:00,120.0
2020-02-10 04:00:00+00:00,120.0
2020-02-10 05:00:00+00:00,120.0
2020-02-10 06:00:00+00:00,1183.4735865115044
2020-02-10 07:00:00+00:00,1183.4735865115044
2020-02-10 08:00:00+00:00,1028.887065976192
2020-02-10 09:00:00+00:00,815.256491917761
2020-02-10 10:00:00+00:00,332.69471730230094
2020-02-10 11:00:00+00:00,332.69471730230094
2020-02-10 12:00:00+00:00,332.69471730230094
2020-02-10 13:00:00+00:00,332.69471730230094
2020-02-10 14:00:00+00:00,332.69471730230094
2020-02-10 15:00:00+00:00,1050.5393881975665
2020-02-10 16:00:00+00:00,1173.4131263831055
2020-02-10 17:00:00+00:00,1183.4735865115044
2020-02-10 18:00:00+00:00,1183.4735865115044
2020-02-10 19:00:00+00:00,1183.4735865115044
2020-02-10 20:00:00+00:00,1183.4735865115044
2020-02-10 21:00:00+00:00,1183.4735865115044
2020-02-10 22:00:00+00:00,120.0
2020-02-10 23:00:00+00:00,120.0
2020-02-11 00:00:00+00:00,120.0
2020-02-11 01:00:00+00:00,120.0
2020-02-11 02:00:00+00:00,120.0
2020-02-11 03:00:00+00:00,120.0
2020-02-11 04:00:00+00:00,120.0
2020-02-11 05:00:00+00:00,120.0
2020-02-11 06:00:00+00:00,1176.8505065719796
2020-02-11 07:00:00+00:00,1176.8505065719796
2020-02-11 08:00:00+00:00,617.374985402905
2020-02-11 09:00:00+00:00,373.5595735367492
2020-02-11 10:00:00+00:00,331.370101314396
2020-02-11 11:00:00+00:00,331.370101314396
2020-02-11 12:00:00+00:00,331.370101314396
2020-02-11 13:00:00+00:00,824.3063145896987
2020-02-11 14:00:00+00:00,1024.8965407370604
2020-02-11 15:00:00+00:00,640.3297784056485
2020-02-11 16:00:00+00:00,1168.8607167422956
2020-02-11 17:00:00+00:00,1176.8505065719796
2020-02-11 18:00:00+00:00,1176.8505065719796
2020-02-11 19:00:00+00:00,1176.8505065719796
2020-02-11 20:00:00+00:00,1176.8505065719796
2020-02-11 21:00:00+00:00,1176.8505065719796
2020-02-11 22:00:00+00:00,120.0
2020-02-11 23:00:00+00:00,120.0
2020-02-12 00:00:00+00:00,120.0
2020-02-12 01:00:00+00:00,120.0
2020-02-12 02:00:00+00:00,120.0
2020-02-12 03:00:00+00:00,120.0
2020-02-12 04:00:00+00:00,120.0
2020-02-12 05:00:00+00:00,120.0
2020-02-12 06:00:00+00:00,1170.0922372175426
2020-02-12 07:00:00+00:00,1170.0922372175426
2020-02-12 08:00:00+00:00,988.7833115395615
2020-02-12 09:00:00+00:00,841.4133669684518
2020-02-12 10:00:00+00:00,330.0184474435085
2020-02-12 11:00:00+00:00,413.4377747680701
2020-02-12 12:00:00+00:00,330.0184474435085
2020-02-12 13:00:00+00:00,541.4650203296328
2020-02-12 14:00:00+00:00,802.9799910862895
2020-02-12 15:00:00+00:00,1064.7889876693673
2020-02-12 16:00:00+00:00,885.3912298631224
2020-02-12 17:00:00+00:00,1170.0922372175426
2020-02-12 18:00:00+00:00,1170.0922372175426
2020-02-12 19:00:00+00:00,1170.0922372175426
2020-02-12 20:00:00+00:00,1170.0922372175426
2020-02-12 21:00:00+00:00,1170.0922372175426
2020-02-12 22:00:00+00:00,120.0
2020-02-12 23:00:00+00:00,120.0
2020-02-13 00:00:00+00:00,120.0
2020-02-13 01:00:00+00:00,120.0
2020-02-13 02:00:00+00:00,120.0
2020-02-13 03:00:00+00:00,120.0
2020-02-13 04:00:00+00:00,120.0
2020-02-13 05:00:00+00:00,120.0
2020-02-13 06:00:00+00:00,1163.2007783288248
2020-02-13 07:00:00+00:00,1163.2007783288248
2020-02-13 08:00:00+00:00,1113.8573815138714
2020-02-13 09:00:00+00:00,1058.58860427801
2020-02-13 10:00:00+00:00,1056.627386814752
2020-02-13 11:00:00+00:00,680.67869032061
2020-02-13 12:00:00+00:00,888.1295970990803
2020-02-13 13:00:00+00:00,356.076336135813
2020-02-13 14:00:00+00:00,1023.078049783697
2020-02-13 15:00:00+00:00,621.8630304384311
2020-02-13 16:00:00+00:00,1127.669359818945
2020-02-13 17:00:00+00:00,1163.2007783288248
2020-02-13 18:00:00+00:00,1163.2007783288248
2020-02-13 19:00:00+00:00,1163.2007783288248
2020-02-13 20:00:00+00:00,1163.2007783288248
2020-02-13 21:00:00+00:00,1163.2007783288248
2020-02-13 22:00:00+00:00,120.0
2020-02-13 23:00:00+00:00,120.0
2020-02-14 00:00:00+00:00,120.0
2020-02-14 01:00:00+00:00,120.0
2020-02-14 02:00:00+00:00,120.0
2020-02-14 03:00:00+00:00,120.0
2020-02-14 04:00:00+00:00,120.0
2020-02-14 05:00:00+00:00,120.0
2020-02-14 06:00:00+00:00,1156.1781691993847
2020-02-14 07:00:00+00:00,1156.1781691993847
2020-02-14 08:00:00+00:00,1065.4504087042867
2020-02-14 09:00:00+00:00,795.7125076983028
2020-02-14 10:00:00+00:00,692.9029097503397
2020-02-14 11:00:00+00:00,715.4086995853505
2020-02-14 12:00:00+00:00,920.9242776643565
2020-02-14 13:00:00+00:00,327.235633839877
2020-02-14 14:00:00+00:00,327.235633839877
2020-02-14 15:00:00+00:00,816.0630469413786
2020-02-14 16:00:00+00:00,1075.107589241225
2020-02-14 17:00:00+00:00,1156.1781691993847
2020-02-14 18:00:00+00:00,1156.1781691993847
2020-02-14 19:00:00+00:00,1156.1781691993847
2020-02-14 20:00:00+00:00,1156.1781691993847
2020-02-14 21:00:00+00:00,1156.1781691993847
2020-02-14 22:00:00+00:00,120.0
2020-02-14 23:00:00+00:00,120.0
2020-02-15 00:00:00+00:00,120.0
2020-02-15 01:00:00+00:00,120.0
2020-02-15 02:00:00+00:00,120.0
2020-02-15 03:00:00+00:00,120.0
2020-02-15 04:00:00+00:00,120.0
2020-02-15 05:00:00+00:00,120.0
2020-02-15 06:00:00+00:00,1149.0264879322467
2020-02-15 07:00:00+00:00,1149.0264879322467
2020-02-15 08:00:00+00:00,1035.113255718147
2020-02-15 09:00:00+00:00,1078.9292035743022
2020-02-15 10:00:00+00:00,751.4106529952265
2020-02-15 11:00:00+00:00,769.233391766213
2020-02-15 12:00:00+00:00,768.4101705758673
2020-02-15 13:00:00+00:00,645.9971795714472
2020-02-15 14:00:00+00:00,884.9577105990736
2020-02-15 15:00:00+00:00,1038.0562714736332
2020-02-15 16:00:00+00:00,1127.6021564534972
2020-02-15 17:00:00+00:00,1149.0264879322467
2020-02-15 18:00:00+00:00,1149.0264879322467
2020-02-15 19:00:00+00:00,1149.0264879322467
2020-02-15 20:00:00+00:00,1149.0264879322467
2020-02-15 21:00:00+00:00,1149.0264879322467
2020-02-15 22:00:00+00:00,120.0
2020-02-15 23:00:00+00:00,120.0
2020-02-16 00:00:00+00:00,120.0
2020-02-16 01:00:00+00:00,120.0
2020-02-16 02:00:00+00:00,120.0
2020-02-16 03:00:00+00:00,120.0
2020-02-16 04:00:00+00:00,120.0
2020-02-16 05:00:00+00:00,120.0
2020-02-16 06:00:00+00:00,1141.7478508249567
2020-02-16 07:00:00+00:00,1141.7478508249567
2020-02-16 08:00:00+00:00,990.4065591607642
2020-02-16 09:00:00+00:00,816.5663798214061
2020-02-16 10:00:00+00:00,1025.7590347993078
2020-02-16 11:00:00+00:00,1016.0933001305037
2020-02-16 12:00:00+00:00,1004.5066795021487
2020-02-16 13:00:00+00:00,998.7031517094629
2020-02-16 14:00:00+00:00,840.802238842974
2020-02-16 15:00:00+00:00,963.6572004261669
2020-02-16 16:00:00+00:00,1108.8884399424262
2020-02-16 17:00:00+00:00,1141.7478508249567
2020-02-16 18:00:00+00:00,1141.7478508249567
2020-02-16 19:00:00+00:00,1141.7478508249567
2020-02-16 20:00:00+00:00,1141.7478508249567
2020-02-16 21:00:00+00:00,1141.7478508249567
2020-02-16 22:00:00+00:00,120.0
2020-02-16 23:00:00+00:00,120.0
2020-02-17 00:00:00+00:00,120.0
2020-02-17 01:00:00+00:00,120.0
2020-02-17 02:00:00+00:00,120.0
2020-02-17 03:00:00+00:00,120.0
2020-02-17 04:00:00+00:00,120.0
2020-02-17 05:00:00+00:00,120.0
2020-02-17 06:00:00+00:00,1134.3444117433378
2020-02-17 07:00:00+00:00,1134.3444117433378
2020-02-17 08:00:00+00:00,708.7863572405378
2020-02-17 09:00:00+00:00,703.6740614053514
2020-02-17 10:00:00+00:00,322.8688823486675
2020-02-17 11:00:00+00:00,898.2861802424281
2020-02-17 12:00:00+00:00,756.7445610277628
2020-02-17 13:00:00+00:00,322.8688823486675
2020-02-17 14:00:00+00:00,322.8688823486675
2020-02-17 15:00:00+00:00,322.8688823486675
2020-02-17 16:00:00+00:00,993.938858269825
2020-02-17 17:00:00+00:00,1134.3444117433378
2020-02-17 18:00:00+00:00,1134.3444117433378
2020-02-17 19:00:00+00:00,1134.3444117433378
2020-02-17 20:00:00+00:00,1134.3444117433378
2020-02-17 21:00:00+00:00,1134.3444117433378
2020-02-17 22:00:00+00:00,120.0
2020-02-17 23:00:00+00:00,120.0
2020-02-18 00:00:00+00:00,120.0
2020-02-18 01:00:00+00:00,120.0
2020-02-18 02:00:00+00:00,120.0
2020-02-18 03:00:00+00:00,120.0
2020-02-18 04:00:00+00:00,120.0
2020-02-18 05:00:00+00:00,120.0
2020-02-18 06:00:00+00:00,1126.818361484123
2020-02-18 07:00:00+00:00,1126.818361484123
2020-02-18 08:00:00+00:00,969.8956516632076
2020-02-18 09:00:00+00:00,333.1635834934185
2020-02-18 10:00:00+00:00,794.8904840700374
2020-02-18 11:00:00+00:00,534.789028564229
2020-02-18 12:00:00+00:00,321.36367229682463
2020-02-18 13:00:00+00:00,321.36367229682463
2020-02-18 14:00:00+00:00,321.36367229682463
2020-02-18 15:00:00+00:00,649.8079581801753
2020-02-18 16:00:00+00:00,984.0515178256743
2020-02-18 17:00:00+00:00,1126.818361484123
2020-02-18 18:00:00+00:00,1126.818361484123
2020-02-18 19:00:00+00:00,1126.818361484123
2020-02-18 20:00:00+00:00,1126.818361484123
2020-02-18 21:00:00+00:00,1126.818361484123
2020-02-18 22:00:00+00:00,120.0
2020-02-18 23:00:00+00:00,120.0
2020-02-19 00:00:00+00:00,120.0
2020-02-19 01:00:00+00:00,120.0
2020-02-19 02:00:00+00:00,120.0
2020-02-19 03:00:00+00:00,120.0
2020-02-19 04:00:00+00:00,120.0
2020-02-19 05:00:00+00:00,120.0
2020-02-19 06:00:00+00:00,1119.171927126667
2020-02-19 07:00:00+00:00,1119.171927126667
2020-02-19 08:00:00+00:00,638.7101142485378
2020-02-19 09:00:00+00:00,416.29444327014176
2020-02-19 10:00:00+00:00,319.8343854253334
2020-02-19 11:00:00+00:00,319.8343854253334
2020-02-19 12:00:00+00:00,319.8343854253334
2020-02-19 13:00:00+00:00,319.8343854253334
2020-02-19 14:00:00+00:00,319.8343854253334
2020-02-19 15:00:00+00:00,787.0271951112202
2020-02-19 16:00:00+00:00,1071.9110949735757
2020-02-19 17:00:00+00:00,1119.171927126667
2020-02-19 18:00:00+00:00,1119.171927126667
2020-02-19 19:00:00+00:00,1119.171927126667
2020-02-19 20:00:00+00:00,1119.171927126667
2020-02-19 21:00:00+00:00,1119.171927126667
2020-02-19 22:00:00+00:00,120.0
2020-02-19 23:00:00+00:00,120.0
2020-02-20 00:00:00+00:00,120.0
2020-02-20 01:00:00+00:00,120.0
2020-02-20 02:00:00+00:00,120.0
2020-02-20 03:00:00+00:00,120.0
2020-02-20 04:00:00+00:00,120.0
2020-02-20 05:00:00+00:00,120.0
2020-02-20 06:00:00+00:00,1111.4073713739153
2020-02-20 07:00:00+00:00,1111.4073713739153
2020-02-20 08:00:00+00:00,949.0743283851506
2020-02-20 09:00:00+00:00,882.729347092808
2020-02-20 10:00:00+00:00,732.0354266439729
2020-02-20 11:00:00+00:00,657.1841701052423
2020-02-20 12:00:00+00:00,882.5707219133882
2020-02-20 13:00:00+00:00,916.3380569823837
2020-02-20 14:00:00+00:00,938.8430043125717
2020-02-20 15:00:00+00:00,985.7365729785579
2020-02-20 16:00:00+00:00,1055.135088974732
2020-02-20 17:00:00+00:00,1111.4073713739153
2020-02-20 18:00:00+00:00,1111.4073713739153
2020-02-20 19:00:00+00:00,1111.4073713739153
2020-02-20 20:00:00+00:00,1111.4073713739153
2020-02-20 21:00:00+00:00,1111.4073713739153
2020-02-20 22:00:00+00:00,120.0
2020-02-20 23:00:00+00:00,120.0
2020-02-21 00:00:00+00:00,120.0
2020-02-21 01:00:00+00:00,120.0
2020-02-21 02:00:00+00:00,120.0
2020-02-21 03:00:00+00:00,120.0
2020-02-21 04:00:00+00:00,120.0
2020-02-21 05:00:00+00:00,120.0
2020-02-21 06:00:00+00:00,1103.5269918828353
2020-02-21 07:00:00+00:00,1084.918661196412
2020-02-21 08:00:00+00:00,789.0934125778928
2020-02-21 09:00:00+00:00,540.7528471274769
2020-02-21 10:00:00+00:00,443.26565169205026
2020-02-21 11:00:00+00:00,869.0738275578049
2020-02-21 12:00:00+00:00,814.7241259863596
2020-02-21 13:00:00+00:00,316.7053983765671
2020-02-21 14:00:00+00:00,930.4655823911315
2020-02-21 15:00:00+00:00,963.964511734661
2020-02-21 16:00:00+00:00,1071.8967638238835
2020-02-21 17:00:00+00:00,1103.5269918828353
2020-02-21 18:00:00+00:00,1103.5269918828353
2020-02-21 19:00:00+00:00,1103.5269918828353
2020-02-21 20:00:00+00:00,1103.5269918828353
2020-02-21 21:00:00+00:00,1103.5269918828353
2020-02-21 22:00:00+00:00,120.0
2020-02-21 23:00:00+00:00,120.0
2020-02-22 00:00:00+00:00,120.0
2020-02-22 01:00:00+00:00,120.0
2020-02-22 02:00:00+00:00,120.0
2020-02-22 03:00:00+00:00,120.0
2020-02-22 04:00:00+00:00,120.0
2020-02-22 05:00:00+00:00,120.0
2020-02-22 06:00:00+00:00,1095.533120584501
2020-02-22 07:00:00+00:00,1091.8456053886916
2020-02-22 08:00:00+00:00,1019.8512610895555
2020-02-22 09:00:00+00:00,1012.4762306979366
2020-02-22 10:00:00+00:00,756.4182972069167
2020-02-22 11:00:00+00:00,868.5070527620759
2020-02-22 12:00:00+00:00,905.4212260449935
2020-02-22 13:00:00+00:00,737.2002947314022
2020-02-22 14:00:00+00:00,754.5062522905712
2020-02-22 15:00:00+00:00,953.4174555777508
2020-02-22 16:00:00+00:00,1071.5350058181223
2020-02-22 17:00:00+00:00,1095.533120584501
2020-02-22 18:00:00+00:00,1095.533120584501
2020-02-22 19:00:00+00:00,1095.533120584501
2020-02-22 20:00:00+00:00,1095.533120584501
2020-02-22 21:00:00+00:00,1095.533120584501
2020-02-22 22:00:00+00:00,120.0
2020-02-22 23:00:00+00:00,120.0
2020-02-23 00:00:00+00:00,120.0
2020-02-23 01:00:00+00:00,120.0
2020-02-23 02:00:00+00:00,120.0
2020-02-23 03:00:00+00:00,120.0
2020-02-23 04:00:00+00:00,120.0
2020-02-23 05:00:00+00:00,120.0
2020-02-23 06:00:00+00:00,1087.428122994039
2020-02-23 07:00:00+00:00,1083.7712446891214
2020-02-23 08:00:00+00:00,1032.5169027328973
2020-02-23 09:00:00+00:00,1012.3750492121615
2020-02-23 10:00:00+00:00,972.1106907331497
2020-02-23 11:00:00+00:00,984.9387876440504
2020-02-23 12:00:00+00:00,833.0138752090666
2020-02-23 13:00:00+00:00,722.7657663126657
2020-02-23 14:00:00+00:00,865.4807630167466
2020-02-23 15:00:00+00:00,744.3200648929732
2020-02-23 16:00:00+00:00,866.390145452361
2020-02-23 17:00:00+00:00,1087.428122994039
2020-02-23 18:00:00+00:00,1087.428122994039
2020-02-23 19:00:00+00:00,1087.428122994039
2020-02-23 20:00:00+00:00,1087.428122994039
2020-02-23 21:00:00+00:00,1087.428122994039
2020-02-23 22:00:00+00:00,120.0
2020-02-23 23:00:00+00:00,120.0
2020-02-24 00:00:00+00:00,120.0
2020-02-24 01:00:00+00:00,120.0
2020-02-24 02:00:00+00:00,120.0
2020-02-24 03:00:00+00:00,120.0
2020-02-24 04:00:00+00:00,120.0
2020-02-24 05:00:00+00:00,120.0
2020-02-24 06:00:00+00:00,1079.2143975106328
2020-02-24 07:00:00+00:00,1068.3177219549123
2020-02-24 08:00:00+00:00,963.8017212021535
2020-02-24 09:00:00+00:00,934.0277063034235
2020-02-24 10:00:00+00:00,899.5535408568915
2020-02-24 11:00:00+00:00,857.8085302772286
2020-02-24 12:00:00+00:00,874.1343593228597
2020-02-24 13:00:00+00:00,963.0727182600455
2020-02-24 14:00:00+00:00,935.8502136586937
2020-02-24 15:00:00+00:00,952.1760427043246
2020-02-24 16:00:00+00:00,1022.9468809526591
2020-02-24 17:00:00+00:00,1079.2143975106328
2020-02-24 18:00:00+00:00,1079.2143975106328
2020-02-24 19:00:00+00:00,1079.2143975106328
2020-02-24 20:00:00+00:00,1079.2143975106328
2020-02-24 21:00:00+00:00,1079.2143975106328
2020-02-24 22:00:00+00:00,120.0
2020-02-24 23:00:00+00:00,120.0
2020-02-25 00:00:00+00:00,120.0
2020-02-25 01:00:00+00:00,120.0
2020-02-25 02:00:00+00:00,120.0
2020-02-25 03:00:00+00:00,120.0
2020-02-25 04:00:00+00:00,120.0
2020-02-25 05:00:00+00:00,120.0
2020-02-25 06:00:00+00:00,1070.8943747077992
2020-02-25 07:00:00+00:00,1031.7745801323204
2020-02-25 08:00:00+00:00,377.0077315960239
2020-02-25 09:00:00+00:00,445.11078671259656
2020-02-25 10:00:00+00:00,310.17887494155985
2020-02-25 11:00:00+00:00,835.2247128802181
2020-02-25 12:00:00+00:00,352.03724531619724
2020-02-25 13:00:00+00:00,780.6623936594848
2020-02-25 14:00:00+00:00,845.6274973395216
2020-02-25 15:00:00+00:00,781.2899839467918
2020-02-25 16:00:00+00:00,921.6800294286514
2020-02-25 17:00:00+00:00,1070.8943747077992
2020-02-25 18:00:00+00:00,1070.8943747077992
2020-02-25 19:00:00+00:00,1070.8943747077992
2020-02-25 20:00:00+00:00,1070.8943747077992
2020-02-25 21:00:00+00:00,1070.8943747077992
2020-02-25 22:00:00+00:00,120.0
2020-02-25 23:00:00+00:00,120.0
2020-02-26 00:00:00+00:00,120.0
2020-02-26 01:00:00+00:00,120.0
2020-02-26 02:00:00+00:00,120.0
2020-02-26 03:00:00+00:00,120.0
2020-02-26 04:00:00+00:00,120.0
2020-02-26 05:00:00+00:00,120.0
2020-02-26 06:00:00+00:00,1062.470516614142
2020-02-26 07:00:00+00:00,1035.7232033526327
2020-02-26 08:00:00+00:00,833.337084614912
2020-02-26 09:00:00+00:00,616.154178766349
2020-02-26 10:00:00+00:00,971.5409611712097
2020-02-26 11:00:00+00:00,916.2556406666241
2020-02-26 12:00:00+00:00,984.0192708111811
2020-02-26 13:00:00+00:00,880.592556317945
2020-02-26 14:00:00+00:00,620.828832528755
2020-02-26 15:00:00+00:00,794.0549134824345
2020-02-26 16:00:00+00:00,830.4342754237405
2020-02-26 17:00:00+00:00,1062.470516614142
2020-02-26 18:00:00+00:00,1062.470516614142
2020-02-26 19:00:00+00:00,1062.470516614142
2020-02-26 20:00:00+00:00,1062.470516614142
2020-02-26 21:00:00+00:00,1062.470516614142
2020-02-26 22:00:00+00:00,120.0
2020-02-26 23:00:00+00:00,120.0
2020-02-27 00:00:00+00:00,120.0
2020-02-27 01:00:00+00:00,120.0
2020-02-27 02:00:00+00:00,120.0
2020-02-27 03:00:00+00:00,120.0
2020-02-27 04:00:00+00:00,120.0
2020-02-27 05:00:00+00:00,120.0
2020-02-27 06:00:00+00:00,1053.945315984798
2020-02-27 07:00:00+00:00,1038.0495667067369
2020-02-27 08:00:00+00:00,958.533462503791
2020-02-27 09:00:00+00:00,937.3329038309362
2020-02-27 10:00:00+00:00,912.583352957339
2020-02-27 11:00:00+00:00,863.1029301164643
2020-02-27 12:00:00+00:00,866.6519223172065
2020-02-27 13:00:00+00:00,900.2179169737004
2020-02-27 14:00:00+00:00,811.2316072666687
2020-02-27 15:00:00+00:00,896.1645943023262
2020-02-27 16:00:00+00:00,808.8593861640672
2020-02-27 17:00:00+00:00,1053.945315984798
2020-02-27 18:00:00+00:00,1053.945315984798
2020-02-27 19:00:00+00:00,1053.945315984798
2020-02-27 20:00:00+00:00,1053.945315984798
2020-02-27 21:00:00+00:00,1053.945315984798
2020-02-27 22:00:00+00:00,120.0
2020-02-27 23:00:00+00:00,120.0
2020-02-28 00:00:00+00:00,120.0
2020-02-28 01:00:00+00:00,120.0
2020-02-28 02:00:00+00:00,120.0
2020-02-28 03:00:00+00:00,120.0
2020-02-28 04:00:00+00:00,120.0
2020-02-28 05:00:00+00:00,120.0
2020-02-28 06:00:00+00:00,1045.3212955637905
2020-02-28 07:00:00+00:00,1008.5490272780855
2020-02-28 08:00:00+00:00,658.851603258618
2020-02-28 09:00:00+00:00,465.3669203562292
2020-02-28 10:00:00+00:00,539.4296368531549
2020-02-28 11:00:00+00:00,562.1925407240242
2020-02-28 12:00:00+00:00,562.9142913345639
2020-02-28 13:00:00+00:00,671.7690885446882
2020-02-28 14:00:00+00:00,936.781107594158
2020-02-28 15:00:00+00:00,943.7765365886203
2020-02-28 16:00:00+00:00,992.8000588275899
2020-02-28 17:00:00+00:00,1045.3212955637905
2020-02-28 18:00:00+00:00,1045.3212955637905
2020-02-28 19:00:00+00:00,1045.3212955637905
2020-02-28 20:00:00+00:00,1045.3212955637905
2020-02-28 21:00:00+00:00,1045.3212955637905
2020-02-28 22:00:00+00:00,120.0
2020-02-28 23:00:00+00:00,120.0
2020-02-29 00:00:00+00:00,120.0
2020-02-29 01:00:00+00:00,120.0
2020-02-29 02:00:00+00:00,120.0
2020-02-29 03:00:00+00:00,120.0
2020-02-29 04:00:00+00:00,120.0
2020-02-29 05:00:00+00:00,120.0
2020-02-29 06:00:00+00:00,1036.6010073375096
2020-02-29 07:00:00+00:00,992.970799388244
2020-02-29 08:00:00+00:00,370.23207500314015
2020-02-29 09:00:00+00:00,680.8314923495286
2020-02-29 10:00:00+00:00,527.7774561443113
2020-02-29 11:00:00+00:00,903.0705725885812
2020-02-29 12:00:00+00:00,910.0000762040527
2020-02-29 13:00:00+00:00,572.8375616650231
2020-02-29 14:00:00+00:00,303.32020146750193
2020-02-29 15:00:00+00:00,303.32020146750193
2020-02-29 16:00:00+00:00,645.8539979095292
2020-02-29 17:00:00+00:00,1036.6010073375096
2020-02-29 18:00:00+00:00,1036.6010073375096
2020-02-29 19:00:00+00:00,1036.6010073375096
2020-02-29 20:00:00+00:00,1036.6010073375096
2020-02-29 21:00:00+00:00,1036.6010073375096
2020-02-29 22:00:00+00:00,120.0
2020-02-29 23:00:00+00:00,120.0
2020-03-01 00:00:00+00:00,120.0
2020-03-01 01:00:00+00:00,120.0
2020-03-01 02:00:00+00:00,120.0
2020-03-01 03:00:00+00:00,120.0
2020-03-01 04:00:00+00:00,120.0
2020-03-01 05:00:00+00:00,120.0
2020-03-01 06:00:00+00:00,1027.7870317795368
2020-03-01 07:00:00+00:00,990.0049355168726
2020-03-01 08:00:00+00:00,519.0450234296488
2020-03-01 09:00:00+00:00,301.5574063559074
2020-03-01 10:00:00+00:00,301.5574063559074
2020-03-01 11:00:00+00:00,301.5574063559074
2020-03-01 12:00:00+00:00,695.8819372203026
2020-03-01 13:00:00+00:00,929.8912782724316
2020-03-01 14:00:00+00:00,464.30546541334274
2020-03-01 15:00:00+00:00,521.9862534126145
2020-03-01 16:00:00+00:00,848.7351176313408
2020-03-01 17:00:00+00:00,1027.7870317795368
2020-03-01 18:00:00+00:00,1027.7870317795368
2020-03-01 19:00:00+00:00,1027.7870317795368
2020-03-01 20:00:00+00:00,1027.7870317795368
2020-03-01 21:00:00+00:00,1027.7870317795368
2020-03-01 22:00:00+00:00,120.0
2020-03-01 23:00:00+00:00,120.0
2020-03-02 00:00:00+00:00,120.0
2020-03-02 01:00:00+00:00,120.0
2020-03-02 02:00:00+00:00,120.0
2020-03-02 03:00:00+00:00,120.0
2020-03-02 04:00:00+00:00,120.0
2020-03-02 05:00:00+00:00,120.0
2020-03-02 06:00:00+00:00,1018.8819770870432
2020-03-02 07:00:00+00:00,984.8682830740695
2020-03-02 08:00:00+00:00,921.9465446779765
2020-03-02 09:00:00+00:00,906.6475734279552
2020-03-02 10:00:00+00:00,911.7352454182677
2020-03-02 11:00:00+00:00,806.2963895059574
2020-03-02 12:00:00+00:00,738.2150685613848
2020-03-02 13:00:00+00:00,768.8849216195948
2020-03-02 14:00:00+00:00,723.1318289858642
2020-03-02 15:00:00+00:00,729.6936674185997
2020-03-02 16:00:00+00:00,978.0727353272915
2020-03-02 17:00:00+00:00,1018.8819770870432
2020-03-02 18:00:00+00:00,1018.8819770870432
2020-03-02 19:00:00+00:00,1018.8819770870432
2020-03-02 20:00:00+00:00,1018.8819770870432
2020-03-02 21:00:00+00:00,1018.8819770870432
2020-03-02 22:00:00+00:00,120.0
2020-03-02 23:00:00+00:00,120.0
2020-03-03 00:00:00+00:00,120.0
2020-03-03 01:00:00+00:00,120.0
2020-03-03 02:00:00+00:00,120.0
2020-03-03 03:00:00+00:00,120.0
2020-03-03 04:00:00+00:00,120.0
2020-03-03 05:00:00+00:00,120.0
2020-03-03 06:00:00+00:00,1009.8884784089811
2020-03-03 07:00:00+00:00,758.9755230367848
2020-03-03 08:00:00+00:00,297.97769568179626
2020-03-03 09:00:00+00:00,297.97769568179626
2020-03-03 10:00:00+00:00,297.97769568179626
2020-03-03 11:00:00+00:00,297.97769568179626
2020-03-03 12:00:00+00:00,350.6590936036079
2020-03-03 13:00:00+00:00,317.75101767204376
2020-03-03 14:00:00+00:00,297.97769568179626
2020-03-03 15:00:00+00:00,297.97769568179626
2020-03-03 16:00:00+00:00,566.2968696916722
2020-03-03 17:00:00+00:00,1009.8884784089811
2020-03-03 18:00:00+00:00,1009.8884784089811
2020-03-03 19:00:00+00:00,1009.8884784089811
2020-03-03 20:00:00+00:00,1009.8884784089811
2020-03-03 21:00:00+00:00,1009.8884784089811
2020-03-03 22:00:00+00:00,120.0
2020-03-03 23:00:00+00:00,120.0
2020-03-04 00:00:00+00:00,120.0
2020-03-04 01:00:00+00:00,120.0
2020-03-04 02:00:00+00:00,120.0
2020-03-04 03:00:00+00:00,120.0
2020-03-04 04:00:00+00:00,120.0
2020-03-04 05:00:00+00:00,120.0
2020-03-04 06:00:00+00:00,1000.8091970663006
2020-03-04 07:00:00+00:00,848.9400753081292
2020-03-04 08:00:00+00:00,364.98827007202084
2020-03-04 09:00:00+00:00,296.16183941326017
2020-03-04 10:00:00+00:00,296.16183941326017
2020-03-04 11:00:00+00:00,296.16183941326017
2020-03-04 12:00:00+00:00,461.4368771507808
2020-03-04 13:00:00+00:00,296.16183941326017
2020-03-04 14:00:00+00:00,296.16183941326017
2020-03-04 15:00:00+00:00,296.16183941326017
2020-03-04 16:00:00+00:00,513.5455492492231
2020-03-04 17:00:00+00:00,1000.8091970663006
2020-03-04 18:00:00+00:00,1000.8091970663006
2020-03-04 19:00:00+00:00,1000.8091970663006
2020-03-04 20:00:00+00:00,1000.8091970663006
2020-03-04 21:00:00+00:00,1000.8091970663006
2020-03-04 22:00:00+00:00,120.0
2020-03-04 23:00:00+00:00,120.0
2020-03-05 00:00:00+00:00,120.0
2020-03-05 01:00:00+00:00,120.0
2020-03-05 02:00:00+00:00,120.0
2020-03-05 03:00:00+00:00,120.0
2020-03-05 04:00:00+00:00,120.0
2020-03-05 05:00:00+00:00,120.0
2020-03-05 06:00:00+00:00,991.6468197644227
2020-03-05 07:00:00+00:00,953.712750168275
2020-03-05 08:00:00+00:00,915.7786805721272
2020-03-05 09:00:00+00:00,866.3214400186939
2020-03-05 10:00:00+00:00,805.2887296987892
2020-03-05 11:00:00+00:00,821.780287528732
2020-03-05 12:00:00+00:00,818.4854625500225
2020-03-05 13:00:00+00:00,830.0260664437035
2020-03-05 14:00:00+00:00,864.6653110611417
2020-03-05 15:00:00+00:00,925.6805884446511
2020-03-05 16:00:00+00:00,953.712750168275
2020-03-05 17:00:00+00:00,991.6468197644227
2020-03-05 18:00:00+00:00,991.6468197644227
2020-03-05 19:00:00+00:00,991.6468197644227
2020-03-05 20:00:00+00:00,991.6468197644227
2020-03-05 21:00:00+00:00,991.6468197644227
2020-03-05 22:00:00+00:00,120.0
2020-03-05 23:00:00+00:00,120.0
2020-03-06 00:00:00+00:00,120.0
2020-03-06 01:00:00+00:00,120.0
2020-03-06 02:00:00+00:00,120.0
2020-03-06 03:00:00+00:00,120.0
2020-03-06 04:00:00+00:00,120.0
2020-03-06 05:00:00+00:00,120.0
2020-03-06 06:00:00+00:00,982.4040577981993
2020-03-06 07:00:00+00:00,896.5431098038107
2020-03-06 08:00:00+00:00,910.6175440270774
2020-03-06 09:00:00+00:00,616.658496885983
2020-03-06 10:00:00+00:00,620.7290440387904
2020-03-06 11:00:00+00:00,732.7725792279325
2020-03-06 12:00:00+00:00,775.185610790448
2020-03-06 13:00:00+00:00,487.0736631612255
2020-03-06 14:00:00+00:00,571.572012744293
2020-03-06 15:00:00+00:00,576.3497312244951
2020-03-06 16:00:00+00:00,759.8520666427961
2020-03-06 17:00:00+00:00,982.4040577981993
2020-03-06 18:00:00+00:00,982.4040577981993
2020-03-06 19:00:00+00:00,982.4040577981993
2020-03-06 20:00:00+00:00,982.4040577981993
2020-03-06 21:00:00+00:00,982.4040577981993
2020-03-06 22:00:00+00:00,120.0
2020-03-06 23:00:00+00:00,120.0
2020-03-07 00:00:00+00:00,120.0
2020-03-07 01:00:00+00:00,120.0
2020-03-07 02:00:00+00:00,120.0
2020-03-07 03:00:00+00:00,120.0
2020-03-07 04:00:00+00:00,120.0
2020-03-07 05:00:00+00:00,120.0
2020-03-07 06:00:00+00:00,973.0836462495981
2020-03-07 07:00:00+00:00,714.25806797747
2020-03-07 08:00:00+00:00,305.92104986363745
2020-03-07 09:00:00+00:00,290.6167292499197
2020-03-07 10:00:00+00:00,290.6167292499197
2020-03-07 11:00:00+00:00,290.6167292499197
2020-03-07 12:00:00+00:00,290.6167292499197
2020-03-07 13:00:00+00:00,290.6167292499197
2020-03-07 14:00:00+00:00,290.6167292499197
2020-03-07 15:00:00+00:00,754.301814332426
2020-03-07 16:00:00+00:00,843.602610421834
2020-03-07 17:00:00+00:00,968.2381311389004
2020-03-07 18:00:00+00:00,973.0836462495981
2020-03-07 19:00:00+00:00,973.0836462495981
2020-03-07 20:00:00+00:00,973.0836462495981
2020-03-07 21:00:00+00:00,973.0836462495981
2020-03-07 22:00:00+00:00,120.0
2020-03-07 23:00:00+00:00,120.0
2020-03-08 00:00:00+00:00,120.0
2020-03-08 01:00:00+00:00,120.0
2020-03-08 02:00:00+00:00,120.0
2020-03-08 03:00:00+00:00,120.0
2020-03-08 04:00:00+00:00,120.0
2020-03-08 05:00:00+00:00,120.0
2020-03-08 06:00:00+00:00,963.6883431783474
2020-03-08 07:00:00+00:00,834.9077544756045
2020-03-08 08:00:00+00:00,583.8767248463189
2020-03-08 09:00:00+00:00,890.2537097881041
2020-03-08 10:00:00+00:00,733.8338909628385
2020-03-08 11:00:00+00:00,792.8920749853228
2020-03-08 12:00:00+00:00,660.4836264069129
2020-03-08 13:00:00+00:00,772.1373417431355
2020-03-08 14:00:00+00:00,369.2086628080202
2020-03-08 15:00:00+00:00,656.1470683229762
2020-03-08 16:00:00+00:00,770.8549354615043
2020-03-08 17:00:00+00:00,955.7070514518801
2020-03-08 18:00:00+00:00,963.6883431783474
2020-03-08 19:00:00+00:00,963.6883431783474
2020-03-08 20:00:00+00:00,963.6883431783474
2020-03-08 21:00:00+00:00,963.6883431783474
2020-03-08 22:00:00+00:00,120.0
2020-03-08 23:00:00+00:00,120.0
2020-03-09 00:00:00+00:00,120.0
2020-03-09 01:00:00+00:00,120.0
2020-03-09 02:00:00+00:00,120.0
2020-03-09 03:00:00+00:00,120.0
2020-03-09 04:00:00+00:00,120.0
2020-03-09 05:00:00+00:00,120.0
2020-03-09 06:00:00+00:00,954.2209288057816
2020-03-09 07:00:00+00:00,771.7601272573809
2020-03-09 08:00:00+00:00,624.3866579745516
2020-03-09 09:00:00+00:00,606.6678054467168
2020-03-09 10:00:00+00:00,368.18072631972007
2020-03-09 11:00:00+00:00,294.6691780733545
2020-03-09 12:00:00+00:00,708.0089638780431
2020-03-09 13:00:00+00:00,286.8441857611563
2020-03-09 14:00:00+00:00,437.25421922483866
2020-03-09 15:00:00+00:00,599.6937184819004
2020-03-09 16:00:00+00:00,646.1097709606541
2020-03-09 17:00:00+00:00,921.3859930479861
2020-03-09 18:00:00+00:00,954.2209288057816
2020-03-09 19:00:00+00:00,954.2209288057816
2020-03-09 20:00:00+00:00,954.2209288057816
2020-03-09 21:00:00+00:00,954.2209288057816
2020-03-09 22:00:00+00:00,120.0
2020-03-09 23:00:00+00:00,120.0
2020-03-10 00:00:00+00:00,120.0
2020-03-10 01:00:00+00:00,120.0
2020-03-10 02:00:00+00:00,120.0
2020-03-10 03:00:00+00:00,120.0
2020-03-10 04:00:00+00:00,120.0
2020-03-10 05:00:00+00:00,120.0
2020-03-10 06:00:00+00:00,944.6842046921298
2020-03-10 07:00:00+00:00,927.5142795504398
2020-03-10 08:00:00+00:00,877.5878977983781
2020-03-10 09:00:00+00:00,802.7065720123327
2020-03-10 10:00:00+00:00,799.5727720345027
2020-03-10 11:00:00+00:00,790.220853153294
2020-03-10 12:00:00+00:00,840.1472349053555
2020-03-10 13:00:00+00:00,765.2494154352162
2020-03-10 14:00:00+00:00,841.7141348942706
2020-03-10 15:00:00+00:00,871.3532852109057
2020-03-10 16:00:00+00:00,876.0374914935569
2020-03-10 17:00:00+00:00,939.9999984094785
2020-03-10 18:00:00+00:00,944.6842046921298
2020-03-10 19:00:00+00:00,944.6842046921298
2020-03-10 20:00:00+00:00,944.6842046921298
2020-03-10 21:00:00+00:00,944.6842046921298
2020-03-10 22:00:00+00:00,120.0
2020-03-10 23:00:00+00:00,120.0
2020-03-11 00:00:00+00:00,120.0
2020-03-11 01:00:00+00:00,120.0
2020-03-11 02:00:00+00:00,120.0
2020-03-11 03:00:00+00:00,120.0
2020-03-11 04:00:00+00:00,120.0
2020-03-11 05:00:00+00:00,120.0
2020-03-11 06:00:00+00:00,935.0809929074885
2020-03-11 07:00:00+00:00,619.1392984366877
2020-03-11 08:00:00+00:00,291.36262794887034
2020-03-11 09:00:00+00:00,283.0161985814977
2020-03-11 10:00:00+00:00,283.0161985814977
2020-03-11 11:00:00+00:00,283.0161985814977
2020-03-11 12:00:00+00:00,283.0161985814977
2020-03-11 13:00:00+00:00,489.8511513417019
2020-03-11 14:00:00+00:00,736.1523257784867
2020-03-11 15:00:00+00:00,618.5524401217943
2020-03-11 16:00:00+00:00,501.58831763956977
2020-03-11 17:00:00+00:00,916.5786543684884
2020-03-11 18:00:00+00:00,935.0809929074885
2020-03-11 19:00:00+00:00,935.0809929074885
2020-03-11 20:00:00+00:00,935.0809929074885
2020-03-11 21:00:00+00:00,935.0809929074885
2020-03-11 22:00:00+00:00,120.0
2020-03-11 23:00:00+00:00,120.0
2020-03-12 00:00:00+00:00,120.0
2020-03-12 01:00:00+00:00,120.0
2020-03-12 02:00:00+00:00,120.0
2020-03-12 03:00:00+00:00,120.0
2020-03-12 04:00:00+00:00,120.0
2020-03-12 05:00:00+00:00,120.0
2020-03-12 06:00:00+00:00,925.4141351967252
2020-03-12 07:00:00+00:00,604.2471946456791
2020-03-12 08:00:00+00:00,281.08282703934503
2020-03-12 09:00:00+00:00,281.08282703934503
2020-03-12 10:00:00+00:00,281.08282703934503
2020-03-12 11:00:00+00:00,281.08282703934503
2020-03-12 12:00:00+00:00,281.08282703934503
2020-03-12 13:00:00+00:00,281.08282703934503
2020-03-12 14:00:00+00:00,687.8330735963951
2020-03-12 15:00:00+00:00,281.08282703934503
2020-03-12 16:00:00+00:00,419.066376681248
2020-03-12 17:00:00+00:00,886.2226833780526
2020-03-12 18:00:00+00:00,925.4141351967252
2020-03-12 19:00:00+00:00,925.4141351967252
2020-03-12 20:00:00+00:00,925.4141351967252
2020-03-12 21:00:00+00:00,925.4141351967252
2020-03-12 22:00:00+00:00,120.0
2020-03-12 23:00:00+00:00,120.0
2020-03-13 00:00:00+00:00,120.0
2020-03-13 01:00:00+00:00,120.0
2020-03-13 02:00:00+00:00,120.0
2020-03-13 03:00:00+00:00,120.0
2020-03-13 04:00:00+00:00,120.0
2020-03-13 05:00:00+00:00,120.0
2020-03-13 06:00:00+00:00,915.6864921385618
2020-03-13 07:00:00+00:00,818.7718773960848
2020-03-13 08:00:00+00:00,772.7652844206332
2020-03-13 09:00:00+00:00,684.093981736712
2020-03-13 10:00:00+00:00,279.1372984277123
2020-03-13 11:00:00+00:00,535.8098470617696
2020-03-13 12:00:00+00:00,279.1372984277123
2020-03-13 13:00:00+00:00,769.6621071012929
2020-03-13 14:00:00+00:00,594.3246316936394
2020-03-13 15:00:00+00:00,691.6370896821855
2020-03-13 16:00:00+00:00,747.5261088899981
2020-03-13 17:00:00+00:00,882.2358320090567
2020-03-13 18:00:00+00:00,915.6864921385618
2020-03-13 19:00:00+00:00,915.6864921385618
2020-03-13 20:00:00+00:00,915.6864921385618
2020-03-13 21:00:00+00:00,915.6864921385618
2020-03-13 22:00:00+00:00,120.0
2020-03-13 23:00:00+00:00,120.0
2020-03-14 00:00:00+00:00,120.0
2020-03-14 01:00:00+00:00,120.0
2020-03-14 02:00:00+00:00,120.0
2020-03-14 03:00:00+00:00,120.0
2020-03-14 04:00:00+00:00,120.0
2020-03-14 05:00:00+00:00,120.0
2020-03-14 06:00:00+00:00,905.9009422990815
2020-03-14 07:00:00+00:00,623.6367598629433
2020-03-14 08:00:00+00:00,702.5254964509252
2020-03-14 09:00:00+00:00,514.7894793545206
2020-03-14 10:00:00+00:00,277.18018845981635
2020-03-14 11:00:00+00:00,277.18018845981635
2020-03-14 12:00:00+00:00,277.18018845981635
2020-03-14 13:00:00+00:00,277.18018845981635
2020-03-14 14:00:00+00:00,405.65927450687013
2020-03-14 15:00:00+00:00,754.2377784542045
2020-03-14 16:00:00+00:00,801.879093576375
2020-03-14 17:00:00+00:00,898.4663193849321
2020-03-14 18:00:00+00:00,905.9009422990815
2020-03-14 19:00:00+00:00,905.9009422990815
2020-03-14 20:00:00+00:00,905.9009422990815
2020-03-14 21:00:00+00:00,905.9009422990815
2020-03-14 22:00:00+00:00,120.0
2020-03-14 23:00:00+00:00,120.0
2020-03-15 00:00:00+00:00,120.0
2020-03-15 01:00:00+00:00,120.0
2020-03-15 02:00:00+00:00,120.0
2020-03-15 03:00:00+00:00,120.0
2020-03-15 04:00:00+00:00,120.0
2020-03-15 05:00:00+00:00,120.0
2020-03-15 06:00:00+00:00,896.0603813799163
2020-03-15 07:00:00+00:00,669.3886651864705
2020-03-15 08:00:00+00:00,636.9648624524174
2020-03-15 09:00:00+00:00,419.2954466829785
2020-03-15 10:00:00+00:00,658.197874486972
2020-03-15 11:00:00+00:00,740.4292324979879
2020-03-15 12:00:00+00:00,730.1386718408902
2020-03-15 13:00:00+00:00,760.979311396928
2020-03-15 14:00:00+00:00,759.5047966723063
2020-03-15 15:00:00+00:00,439.4264529759735
2020-03-15 16:00:00+00:00,755.3140706128548
2020-03-15 17:00:00+00:00,872.5612730317324
2020-03-15 18:00:00+00:00,896.0603813799163
2020-03-15 19:00:00+00:00,896.0603813799163
2020-03-15 20:00:00+00:00,896.0603813799163
2020-03-15 21:00:00+00:00,896.0603813799163
2020-03-15 22:00:00+00:00,120.0
2020-03-15 23:00:00+00:00,120.0
2020-03-16 00:00:00+00:00,120.0
2020-03-16 01:00:00+00:00,120.0
2020-03-16 02:00:00+00:00,120.0
2020-03-16 03:00:00+00:00,120.0
2020-03-16 04:00:00+00:00,120.0
2020-03-16 05:00:00+00:00,120.0
2020-03-16 06:00:00+00:00,886.1677213613618
2020-03-16 07:00:00+00:00,786.3054205591219
2020-03-16 08:00:00+00:00,543.7673666849693
2020-03-16 09:00:00+00:00,317.5640086302407
2020-03-16 10:00:00+00:00,273.23354427227235
2020-03-16 11:00:00+00:00,273.23354427227235
2020-03-16 12:00:00+00:00,273.23354427227235
2020-03-16 13:00:00+00:00,691.9288806418293
2020-03-16 14:00:00+00:00,566.0322006677304
2020-03-16 15:00:00+00:00,273.23354427227235
2020-03-16 16:00:00+00:00,430.6043942398959
2020-03-16 17:00:00+00:00,835.8458254223475
2020-03-16 18:00:00+00:00,886.1677213613618
2020-03-16 19:00:00+00:00,886.1677213613618
2020-03-16 20:00:00+00:00,886.1677213613618
2020-03-16 21:00:00+00:00,886.1677213613618
2020-03-16 22:00:00+00:00,120.0
2020-03-16 23:00:00+00:00,120.0
2020-03-17 00:00:00+00:00,120.0
2020-03-17 01:00:00+00:00,120.0
2020-03-17 02:00:00+00:00,120.0
2020-03-17 03:00:00+00:00,120.0
2020-03-17 04:00:00+00:00,120.0
2020-03-17 05:00:00+00:00,120.0
2020-03-17 06:00:00+00:00,876.225889640675
2020-03-17 07:00:00+00:00,538.5407808805279
2020-03-17 08:00:00+00:00,271.245177928135
2020-03-17 09:00:00+00:00,271.245177928135
2020-03-17 10:00:00+00:00,271.245177928135
2020-03-17 11:00:00+00:00,271.245177928135
2020-03-17 12:00:00+00:00,271.245177928135
2020-03-17 13:00:00+00:00,271.245177928135
2020-03-17 14:00:00+00:00,271.245177928135
2020-03-17 15:00:00+00:00,271.245177928135
2020-03-17 16:00:00+00:00,677.5048503608983
2020-03-17 17:00:00+00:00,822.8968399032145
2020-03-17 18:00:00+00:00,876.225889640675
2020-03-17 19:00:00+00:00,876.225889640675
2020-03-17 20:00:00+00:00,876.225889640675
2020-03-17 21:00:00+00:00,876.225889640675
2020-03-17 22:00:00+00:00,120.0
2020-03-17 23:00:00+00:00,120.0
2020-03-18 00:00:00+00:00,120.0
2020-03-18 01:00:00+00:00,120.0
2020-03-18 02:00:00+00:00,120.0
2020-03-18 03:00:00+00:00,120.0
2020-03-18 04:00:00+00:00,120.0
2020-03-18 05:00:00+00:00,120.0
2020-03-18 06:00:00+00:00,854.9397874473799
2020-03-18 07:00:00+00:00,529.5651696105233
2020-03-18 08:00:00+00:00,453.9712776173267
2020-03-18 09:00:00+00:00,555.3551489519336
2020-03-18 10:00:00+00:00,269.2475656331621
2020-03-18 11:00:00+00:00,470.79147826418415
2020-03-18 12:00:00+00:00,599.3981055702799
2020-03-18 13:00:00+00:00,453.43398638104736
2020-03-18 14:00:00+00:00,648.8139745514198
2020-03-18 15:00:00+00:00,612.6662141550678
2020-03-18 16:00:00+00:00,672.3204661386428
2020-03-18 17:00:00+00:00,838.0001887480162
2020-03-18 18:00:00+00:00,866.2378281658104
2020-03-18 19:00:00+00:00,866.2378281658104
2020-03-18 20:00:00+00:00,866.2378281658104
2020-03-18 21:00:00+00:00,866.2378281658104
2020-03-18 22:00:00+00:00,120.0
2020-03-18 23:00:00+00:00,120.0
2020-03-19 00:00:00+00:00,120.0
2020-03-19 01:00:00+00:00,120.0
2020-03-19 02:00:00+00:00,120.0
2020-03-19 03:00:00+00:00,120.0
2020-03-19 04:00:00+00:00,120.0
2020-03-19 05:00:00+00:00,120.0
2020-03-19 06:00:00+00:00,852.0248396870828
2020-03-19 07:00:00+00:00,817.2022725887653
2020-03-19 08:00:00+00:00,780.9956372844259
2020-03-19 09:00:00+00:00,800.4903852075432
2020-03-19 10:00:00+00:00,758.7033046895621
2020-03-19 11:00:00+00:00,744.7742778502352
2020-03-19 12:00:00+00:00,743.3902096442133
2020-03-19 13:00:00+00:00,736.4256962245499
2020-03-19 14:00:00+00:00,729.4611828048863
2020-03-19 15:00:00+00:00,718.3150165074545
2020-03-19 16:00:00+00:00,699.0705787918091
2020-03-19 17:00:00+00:00,772.8531934766587
2020-03-19 18:00:00+00:00,856.206492564851
2020-03-19 19:00:00+00:00,856.206492564851
2020-03-19 20:00:00+00:00,856.206492564851
2020-03-19 21:00:00+00:00,856.206492564851
2020-03-19 22:00:00+00:00,120.0
2020-03-19 23:00:00+00:00,120.0
2020-03-20 00:00:00+00:00,120.0
2020-03-20 01:00:00+00:00,120.0
2020-03-20 02:00:00+00:00,120.0
2020-03-20 03:00:00+00:00,120.0
2020-03-20 04:00:00+00:00,120.0
2020-03-20 05:00:00+00:00,120.0
2020-03-20 06:00:00+00:00,842.0104053161687
2020-03-20 07:00:00+00:00,800.7949911580044
2020-03-20 08:00:00+00:00,645.6780642294101
2020-03-20 09:00:00+00:00,573.0791017992966
2020-03-20 10:00:00+00:00,543.8158672930597
2020-03-20 11:00:00+00:00,552.7037578726214
2020-03-20 12:00:00+00:00,662.0451437770674
2020-03-20 13:00:00+00:00,657.9206978218457
2020-03-20 14:00:00+00:00,653.7962518666242
2020-03-20 15:00:00+00:00,614.2799932604353
2020-03-20 16:00:00+00:00,780.1872840789226
2020-03-20 17:00:00+00:00,805.2389364477854
2020-03-20 18:00:00+00:00,846.1348512713901
2020-03-20 19:00:00+00:00,846.1348512713901
2020-03-20 20:00:00+00:00,846.1348512713901
2020-03-20 21:00:00+00:00,846.1348512713901
2020-03-20 22:00:00+00:00,120.0
2020-03-20 23:00:00+00:00,120.0
2020-03-21 00:00:00+00:00,120.0
2020-03-21 01:00:00+00:00,120.0
2020-03-21 02:00:00+00:00,120.0
2020-03-21 03:00:00+00:00,120.0
2020-03-21 04:00:00+00:00,120.0
2020-03-21 05:00:00+00:00,120.0
2020-03-21 06:00:00+00:00,807.7715032379875
2020-03-21 07:00:00+00:00,432.6312217541904
2020-03-21 08:00:00+00:00,263.20517692922476
2020-03-21 09:00:00+00:00,263.20517692922476
2020-03-21 10:00:00+00:00,263.20517692922476
2020-03-21 11:00:00+00:00,263.20517692922476
2020-03-21 12:00:00+00:00,263.20517692922476
2020-03-21 13:00:00+00:00,263.20517692922476
2020-03-21 14:00:00+00:00,263.20517692922476
2020-03-21 15:00:00+00:00,263.20517692922476
2020-03-21 16:00:00+00:00,333.6048419076316
2020-03-21 17:00:00+00:00,672.7719829468074
2020-03-21 18:00:00+00:00,836.0258846461235
2020-03-21 19:00:00+00:00,836.0258846461235
2020-03-21 20:00:00+00:00,836.0258846461235
2020-03-21 21:00:00+00:00,836.0258846461235
2020-03-21 22:00:00+00:00,120.0
2020-03-21 23:00:00+00:00,120.0
2020-03-22 00:00:00+00:00,120.0
2020-03-22 01:00:00+00:00,120.0
2020-03-22 02:00:00+00:00,120.0
2020-03-22 03:00:00+00:00,120.0
2020-03-22 04:00:00+00:00,120.0
2020-03-22 05:00:00+00:00,120.0
2020-03-22 06:00:00+00:00,794.2872796308247
2020-03-22 07:00:00+00:00,425.9577472500992
2020-03-22 08:00:00+00:00,261.1765168189826
2020-03-22 09:00:00+00:00,261.1765168189826
2020-03-22 10:00:00+00:00,261.1765168189826
2020-03-22 11:00:00+00:00,261.1765168189826
2020-03-22 12:00:00+00:00,261.1765168189826
2020-03-22 13:00:00+00:00,261.1765168189826
2020-03-22 14:00:00+00:00,261.1765168189826
2020-03-22 15:00:00+00:00,261.1765168189826
2020-03-22 16:00:00+00:00,322.8424193655142
2020-03-22 17:00:00+00:00,665.8731199322782
2020-03-22 18:00:00+00:00,825.882584094913
2020-03-22 19:00:00+00:00,825.882584094913
2020-03-22 20:00:00+00:00,825.882584094913
2020-03-22 21:00:00+00:00,825.882584094913
2020-03-22 22:00:00+00:00,120.0
2020-03-22 23:00:00+00:00,120.0
2020-03-23 00:00:00+00:00,120.0
2020-03-23 01:00:00+00:00,120.0
2020-03-23 02:00:00+00:00,120.0
2020-03-23 03:00:00+00:00,120.0
2020-03-23 04:00:00+00:00,120.0
2020-03-23 05:00:00+00:00,120.0
2020-03-23 06:00:00+00:00,779.183283746444
2020-03-23 07:00:00+00:00,422.3546755843847
2020-03-23 08:00:00+00:00,259.14159023671635
2020-03-23 09:00:00+00:00,259.14159023671635
2020-03-23 10:00:00+00:00,259.14159023671635
2020-03-23 11:00:00+00:00,259.14159023671635
2020-03-23 12:00:00+00:00,259.14159023671635
2020-03-23 13:00:00+00:00,259.14159023671635
2020-03-23 14:00:00+00:00,259.14159023671635
2020-03-23 15:00:00+00:00,259.14159023671635
2020-03-23 16:00:00+00:00,330.6603676183884
2020-03-23 17:00:00+00:00,660.1476532989329
2020-03-23 18:00:00+00:00,815.7079511835819
2020-03-23 19:00:00+00:00,815.7079511835819
2020-03-23 20:00:00+00:00,815.7079511835819
2020-03-23 21:00:00+00:00,815.7079511835819
2020-03-23 22:00:00+00:00,120.0
2020-03-23 23:00:00+00:00,120.0
2020-03-24 00:00:00+00:00,120.0
2020-03-24 01:00:00+00:00,120.0
2020-03-24 02:00:00+00:00,120.0
2020-03-24 03:00:00+00:00,120.0
2020-03-24 04:00:00+00:00,120.0
2020-03-24 05:00:00+00:00,120.0
2020-03-24 06:00:00+00:00,767.1715573314591
2020-03-24 07:00:00+00:00,407.5419259366302
2020-03-24 08:00:00+00:00,257.10099934994054
2020-03-24 09:00:00+00:00,257.10099934994054
2020-03-24 10:00:00+00:00,257.10099934994054
2020-03-24 11:00:00+00:00,257.10099934994054
2020-03-24 12:00:00+00:00,257.10099934994054
2020-03-24 13:00:00+00:00,257.10099934994054
2020-03-24 14:00:00+00:00,257.10099934994054
2020-03-24 15:00:00+00:00,257.10099934994054
2020-03-24 16:00:00+00:00,334.9469467808367
2020-03-24 17:00:00+00:00,657.4633376516368
2020-03-24 18:00:00+00:00,805.5049967497025
2020-03-24 19:00:00+00:00,805.5049967497025
2020-03-24 20:00:00+00:00,805.5049967497025
2020-03-24 21:00:00+00:00,805.5049967497025
2020-03-24 22:00:00+00:00,120.0
2020-03-24 23:00:00+00:00,120.0
2020-03-25 00:00:00+00:00,120.0
2020-03-25 01:00:00+00:00,120.0
2020-03-25 02:00:00+00:00,120.0
2020-03-25 03:00:00+00:00,120.0
2020-03-25 04:00:00+00:00,120.0
2020-03-25 05:00:00+00:00,120.0
2020-03-25 06:00:00+00:00,752.4641946949038
2020-03-25 07:00:00+00:00,396.24220880396246
2020-03-25 08:00:00+00:00,255.05534800232837
2020-03-25 09:00:00+00:00,255.05534800232837
2020-03-25 10:00:00+00:00,255.05534800232837
2020-03-25 11:00:00+00:00,255.05534800232837
2020-03-25 12:00:00+00:00,255.05534800232837
2020-03-25 13:00:00+00:00,255.05534800232837
2020-03-25 14:00:00+00:00,255.05534800232837
2020-03-25 15:00:00+00:00,255.05534800232837
2020-03-25 16:00:00+00:00,315.16848339816477
2020-03-25 17:00:00+00:00,635.2631636984831
2020-03-25 18:00:00+00:00,795.2767400116419
2020-03-25 19:00:00+00:00,795.2767400116419
2020-03-25 20:00:00+00:00,795.2767400116419
2020-03-25 21:00:00+00:00,795.2767400116419
2020-03-25 22:00:00+00:00,120.0
2020-03-25 23:00:00+00:00,120.0
2020-03-26 00:00:00+00:00,120.0
2020-03-26 01:00:00+00:00,120.0
2020-03-26 02:00:00+00:00,120.0
2020-03-26 03:00:00+00:00,120.0
2020-03-26 04:00:00+00:00,120.0
2020-03-26 05:00:00+00:00,120.0
2020-03-26 06:00:00+00:00,739.2192024904631
2020-03-26 07:00:00+00:00,399.0449967404827
2020-03-26 08:00:00+00:00,253.00524153502516
2020-03-26 09:00:00+00:00,253.00524153502516
2020-03-26 10:00:00+00:00,253.00524153502516
2020-03-26 11:00:00+00:00,253.00524153502516
2020-03-26 12:00:00+00:00,253.00524153502516
2020-03-26 13:00:00+00:00,253.00524153502516
2020-03-26 14:00:00+00:00,253.00524153502516
2020-03-26 15:00:00+00:00,253.00524153502516
2020-03-26 16:00:00+00:00,328.4591150578449
2020-03-26 17:00:00+00:00,629.0243598786947
2020-03-26 18:00:00+00:00,785.0262076751256
2020-03-26 19:00:00+00:00,785.0262076751256
2020-03-26 20:00:00+00:00,785.0262076751256
2020-03-26 21:00:00+00:00,785.0262076751256
2020-03-26 22:00:00+00:00,120.0
2020-03-26 23:00:00+00:00,120.0
2020-03-27 00:00:00+00:00,120.0
2020-03-27 01:00:00+00:00,120.0
2020-03-27 02:00:00+00:00,120.0
2020-03-27 03:00:00+00:00,120.0
2020-03-27 04:00:00+00:00,120.0
2020-03-27 05:00:00+00:00,120.0
2020-03-27 06:00:00+00:00,728.7270557950446
2020-03-27 07:00:00+00:00,401.97740545196723
2020-03-27 08:00:00+00:00,250.95128660751743
2020-03-27 09:00:00+00:00,250.95128660751743
2020-03-27 10:00:00+00:00,250.95128660751743
2020-03-27 11:00:00+00:00,250.95128660751743
2020-03-27 12:00:00+00:00,250.95128660751743
2020-03-27 13:00:00+00:00,250.95128660751743
2020-03-27 14:00:00+00:00,250.95128660751743
2020-03-27 15:00:00+00:00,250.95128660751743
2020-03-27 16:00:00+00:00,346.3231086437723
2020-03-27 17:00:00+00:00,633.6302314606656
2020-03-27 18:00:00+00:00,774.7564330375872
2020-03-27 19:00:00+00:00,774.7564330375872
2020-03-27 20:00:00+00:00,774.7564330375872
2020-03-27 21:00:00+00:00,774.7564330375872
2020-03-27 22:00:00+00:00,120.0
2020-03-27 23:00:00+00:00,120.0
2020-03-28 00:00:00+00:00,120.0
2020-03-28 01:00:00+00:00,120.0
2020-03-28 02:00:00+00:00,120.0
2020-03-28 03:00:00+00:00,120.0
2020-03-28 04:00:00+00:00,120.0
2020-03-28 05:00:00+00:00,120.0
2020-03-28 06:00:00+00:00,715.7742675039234
2020-03-28 07:00:00+00:00,415.28347311339576
2020-03-28 08:00:00+00:00,248.8940910181133
2020-03-28 09:00:00+00:00,248.8940910181133
2020-03-28 10:00:00+00:00,248.8940910181133
2020-03-28 11:00:00+00:00,248.8940910181133
2020-03-28 12:00:00+00:00,248.8940910181133
2020-03-28 13:00:00+00:00,248.8940910181133
2020-03-28 14:00:00+00:00,248.8940910181133
2020-03-28 15:00:00+00:00,248.8940910181133
2020-03-28 16:00:00+00:00,523.5931777959165
2020-03-28 17:00:00+00:00,613.8319309176975
2020-03-28 18:00:00+00:00,764.4704550905667
2020-03-28 19:00:00+00:00,764.4704550905667
2020-03-28 20:00:00+00:00,764.4704550905667
2020-03-28 21:00:00+00:00,764.4704550905667
2020-03-28 22:00:00+00:00,120.0
2020-03-28 23:00:00+00:00,120.0
2020-03-29 00:00:00+00:00,120.0
2020-03-29 01:00:00+00:00,120.0
2020-03-29 02:00:00+00:00,120.0
2020-03-29 03:00:00+00:00,120.0
2020-03-29 04:00:00+00:00,120.0
2020-03-29 05:00:00+00:00,120.0
2020-03-29 06:00:00+00:00,708.1051131084763
2020-03-29 07:00:00+00:00,370.18058480125717
2020-03-29 08:00:00+00:00,246.83426352408478
2020-03-29 09:00:00+00:00,246.83426352408478
2020-03-29 10:00:00+00:00,246.83426352408478
2020-03-29 11:00:00+00:00,246.83426352408478
2020-03-29 12:00:00+00:00,246.83426352408478
2020-03-29 13:00:00+00:00,246.83426352408478
2020-03-29 14:00:00+00:00,246.83426352408478
2020-03-29 15:00:00+00:00,246.83426352408478
2020-03-29 16:00:00+00:00,284.630874054262
2020-03-29 17:00:00+00:00,581.537201537792
2020-03-29 18:00:00+00:00,754.1713176204239
2020-03-29 19:00:00+00:00,754.1713176204239
2020-03-29 20:00:00+00:00,754.1713176204239
2020-03-29 21:00:00+00:00,754.1713176204239
2020-03-29 22:00:00+00:00,120.0
2020-03-29 23:00:00+00:00,120.0
2020-03-30 00:00:00+00:00,120.0
2020-03-30 01:00:00+00:00,120.0
2020-03-30 02:00:00+00:00,120.0
2020-03-30 03:00:00+00:00,120.0
2020-03-30 04:00:00+00:00,120.0
2020-03-30 05:00:00+00:00,120.0
2020-03-30 06:00:00+00:00,644.0690918611446
2020-03-30 07:00:00+00:00,360.61112250488804
2020-03-30 08:00:00+00:00,341.98260114522213
2020-03-30 09:00:00+00:00,442.34953069455423
2020-03-30 10:00:00+00:00,352.3387114791288
2020-03-30 11:00:00+00:00,244.77241366152668
2020-03-30 12:00:00+00:00,244.77241366152668
2020-03-30 13:00:00+00:00,244.77241366152668
2020-03-30 14:00:00+00:00,244.77241366152668
2020-03-30 15:00:00+00:00,244.77241366152668
2020-03-30 16:00:00+00:00,618.615519474193
2020-03-30 17:00:00+00:00,632.4652573906224
2020-03-30 18:00:00+00:00,743.8620683076334
2020-03-30 19:00:00+00:00,743.8620683076334
2020-03-30 20:00:00+00:00,743.8620683076334
2020-03-30 21:00:00+00:00,743.8620683076334
2020-03-30 22:00:00+00:00,120.0
2020-03-30 23:00:00+00:00,120.0
2020-03-31 00:00:00+00:00,120.0
2020-03-31 01:00:00+00:00,120.0
2020-03-31 02:00:00+00:00,120.0
2020-03-31 03:00:00+00:00,120.0
2020-03-31 04:00:00+00:00,120.0
2020-03-31 05:00:00+00:00,120.0
2020-03-31 06:00:00+00:00,623.9542145622389
2020-03-31 07:00:00+00:00,323.1940840764594
2020-03-31 08:00:00+00:00,242.70915156498546
2020-03-31 09:00:00+00:00,242.70915156498546
2020-03-31 10:00:00+00:00,242.70915156498546
2020-03-31 11:00:00+00:00,242.70915156498546
2020-03-31 12:00:00+00:00,242.70915156498546
2020-03-31 13:00:00+00:00,242.70915156498546
2020-03-31 14:00:00+00:00,242.70915156498546
2020-03-31 15:00:00+00:00,242.70915156498546
2020-03-31 16:00:00+00:00,268.7357626119188
2020-03-31 17:00:00+00:00,561.4216309247222
2020-03-31 18:00:00+00:00,733.5457578249274
2020-03-31 19:00:00+00:00,733.5457578249274
2020-03-31 20:00:00+00:00,733.5457578249274
2020-03-31 21:00:00+00:00,733.5457578249274
2020-03-31 22:00:00+00:00,120.0
2020-03-31 23:00:00+00:00,120.0
2020-04-01 00:00:00+00:00,120.0
2020-04-01 01:00:00+00:00,120.0
2020-04-01 02:00:00+00:00,120.0
2020-04-01 03:00:00+00:00,120.0
2020-04-01 04:00:00+00:00,120.0
2020-04-01 05:00:00+00:00,120.0
2020-04-01 06:00:00+00:00,619.9049857538405
2020-04-01 07:00:00+00:00,331.2133551885435
2020-04-01 08:00:00+00:00,240.64508778691007
2020-04-01 09:00:00+00:00,240.64508778691007
2020-04-01 10:00:00+00:00,240.64508778691007
2020-04-01 11:00:00+00:00,260.88933351755355
2020-04-01 12:00:00+00:00,368.1428165601166
2020-04-01 13:00:00+00:00,376.88958542466764
2020-04-01 14:00:00+00:00,536.0566497419381
2020-04-01 15:00:00+00:00,583.9889431196775
2020-04-01 16:00:00+00:00,478.1470076042213
2020-04-01 17:00:00+00:00,607.3217030976659
2020-04-01 18:00:00+00:00,723.2254389345505
2020-04-01 19:00:00+00:00,723.2254389345505
2020-04-01 20:00:00+00:00,723.2254389345505
2020-04-01 21:00:00+00:00,723.2254389345505
2020-04-01 22:00:00+00:00,120.0
2020-04-01 23:00:00+00:00,120.0
2020-04-02 00:00:00+00:00,120.0
2020-04-02 01:00:00+00:00,120.0
2020-04-02 02:00:00+00:00,120.0
2020-04-02 03:00:00+00:00,120.0
2020-04-02 04:00:00+00:00,120.0
2020-04-02 05:00:00+00:00,120.0
2020-04-02 06:00:00+00:00,600.3235226236395
2020-04-02 07:00:00+00:00,370.6680231259841
2020-04-02 08:00:00+00:00,238.5808331169801
2020-04-02 09:00:00+00:00,238.5808331169801
2020-04-02 10:00:00+00:00,238.5808331169801
2020-04-02 11:00:00+00:00,238.5808331169801
2020-04-02 12:00:00+00:00,266.8030713988214
2020-04-02 13:00:00+00:00,390.4354480065848
2020-04-02 14:00:00+00:00,360.23290981169
2020-04-02 15:00:00+00:00,357.3395374836356
2020-04-02 16:00:00+00:00,569.8245323459522
2020-04-02 17:00:00+00:00,645.9652852903653
2020-04-02 18:00:00+00:00,712.9041655849005
2020-04-02 19:00:00+00:00,712.9041655849005
2020-04-02 20:00:00+00:00,712.9041655849005
2020-04-02 21:00:00+00:00,712.9041655849005
2020-04-02 22:00:00+00:00,120.0
2020-04-02 23:00:00+00:00,120.0
2020-04-03 00:00:00+00:00,120.0
2020-04-03 01:00:00+00:00,120.0
2020-04-03 02:00:00+00:00,120.0
2020-04-03 03:00:00+00:00,120.0
2020-04-03 04:00:00+00:00,120.0
2020-04-03 05:00:00+00:00,120.0
2020-04-03 06:00:00+00:00,638.1277884911808
2020-04-03 07:00:00+00:00,478.8140965769972
2020-04-03 08:00:00+00:00,290.89548155527905
2020-04-03 09:00:00+00:00,236.51699840136294
2020-04-03 10:00:00+00:00,236.51699840136294
2020-04-03 11:00:00+00:00,467.8148919279086
2020-04-03 12:00:00+00:00,236.51699840136294
2020-04-03 13:00:00+00:00,236.51699840136294
2020-04-03 14:00:00+00:00,236.51699840136294
2020-04-03 15:00:00+00:00,236.51699840136294
2020-04-03 16:00:00+00:00,268.45430766317656
2020-04-03 17:00:00+00:00,536.233673389189
2020-04-03 18:00:00+00:00,702.5849920068148
2020-04-03 19:00:00+00:00,702.5849920068148
2020-04-03 20:00:00+00:00,702.5849920068148
2020-04-03 21:00:00+00:00,702.5849920068148
2020-04-03 22:00:00+00:00,120.0
2020-04-03 23:00:00+00:00,120.0
2020-04-04 00:00:00+00:00,120.0
2020-04-04 01:00:00+00:00,120.0
2020-04-04 02:00:00+00:00,120.0
2020-04-04 03:00:00+00:00,120.0
2020-04-04 04:00:00+00:00,120.0
2020-04-04 05:00:00+00:00,120.0
2020-04-04 06:00:00+00:00,570.3543639754205
2020-04-04 07:00:00+00:00,305.2097773165155
2020-04-04 08:00:00+00:00,234.45419436195502
2020-04-04 09:00:00+00:00,234.45419436195502
2020-04-04 10:00:00+00:00,234.45419436195502
2020-04-04 11:00:00+00:00,234.45419436195502
2020-04-04 12:00:00+00:00,234.45419436195502
2020-04-04 13:00:00+00:00,234.45419436195502
2020-04-04 14:00:00+00:00,234.45419436195502
2020-04-04 15:00:00+00:00,234.45419436195502
2020-04-04 16:00:00+00:00,271.7777071433885
2020-04-04 17:00:00+00:00,529.0936269079357
2020-04-04 18:00:00+00:00,692.270971809775
2020-04-04 19:00:00+00:00,692.270971809775
2020-04-04 20:00:00+00:00,692.270971809775
2020-04-04 21:00:00+00:00,692.270971809775
2020-04-04 22:00:00+00:00,120.0
2020-04-04 23:00:00+00:00,120.0
2020-04-05 00:00:00+00:00,120.0
2020-04-05 01:00:00+00:00,120.0
2020-04-05 02:00:00+00:00,120.0
2020-04-05 03:00:00+00:00,120.0
2020-04-05 04:00:00+00:00,120.0
2020-04-05 05:00:00+00:00,120.0
2020-04-05 06:00:00+00:00,557.9956434268222
2020-04-05 07:00:00+00:00,299.88504678076185
2020-04-05 08:00:00+00:00,232.39303141565878
2020-04-05 09:00:00+00:00,232.39303141565878
2020-04-05 10:00:00+00:00,232.39303141565878
2020-04-05 11:00:00+00:00,232.39303141565878
2020-04-05 12:00:00+00:00,232.39303141565878
2020-04-05 13:00:00+00:00,232.39303141565878
2020-04-05 14:00:00+00:00,232.39303141565878
2020-04-05 15:00:00+00:00,232.39303141565878
2020-04-05 16:00:00+00:00,253.8039039003417
2020-04-05 17:00:00+00:00,516.938469050682
2020-04-05 18:00:00+00:00,681.9651570782937
2020-04-05 19:00:00+00:00,681.9651570782937
2020-04-05 20:00:00+00:00,681.9651570782937
2020-04-05 21:00:00+00:00,681.9651570782937
2020-04-05 22:00:00+00:00,120.0
2020-04-05 23:00:00+00:00,120.0
2020-04-06 00:00:00+00:00,120.0
2020-04-06 01:00:00+00:00,120.0
2020-04-06 02:00:00+00:00,120.0
2020-04-06 03:00:00+00:00,120.0
2020-04-06 04:00:00+00:00,120.0
2020-04-06 05:00:00+00:00,120.0
2020-04-06 06:00:00+00:00,553.1496863085677
2020-04-06 07:00:00+00:00,305.6702562840842
2020-04-06 08:00:00+00:00,230.334119493751
2020-04-06 09:00:00+00:00,230.334119493751
2020-04-06 10:00:00+00:00,230.334119493751
2020-04-06 11:00:00+00:00,230.334119493751
2020-04-06 12:00:00+00:00,230.334119493751
2020-04-06 13:00:00+00:00,230.334119493751
2020-04-06 14:00:00+00:00,396.7952055739732
2020-04-06 15:00:00+00:00,546.4193050194489
2020-04-06 16:00:00+00:00,512.0391933851961
2020-04-06 17:00:00+00:00,650.7953820605375
2020-04-06 18:00:00+00:00,671.6705974687551
2020-04-06 19:00:00+00:00,671.6705974687551
2020-04-06 20:00:00+00:00,671.6705974687551
2020-04-06 21:00:00+00:00,671.6705974687551
2020-04-06 22:00:00+00:00,120.0
2020-04-06 23:00:00+00:00,120.0
2020-04-07 00:00:00+00:00,120.0
2020-04-07 01:00:00+00:00,120.0
2020-04-07 02:00:00+00:00,120.0
2020-04-07 03:00:00+00:00,120.0
2020-04-07 04:00:00+00:00,120.0
2020-04-07 05:00:00+00:00,120.0
2020-04-07 06:00:00+00:00,533.9578812408957
2020-04-07 07:00:00+00:00,285.7304106686497
2020-04-07 08:00:00+00:00,228.27806786139408
2020-04-07 09:00:00+00:00,228.27806786139408
2020-04-07 10:00:00+00:00,228.27806786139408
2020-04-07 11:00:00+00:00,228.27806786139408
2020-04-07 12:00:00+00:00,228.27806786139408
2020-04-07 13:00:00+00:00,228.27806786139408
2020-04-07 14:00:00+00:00,228.27806786139408
2020-04-07 15:00:00+00:00,228.27806786139408
2020-04-07 16:00:00+00:00,249.50056916222726
2020-04-07 17:00:00+00:00,521.9714991286394
2020-04-07 18:00:00+00:00,661.3903393069703
2020-04-07 19:00:00+00:00,661.3903393069703
2020-04-07 20:00:00+00:00,661.3903393069703
2020-04-07 21:00:00+00:00,661.3903393069703
2020-04-07 22:00:00+00:00,120.0
2020-04-07 23:00:00+00:00,120.0
2020-04-08 00:00:00+00:00,120.0
2020-04-08 01:00:00+00:00,120.0
2020-04-08 02:00:00+00:00,120.0
2020-04-08 03:00:00+00:00,120.0
2020-04-08 04:00:00+00:00,120.0
2020-04-08 05:00:00+00:00,120.0
2020-04-08 06:00:00+00:00,533.6420383460204
2020-04-08 07:00:00+00:00,320.32001949484464
2020-04-08 08:00:00+00:00,226.22548493734476
2020-04-08 09:00:00+00:00,226.22548493734476
2020-04-08 10:00:00+00:00,226.22548493734476
2020-04-08 11:00:00+00:00,226.22548493734476
2020-04-08 12:00:00+00:00,226.22548493734476
2020-04-08 13:00:00+00:00,226.22548493734476
2020-04-08 14:00:00+00:00,226.22548493734476
2020-04-08 15:00:00+00:00,226.22548493734476
2020-04-08 16:00:00+00:00,275.94963443651585
2020-04-08 17:00:00+00:00,503.5589810117645
2020-04-08 18:00:00+00:00,651.1274246867239
2020-04-08 19:00:00+00:00,651.1274246867239
2020-04-08 20:00:00+00:00,651.1274246867239
2020-04-08 21:00:00+00:00,651.1274246867239
2020-04-08 22:00:00+00:00,120.0
2020-04-08 23:00:00+00:00,120.0
2020-04-09 00:00:00+00:00,120.0
2020-04-09 01:00:00+00:00,120.0
2020-04-09 02:00:00+00:00,120.0
2020-04-09 03:00:00+00:00,120.0
2020-04-09 04:00:00+00:00,120.0
2020-04-09 05:00:00+00:00,120.0
2020-04-09 06:00:00+00:00,560.4185926743789
2020-04-09 07:00:00+00:00,489.21362813351925
2020-04-09 08:00:00+00:00,395.38142394631774
2020-04-09 09:00:00+00:00,224.17697811391307
2020-04-09 10:00:00+00:00,224.17697811391307
2020-04-09 11:00:00+00:00,224.17697811391307
2020-04-09 12:00:00+00:00,224.17697811391307
2020-04-09 13:00:00+00:00,224.17697811391307
2020-04-09 14:00:00+00:00,224.17697811391307
2020-04-09 15:00:00+00:00,224.17697811391307
2020-04-09 16:00:00+00:00,256.7739545657564
2020-04-09 17:00:00+00:00,489.4844882766154
2020-04-09 18:00:00+00:00,640.8848905695653
2020-04-09 19:00:00+00:00,640.8848905695653
2020-04-09 20:00:00+00:00,640.8848905695653
2020-04-09 21:00:00+00:00,640.8848905695653
2020-04-09 22:00:00+00:00,120.0
2020-04-09 23:00:00+00:00,120.0
2020-04-10 00:00:00+00:00,120.0
2020-04-10 01:00:00+00:00,120.0
2020-04-10 02:00:00+00:00,120.0
2020-04-10 03:00:00+00:00,120.0
2020-04-10 04:00:00+00:00,120.0
2020-04-10 05:00:00+00:00,120.0
2020-04-10 06:00:00+00:00,505.2156153472211
2020-04-10 07:00:00+00:00,266.15254276900953
2020-04-10 08:00:00+00:00,222.1331535772254
2020-04-10 09:00:00+00:00,222.1331535772254
2020-04-10 10:00:00+00:00,222.1331535772254
2020-04-10 11:00:00+00:00,222.1331535772254
2020-04-10 12:00:00+00:00,222.1331535772254
2020-04-10 13:00:00+00:00,222.1331535772254
2020-04-10 14:00:00+00:00,222.1331535772254
2020-04-10 15:00:00+00:00,222.1331535772254
2020-04-10 16:00:00+00:00,254.17232385440101
2020-04-10 17:00:00+00:00,486.81122107260506
2020-04-10 18:00:00+00:00,630.6657678861271
2020-04-10 19:00:00+00:00,630.6657678861271
2020-04-10 20:00:00+00:00,630.6657678861271
2020-04-10 21:00:00+00:00,630.6657678861271
2020-04-10 22:00:00+00:00,120.0
2020-04-10 23:00:00+00:00,120.0
2020-04-11 00:00:00+00:00,120.0
2020-04-11 01:00:00+00:00,120.0
2020-04-11 02:00:00+00:00,120.0
2020-04-11 03:00:00+00:00,120.0
2020-04-11 04:00:00+00:00,120.0
2020-04-11 05:00:00+00:00,120.0
2020-04-11 06:00:00+00:00,487.9478088859554
2020-04-11 07:00:00+00:00,256.3889239358005
2020-04-11 08:00:00+00:00,220.09461612784423
2020-04-11 09:00:00+00:00,220.09461612784423
2020-04-11 10:00:00+00:00,220.09461612784423
2020-04-11 11:00:00+00:00,220.09461612784423
2020-04-11 12:00:00+00:00,220.09461612784423
2020-04-11 13:00:00+00:00,220.09461612784423
2020-04-11 14:00:00+00:00,220.09461612784423
2020-04-11 15:00:00+00:00,220.09461612784423
2020-04-11 16:00:00+00:00,236.10975470829925
2020-04-11 17:00:00+00:00,463.84502532237053
2020-04-11 18:00:00+00:00,615.0379429834792
2020-04-11 19:00:00+00:00,620.4730806392212
2020-04-11 20:00:00+00:00,620.4730806392212
2020-04-11 21:00:00+00:00,620.4730806392212
2020-04-11 22:00:00+00:00,120.0
2020-04-11 23:00:00+00:00,120.0
2020-04-12 00:00:00+00:00,120.0
2020-04-12 01:00:00+00:00,120.0
2020-04-12 02:00:00+00:00,120.0
2020-04-12 03:00:00+00:00,120.0
2020-04-12 04:00:00+00:00,120.0
2020-04-12 05:00:00+00:00,120.0
2020-04-12 06:00:00+00:00,485.7907567705055
2020-04-12 07:00:00+00:00,281.0667840854526
2020-04-12 08:00:00+00:00,218.06196900179765
2020-04-12 09:00:00+00:00,218.06196900179765
2020-04-12 10:00:00+00:00,218.06196900179765
2020-04-12 11:00:00+00:00,218.06196900179765
2020-04-12 12:00:00+00:00,218.06196900179765
2020-04-12 13:00:00+00:00,218.06196900179765
2020-04-12 14:00:00+00:00,397.7605271975917
2020-04-12 15:00:00+00:00,277.5659717920884
2020-04-12 16:00:00+00:00,270.0250063758502
2020-04-12 17:00:00+00:00,461.9715044999688
2020-04-12 18:00:00+00:00,601.4352368143253
2020-04-12 19:00:00+00:00,610.3098450089881
2020-04-12 20:00:00+00:00,610.3098450089881
2020-04-12 21:00:00+00:00,610.3098450089881
2020-04-12 22:00:00+00:00,120.0
2020-04-12 23:00:00+00:00,120.0
2020-04-13 00:00:00+00:00,120.0
2020-04-13 01:00:00+00:00,120.0
2020-04-13 02:00:00+00:00,120.0
2020-04-13 03:00:00+00:00,120.0
2020-04-13 04:00:00+00:00,120.0
2020-04-13 05:00:00+00:00,120.0
2020-04-13 06:00:00+00:00,572.9241045345517
2020-04-13 07:00:00+00:00,388.5641529898804
2020-04-13 08:00:00+00:00,216.03581369207237
2020-04-13 09:00:00+00:00,216.03581369207237
2020-04-13 10:00:00+00:00,216.03581369207237
2020-04-13 11:00:00+00:00,216.03581369207237
2020-04-13 12:00:00+00:00,216.03581369207237
2020-04-13 13:00:00+00:00,216.03581369207237
2020-04-13 14:00:00+00:00,216.03581369207237
2020-04-13 15:00:00+00:00,216.03581369207237
2020-04-13 16:00:00+00:00,219.08014898611108
2020-04-13 17:00:00+00:00,449.8061913813149
2020-04-13 18:00:00+00:00,594.9643237768822
2020-04-13 19:00:00+00:00,600.1790684603618
2020-04-13 20:00:00+00:00,600.1790684603618
2020-04-13 21:00:00+00:00,600.1790684603618
2020-04-13 22:00:00+00:00,120.0
2020-04-13 23:00:00+00:00,120.0
2020-04-14 00:00:00+00:00,120.0
2020-04-14 01:00:00+00:00,120.0
2020-04-14 02:00:00+00:00,120.0
2020-04-14 03:00:00+00:00,120.0
2020-04-14 04:00:00+00:00,120.0
2020-04-14 05:00:00+00:00,120.0
2020-04-14 06:00:00+00:00,500.67381982124965
2020-04-14 07:00:00+00:00,390.3451639654244
2020-04-14 08:00:00+00:00,485.13285108416574
2020-04-14 09:00:00+00:00,214.01674977062228
2020-04-14 10:00:00+00:00,350.1812084634145
2020-04-14 11:00:00+00:00,214.01674977062228
2020-04-14 12:00:00+00:00,214.01674977062228
2020-04-14 13:00:00+00:00,214.01674977062228
2020-04-14 14:00:00+00:00,216.61161206429142
2020-04-14 15:00:00+00:00,297.66345204154493
2020-04-14 16:00:00+00:00,305.64547409707075
2020-04-14 17:00:00+00:00,434.8714966567911
2020-04-14 18:00:00+00:00,578.1718266571736
2020-04-14 19:00:00+00:00,590.0837488531114
2020-04-14 20:00:00+00:00,590.0837488531114
2020-04-14 21:00:00+00:00,590.0837488531114
2020-04-14 22:00:00+00:00,120.0
2020-04-14 23:00:00+00:00,120.0
2020-04-15 00:00:00+00:00,120.0
2020-04-15 01:00:00+00:00,120.0
2020-04-15 02:00:00+00:00,120.0
2020-04-15 03:00:00+00:00,120.0
2020-04-15 04:00:00+00:00,120.0
2020-04-15 05:00:00+00:00,120.0
2020-04-15 06:00:00+00:00,440.1235007692634
2020-04-15 07:00:00+00:00,231.36330555012825
2020-04-15 08:00:00+00:00,212.00537471094538
2020-04-15 09:00:00+00:00,212.00537471094538
2020-04-15 10:00:00+00:00,212.00537471094538
2020-04-15 11:00:00+00:00,212.00537471094538
2020-04-15 12:00:00+00:00,212.00537471094538
2020-04-15 13:00:00+00:00,212.00537471094538
2020-04-15 14:00:00+00:00,212.00537471094538
2020-04-15 15:00:00+00:00,212.00537471094538
2020-04-15 16:00:00+00:00,250.33481381552528
2020-04-15 17:00:00+00:00,447.75074633280065
2020-04-15 18:00:00+00:00,575.0309817079225
2020-04-15 19:00:00+00:00,580.0268735547269
2020-04-15 20:00:00+00:00,580.0268735547269
2020-04-15 21:00:00+00:00,580.0268735547269
2020-04-15 22:00:00+00:00,120.0
2020-04-15 23:00:00+00:00,120.0
2020-04-16 00:00:00+00:00,120.0
2020-04-16 01:00:00+00:00,120.0
2020-04-16 02:00:00+00:00,120.0
2020-04-16 03:00:00+00:00,120.0
2020-04-16 04:00:00+00:00,120.0
2020-04-16 05:00:00+00:00,120.0
2020-04-16 06:00:00+00:00,430.0668676137367
2020-04-16 07:00:00+00:00,236.63395946145002
2020-04-16 08:00:00+00:00,210.00228371128173
2020-04-16 09:00:00+00:00,210.00228371128173
2020-04-16 10:00:00+00:00,210.00228371128173
2020-04-16 11:00:00+00:00,210.00228371128173
2020-04-16 12:00:00+00:00,210.00228371128173
2020-04-16 13:00:00+00:00,210.00228371128173
2020-04-16 14:00:00+00:00,210.00228371128173
2020-04-16 15:00:00+00:00,210.00228371128173
2020-04-16 16:00:00+00:00,329.44431442452367
2020-04-16 17:00:00+00:00,450.63238944176464
2020-04-16 18:00:00+00:00,556.9790878750152
2020-04-16 19:00:00+00:00,570.0114185564087
2020-04-16 20:00:00+00:00,570.0114185564087
2020-04-16 21:00:00+00:00,570.0114185564087
2020-04-16 22:00:00+00:00,120.0
2020-04-16 23:00:00+00:00,120.0
2020-04-17 00:00:00+00:00,120.0
2020-04-17 01:00:00+00:00,120.0
2020-04-17 02:00:00+00:00,120.0
2020-04-17 03:00:00+00:00,120.0
2020-04-17 04:00:00+00:00,120.0
2020-04-17 05:00:00+00:00,120.0
2020-04-17 06:00:00+00:00,460.44161531835465
2020-04-17 07:00:00+00:00,220.45241054839852
2020-04-17 08:00:00+00:00,208.00806951848477
2020-04-17 09:00:00+00:00,208.00806951848477
2020-04-17 10:00:00+00:00,208.00806951848477
2020-04-17 11:00:00+00:00,208.00806951848477
2020-04-17 12:00:00+00:00,208.00806951848477
2020-04-17 13:00:00+00:00,208.00806951848477
2020-04-17 14:00:00+00:00,208.00806951848477
2020-04-17 15:00:00+00:00,208.00806951848477
2020-04-17 16:00:00+00:00,221.38529608529444
2020-04-17 17:00:00+00:00,413.1724811799765
2020-04-17 18:00:00+00:00,546.495905693529
2020-04-17 19:00:00+00:00,560.0403475924239
2020-04-17 20:00:00+00:00,560.0403475924239
2020-04-17 21:00:00+00:00,560.0403475924239
2020-04-17 22:00:00+00:00,120.0
2020-04-17 23:00:00+00:00,120.0
2020-04-18 00:00:00+00:00,120.0
2020-04-18 01:00:00+00:00,120.0
2020-04-18 02:00:00+00:00,120.0
2020-04-18 03:00:00+00:00,120.0
2020-04-18 04:00:00+00:00,120.0
2020-04-18 05:00:00+00:00,120.0
2020-04-18 06:00:00+00:00,486.1152595071422
2020-04-18 07:00:00+00:00,500.48115432332935
2020-04-18 08:00:00+00:00,463.04380447898995
2020-04-18 09:00:00+00:00,206.023322252618
2020-04-18 10:00:00+00:00,437.81316406229706
2020-04-18 11:00:00+00:00,329.11409406388907
2020-04-18 12:00:00+00:00,439.44760718509684
2020-04-18 13:00:00+00:00,459.79212289784107
2020-04-18 14:00:00+00:00,444.3251295568203
2020-04-18 15:00:00+00:00,462.2265829175902
2020-04-18 16:00:00+00:00,461.4179636884155
2020-04-18 17:00:00+00:00,494.84662671578286
2020-04-18 18:00:00+00:00,543.1057104995016
2020-04-18 19:00:00+00:00,550.1166112630899
2020-04-18 20:00:00+00:00,550.1166112630899
2020-04-18 21:00:00+00:00,550.1166112630899
2020-04-18 22:00:00+00:00,120.0
2020-04-18 23:00:00+00:00,120.0
2020-04-19 00:00:00+00:00,120.0
2020-04-19 01:00:00+00:00,120.0
2020-04-19 02:00:00+00:00,120.0
2020-04-19 03:00:00+00:00,120.0
2020-04-19 04:00:00+00:00,120.0
2020-04-19 05:00:00+00:00,120.0
2020-04-19 06:00:00+00:00,399.86512561780825
2020-04-19 07:00:00+00:00,210.30184724721403
2020-04-19 08:00:00+00:00,204.04862923232875
2020-04-19 09:00:00+00:00,204.04862923232875
2020-04-19 10:00:00+00:00,204.04862923232875
2020-04-19 11:00:00+00:00,204.04862923232875
2020-04-19 12:00:00+00:00,204.04862923232875
2020-04-19 13:00:00+00:00,204.04862923232875
2020-04-19 14:00:00+00:00,204.04862923232875
2020-04-19 15:00:00+00:00,204.04862923232875
2020-04-19 16:00:00+00:00,204.04862923232875
2020-04-19 17:00:00+00:00,391.2165216698017
2020-04-19 18:00:00+00:00,523.5090640814873
2020-04-19 19:00:00+00:00,540.243146161644
2020-04-19 20:00:00+00:00,540.243146161644
2020-04-19 21:00:00+00:00,540.243146161644
2020-04-19 22:00:00+00:00,120.0
2020-04-19 23:00:00+00:00,120.0
2020-04-20 00:00:00+00:00,120.0
2020-04-20 01:00:00+00:00,120.0
2020-04-20 02:00:00+00:00,120.0
2020-04-20 03:00:00+00:00,120.0
2020-04-20 04:00:00+00:00,120.0
2020-04-20 05:00:00+00:00,120.0
2020-04-20 06:00:00+00:00,385.28092884203875
2020-04-20 07:00:00+00:00,202.08457480105167
2020-04-20 08:00:00+00:00,202.08457480105167
2020-04-20 09:00:00+00:00,202.08457480105167
2020-04-20 10:00:00+00:00,202.08457480105167
2020-04-20 11:00:00+00:00,202.08457480105167
2020-04-20 12:00:00+00:00,202.08457480105167
2020-04-20 13:00:00+00:00,202.08457480105167
2020-04-20 14:00:00+00:00,202.08457480105167
2020-04-20 15:00:00+00:00,202.08457480105167
2020-04-20 16:00:00+00:00,202.08457480105167
2020-04-20 17:00:00+00:00,381.242367761827
2020-04-20 18:00:00+00:00,511.8471347277803
2020-04-20 19:00:00+00:00,530.4228740052583
2020-04-20 20:00:00+00:00,530.4228740052583
2020-04-20 21:00:00+00:00,530.4228740052583
2020-04-20 22:00:00+00:00,120.0
2020-04-20 23:00:00+00:00,120.0
2020-04-21 00:00:00+00:00,120.0
2020-04-21 01:00:00+00:00,120.0
2020-04-21 02:00:00+00:00,120.0
2020-04-21 03:00:00+00:00,120.0
2020-04-21 04:00:00+00:00,120.0
2020-04-21 05:00:00+00:00,120.0
2020-04-21 06:00:00+00:00,376.7661349757553
2020-04-21 07:00:00+00:00,200.1317401540915
2020-04-21 08:00:00+00:00,200.1317401540915
2020-04-21 09:00:00+00:00,200.1317401540915
2020-04-21 10:00:00+00:00,200.1317401540915
2020-04-21 11:00:00+00:00,200.1317401540915
2020-04-21 12:00:00+00:00,200.1317401540915
2020-04-21 13:00:00+00:00,200.1317401540915
2020-04-21 14:00:00+00:00,200.1317401540915
2020-04-21 15:00:00+00:00,200.1317401540915
2020-04-21 16:00:00+00:00,200.1317401540915
2020-04-21 17:00:00+00:00,373.85735280816175
2020-04-21 18:00:00+00:00,501.07450347679736
2020-04-21 19:00:00+00:00,520.6587007704574
2020-04-21 20:00:00+00:00,520.6587007704574
2020-04-21 21:00:00+00:00,520.6587007704574
2020-04-21 22:00:00+00:00,120.0
2020-04-21 23:00:00+00:00,120.0
2020-04-22 00:00:00+00:00,120.0
2020-04-22 01:00:00+00:00,120.0
2020-04-22 02:00:00+00:00,120.0
2020-04-22 03:00:00+00:00,120.0
2020-04-22 04:00:00+00:00,120.0
2020-04-22 05:00:00+00:00,120.0
2020-04-22 06:00:00+00:00,369.42052403125956
2020-04-22 07:00:00+00:00,198.19070316663831
2020-04-22 08:00:00+00:00,198.19070316663831
2020-04-22 09:00:00+00:00,198.19070316663831
2020-04-22 10:00:00+00:00,198.19070316663831
2020-04-22 11:00:00+00:00,198.19070316663831
2020-04-22 12:00:00+00:00,198.19070316663831
2020-04-22 13:00:00+00:00,198.19070316663831
2020-04-22 14:00:00+00:00,198.19070316663831
2020-04-22 15:00:00+00:00,198.19070316663831
2020-04-22 16:00:00+00:00,198.19070316663831
2020-04-22 17:00:00+00:00,365.0105683726611
2020-04-22 18:00:00+00:00,490.428456251949
2020-04-22 19:00:00+00:00,510.95351583319155
2020-04-22 20:00:00+00:00,510.95351583319155
2020-04-22 21:00:00+00:00,510.95351583319155
2020-04-22 22:00:00+00:00,120.0
2020-04-22 23:00:00+00:00,120.0
2020-04-23 00:00:00+00:00,120.0
2020-04-23 01:00:00+00:00,120.0
2020-04-23 02:00:00+00:00,120.0
2020-04-23 03:00:00+00:00,120.0
2020-04-23 04:00:00+00:00,120.0
2020-04-23 05:00:00+00:00,120.0
2020-04-23 06:00:00+00:00,364.3283180580947
2020-04-23 07:00:00+00:00,196.26203822276506
2020-04-23 08:00:00+00:00,196.26203822276506
2020-04-23 09:00:00+00:00,196.26203822276506
2020-04-23 10:00:00+00:00,196.26203822276506
2020-04-23 11:00:00+00:00,196.26203822276506
2020-04-23 12:00:00+00:00,196.26203822276506
2020-04-23 13:00:00+00:00,196.26203822276506
2020-04-23 14:00:00+00:00,196.26203822276506
2020-04-23 15:00:00+00:00,196.26203822276506
2020-04-23 16:00:00+00:00,196.26203822276506
2020-04-23 17:00:00+00:00,361.3540985674068
2020-04-23 18:00:00+00:00,481.98539062817656
2020-04-23 19:00:00+00:00,501.3101911138253
2020-04-23 20:00:00+00:00,501.3101911138253
2020-04-23 21:00:00+00:00,501.3101911138253
2020-04-23 22:00:00+00:00,120.0
2020-04-23 23:00:00+00:00,120.0
2020-04-24 00:00:00+00:00,120.0
2020-04-24 01:00:00+00:00,120.0
2020-04-24 02:00:00+00:00,120.0
2020-04-24 03:00:00+00:00,120.0
2020-04-24 04:00:00+00:00,120.0
2020-04-24 05:00:00+00:00,120.0
2020-04-24 06:00:00+00:00,380.07084815861606
2020-04-24 07:00:00+00:00,233.57143239104133
2020-04-24 08:00:00+00:00,194.34631604545783
2020-04-24 09:00:00+00:00,194.34631604545783
2020-04-24 10:00:00+00:00,194.34631604545783
2020-04-24 11:00:00+00:00,194.34631604545783
2020-04-24 12:00:00+00:00,194.34631604545783
2020-04-24 13:00:00+00:00,194.34631604545783
2020-04-24 14:00:00+00:00,194.34631604545783
2020-04-24 15:00:00+00:00,194.34631604545783
2020-04-24 16:00:00+00:00,222.36000793138632
2020-04-24 17:00:00+00:00,352.4065839581012
2020-04-24 18:00:00+00:00,471.5465554209472
2020-04-24 19:00:00+00:00,491.73158022728904
2020-04-24 20:00:00+00:00,491.73158022728904
2020-04-24 21:00:00+00:00,491.73158022728904
2020-04-24 22:00:00+00:00,120.0
2020-04-24 23:00:00+00:00,120.0
2020-04-25 00:00:00+00:00,120.0
2020-04-25 01:00:00+00:00,120.0
2020-04-25 02:00:00+00:00,120.0
2020-04-25 03:00:00+00:00,120.0
2020-04-25 04:00:00+00:00,120.0
2020-04-25 05:00:00+00:00,120.0
2020-04-25 06:00:00+00:00,401.4380977948776
2020-04-25 07:00:00+00:00,348.3800363711683
2020-04-25 08:00:00+00:00,360.6955339708823
2020-04-25 09:00:00+00:00,333.91294889668063
2020-04-25 10:00:00+00:00,307.1520970535372
2020-04-25 11:00:00+00:00,263.2944367778496
2020-04-25 12:00:00+00:00,192.4441035277298
2020-04-25 13:00:00+00:00,192.4441035277298
2020-04-25 14:00:00+00:00,192.4441035277298
2020-04-25 15:00:00+00:00,192.4441035277298
2020-04-25 16:00:00+00:00,192.4441035277298
2020-04-25 17:00:00+00:00,346.605155834739
2020-04-25 18:00:00+00:00,461.2407052570185
2020-04-25 19:00:00+00:00,482.2205176386491
2020-04-25 20:00:00+00:00,482.2205176386491
2020-04-25 21:00:00+00:00,482.2205176386491
2020-04-25 22:00:00+00:00,120.0
2020-04-25 23:00:00+00:00,120.0
2020-04-26 00:00:00+00:00,120.0
2020-04-26 01:00:00+00:00,120.0
2020-04-26 02:00:00+00:00,120.0
2020-04-26 03:00:00+00:00,120.0
2020-04-26 04:00:00+00:00,120.0
2020-04-26 05:00:00+00:00,120.0
2020-04-26 06:00:00+00:00,376.41448278744633
2020-04-26 07:00:00+00:00,340.5085529292845
2020-04-26 08:00:00+00:00,254.52200013277894
2020-04-26 09:00:00+00:00,190.55596356486885
2020-04-26 10:00:00+00:00,190.55596356486885
2020-04-26 11:00:00+00:00,190.55596356486885
2020-04-26 12:00:00+00:00,190.55596356486885
2020-04-26 13:00:00+00:00,190.55596356486885
2020-04-26 14:00:00+00:00,190.55596356486885
2020-04-26 15:00:00+00:00,190.55596356486885
2020-04-26 16:00:00+00:00,190.55596356486885
2020-04-26 17:00:00+00:00,338.2648732879218
2020-04-26 18:00:00+00:00,451.7047515075178
2020-04-26 19:00:00+00:00,472.77981782434415
2020-04-26 20:00:00+00:00,472.77981782434415
2020-04-26 21:00:00+00:00,472.77981782434415
2020-04-26 22:00:00+00:00,120.0
2020-04-26 23:00:00+00:00,120.0
2020-04-27 00:00:00+00:00,120.0
2020-04-27 01:00:00+00:00,120.0
2020-04-27 02:00:00+00:00,120.0
2020-04-27 03:00:00+00:00,120.0
2020-04-27 04:00:00+00:00,120.0
2020-04-27 05:00:00+00:00,120.0
2020-04-27 06:00:00+00:00,336.14368553211756
2020-04-27 07:00:00+00:00,188.68245488786707
2020-04-27 08:00:00+00:00,188.68245488786707
2020-04-27 09:00:00+00:00,188.68245488786707
2020-04-27 10:00:00+00:00,188.68245488786707
2020-04-27 11:00:00+00:00,188.68245488786707
2020-04-27 12:00:00+00:00,188.68245488786707
2020-04-27 13:00:00+00:00,188.68245488786707
2020-04-27 14:00:00+00:00,188.68245488786707
2020-04-27 15:00:00+00:00,188.68245488786707
2020-04-27 16:00:00+00:00,208.7308634696354
2020-04-27 17:00:00+00:00,342.3182382265368
2020-04-27 18:00:00+00:00,439.16736786391806
2020-04-27 19:00:00+00:00,463.4122744393352
2020-04-27 20:00:00+00:00,463.4122744393352
2020-04-27 21:00:00+00:00,463.4122744393352
2020-04-27 22:00:00+00:00,120.0
2020-04-27 23:00:00+00:00,120.0
2020-04-28 00:00:00+00:00,120.0
2020-04-28 01:00:00+00:00,120.0
2020-04-28 02:00:00+00:00,120.0
2020-04-28 03:00:00+00:00,120.0
2020-04-28 04:00:00+00:00,120.0
2020-04-28 05:00:00+00:00,120.0
2020-04-28 06:00:00+00:00,418.7239168240043
2020-04-28 07:00:00+00:00,382.6856624913677
2020-04-28 08:00:00+00:00,401.0222042842019
2020-04-28 09:00:00+00:00,361.82985092597573
2020-04-28 10:00:00+00:00,364.9906323647551
2020-04-28 11:00:00+00:00,359.2972163270383
2020-04-28 12:00:00+00:00,357.40609339432257
2020-04-28 13:00:00+00:00,390.27688387499
2020-04-28 14:00:00+00:00,406.0807910688868
2020-04-28 15:00:00+00:00,418.7239168240043
2020-04-28 16:00:00+00:00,419.9868929168781
2020-04-28 17:00:00+00:00,418.7239168240043
2020-04-28 18:00:00+00:00,430.5317409303957
2020-04-28 19:00:00+00:00,454.1206594904193
2020-04-28 20:00:00+00:00,454.1206594904193
2020-04-28 21:00:00+00:00,454.1206594904193
2020-04-28 22:00:00+00:00,120.0
2020-04-28 23:00:00+00:00,120.0
2020-04-29 00:00:00+00:00,120.0
2020-04-29 01:00:00+00:00,120.0
2020-04-29 02:00:00+00:00,120.0
2020-04-29 03:00:00+00:00,120.0
2020-04-29 04:00:00+00:00,120.0
2020-04-29 05:00:00+00:00,120.0
2020-04-29 06:00:00+00:00,367.82011627181373
2020-04-29 07:00:00+00:00,385.2806572798208
2020-04-29 08:00:00+00:00,358.2353384575933
2020-04-29 09:00:00+00:00,363.14794322203437
2020-04-29 10:00:00+00:00,353.3162355387019
2020-04-29 11:00:00+00:00,184.9815445031895
2020-04-29 12:00:00+00:00,184.9815445031895
2020-04-29 13:00:00+00:00,184.9815445031895
2020-04-29 14:00:00+00:00,184.9815445031895
2020-04-29 15:00:00+00:00,187.17792070739722
2020-04-29 16:00:00+00:00,404.95057080093613
2020-04-29 17:00:00+00:00,401.87694374593536
2020-04-29 18:00:00+00:00,435.4983948718855
2020-04-29 19:00:00+00:00,444.9077225159474
2020-04-29 20:00:00+00:00,444.9077225159474
2020-04-29 21:00:00+00:00,444.9077225159474
2020-04-29 22:00:00+00:00,120.0
2020-04-29 23:00:00+00:00,120.0
2020-04-30 00:00:00+00:00,120.0
2020-04-30 01:00:00+00:00,120.0
2020-04-30 02:00:00+00:00,120.0
2020-04-30 03:00:00+00:00,120.0
2020-04-30 04:00:00+00:00,120.0
2020-04-30 05:00:00+00:00,120.0
2020-04-30 06:00:00+00:00,306.6995144409108
2020-04-30 07:00:00+00:00,198.11039830204942
2020-04-30 08:00:00+00:00,183.1552379544384
2020-04-30 09:00:00+00:00,183.1552379544384
2020-04-30 10:00:00+00:00,183.1552379544384
2020-04-30 11:00:00+00:00,183.1552379544384
2020-04-30 12:00:00+00:00,183.1552379544384
2020-04-30 13:00:00+00:00,183.1552379544384
2020-04-30 14:00:00+00:00,183.1552379544384
2020-04-30 15:00:00+00:00,183.1552379544384
2020-04-30 16:00:00+00:00,183.1552379544384
2020-04-30 17:00:00+00:00,351.13553986565364
2020-04-30 18:00:00+00:00,426.6313113163894
2020-04-30 19:00:00+00:00,435.776189772192
2020-04-30 20:00:00+00:00,435.776189772192
2020-04-30 21:00:00+00:00,435.776189772192
2020-04-30 22:00:00+00:00,120.0
2020-04-30 23:00:00+00:00,120.0
2020-05-01 00:00:00+00:00,120.0
2020-05-01 01:00:00+00:00,120.0
2020-05-01 02:00:00+00:00,120.0
2020-05-01 03:00:00+00:00,120.0
2020-05-01 04:00:00+00:00,120.0
2020-05-01 05:00:00+00:00,120.0
2020-05-01 06:00:00+00:00,349.7337092312582
2020-05-01 07:00:00+00:00,270.4320547349439
2020-05-01 08:00:00+00:00,386.6883906488955
2020-05-01 09:00:00+00:00,181.3457526853209
2020-05-01 10:00:00+00:00,320.53313095304543
2020-05-01 11:00:00+00:00,194.68845389437817
2020-05-01 12:00:00+00:00,181.3457526853209
2020-05-01 13:00:00+00:00,181.3457526853209
2020-05-01 14:00:00+00:00,181.3457526853209
2020-05-01 15:00:00+00:00,181.3457526853209
2020-05-01 16:00:00+00:00,181.47457876596
2020-05-01 17:00:00+00:00,314.3556136576336
2020-05-01 18:00:00+00:00,405.6319590781226
2020-05-01 19:00:00+00:00,426.7287634266045
2020-05-01 20:00:00+00:00,426.7287634266045
2020-05-01 21:00:00+00:00,426.7287634266045
2020-05-01 22:00:00+00:00,120.0
2020-05-01 23:00:00+00:00,120.0
2020-05-02 00:00:00+00:00,120.0
2020-05-02 01:00:00+00:00,120.0
2020-05-02 02:00:00+00:00,120.0
2020-05-02 03:00:00+00:00,120.0
2020-05-02 04:00:00+00:00,120.0
2020-05-02 05:00:00+00:00,120.0
2020-05-02 06:00:00+00:00,315.4430837408519
2020-05-02 07:00:00+00:00,309.23164074183586
2020-05-02 08:00:00+00:00,276.1317364383544
2020-05-02 09:00:00+00:00,179.55362415163992
2020-05-02 10:00:00+00:00,179.55362415163992
2020-05-02 11:00:00+00:00,179.55362415163992
2020-05-02 12:00:00+00:00,179.55362415163992
2020-05-02 13:00:00+00:00,179.55362415163992
2020-05-02 14:00:00+00:00,179.55362415163992
2020-05-02 15:00:00+00:00,179.55362415163992
2020-05-02 16:00:00+00:00,191.41075072023142
2020-05-02 17:00:00+00:00,300.340284655996
2020-05-02 18:00:00+00:00,395.13178821816126
2020-05-02 19:00:00+00:00,417.7681207581996
2020-05-02 20:00:00+00:00,417.7681207581996
2020-05-02 21:00:00+00:00,417.7681207581996
2020-05-02 22:00:00+00:00,120.0
2020-05-02 23:00:00+00:00,120.0
2020-05-03 00:00:00+00:00,120.0
2020-05-03 01:00:00+00:00,120.0
2020-05-03 02:00:00+00:00,120.0
2020-05-03 03:00:00+00:00,120.0
2020-05-03 04:00:00+00:00,120.0
2020-05-03 05:00:00+00:00,120.0
2020-05-03 06:00:00+00:00,364.6263503612063
2020-05-03 07:00:00+00:00,277.7261588209223
2020-05-03 08:00:00+00:00,226.3776214393729
2020-05-03 09:00:00+00:00,177.77938267306115
2020-05-03 10:00:00+00:00,177.77938267306115
2020-05-03 11:00:00+00:00,177.77938267306115
2020-05-03 12:00:00+00:00,177.77938267306115
2020-05-03 13:00:00+00:00,218.70451942039037
2020-05-03 14:00:00+00:00,239.55132068883088
2020-05-03 15:00:00+00:00,208.97447137824688
2020-05-03 16:00:00+00:00,269.11703080263624
2020-05-03 17:00:00+00:00,349.37837127378543
2020-05-03 18:00:00+00:00,402.6220724070113
2020-05-03 19:00:00+00:00,408.89691336530575
2020-05-03 20:00:00+00:00,408.89691336530575
2020-05-03 21:00:00+00:00,408.89691336530575
2020-05-03 22:00:00+00:00,120.0
2020-05-03 23:00:00+00:00,120.0
2020-05-04 00:00:00+00:00,120.0
2020-05-04 01:00:00+00:00,120.0
2020-05-04 02:00:00+00:00,120.0
2020-05-04 03:00:00+00:00,120.0
2020-05-04 04:00:00+00:00,120.0
2020-05-04 05:00:00+00:00,120.0
2020-05-04 06:00:00+00:00,339.7187735938618
2020-05-04 07:00:00+00:00,201.61511241274326
2020-05-04 08:00:00+00:00,176.0235532761829
2020-05-04 09:00:00+00:00,176.0235532761829
2020-05-04 10:00:00+00:00,176.0235532761829
2020-05-04 11:00:00+00:00,176.0235532761829
2020-05-04 12:00:00+00:00,176.0235532761829
2020-05-04 13:00:00+00:00,176.0235532761829
2020-05-04 14:00:00+00:00,176.0235532761829
2020-05-04 15:00:00+00:00,176.0235532761829
2020-05-04 16:00:00+00:00,176.0235532761829
2020-05-04 17:00:00+00:00,286.05381191060616
2020-05-04 18:00:00+00:00,377.8091874663385
2020-05-04 19:00:00+00:00,400.1177663809146
2020-05-04 20:00:00+00:00,400.1177663809146
2020-05-04 21:00:00+00:00,400.1177663809146
2020-05-04 22:00:00+00:00,120.0
2020-05-04 23:00:00+00:00,120.0
2020-05-05 00:00:00+00:00,120.0
2020-05-05 01:00:00+00:00,120.0
2020-05-05 02:00:00+00:00,120.0
2020-05-05 03:00:00+00:00,120.0
2020-05-05 04:00:00+00:00,120.0
2020-05-05 05:00:00+00:00,120.0
2020-05-05 06:00:00+00:00,271.8777762019422
2020-05-05 07:00:00+00:00,174.28665553917227
2020-05-05 08:00:00+00:00,174.28665553917227
2020-05-05 09:00:00+00:00,174.28665553917227
2020-05-05 10:00:00+00:00,174.28665553917227
2020-05-05 11:00:00+00:00,174.28665553917227
2020-05-05 12:00:00+00:00,174.28665553917227
2020-05-05 13:00:00+00:00,174.28665553917227
2020-05-05 14:00:00+00:00,174.28665553917227
2020-05-05 15:00:00+00:00,174.28665553917227
2020-05-05 16:00:00+00:00,174.28665553917227
2020-05-05 17:00:00+00:00,276.48671325721796
2020-05-05 18:00:00+00:00,368.3397344294974
2020-05-05 19:00:00+00:00,391.4332776958613
2020-05-05 20:00:00+00:00,391.4332776958613
2020-05-05 21:00:00+00:00,391.4332776958613
2020-05-05 22:00:00+00:00,120.0
2020-05-05 23:00:00+00:00,120.0
2020-05-06 00:00:00+00:00,120.0
2020-05-06 01:00:00+00:00,120.0
2020-05-06 02:00:00+00:00,120.0
2020-05-06 03:00:00+00:00,120.0
2020-05-06 04:00:00+00:00,120.0
2020-05-06 05:00:00+00:00,120.0
2020-05-06 06:00:00+00:00,269.2965377639588
2020-05-06 07:00:00+00:00,172.56920343801366
2020-05-06 08:00:00+00:00,172.56920343801366
2020-05-06 09:00:00+00:00,172.56920343801366
2020-05-06 10:00:00+00:00,172.56920343801366
2020-05-06 11:00:00+00:00,172.56920343801366
2020-05-06 12:00:00+00:00,172.56920343801366
2020-05-06 13:00:00+00:00,172.56920343801366
2020-05-06 14:00:00+00:00,172.56920343801366
2020-05-06 15:00:00+00:00,172.56920343801366
2020-05-06 16:00:00+00:00,172.56920343801366
2020-05-06 17:00:00+00:00,274.3642089753833
2020-05-06 18:00:00+00:00,360.4830780475372
2020-05-06 19:00:00+00:00,382.8460171900683
2020-05-06 20:00:00+00:00,382.8460171900683
2020-05-06 21:00:00+00:00,382.8460171900683
2020-05-06 22:00:00+00:00,120.0
2020-05-06 23:00:00+00:00,120.0
2020-05-07 00:00:00+00:00,120.0
2020-05-07 01:00:00+00:00,120.0
2020-05-07 02:00:00+00:00,120.0
2020-05-07 03:00:00+00:00,120.0
2020-05-07 04:00:00+00:00,120.0
2020-05-07 05:00:00+00:00,120.0
2020-05-07 06:00:00+00:00,262.0846726080008
2020-05-07 07:00:00+00:00,170.8717051944149
2020-05-07 08:00:00+00:00,170.8717051944149
2020-05-07 09:00:00+00:00,170.8717051944149
2020-05-07 10:00:00+00:00,170.8717051944149
2020-05-07 11:00:00+00:00,170.8717051944149
2020-05-07 12:00:00+00:00,170.8717051944149
2020-05-07 13:00:00+00:00,170.8717051944149
2020-05-07 14:00:00+00:00,170.8717051944149
2020-05-07 15:00:00+00:00,170.8717051944149
2020-05-07 16:00:00+00:00,196.06337360668917
2020-05-07 17:00:00+00:00,286.07068160716744
2020-05-07 18:00:00+00:00,351.33907937160177
2020-05-07 19:00:00+00:00,374.35852597207446
2020-05-07 20:00:00+00:00,374.35852597207446
2020-05-07 21:00:00+00:00,374.35852597207446
2020-05-07 22:00:00+00:00,120.0
2020-05-07 23:00:00+00:00,120.0
2020-05-08 00:00:00+00:00,120.0
2020-05-08 01:00:00+00:00,120.0
2020-05-08 02:00:00+00:00,120.0
2020-05-08 03:00:00+00:00,120.0
2020-05-08 04:00:00+00:00,120.0
2020-05-08 05:00:00+00:00,120.0
2020-05-08 06:00:00+00:00,260.78528693231686
2020-05-08 07:00:00+00:00,169.19466312541647
2020-05-08 08:00:00+00:00,169.19466312541647
2020-05-08 09:00:00+00:00,169.19466312541647
2020-05-08 10:00:00+00:00,169.19466312541647
2020-05-08 11:00:00+00:00,169.19466312541647
2020-05-08 12:00:00+00:00,169.19466312541647
2020-05-08 13:00:00+00:00,169.19466312541647
2020-05-08 14:00:00+00:00,169.19466312541647
2020-05-08 15:00:00+00:00,169.19466312541647
2020-05-08 16:00:00+00:00,188.71018598726917
2020-05-08 17:00:00+00:00,279.9367692870415
2020-05-08 18:00:00+00:00,344.6031539654015
2020-05-08 19:00:00+00:00,365.97331562708234
2020-05-08 20:00:00+00:00,365.97331562708234
2020-05-08 21:00:00+00:00,365.97331562708234
2020-05-08 22:00:00+00:00,120.0
2020-05-08 23:00:00+00:00,120.0
2020-05-09 00:00:00+00:00,120.0
2020-05-09 01:00:00+00:00,120.0
2020-05-09 02:00:00+00:00,120.0
2020-05-09 03:00:00+00:00,120.0
2020-05-09 04:00:00+00:00,120.0
2020-05-09 05:00:00+00:00,120.0
2020-05-09 06:00:00+00:00,265.5013118953739
2020-05-09 07:00:00+00:00,174.12741978111958
2020-05-09 08:00:00+00:00,167.53857349474757
2020-05-09 09:00:00+00:00,167.53857349474757
2020-05-09 10:00:00+00:00,167.53857349474757
2020-05-09 11:00:00+00:00,167.53857349474757
2020-05-09 12:00:00+00:00,167.53857349474757
2020-05-09 13:00:00+00:00,167.53857349474757
2020-05-09 14:00:00+00:00,167.53857349474757
2020-05-09 15:00:00+00:00,167.53857349474757
2020-05-09 16:00:00+00:00,167.53857349474757
2020-05-09 17:00:00+00:00,259.82520622010105
2020-05-09 18:00:00+00:00,335.3212147871097
2020-05-09 19:00:00+00:00,357.6928674737379
2020-05-09 20:00:00+00:00,357.6928674737379
2020-05-09 21:00:00+00:00,357.6928674737379
2020-05-09 22:00:00+00:00,120.0
2020-05-09 23:00:00+00:00,120.0
2020-05-10 00:00:00+00:00,120.0
2020-05-10 01:00:00+00:00,120.0
2020-05-10 02:00:00+00:00,120.0
2020-05-10 03:00:00+00:00,120.0
2020-05-10 04:00:00+00:00,120.0
2020-05-10 05:00:00+00:00,120.0
2020-05-10 06:00:00+00:00,274.7008222459684
2020-05-10 07:00:00+00:00,227.80537107048957
2020-05-10 08:00:00+00:00,165.90392636597386
2020-05-10 09:00:00+00:00,165.90392636597386
2020-05-10 10:00:00+00:00,165.90392636597386
2020-05-10 11:00:00+00:00,165.90392636597386
2020-05-10 12:00:00+00:00,184.9402846299432
2020-05-10 13:00:00+00:00,165.90392636597386
2020-05-10 14:00:00+00:00,198.74359528819153
2020-05-10 15:00:00+00:00,291.33181476836074
2020-05-10 16:00:00+00:00,311.304613130196
2020-05-10 17:00:00+00:00,336.056010226729
2020-05-10 18:00:00+00:00,333.7332715526108
2020-05-10 19:00:00+00:00,349.5196318298692
2020-05-10 20:00:00+00:00,349.5196318298692
2020-05-10 21:00:00+00:00,349.5196318298692
2020-05-10 22:00:00+00:00,120.0
2020-05-10 23:00:00+00:00,120.0
2020-05-11 00:00:00+00:00,120.0
2020-05-11 01:00:00+00:00,120.0
2020-05-11 02:00:00+00:00,120.0
2020-05-11 03:00:00+00:00,120.0
2020-05-11 04:00:00+00:00,120.0
2020-05-11 05:00:00+00:00,120.0
2020-05-11 06:00:00+00:00,239.96715910212913
2020-05-11 07:00:00+00:00,164.29120545747958
2020-05-11 08:00:00+00:00,164.29120545747958
2020-05-11 09:00:00+00:00,164.29120545747958
2020-05-11 10:00:00+00:00,164.29120545747958
2020-05-11 11:00:00+00:00,164.29120545747958
2020-05-11 12:00:00+00:00,164.29120545747958
2020-05-11 13:00:00+00:00,164.29120545747958
2020-05-11 14:00:00+00:00,164.29120545747958
2020-05-11 15:00:00+00:00,164.29120545747958
2020-05-11 16:00:00+00:00,195.19317950516302
2020-05-11 17:00:00+00:00,262.7062639839991
2020-05-11 18:00:00+00:00,321.4142568178883
2020-05-11 19:00:00+00:00,341.4560272873978
2020-05-11 20:00:00+00:00,341.4560272873978
2020-05-11 21:00:00+00:00,341.4560272873978
2020-05-11 22:00:00+00:00,120.0
2020-05-11 23:00:00+00:00,120.0
2020-05-12 00:00:00+00:00,120.0
2020-05-12 01:00:00+00:00,120.0
2020-05-12 02:00:00+00:00,120.0
2020-05-12 03:00:00+00:00,120.0
2020-05-12 04:00:00+00:00,120.0
2020-05-12 05:00:00+00:00,120.0
2020-05-12 06:00:00+00:00,235.38633955178352
2020-05-12 07:00:00+00:00,268.4026661528638
2020-05-12 08:00:00+00:00,162.7008879993278
2020-05-12 09:00:00+00:00,185.71239654216552
2020-05-12 10:00:00+00:00,188.13353689172737
2020-05-12 11:00:00+00:00,162.7008879993278
2020-05-12 12:00:00+00:00,162.7008879993278
2020-05-12 13:00:00+00:00,162.7008879993278
2020-05-12 14:00:00+00:00,162.7008879993278
2020-05-12 15:00:00+00:00,162.7008879993278
2020-05-12 16:00:00+00:00,162.7008879993278
2020-05-12 17:00:00+00:00,238.85792174612888
2020-05-12 18:00:00+00:00,314.1822881769431
2020-05-12 19:00:00+00:00,333.50443999663884
2020-05-12 20:00:00+00:00,333.50443999663884
2020-05-12 21:00:00+00:00,333.50443999663884
2020-05-12 22:00:00+00:00,120.0
2020-05-12 23:00:00+00:00,120.0
2020-05-13 00:00:00+00:00,120.0
2020-05-13 01:00:00+00:00,120.0
2020-05-13 02:00:00+00:00,120.0
2020-05-13 03:00:00+00:00,120.0
2020-05-13 04:00:00+00:00,120.0
2020-05-13 05:00:00+00:00,120.0
2020-05-13 06:00:00+00:00,241.58223552515238
2020-05-13 07:00:00+00:00,207.17822246836997
2020-05-13 08:00:00+00:00,170.15400899107456
2020-05-13 09:00:00+00:00,178.8989793113423
2020-05-13 10:00:00+00:00,161.13344459204018
2020-05-13 11:00:00+00:00,161.13344459204018
2020-05-13 12:00:00+00:00,161.13344459204018
2020-05-13 13:00:00+00:00,161.13344459204018
2020-05-13 14:00:00+00:00,161.13344459204018
2020-05-13 15:00:00+00:00,161.13344459204018
2020-05-13 16:00:00+00:00,211.16405324933865
2020-05-13 17:00:00+00:00,234.7787637896289
2020-05-13 18:00:00+00:00,302.21293285381955
2020-05-13 19:00:00+00:00,325.66722296020083
2020-05-13 20:00:00+00:00,325.66722296020083
2020-05-13 21:00:00+00:00,325.66722296020083
2020-05-13 22:00:00+00:00,120.0
2020-05-13 23:00:00+00:00,120.0
2020-05-14 00:00:00+00:00,120.0
2020-05-14 01:00:00+00:00,120.0
2020-05-14 02:00:00+00:00,120.0
2020-05-14 03:00:00+00:00,120.0
2020-05-14 04:00:00+00:00,120.0
2020-05-14 05:00:00+00:00,120.0
2020-05-14 06:00:00+00:00,224.3931281866653
2020-05-14 07:00:00+00:00,159.58933906733864
2020-05-14 08:00:00+00:00,159.58933906733864
2020-05-14 09:00:00+00:00,159.58933906733864
2020-05-14 10:00:00+00:00,173.55645789029575
2020-05-14 11:00:00+00:00,159.58933906733864
2020-05-14 12:00:00+00:00,159.58933906733864
2020-05-14 13:00:00+00:00,159.58933906733864
2020-05-14 14:00:00+00:00,159.58933906733864
2020-05-14 15:00:00+00:00,159.58933906733864
2020-05-14 16:00:00+00:00,159.58933906733864
2020-05-14 17:00:00+00:00,229.6545513487146
2020-05-14 18:00:00+00:00,299.6722564232097
2020-05-14 19:00:00+00:00,317.94669533669327
2020-05-14 20:00:00+00:00,317.94669533669327
2020-05-14 21:00:00+00:00,317.94669533669327
2020-05-14 22:00:00+00:00,120.0
2020-05-14 23:00:00+00:00,120.0
2020-05-15 00:00:00+00:00,120.0
2020-05-15 01:00:00+00:00,120.0
2020-05-15 02:00:00+00:00,120.0
2020-05-15 03:00:00+00:00,120.0
2020-05-15 04:00:00+00:00,120.0
2020-05-15 05:00:00+00:00,120.0
2020-05-15 06:00:00+00:00,219.75608189067273
2020-05-15 07:00:00+00:00,158.06902835089025
2020-05-15 08:00:00+00:00,158.06902835089025
2020-05-15 09:00:00+00:00,158.06902835089025
2020-05-15 10:00:00+00:00,158.06902835089025
2020-05-15 11:00:00+00:00,158.06902835089025
2020-05-15 12:00:00+00:00,158.06902835089025
2020-05-15 13:00:00+00:00,158.06902835089025
2020-05-15 14:00:00+00:00,158.06902835089025
2020-05-15 15:00:00+00:00,158.06902835089025
2020-05-15 16:00:00+00:00,158.06902835089025
2020-05-15 17:00:00+00:00,225.710077924752
2020-05-15 18:00:00+00:00,297.980321346082
2020-05-15 19:00:00+00:00,310.34514175445116
2020-05-15 20:00:00+00:00,310.34514175445116
2020-05-15 21:00:00+00:00,310.34514175445116
2020-05-15 22:00:00+00:00,120.0
2020-05-15 23:00:00+00:00,120.0
2020-05-16 00:00:00+00:00,120.0
2020-05-16 01:00:00+00:00,120.0
2020-05-16 02:00:00+00:00,120.0
2020-05-16 03:00:00+00:00,120.0
2020-05-16 04:00:00+00:00,120.0
2020-05-16 05:00:00+00:00,120.0
2020-05-16 06:00:00+00:00,241.8245375115545
2020-05-16 07:00:00+00:00,158.95020487835652
2020-05-16 08:00:00+00:00,156.57296232709533
2020-05-16 09:00:00+00:00,156.57296232709533
2020-05-16 10:00:00+00:00,156.57296232709533
2020-05-16 11:00:00+00:00,156.57296232709533
2020-05-16 12:00:00+00:00,156.57296232709533
2020-05-16 13:00:00+00:00,156.57296232709533
2020-05-16 14:00:00+00:00,156.57296232709533
2020-05-16 15:00:00+00:00,156.57296232709533
2020-05-16 16:00:00+00:00,163.07197773262016
2020-05-16 17:00:00+00:00,221.48631316145682
2020-05-16 18:00:00+00:00,286.289945108837
2020-05-16 19:00:00+00:00,302.86481163547666
2020-05-16 20:00:00+00:00,302.86481163547666
2020-05-16 21:00:00+00:00,302.86481163547666
2020-05-16 22:00:00+00:00,120.0
2020-05-16 23:00:00+00:00,120.0
2020-05-17 00:00:00+00:00,120.0
2020-05-17 01:00:00+00:00,120.0
2020-05-17 02:00:00+00:00,120.0
2020-05-17 03:00:00+00:00,120.0
2020-05-17 04:00:00+00:00,120.0
2020-05-17 05:00:00+00:00,120.0
2020-05-17 06:00:00+00:00,214.6373798296383
2020-05-17 07:00:00+00:00,155.10158370595985
2020-05-17 08:00:00+00:00,155.10158370595985
2020-05-17 09:00:00+00:00,155.10158370595985
2020-05-17 10:00:00+00:00,155.10158370595985
2020-05-17 11:00:00+00:00,155.10158370595985
2020-05-17 12:00:00+00:00,155.10158370595985
2020-05-17 13:00:00+00:00,155.10158370595985
2020-05-17 14:00:00+00:00,155.10158370595985
2020-05-17 15:00:00+00:00,155.10158370595985
2020-05-17 16:00:00+00:00,155.10158370595985
2020-05-17 17:00:00+00:00,218.0352131323752
2020-05-17 18:00:00+00:00,279.12951957259827
2020-05-17 19:00:00+00:00,295.50791852979916
2020-05-17 20:00:00+00:00,295.50791852979916
2020-05-17 21:00:00+00:00,295.50791852979916
2020-05-17 22:00:00+00:00,120.0
2020-05-17 23:00:00+00:00,120.0
2020-05-18 00:00:00+00:00,120.0
2020-05-18 01:00:00+00:00,120.0
2020-05-18 02:00:00+00:00,120.0
2020-05-18 03:00:00+00:00,120.0
2020-05-18 04:00:00+00:00,120.0
2020-05-18 05:00:00+00:00,120.0
2020-05-18 06:00:00+00:00,217.66439601005573
2020-05-18 07:00:00+00:00,153.6553278920899
2020-05-18 08:00:00+00:00,153.6553278920899
2020-05-18 09:00:00+00:00,153.6553278920899
2020-05-18 10:00:00+00:00,153.6553278920899
2020-05-18 11:00:00+00:00,153.6553278920899
2020-05-18 12:00:00+00:00,153.6553278920899
2020-05-18 13:00:00+00:00,153.6553278920899
2020-05-18 14:00:00+00:00,153.6553278920899
2020-05-18 15:00:00+00:00,153.6553278920899
2020-05-18 16:00:00+00:00,191.83056632008754
2020-05-18 17:00:00+00:00,212.52186190814442
2020-05-18 18:00:00+00:00,265.76795616621985
2020-05-18 19:00:00+00:00,288.27663946044964
2020-05-18 20:00:00+00:00,288.27663946044964
2020-05-18 21:00:00+00:00,288.27663946044964
2020-05-18 22:00:00+00:00,120.0
2020-05-18 23:00:00+00:00,120.0
2020-05-19 00:00:00+00:00,120.0
2020-05-19 01:00:00+00:00,120.0
2020-05-19 02:00:00+00:00,120.0
2020-05-19 03:00:00+00:00,120.0
2020-05-19 04:00:00+00:00,120.0
2020-05-19 05:00:00+00:00,120.0
2020-05-19 06:00:00+00:00,215.34356748303006
2020-05-19 07:00:00+00:00,152.23462285584895
2020-05-19 08:00:00+00:00,152.23462285584895
2020-05-19 09:00:00+00:00,152.23462285584895
2020-05-19 10:00:00+00:00,152.23462285584895
2020-05-19 11:00:00+00:00,152.23462285584895
2020-05-19 12:00:00+00:00,152.23462285584895
2020-05-19 13:00:00+00:00,152.23462285584895
2020-05-19 14:00:00+00:00,152.23462285584895
2020-05-19 15:00:00+00:00,152.23462285584895
2020-05-19 16:00:00+00:00,152.23462285584895
2020-05-19 17:00:00+00:00,209.98617316438794
2020-05-19 18:00:00+00:00,266.4837966438344
2020-05-19 19:00:00+00:00,279.7128858638748
2020-05-19 20:00:00+00:00,281.17311427924477
2020-05-19 21:00:00+00:00,281.17311427924477
2020-05-19 22:00:00+00:00,120.0
2020-05-19 23:00:00+00:00,120.0
2020-05-20 00:00:00+00:00,120.0
2020-05-20 01:00:00+00:00,120.0
2020-05-20 02:00:00+00:00,120.0
2020-05-20 03:00:00+00:00,120.0
2020-05-20 04:00:00+00:00,120.0
2020-05-20 05:00:00+00:00,120.0
2020-05-20 06:00:00+00:00,212.49499510893685
2020-05-20 07:00:00+00:00,150.8398890067141
2020-05-20 08:00:00+00:00,150.8398890067141
2020-05-20 09:00:00+00:00,150.8398890067141
2020-05-20 10:00:00+00:00,150.8398890067141
2020-05-20 11:00:00+00:00,150.8398890067141
2020-05-20 12:00:00+00:00,150.8398890067141
2020-05-20 13:00:00+00:00,150.8398890067141
2020-05-20 14:00:00+00:00,150.8398890067141
2020-05-20 15:00:00+00:00,150.8398890067141
2020-05-20 16:00:00+00:00,150.8398890067141
2020-05-20 17:00:00+00:00,206.36402517440212
2020-05-20 18:00:00+00:00,258.74866064120664
2020-05-20 19:00:00+00:00,272.52483906050577
2020-05-20 20:00:00+00:00,274.1994450335703
2020-05-20 21:00:00+00:00,274.1994450335703
2020-05-20 22:00:00+00:00,120.0
2020-05-20 23:00:00+00:00,120.0
2020-05-21 00:00:00+00:00,120.0
2020-05-21 01:00:00+00:00,120.0
2020-05-21 02:00:00+00:00,120.0
2020-05-21 03:00:00+00:00,120.0
2020-05-21 04:00:00+00:00,120.0
2020-05-21 05:00:00+00:00,120.0
2020-05-21 06:00:00+00:00,202.26685415684463
2020-05-21 07:00:00+00:00,149.47153906887036
2020-05-21 08:00:00+00:00,149.47153906887036
2020-05-21 09:00:00+00:00,149.47153906887036
2020-05-21 10:00:00+00:00,149.47153906887036
2020-05-21 11:00:00+00:00,149.47153906887036
2020-05-21 12:00:00+00:00,149.47153906887036
2020-05-21 13:00:00+00:00,149.47153906887036
2020-05-21 14:00:00+00:00,149.47153906887036
2020-05-21 15:00:00+00:00,149.47153906887036
2020-05-21 16:00:00+00:00,149.47153906887036
2020-05-21 17:00:00+00:00,202.36411023577196
2020-05-21 18:00:00+00:00,250.1080035273419
2020-05-21 19:00:00+00:00,265.48919976738534
2020-05-21 20:00:00+00:00,267.3576953443517
2020-05-21 21:00:00+00:00,267.3576953443517
2020-05-21 22:00:00+00:00,120.0
2020-05-21 23:00:00+00:00,120.0
2020-05-22 00:00:00+00:00,120.0
2020-05-22 01:00:00+00:00,120.0
2020-05-22 02:00:00+00:00,120.0
2020-05-22 03:00:00+00:00,120.0
2020-05-22 04:00:00+00:00,120.0
2020-05-22 05:00:00+00:00,120.0
2020-05-22 06:00:00+00:00,250.80439750971735
2020-05-22 07:00:00+00:00,220.45777728746296
2020-05-22 08:00:00+00:00,202.2154865810002
2020-05-22 09:00:00+00:00,149.28893305099305
2020-05-22 10:00:00+00:00,148.12997795907899
2020-05-22 11:00:00+00:00,148.12997795907899
2020-05-22 12:00:00+00:00,189.77641032749546
2020-05-22 13:00:00+00:00,228.98397360685976
2020-05-22 14:00:00+00:00,148.12997795907899
2020-05-22 15:00:00+00:00,148.12997795907899
2020-05-22 16:00:00+00:00,183.6243841478449
2020-05-22 17:00:00+00:00,236.4356047682198
2020-05-22 18:00:00+00:00,257.18990250642827
2020-05-22 19:00:00+00:00,260.1407371943357
2020-05-22 20:00:00+00:00,260.649889795395
2020-05-22 21:00:00+00:00,260.649889795395
2020-05-22 22:00:00+00:00,120.0
2020-05-22 23:00:00+00:00,120.0
2020-05-23 00:00:00+00:00,120.0
2020-05-23 01:00:00+00:00,120.0
2020-05-23 02:00:00+00:00,120.0
2020-05-23 03:00:00+00:00,120.0
2020-05-23 04:00:00+00:00,120.0
2020-05-23 05:00:00+00:00,120.0
2020-05-23 06:00:00+00:00,227.94889009569607
2020-05-23 07:00:00+00:00,192.6944172695803
2020-05-23 08:00:00+00:00,146.81560266685614
2020-05-23 09:00:00+00:00,146.81560266685614
2020-05-23 10:00:00+00:00,146.81560266685614
2020-05-23 11:00:00+00:00,146.81560266685614
2020-05-23 12:00:00+00:00,146.81560266685614
2020-05-23 13:00:00+00:00,146.81560266685614
2020-05-23 14:00:00+00:00,146.81560266685614
2020-05-23 15:00:00+00:00,146.81560266685614
2020-05-23 16:00:00+00:00,146.81560266685614
2020-05-23 17:00:00+00:00,191.34291089517075
2020-05-23 18:00:00+00:00,241.59535029285917
2020-05-23 19:00:00+00:00,251.1658388846601
2020-05-23 20:00:00+00:00,254.07801333428068
2020-05-23 21:00:00+00:00,254.07801333428068
2020-05-23 22:00:00+00:00,120.0
2020-05-23 23:00:00+00:00,120.0
2020-05-24 00:00:00+00:00,120.0
2020-05-24 01:00:00+00:00,120.0
2020-05-24 02:00:00+00:00,120.0
2020-05-24 03:00:00+00:00,120.0
2020-05-24 04:00:00+00:00,120.0
2020-05-24 05:00:00+00:00,120.0
2020-05-24 06:00:00+00:00,189.38728420835764
2020-05-24 07:00:00+00:00,216.97370779759652
2020-05-24 08:00:00+00:00,212.62615279366597
2020-05-24 09:00:00+00:00,208.52112141003687
2020-05-24 10:00:00+00:00,220.35372120053495
2020-05-24 11:00:00+00:00,208.28115066994908
2020-05-24 12:00:00+00:00,212.86867641396742
2020-05-24 13:00:00+00:00,220.8387684411379
2020-05-24 14:00:00+00:00,208.76364503033835
2020-05-24 15:00:00+00:00,218.42374375897796
2020-05-24 16:00:00+00:00,184.07218760343488
2020-05-24 17:00:00+00:00,212.86867641396742
2020-05-24 18:00:00+00:00,235.08639291379586
2020-05-24 19:00:00+00:00,246.94962726685833
2020-05-24 20:00:00+00:00,247.64401068498464
2020-05-24 21:00:00+00:00,247.64401068498464
2020-05-24 22:00:00+00:00,120.0
2020-05-24 23:00:00+00:00,120.0
2020-05-25 00:00:00+00:00,120.0
2020-05-25 01:00:00+00:00,120.0
2020-05-25 02:00:00+00:00,120.0
2020-05-25 03:00:00+00:00,120.0
2020-05-25 04:00:00+00:00,120.0
2020-05-25 05:00:00+00:00,120.0
2020-05-25 06:00:00+00:00,182.5800845228288
2020-05-25 07:00:00+00:00,144.26995715448084
2020-05-25 08:00:00+00:00,144.26995715448084
2020-05-25 09:00:00+00:00,144.26995715448084
2020-05-25 10:00:00+00:00,144.26995715448084
2020-05-25 11:00:00+00:00,144.26995715448084
2020-05-25 12:00:00+00:00,144.26995715448084
2020-05-25 13:00:00+00:00,144.26995715448084
2020-05-25 14:00:00+00:00,144.26995715448084
2020-05-25 15:00:00+00:00,144.26995715448084
2020-05-25 16:00:00+00:00,144.26995715448084
2020-05-25 17:00:00+00:00,184.417320279423
2020-05-25 18:00:00+00:00,229.25849311804177
2020-05-25 19:00:00+00:00,238.71406842542748
2020-05-25 20:00:00+00:00,241.34978577240412
2020-05-25 21:00:00+00:00,241.34978577240412
2020-05-25 22:00:00+00:00,120.0
2020-05-25 23:00:00+00:00,120.0
2020-05-26 00:00:00+00:00,120.0
2020-05-26 01:00:00+00:00,120.0
2020-05-26 02:00:00+00:00,120.0
2020-05-26 03:00:00+00:00,120.0
2020-05-26 04:00:00+00:00,120.0
2020-05-26 05:00:00+00:00,120.0
2020-05-26 06:00:00+00:00,181.73418010108387
2020-05-26 07:00:00+00:00,143.03944023179093
2020-05-26 08:00:00+00:00,143.03944023179093
2020-05-26 09:00:00+00:00,143.03944023179093
2020-05-26 10:00:00+00:00,143.03944023179093
2020-05-26 11:00:00+00:00,143.03944023179093
2020-05-26 12:00:00+00:00,143.03944023179093
2020-05-26 13:00:00+00:00,143.03944023179093
2020-05-26 14:00:00+00:00,143.03944023179093
2020-05-26 15:00:00+00:00,143.03944023179093
2020-05-26 16:00:00+00:00,143.03944023179093
2020-05-26 17:00:00+00:00,182.55208022931242
2020-05-26 18:00:00+00:00,217.50291106093934
2020-05-26 19:00:00+00:00,232.485459043673
2020-05-26 20:00:00+00:00,235.19720115895475
2020-05-26 21:00:00+00:00,235.19720115895475
2020-05-26 22:00:00+00:00,120.0
2020-05-26 23:00:00+00:00,120.0
2020-05-27 00:00:00+00:00,120.0
2020-05-27 01:00:00+00:00,120.0
2020-05-27 02:00:00+00:00,120.0
2020-05-27 03:00:00+00:00,120.0
2020-05-27 04:00:00+00:00,120.0
2020-05-27 05:00:00+00:00,120.0
2020-05-27 06:00:00+00:00,175.2426159270156
2020-05-27 07:00:00+00:00,141.8376154986819
2020-05-27 08:00:00+00:00,141.8376154986819
2020-05-27 09:00:00+00:00,141.8376154986819
2020-05-27 10:00:00+00:00,141.8376154986819
2020-05-27 11:00:00+00:00,141.8376154986819
2020-05-27 12:00:00+00:00,141.8376154986819
2020-05-27 13:00:00+00:00,141.8376154986819
2020-05-27 14:00:00+00:00,141.8376154986819
2020-05-27 15:00:00+00:00,141.8376154986819
2020-05-27 16:00:00+00:00,141.8376154986819
2020-05-27 17:00:00+00:00,176.61401818033283
2020-05-27 18:00:00+00:00,217.6206925637577
2020-05-27 19:00:00+00:00,226.4212516097265
2020-05-27 20:00:00+00:00,229.18807749340948
2020-05-27 21:00:00+00:00,229.18807749340948
2020-05-27 22:00:00+00:00,120.0
2020-05-27 23:00:00+00:00,120.0
2020-05-28 00:00:00+00:00,120.0
2020-05-28 01:00:00+00:00,120.0
2020-05-28 02:00:00+00:00,120.0
2020-05-28 03:00:00+00:00,120.0
2020-05-28 04:00:00+00:00,120.0
2020-05-28 05:00:00+00:00,120.0
2020-05-28 06:00:00+00:00,172.08779216111455
2020-05-28 07:00:00+00:00,140.66483859442775
2020-05-28 08:00:00+00:00,140.66483859442775
2020-05-28 09:00:00+00:00,140.66483859442775
2020-05-28 10:00:00+00:00,140.66483859442775
2020-05-28 11:00:00+00:00,140.66483859442775
2020-05-28 12:00:00+00:00,140.66483859442775
2020-05-28 13:00:00+00:00,140.66483859442775
2020-05-28 14:00:00+00:00,140.66483859442775
2020-05-28 15:00:00+00:00,140.66483859442775
2020-05-28 16:00:00+00:00,140.66483859442775
2020-05-28 17:00:00+00:00,173.4723363469412
2020-05-28 18:00:00+00:00,208.48063940976127
2020-05-28 19:00:00+00:00,222.57612581502045
2020-05-28 20:00:00+00:00,223.3241929721387
2020-05-28 21:00:00+00:00,223.3241929721387
2020-05-28 22:00:00+00:00,120.0
2020-05-28 23:00:00+00:00,120.0
2020-05-29 00:00:00+00:00,120.0
2020-05-29 01:00:00+00:00,120.0
2020-05-29 02:00:00+00:00,120.0
2020-05-29 03:00:00+00:00,120.0
2020-05-29 04:00:00+00:00,120.0
2020-05-29 05:00:00+00:00,120.0
2020-05-29 06:00:00+00:00,168.88367937836293
2020-05-29 07:00:00+00:00,139.52145656258256
2020-05-29 08:00:00+00:00,139.52145656258256
2020-05-29 09:00:00+00:00,139.52145656258256
2020-05-29 10:00:00+00:00,139.52145656258256
2020-05-29 11:00:00+00:00,139.52145656258256
2020-05-29 12:00:00+00:00,139.52145656258256
2020-05-29 13:00:00+00:00,139.52145656258256
2020-05-29 14:00:00+00:00,139.52145656258256
2020-05-29 15:00:00+00:00,139.52145656258256
2020-05-29 16:00:00+00:00,139.52145656258256
2020-05-29 17:00:00+00:00,170.02178029596152
2020-05-29 18:00:00+00:00,205.71871576629997
2020-05-29 19:00:00+00:00,214.78057590265075
2020-05-29 20:00:00+00:00,217.60728281291273
2020-05-29 21:00:00+00:00,217.60728281291273
2020-05-29 22:00:00+00:00,120.0
2020-05-29 23:00:00+00:00,120.0
2020-05-30 00:00:00+00:00,120.0
2020-05-30 01:00:00+00:00,120.0
2020-05-30 02:00:00+00:00,120.0
2020-05-30 03:00:00+00:00,120.0
2020-05-30 04:00:00+00:00,120.0
2020-05-30 05:00:00+00:00,120.0
2020-05-30 06:00:00+00:00,166.4981223721674
2020-05-30 07:00:00+00:00,138.4078077482848
2020-05-30 08:00:00+00:00,138.4078077482848
2020-05-30 09:00:00+00:00,138.4078077482848
2020-05-30 10:00:00+00:00,138.4078077482848
2020-05-30 11:00:00+00:00,138.4078077482848
2020-05-30 12:00:00+00:00,138.4078077482848
2020-05-30 13:00:00+00:00,138.4078077482848
2020-05-30 14:00:00+00:00,138.4078077482848
2020-05-30 15:00:00+00:00,138.4078077482848
2020-05-30 16:00:00+00:00,138.4078077482848
2020-05-30 17:00:00+00:00,167.35408543246265
2020-05-30 18:00:00+00:00,200.9888317501286
2020-05-30 19:00:00+00:00,209.5392584492069
2020-05-30 20:00:00+00:00,212.03903874142398
2020-05-30 21:00:00+00:00,212.03903874142398
2020-05-30 22:00:00+00:00,120.0
2020-05-30 23:00:00+00:00,120.0
2020-05-31 00:00:00+00:00,120.0
2020-05-31 01:00:00+00:00,120.0
2020-05-31 02:00:00+00:00,120.0
2020-05-31 03:00:00+00:00,120.0
2020-05-31 04:00:00+00:00,120.0
2020-05-31 05:00:00+00:00,120.0
2020-05-31 06:00:00+00:00,164.1525114198682
2020-05-31 07:00:00+00:00,137.32422169813555
2020-05-31 08:00:00+00:00,137.32422169813555
2020-05-31 09:00:00+00:00,137.32422169813555
2020-05-31 10:00:00+00:00,137.32422169813555
2020-05-31 11:00:00+00:00,137.32422169813555
2020-05-31 12:00:00+00:00,137.32422169813555
2020-05-31 13:00:00+00:00,137.32422169813555
2020-05-31 14:00:00+00:00,137.32422169813555
2020-05-31 15:00:00+00:00,137.32422169813555
2020-05-31 16:00:00+00:00,137.32422169813555
2020-05-31 17:00:00+00:00,166.13786722647453
2020-05-31 18:00:00+00:00,195.22350303547427
2020-05-31 19:00:00+00:00,203.95491077133457
2020-05-31 20:00:00+00:00,206.62110849067767
2020-05-31 21:00:00+00:00,206.62110849067767
2020-05-31 22:00:00+00:00,120.0
2020-05-31 23:00:00+00:00,120.0
2020-06-01 00:00:00+00:00,120.0
2020-06-01 01:00:00+00:00,120.0
2020-06-01 02:00:00+00:00,120.0
2020-06-01 03:00:00+00:00,120.0
2020-06-01 04:00:00+00:00,120.0
2020-06-01 05:00:00+00:00,120.0
2020-06-01 06:00:00+00:00,163.12959022944648
2020-06-01 07:00:00+00:00,136.2710190626802
2020-06-01 08:00:00+00:00,136.2710190626802
2020-06-01 09:00:00+00:00,136.2710190626802
2020-06-01 10:00:00+00:00,136.2710190626802
2020-06-01 11:00:00+00:00,136.2710190626802
2020-06-01 12:00:00+00:00,136.2710190626802
2020-06-01 13:00:00+00:00,136.2710190626802
2020-06-01 14:00:00+00:00,136.2710190626802
2020-06-01 15:00:00+00:00,140.537280260915
2020-06-01 16:00:00+00:00,164.07005513126936
2020-06-01 17:00:00+00:00,179.31925419681326
2020-06-01 18:00:00+00:00,194.5830971795136
2020-06-01 19:00:00+00:00,199.2935571981595
2020-06-01 20:00:00+00:00,201.35509531340114
2020-06-01 21:00:00+00:00,201.35509531340114
2020-06-01 22:00:00+00:00,120.0
2020-06-01 23:00:00+00:00,120.0
2020-06-02 00:00:00+00:00,120.0
2020-06-02 01:00:00+00:00,120.0
2020-06-02 02:00:00+00:00,120.0
2020-06-02 03:00:00+00:00,120.0
2020-06-02 04:00:00+00:00,120.0
2020-06-02 05:00:00+00:00,120.0
2020-06-02 06:00:00+00:00,158.15330062796087
2020-06-02 07:00:00+00:00,135.24851150152307
2020-06-02 08:00:00+00:00,135.24851150152307
2020-06-02 09:00:00+00:00,135.24851150152307
2020-06-02 10:00:00+00:00,135.24851150152307
2020-06-02 11:00:00+00:00,135.24851150152307
2020-06-02 12:00:00+00:00,135.24851150152307
2020-06-02 13:00:00+00:00,135.24851150152307
2020-06-02 14:00:00+00:00,135.24851150152307
2020-06-02 15:00:00+00:00,135.24851150152307
2020-06-02 16:00:00+00:00,135.24851150152307
2020-06-02 17:00:00+00:00,161.88461139238356
2020-06-02 18:00:00+00:00,186.86777263647897
2020-06-02 19:00:00+00:00,192.7918193548207
2020-06-02 20:00:00+00:00,196.24255750761535
2020-06-02 21:00:00+00:00,196.24255750761535
2020-06-02 22:00:00+00:00,120.0
2020-06-02 23:00:00+00:00,120.0
2020-06-03 00:00:00+00:00,120.0
2020-06-03 01:00:00+00:00,120.0
2020-06-03 02:00:00+00:00,120.0
2020-06-03 03:00:00+00:00,120.0
2020-06-03 04:00:00+00:00,120.0
2020-06-03 05:00:00+00:00,120.0
2020-06-03 06:00:00+00:00,170.6622551539811
2020-06-03 07:00:00+00:00,137.24526912459703
2020-06-03 08:00:00+00:00,134.25700159110204
2020-06-03 09:00:00+00:00,134.25700159110204
2020-06-03 10:00:00+00:00,134.25700159110204
2020-06-03 11:00:00+00:00,134.25700159110204
2020-06-03 12:00:00+00:00,134.25700159110204
2020-06-03 13:00:00+00:00,134.25700159110204
2020-06-03 14:00:00+00:00,134.25700159110204
2020-06-03 15:00:00+00:00,134.25700159110204
2020-06-03 16:00:00+00:00,159.97948386176836
2020-06-03 17:00:00+00:00,170.6622551539811
2020-06-03 18:00:00+00:00,182.67377899448456
2020-06-03 19:00:00+00:00,188.70449066752076
2020-06-03 20:00:00+00:00,191.28500795551022
2020-06-03 21:00:00+00:00,191.28500795551022
2020-06-03 22:00:00+00:00,120.0
2020-06-03 23:00:00+00:00,120.0
2020-06-04 00:00:00+00:00,120.0
2020-06-04 01:00:00+00:00,120.0
2020-06-04 02:00:00+00:00,120.0
2020-06-04 03:00:00+00:00,120.0
2020-06-04 04:00:00+00:00,120.0
2020-06-04 05:00:00+00:00,120.0
2020-06-04 06:00:00+00:00,176.67221769548905
2020-06-04 07:00:00+00:00,166.86185139349433
2020-06-04 08:00:00+00:00,133.29678273515148
2020-06-04 09:00:00+00:00,154.88145014912283
2020-06-04 10:00:00+00:00,153.4919363532995
2020-06-04 11:00:00+00:00,143.5539209370473
2020-06-04 12:00:00+00:00,153.52783766668443
2020-06-04 13:00:00+00:00,147.0483154398451
2020-06-04 14:00:00+00:00,154.88145014912283
2020-06-04 15:00:00+00:00,166.1065941341377
2020-06-04 16:00:00+00:00,176.92485656745697
2020-06-04 17:00:00+00:00,171.34020781869336
2020-06-04 18:00:00+00:00,180.19453544203068
2020-06-04 19:00:00+00:00,184.67821058032376
2020-06-04 20:00:00+00:00,186.48391367575732
2020-06-04 21:00:00+00:00,186.48391367575732
2020-06-04 22:00:00+00:00,120.0
2020-06-04 23:00:00+00:00,120.0
2020-06-05 00:00:00+00:00,120.0
2020-06-05 01:00:00+00:00,120.0
2020-06-05 02:00:00+00:00,120.0
2020-06-05 03:00:00+00:00,120.0
2020-06-05 04:00:00+00:00,120.0
2020-06-05 05:00:00+00:00,120.0
2020-06-05 06:00:00+00:00,176.4580812627031
2020-06-05 07:00:00+00:00,174.2355266704082
2020-06-05 08:00:00+00:00,167.09911042247185
2020-06-05 09:00:00+00:00,166.7478552726601
2020-06-05 10:00:00+00:00,132.36813907787922
2020-06-05 11:00:00+00:00,146.08069487352392
2020-06-05 12:00:00+00:00,161.83399361701868
2020-06-05 13:00:00+00:00,149.04657462439937
2020-06-05 14:00:00+00:00,147.03056795470508
2020-06-05 15:00:00+00:00,132.36813907787922
2020-06-05 16:00:00+00:00,170.95920662867798
2020-06-05 17:00:00+00:00,155.8589456284952
2020-06-05 18:00:00+00:00,179.96815913300523
2020-06-05 19:00:00+00:00,179.37819889899038
2020-06-05 20:00:00+00:00,181.8406953893961
2020-06-05 21:00:00+00:00,181.8406953893961
2020-06-05 22:00:00+00:00,120.0
2020-06-05 23:00:00+00:00,120.0
2020-06-06 00:00:00+00:00,120.0
2020-06-06 01:00:00+00:00,120.0
2020-06-06 02:00:00+00:00,120.0
2020-06-06 03:00:00+00:00,120.0
2020-06-06 04:00:00+00:00,120.0
2020-06-06 05:00:00+00:00,120.0
2020-06-06 06:00:00+00:00,150.81432806689236
2020-06-06 07:00:00+00:00,150.00903961841652
2020-06-06 08:00:00+00:00,131.471345419884
2020-06-06 09:00:00+00:00,131.471345419884
2020-06-06 10:00:00+00:00,131.471345419884
2020-06-06 11:00:00+00:00,131.471345419884
2020-06-06 12:00:00+00:00,131.471345419884
2020-06-06 13:00:00+00:00,131.471345419884
2020-06-06 14:00:00+00:00,138.91166005922074
2020-06-06 15:00:00+00:00,157.06391705164515
2020-06-06 16:00:00+00:00,157.71548947149455
2020-06-06 17:00:00+00:00,174.10115926925684
2020-06-06 18:00:00+00:00,174.6437539076174
2020-06-06 19:00:00+00:00,176.94146439522012
2020-06-06 20:00:00+00:00,177.35672709941994
2020-06-06 21:00:00+00:00,177.35672709941994
2020-06-06 22:00:00+00:00,120.0
2020-06-06 23:00:00+00:00,120.0
2020-06-07 00:00:00+00:00,120.0
2020-06-07 01:00:00+00:00,120.0
2020-06-07 02:00:00+00:00,120.0
2020-06-07 03:00:00+00:00,120.0
2020-06-07 04:00:00+00:00,120.0
2020-06-07 05:00:00+00:00,120.0
2020-06-07 06:00:00+00:00,163.10019191053772
2020-06-07 07:00:00+00:00,130.60666713683716
2020-06-07 08:00:00+00:00,130.60666713683716
2020-06-07 09:00:00+00:00,130.60666713683716
2020-06-07 10:00:00+00:00,130.60666713683716
2020-06-07 11:00:00+00:00,142.16687364927594
2020-06-07 12:00:00+00:00,131.48065650891252
2020-06-07 13:00:00+00:00,156.07645693252417
2020-06-07 14:00:00+00:00,155.07306622137935
2020-06-07 15:00:00+00:00,138.00587813149474
2020-06-07 16:00:00+00:00,137.36947810328448
2020-06-07 17:00:00+00:00,161.72556784960364
2020-06-07 18:00:00+00:00,163.51597326230174
2020-06-07 19:00:00+00:00,172.36087298771022
2020-06-07 20:00:00+00:00,173.03333568418572
2020-06-07 21:00:00+00:00,173.03333568418572
2020-06-07 22:00:00+00:00,120.0
2020-06-07 23:00:00+00:00,120.0
2020-06-08 00:00:00+00:00,120.0
2020-06-08 01:00:00+00:00,120.0
2020-06-08 02:00:00+00:00,120.0
2020-06-08 03:00:00+00:00,120.0
2020-06-08 04:00:00+00:00,120.0
2020-06-08 05:00:00+00:00,120.0
2020-06-08 06:00:00+00:00,153.2298920352134
2020-06-08 07:00:00+00:00,144.4710879487485
2020-06-08 08:00:00+00:00,140.7226208500326
2020-06-08 09:00:00+00:00,129.77436010095403
2020-06-08 10:00:00+00:00,129.77436010095403
2020-06-08 11:00:00+00:00,129.77436010095403
2020-06-08 12:00:00+00:00,129.77436010095403
2020-06-08 13:00:00+00:00,129.77436010095403
2020-06-08 14:00:00+00:00,134.8609370974905
2020-06-08 15:00:00+00:00,139.92796537382506
2020-06-08 16:00:00+00:00,156.6665570467088
2020-06-08 17:00:00+00:00,158.88533678962537
2020-06-08 18:00:00+00:00,160.838253937796
2020-06-08 19:00:00+00:00,168.3410527512883
2020-06-08 20:00:00+00:00,168.8718005047701
2020-06-08 21:00:00+00:00,168.8718005047701
2020-06-08 22:00:00+00:00,120.0
2020-06-08 23:00:00+00:00,120.0
2020-06-09 00:00:00+00:00,120.0
2020-06-09 01:00:00+00:00,120.0
2020-06-09 02:00:00+00:00,120.0
2020-06-09 03:00:00+00:00,120.0
2020-06-09 04:00:00+00:00,120.0
2020-06-09 05:00:00+00:00,120.0
2020-06-09 06:00:00+00:00,158.08132231231153
2020-06-09 07:00:00+00:00,149.84885696609092
2020-06-09 08:00:00+00:00,129.99957798839966
2020-06-09 09:00:00+00:00,128.97467060527705
2020-06-09 10:00:00+00:00,137.4700938002323
2020-06-09 11:00:00+00:00,128.97467060527705
2020-06-09 12:00:00+00:00,128.97467060527705
2020-06-09 13:00:00+00:00,128.97467060527705
2020-06-09 14:00:00+00:00,128.97467060527705
2020-06-09 15:00:00+00:00,128.97467060527705
2020-06-09 16:00:00+00:00,128.97467060527705
2020-06-09 17:00:00+00:00,142.044483407742
2020-06-09 18:00:00+00:00,158.88724773266543
2020-06-09 19:00:00+00:00,162.274288419097
2020-06-09 20:00:00+00:00,164.87335302638522
2020-06-09 21:00:00+00:00,164.87335302638522
2020-06-09 22:00:00+00:00,120.0
2020-06-09 23:00:00+00:00,120.0
2020-06-10 00:00:00+00:00,120.0
2020-06-10 01:00:00+00:00,120.0
2020-06-10 02:00:00+00:00,120.0
2020-06-10 03:00:00+00:00,120.0
2020-06-10 04:00:00+00:00,120.0
2020-06-10 05:00:00+00:00,120.0
2020-06-10 06:00:00+00:00,141.4380449960242
2020-06-10 07:00:00+00:00,128.20783529079375
2020-06-10 08:00:00+00:00,128.20783529079375
2020-06-10 09:00:00+00:00,128.20783529079375
2020-06-10 10:00:00+00:00,128.20783529079375
2020-06-10 11:00:00+00:00,145.044567822799
2020-06-10 12:00:00+00:00,147.83933573931427
2020-06-10 13:00:00+00:00,155.13856366341716
2020-06-10 14:00:00+00:00,154.05102548738697
2020-06-10 15:00:00+00:00,152.65323113736477
2020-06-10 16:00:00+00:00,153.9738718356535
2020-06-10 17:00:00+00:00,155.91502488192626
2020-06-10 18:00:00+00:00,158.94289532070005
2020-06-10 19:00:00+00:00,160.1478055413886
2020-06-10 20:00:00+00:00,161.03917645396876
2020-06-10 21:00:00+00:00,161.03917645396876
2020-06-10 22:00:00+00:00,120.0
2020-06-10 23:00:00+00:00,120.0
2020-06-11 00:00:00+00:00,120.0
2020-06-11 01:00:00+00:00,120.0
2020-06-11 02:00:00+00:00,120.0
2020-06-11 03:00:00+00:00,120.0
2020-06-11 04:00:00+00:00,120.0
2020-06-11 05:00:00+00:00,120.0
2020-06-11 06:00:00+00:00,144.10166924710217
2020-06-11 07:00:00+00:00,128.560812464921
2020-06-11 08:00:00+00:00,128.0406164220028
2020-06-11 09:00:00+00:00,143.79523192296935
2020-06-11 10:00:00+00:00,147.04795200742333
2020-06-11 11:00:00+00:00,149.09809244668287
2020-06-11 12:00:00+00:00,141.3205636785697
2020-06-11 13:00:00+00:00,134.24559853163913
2020-06-11 14:00:00+00:00,139.89002456054465
2020-06-11 15:00:00+00:00,137.1911338838527
2020-06-11 16:00:00+00:00,141.53432239735503
2020-06-11 17:00:00+00:00,145.43878235167207
2020-06-11 18:00:00+00:00,150.55778048090588
2020-06-11 19:00:00+00:00,155.34119236980885
2020-06-11 20:00:00+00:00,157.37040538205443
2020-06-11 21:00:00+00:00,157.37040538205443
2020-06-11 22:00:00+00:00,120.0
2020-06-11 23:00:00+00:00,120.0
2020-06-12 00:00:00+00:00,120.0
2020-06-12 01:00:00+00:00,120.0
2020-06-12 02:00:00+00:00,120.0
2020-06-12 03:00:00+00:00,120.0
2020-06-12 04:00:00+00:00,120.0
2020-06-12 05:00:00+00:00,120.0
2020-06-12 06:00:00+00:00,138.06796756988192
2020-06-12 07:00:00+00:00,126.77362509180547
2020-06-12 08:00:00+00:00,126.77362509180547
2020-06-12 09:00:00+00:00,126.77362509180547
2020-06-12 10:00:00+00:00,126.77362509180547
2020-06-12 11:00:00+00:00,126.77362509180547
2020-06-12 12:00:00+00:00,126.77362509180547
2020-06-12 13:00:00+00:00,126.77362509180547
2020-06-12 14:00:00+00:00,145.53792132112497
2020-06-12 15:00:00+00:00,145.7946417121044
2020-06-12 16:00:00+00:00,149.06223845639136
2020-06-12 17:00:00+00:00,139.44233610100926
2020-06-12 18:00:00+00:00,149.29186434700358
2020-06-12 19:00:00+00:00,151.9064836324405
2020-06-12 20:00:00+00:00,153.86812545902737
2020-06-12 21:00:00+00:00,153.86812545902737
2020-06-12 22:00:00+00:00,120.0
2020-06-12 23:00:00+00:00,120.0
2020-06-13 00:00:00+00:00,120.0
2020-06-13 01:00:00+00:00,120.0
2020-06-13 02:00:00+00:00,120.0
2020-06-13 03:00:00+00:00,120.0
2020-06-13 04:00:00+00:00,120.0
2020-06-13 05:00:00+00:00,120.0
2020-06-13 06:00:00+00:00,136.00193015635747
2020-06-13 07:00:00+00:00,126.1066746131726
2020-06-13 08:00:00+00:00,126.1066746131726
2020-06-13 09:00:00+00:00,126.1066746131726
2020-06-13 10:00:00+00:00,126.1066746131726
2020-06-13 11:00:00+00:00,126.1066746131726
2020-06-13 12:00:00+00:00,126.1066746131726
2020-06-13 13:00:00+00:00,126.1066746131726
2020-06-13 14:00:00+00:00,126.1066746131726
2020-06-13 15:00:00+00:00,126.1066746131726
2020-06-13 16:00:00+00:00,126.1066746131726
2020-06-13 17:00:00+00:00,135.05295292147045
2020-06-13 18:00:00+00:00,145.89657503208105
2020-06-13 19:00:00+00:00,150.0356790848894
2020-06-13 20:00:00+00:00,150.53337306586297
2020-06-13 21:00:00+00:00,150.53337306586297
2020-06-13 22:00:00+00:00,120.0
2020-06-13 23:00:00+00:00,120.0
2020-06-14 00:00:00+00:00,120.0
2020-06-14 01:00:00+00:00,120.0
2020-06-14 02:00:00+00:00,120.0
2020-06-14 03:00:00+00:00,120.0
2020-06-14 04:00:00+00:00,120.0
2020-06-14 05:00:00+00:00,120.0
2020-06-14 06:00:00+00:00,138.84336713940363
2020-06-14 07:00:00+00:00,136.40002932576033
2020-06-14 08:00:00+00:00,125.47342700188909
2020-06-14 09:00:00+00:00,125.47342700188909
2020-06-14 10:00:00+00:00,125.47342700188909
2020-06-14 11:00:00+00:00,125.47342700188909
2020-06-14 12:00:00+00:00,127.57850702681566
2020-06-14 13:00:00+00:00,125.47342700188909
2020-06-14 14:00:00+00:00,125.47342700188909
2020-06-14 15:00:00+00:00,139.96268296128994
2020-06-14 16:00:00+00:00,139.08310324208637
2020-06-14 17:00:00+00:00,142.91450214340873
2020-06-14 18:00:00+00:00,142.43995602234494
2020-06-14 19:00:00+00:00,145.68296152096426
2020-06-14 20:00:00+00:00,147.36713500944552
2020-06-14 21:00:00+00:00,147.36713500944552
2020-06-14 22:00:00+00:00,120.0
2020-06-14 23:00:00+00:00,120.0
2020-06-15 00:00:00+00:00,120.0
2020-06-15 01:00:00+00:00,120.0
2020-06-15 02:00:00+00:00,120.0
2020-06-15 03:00:00+00:00,120.0
2020-06-15 04:00:00+00:00,120.0
2020-06-15 05:00:00+00:00,120.0
2020-06-15 06:00:00+00:00,137.56224774886746
2020-06-15 07:00:00+00:00,136.165339388292
2020-06-15 08:00:00+00:00,126.38893049212241
2020-06-15 09:00:00+00:00,124.8740696461111
2020-06-15 10:00:00+00:00,124.8740696461111
2020-06-15 11:00:00+00:00,124.8740696461111
2020-06-15 12:00:00+00:00,124.8740696461111
2020-06-15 13:00:00+00:00,124.8740696461111
2020-06-15 14:00:00+00:00,124.8740696461111
2020-06-15 15:00:00+00:00,124.8740696461111
2020-06-15 16:00:00+00:00,129.1963946082824
2020-06-15 17:00:00+00:00,138.6204082690382
2020-06-15 18:00:00+00:00,141.83436979368383
2020-06-15 19:00:00+00:00,144.1495528755866
2020-06-15 20:00:00+00:00,144.37034823055544
2020-06-15 21:00:00+00:00,144.37034823055544
2020-06-15 22:00:00+00:00,120.0
2020-06-15 23:00:00+00:00,120.0
2020-06-16 00:00:00+00:00,120.0
2020-06-16 01:00:00+00:00,120.0
2020-06-16 02:00:00+00:00,120.0
2020-06-16 03:00:00+00:00,120.0
2020-06-16 04:00:00+00:00,120.0
2020-06-16 05:00:00+00:00,120.0
2020-06-16 06:00:00+00:00,132.94831449348595
2020-06-16 07:00:00+00:00,125.22870441510939
2020-06-16 08:00:00+00:00,124.30877990532295
2020-06-16 09:00:00+00:00,124.30877990532295
2020-06-16 10:00:00+00:00,124.30877990532295
2020-06-16 11:00:00+00:00,133.3916879457437
2020-06-16 12:00:00+00:00,130.28204148807214
2020-06-16 13:00:00+00:00,124.30877990532295
2020-06-16 14:00:00+00:00,130.7232605503772
2020-06-16 15:00:00+00:00,126.14819804690529
2020-06-16 16:00:00+00:00,136.57113663788152
2020-06-16 17:00:00+00:00,139.46534410028693
2020-06-16 18:00:00+00:00,137.7021913630288
2020-06-16 19:00:00+00:00,141.11474504804454
2020-06-16 20:00:00+00:00,141.54389952661472
2020-06-16 21:00:00+00:00,141.54389952661472
2020-06-16 22:00:00+00:00,120.0
2020-06-16 23:00:00+00:00,120.0
2020-06-17 00:00:00+00:00,120.0
2020-06-17 01:00:00+00:00,120.0
2020-06-17 02:00:00+00:00,120.0
2020-06-17 03:00:00+00:00,120.0
2020-06-17 04:00:00+00:00,120.0
2020-06-17 05:00:00+00:00,120.0
2020-06-17 06:00:00+00:00,130.33510021327575
2020-06-17 07:00:00+00:00,123.77772505785354
2020-06-17 08:00:00+00:00,123.77772505785354
2020-06-17 09:00:00+00:00,123.77772505785354
2020-06-17 10:00:00+00:00,123.77772505785354
2020-06-17 11:00:00+00:00,123.77772505785354
2020-06-17 12:00:00+00:00,123.77772505785354
2020-06-17 13:00:00+00:00,123.77772505785354
2020-06-17 14:00:00+00:00,123.77772505785354
2020-06-17 15:00:00+00:00,123.77772505785354
2020-06-17 16:00:00+00:00,127.52107281768062
2020-06-17 17:00:00+00:00,134.33533327703685
2020-06-17 18:00:00+00:00,138.2811670999649
2020-06-17 19:00:00+00:00,138.71749434414698
2020-06-17 20:00:00+00:00,138.88862528926774
2020-06-17 21:00:00+00:00,138.88862528926774
2020-06-17 22:00:00+00:00,120.0
2020-06-17 23:00:00+00:00,120.0
2020-06-18 00:00:00+00:00,120.0
2020-06-18 01:00:00+00:00,120.0
2020-06-18 02:00:00+00:00,120.0
2020-06-18 03:00:00+00:00,120.0
2020-06-18 04:00:00+00:00,120.0
2020-06-18 05:00:00+00:00,120.0
2020-06-18 06:00:00+00:00,133.33259645846698
2020-06-18 07:00:00+00:00,131.12969126289303
2020-06-18 08:00:00+00:00,123.28106225137614
2020-06-18 09:00:00+00:00,123.28106225137614
2020-06-18 10:00:00+00:00,123.28106225137614
2020-06-18 11:00:00+00:00,123.28106225137614
2020-06-18 12:00:00+00:00,123.28106225137614
2020-06-18 13:00:00+00:00,123.28106225137614
2020-06-18 14:00:00+00:00,123.28106225137614
2020-06-18 15:00:00+00:00,123.28106225137614
2020-06-18 16:00:00+00:00,132.46344306807748
2020-06-18 17:00:00+00:00,135.2569394688991
2020-06-18 18:00:00+00:00,133.76077508227158
2020-06-18 19:00:00+00:00,135.84096854964406
2020-06-18 20:00:00+00:00,136.40531125688076
2020-06-18 21:00:00+00:00,136.40531125688076
2020-06-18 22:00:00+00:00,120.0
2020-06-18 23:00:00+00:00,120.0
2020-06-19 00:00:00+00:00,120.0
2020-06-19 01:00:00+00:00,120.0
2020-06-19 02:00:00+00:00,120.0
2020-06-19 03:00:00+00:00,120.0
2020-06-19 04:00:00+00:00,120.0
2020-06-19 05:00:00+00:00,120.0
2020-06-19 06:00:00+00:00,127.3921023142327
2020-06-19 07:00:00+00:00,122.81893845640572
2020-06-19 08:00:00+00:00,122.81893845640572
2020-06-19 09:00:00+00:00,122.81893845640572
2020-06-19 10:00:00+00:00,122.81893845640572
2020-06-19 11:00:00+00:00,122.81893845640572
2020-06-19 12:00:00+00:00,122.81893845640572
2020-06-19 13:00:00+00:00,122.81893845640572
2020-06-19 14:00:00+00:00,122.81893845640572
2020-06-19 15:00:00+00:00,125.03857059697957
2020-06-19 16:00:00+00:00,127.53474060012684
2020-06-19 17:00:00+00:00,129.49503040271136
2020-06-19 18:00:00+00:00,131.33185070090533
2020-06-19 19:00:00+00:00,133.22730491899253
2020-06-19 20:00:00+00:00,134.09469228202857
2020-06-19 21:00:00+00:00,134.09469228202857
2020-06-19 22:00:00+00:00,120.0
2020-06-19 23:00:00+00:00,120.0
2020-06-20 00:00:00+00:00,120.0
2020-06-20 01:00:00+00:00,120.0
2020-06-20 02:00:00+00:00,120.0
2020-06-20 03:00:00+00:00,120.0
2020-06-20 04:00:00+00:00,120.0
2020-06-20 05:00:00+00:00,120.0
2020-06-20 06:00:00+00:00,126.73802426626156
2020-06-20 07:00:00+00:00,123.19072652211045
2020-06-20 08:00:00+00:00,123.14480990599255
2020-06-20 09:00:00+00:00,122.391490422808
2020-06-20 10:00:00+00:00,122.391490422808
2020-06-20 11:00:00+00:00,122.391490422808
2020-06-20 12:00:00+00:00,122.391490422808
2020-06-20 13:00:00+00:00,122.391490422808
2020-06-20 14:00:00+00:00,122.391490422808
2020-06-20 15:00:00+00:00,122.391490422808
2020-06-20 16:00:00+00:00,122.391490422808
2020-06-20 17:00:00+00:00,125.65491825377183
2020-06-20 18:00:00+00:00,129.92492440369554
2020-06-20 19:00:00+00:00,131.22159051094204
2020-06-20 20:00:00+00:00,131.95745211404005
2020-06-20 21:00:00+00:00,131.95745211404005
2020-06-20 22:00:00+00:00,120.0
2020-06-20 23:00:00+00:00,120.0
2020-06-21 00:00:00+00:00,120.0
2020-06-21 01:00:00+00:00,120.0
2020-06-21 02:00:00+00:00,120.0
2020-06-21 03:00:00+00:00,120.0
2020-06-21 04:00:00+00:00,120.0
2020-06-21 05:00:00+00:00,120.0
2020-06-21 06:00:00+00:00,126.12246113027751
2020-06-21 07:00:00+00:00,123.79500643223797
2020-06-21 08:00:00+00:00,121.99884463933317
2020-06-21 09:00:00+00:00,121.99884463933317
2020-06-21 10:00:00+00:00,121.99884463933317
2020-06-21 11:00:00+00:00,121.99884463933317
2020-06-21 12:00:00+00:00,124.59954139956956
2020-06-21 13:00:00+00:00,127.91422546497577
2020-06-21 14:00:00+00:00,126.3827107023187
2020-06-21 15:00:00+00:00,123.2535194194426
2020-06-21 16:00:00+00:00,124.05265750624801
2020-06-21 17:00:00+00:00,125.0514801725228
2020-06-21 18:00:00+00:00,128.36216654865032
2020-06-21 19:00:00+00:00,129.3248101269532
2020-06-21 20:00:00+00:00,129.99422319666587
2020-06-21 21:00:00+00:00,129.99422319666587
2020-06-21 22:00:00+00:00,120.0
2020-06-21 23:00:00+00:00,120.0
2020-06-22 00:00:00+00:00,120.0
2020-06-22 01:00:00+00:00,120.0
2020-06-22 02:00:00+00:00,120.0
2020-06-22 03:00:00+00:00,120.0
2020-06-22 04:00:00+00:00,120.0
2020-06-22 05:00:00+00:00,120.0
2020-06-22 06:00:00+00:00,124.2875830480145
2020-06-22 07:00:00+00:00,121.64111729618561
2020-06-22 08:00:00+00:00,121.64111729618561
2020-06-22 09:00:00+00:00,121.64111729618561
2020-06-22 10:00:00+00:00,121.64111729618561
2020-06-22 11:00:00+00:00,121.64111729618561
2020-06-22 12:00:00+00:00,121.64111729618561
2020-06-22 13:00:00+00:00,121.64111729618561
2020-06-22 14:00:00+00:00,121.64111729618561
2020-06-22 15:00:00+00:00,121.64111729618561
2020-06-22 16:00:00+00:00,121.64111729618561
2020-06-22 17:00:00+00:00,123.82084928897932
2020-06-22 18:00:00+00:00,126.95554743642344
2020-06-22 19:00:00+00:00,127.65597629843546
2020-06-22 20:00:00+00:00,128.20558648092802
2020-06-22 21:00:00+00:00,128.20558648092802
2020-06-22 22:00:00+00:00,120.0
2020-06-22 23:00:00+00:00,120.0
2020-06-23 00:00:00+00:00,120.0
2020-06-23 01:00:00+00:00,120.0
2020-06-23 02:00:00+00:00,120.0
2020-06-23 03:00:00+00:00,120.0
2020-06-23 04:00:00+00:00,120.0
2020-06-23 05:00:00+00:00,120.0
2020-06-23 06:00:00+00:00,123.47494444041556
2020-06-23 07:00:00+00:00,121.31841425064141
2020-06-23 08:00:00+00:00,121.31841425064141
2020-06-23 09:00:00+00:00,121.31841425064141
2020-06-23 10:00:00+00:00,121.31841425064141
2020-06-23 11:00:00+00:00,121.31841425064141
2020-06-23 12:00:00+00:00,121.31841425064141
2020-06-23 13:00:00+00:00,121.31841425064141
2020-06-23 14:00:00+00:00,121.31841425064141
2020-06-23 15:00:00+00:00,121.31841425064141
2020-06-23 16:00:00+00:00,121.31841425064141
2020-06-23 17:00:00+00:00,123.17170916276804
2020-06-23 18:00:00+00:00,125.5586981635543
2020-06-23 19:00:00+00:00,126.1505343206672
2020-06-23 20:00:00+00:00,126.59207125320702
2020-06-23 21:00:00+00:00,126.59207125320702
2020-06-23 22:00:00+00:00,120.0
2020-06-23 23:00:00+00:00,120.0
2020-06-24 00:00:00+00:00,120.0
2020-06-24 01:00:00+00:00,120.0
2020-06-24 02:00:00+00:00,120.0
2020-06-24 03:00:00+00:00,120.0
2020-06-24 04:00:00+00:00,120.0
2020-06-24 05:00:00+00:00,120.0
2020-06-24 06:00:00+00:00,122.7678843066173
2020-06-24 07:00:00+00:00,121.03083099572356
2020-06-24 08:00:00+00:00,121.03083099572356
2020-06-24 09:00:00+00:00,121.03083099572356
2020-06-24 10:00:00+00:00,121.03083099572356
2020-06-24 11:00:00+00:00,121.03083099572356
2020-06-24 12:00:00+00:00,121.03083099572356
2020-06-24 13:00:00+00:00,121.03083099572356
2020-06-24 14:00:00+00:00,121.03083099572356
2020-06-24 15:00:00+00:00,121.03083099572356
2020-06-24 16:00:00+00:00,121.03083099572356
2020-06-24 17:00:00+00:00,122.4554394318135
2020-06-24 18:00:00+00:00,124.33485050321666
2020-06-24 19:00:00+00:00,124.81831024021099
2020-06-24 20:00:00+00:00,125.15415497861774
2020-06-24 21:00:00+00:00,125.15415497861774
2020-06-24 22:00:00+00:00,120.0
2020-06-24 23:00:00+00:00,120.0
2020-06-25 00:00:00+00:00,120.0
2020-06-25 01:00:00+00:00,120.0
2020-06-25 02:00:00+00:00,120.0
2020-06-25 03:00:00+00:00,120.0
2020-06-25 04:00:00+00:00,120.0
2020-06-25 05:00:00+00:00,120.0
2020-06-25 06:00:00+00:00,122.07706731255277
2020-06-25 07:00:00+00:00,120.77845263194392
2020-06-25 08:00:00+00:00,120.77845263194392
2020-06-25 09:00:00+00:00,120.77845263194392
2020-06-25 10:00:00+00:00,120.77845263194392
2020-06-25 11:00:00+00:00,120.77845263194392
2020-06-25 12:00:00+00:00,120.77845263194392
2020-06-25 13:00:00+00:00,120.77845263194392
2020-06-25 14:00:00+00:00,120.77845263194392
2020-06-25 15:00:00+00:00,120.77845263194392
2020-06-25 16:00:00+00:00,120.77845263194392
2020-06-25 17:00:00+00:00,121.89366387246677
2020-06-25 18:00:00+00:00,123.22544063519643
2020-06-25 19:00:00+00:00,123.63864329223227
2020-06-25 20:00:00+00:00,123.8922631597196
2020-06-25 21:00:00+00:00,123.8922631597196
2020-06-25 22:00:00+00:00,120.0
2020-06-25 23:00:00+00:00,120.0
2020-06-26 00:00:00+00:00,120.0
2020-06-26 01:00:00+00:00,120.0
2020-06-26 02:00:00+00:00,120.0
2020-06-26 03:00:00+00:00,120.0
2020-06-26 04:00:00+00:00,120.0
2020-06-26 05:00:00+00:00,120.0
2020-06-26 06:00:00+00:00,121.53109260438441
2020-06-26 07:00:00+00:00,120.56135384212077
2020-06-26 08:00:00+00:00,120.56135384212077
2020-06-26 09:00:00+00:00,120.56135384212077
2020-06-26 10:00:00+00:00,120.56135384212077
2020-06-26 11:00:00+00:00,120.56135384212077
2020-06-26 12:00:00+00:00,120.56135384212077
2020-06-26 13:00:00+00:00,120.56135384212077
2020-06-26 14:00:00+00:00,120.56135384212077
2020-06-26 15:00:00+00:00,120.56135384212077
2020-06-26 16:00:00+00:00,120.56135384212077
2020-06-26 17:00:00+00:00,121.72133542147915
2020-06-26 18:00:00+00:00,122.61557209197754
2020-06-26 19:00:00+00:00,122.69500366063764
2020-06-26 20:00:00+00:00,122.80676921060387
2020-06-26 21:00:00+00:00,122.80676921060387
2020-06-26 22:00:00+00:00,120.0
2020-06-26 23:00:00+00:00,120.0
2020-06-27 00:00:00+00:00,120.0
2020-06-27 01:00:00+00:00,120.0
2020-06-27 02:00:00+00:00,120.0
2020-06-27 03:00:00+00:00,120.0
2020-06-27 04:00:00+00:00,120.0
2020-06-27 05:00:00+00:00,120.0
2020-06-27 06:00:00+00:00,121.04268217413492
2020-06-27 07:00:00+00:00,121.25195503076831
2020-06-27 08:00:00+00:00,120.37959886927878
2020-06-27 09:00:00+00:00,121.29830405270727
2020-06-27 10:00:00+00:00,120.37959886927878
2020-06-27 11:00:00+00:00,120.89866236313057
2020-06-27 12:00:00+00:00,121.16905063771785
2020-06-27 13:00:00+00:00,121.15466384057217
2020-06-27 14:00:00+00:00,120.37959886927878
2020-06-27 15:00:00+00:00,120.37959886927878
2020-06-27 16:00:00+00:00,120.37959886927878
2020-06-27 17:00:00+00:00,121.66818519093249
2020-06-27 18:00:00+00:00,121.5271262511085
2020-06-27 19:00:00+00:00,121.84989916965623
2020-06-27 20:00:00+00:00,121.89799434639387
2020-06-27 21:00:00+00:00,121.89799434639387
2020-06-27 22:00:00+00:00,120.0
2020-06-27 23:00:00+00:00,120.0
2020-06-28 00:00:00+00:00,120.0
2020-06-28 01:00:00+00:00,120.0
2020-06-28 02:00:00+00:00,120.0
2020-06-28 03:00:00+00:00,120.0
2020-06-28 04:00:00+00:00,120.0
2020-06-28 05:00:00+00:00,120.0
2020-06-28 06:00:00+00:00,120.77440842045955
2020-06-28 07:00:00+00:00,120.52274084450754
2020-06-28 08:00:00+00:00,120.43371256485891
2020-06-28 09:00:00+00:00,120.23324149763855
2020-06-28 10:00:00+00:00,120.23324149763855
2020-06-28 11:00:00+00:00,120.23324149763855
2020-06-28 12:00:00+00:00,120.23324149763855
2020-06-28 13:00:00+00:00,120.23324149763855
2020-06-28 14:00:00+00:00,120.23324149763855
2020-06-28 15:00:00+00:00,120.23324149763855
2020-06-28 16:00:00+00:00,120.23324149763855
2020-06-28 17:00:00+00:00,120.53608225817247
2020-06-28 18:00:00+00:00,120.98766112175049
2020-06-28 19:00:00+00:00,121.09443907936942
2020-06-28 20:00:00+00:00,121.1662074881928
2020-06-28 21:00:00+00:00,121.1662074881928
2020-06-28 22:00:00+00:00,120.0
2020-06-28 23:00:00+00:00,120.0
2020-06-29 00:00:00+00:00,120.0
2020-06-29 01:00:00+00:00,120.0
2020-06-29 02:00:00+00:00,120.0
2020-06-29 03:00:00+00:00,120.0
2020-06-29 04:00:00+00:00,120.0
2020-06-29 05:00:00+00:00,120.0
2020-06-29 06:00:00+00:00,120.4901197245501
2020-06-29 07:00:00+00:00,120.12360944958641
2020-06-29 08:00:00+00:00,120.24209348013505
2020-06-29 09:00:00+00:00,120.36977635344361
2020-06-29 10:00:00+00:00,120.12232503670106
2020-06-29 11:00:00+00:00,120.12232503670106
2020-06-29 12:00:00+00:00,120.4600399980253
2020-06-29 13:00:00+00:00,120.4276360958032
2020-06-29 14:00:00+00:00,120.45656596698299
2020-06-29 15:00:00+00:00,120.12232503670106
2020-06-29 16:00:00+00:00,120.12232503670106
2020-06-29 17:00:00+00:00,120.37383754466207
2020-06-29 18:00:00+00:00,120.49216255266299
2020-06-29 19:00:00+00:00,120.57951486137121
2020-06-29 20:00:00+00:00,120.61162518350525
2020-06-29 21:00:00+00:00,120.61162518350525
2020-06-29 22:00:00+00:00,120.0
2020-06-29 23:00:00+00:00,120.0
2020-06-30 00:00:00+00:00,120.0
2020-06-30 01:00:00+00:00,120.0
2020-06-30 02:00:00+00:00,120.0
2020-06-30 03:00:00+00:00,120.0
2020-06-30 04:00:00+00:00,120.0
2020-06-30 05:00:00+00:00,120.0
2020-06-30 06:00:00+00:00,120.21135013464014
2020-06-30 07:00:00+00:00,120.04688230843152
2020-06-30 08:00:00+00:00,120.04688230843152
2020-06-30 09:00:00+00:00,120.11425687387847
2020-06-30 10:00:00+00:00,120.04688230843152
2020-06-30 11:00:00+00:00,120.04688230843152
2020-06-30 12:00:00+00:00,120.08160803428675
2020-06-30 13:00:00+00:00,120.16434124397585
2020-06-30 14:00:00+00:00,120.16699947086393
2020-06-30 15:00:00+00:00,120.1505906629129
2020-06-30 16:00:00+00:00,120.19538202038838
2020-06-30 17:00:00+00:00,120.21888880983595
2020-06-30 18:00:00+00:00,120.22376925814368
2020-06-30 19:00:00+00:00,120.22847155367934
2020-06-30 20:00:00+00:00,120.23441154215762
2020-06-30 21:00:00+00:00,120.23441154215762
2020-06-30 22:00:00+00:00,120.0
2020-06-30 23:00:00+00:00,120.0
2020-07-01 00:00:00+00:00,120.0
2020-07-01 01:00:00+00:00,120.0
2020-07-01 02:00:00+00:00,120.0
2020-07-01 03:00:00+00:00,120.0
2020-07-01 04:00:00+00:00,120.0
2020-07-01 05:00:00+00:00,120.0
2020-07-01 06:00:00+00:00,120.02778901895962
2020-07-01 07:00:00+00:00,120.0272639911973
2020-07-01 08:00:00+00:00,120.00693563754702
2020-07-01 09:00:00+00:00,120.00693563754702
2020-07-01 10:00:00+00:00,120.00693563754702
2020-07-01 11:00:00+00:00,120.00693563754702
2020-07-01 12:00:00+00:00,120.00693563754702
2020-07-01 13:00:00+00:00,120.00693563754702
2020-07-01 14:00:00+00:00,120.00693563754702
2020-07-01 15:00:00+00:00,120.00693563754702
2020-07-01 16:00:00+00:00,120.00981670138404
2020-07-01 17:00:00+00:00,120.01656577028105
2020-07-01 18:00:00+00:00,120.02899235207401
2020-07-01 19:00:00+00:00,120.03260651279977
2020-07-01 20:00:00+00:00,120.03467818773505
2020-07-01 21:00:00+00:00,120.03467818773505
2020-07-01 22:00:00+00:00,120.0
2020-07-01 23:00:00+00:00,120.0
2020-07-02 00:00:00+00:00,120.0
2020-07-02 01:00:00+00:00,120.0
2020-07-02 02:00:00+00:00,120.0
2020-07-02 03:00:00+00:00,120.0
2020-07-02 04:00:00+00:00,120.0
2020-07-02 05:00:00+00:00,120.0
2020-07-02 06:00:00+00:00,120.00975267621894
2020-07-02 07:00:00+00:00,120.00536671844982
2020-07-02 08:00:00+00:00,120.00269259755109
2020-07-02 09:00:00+00:00,120.00249684491011
2020-07-02 10:00:00+00:00,120.00249684491011
2020-07-02 11:00:00+00:00,120.00249684491011
2020-07-02 12:00:00+00:00,120.00249684491011
2020-07-02 13:00:00+00:00,120.00249684491011
2020-07-02 14:00:00+00:00,120.00249684491011
2020-07-02 15:00:00+00:00,120.00249684491011
2020-07-02 16:00:00+00:00,120.00249684491011
2020-07-02 17:00:00+00:00,120.00850675060877
2020-07-02 18:00:00+00:00,120.01019386871454
2020-07-02 19:00:00+00:00,120.01209996011893
2020-07-02 20:00:00+00:00,120.0124842245506
2020-07-02 21:00:00+00:00,120.0124842245506
2020-07-02 22:00:00+00:00,120.0
2020-07-02 23:00:00+00:00,120.0
2020-07-03 00:00:00+00:00,120.0
2020-07-03 01:00:00+00:00,120.0
2020-07-03 02:00:00+00:00,120.0
2020-07-03 03:00:00+00:00,120.0
2020-07-03 04:00:00+00:00,120.0
2020-07-03 05:00:00+00:00,120.0
2020-07-03 06:00:00+00:00,120.09965443407924
2020-07-03 07:00:00+00:00,120.05198894755522
2020-07-03 08:00:00+00:00,120.03356724403102
2020-07-03 09:00:00+00:00,120.11099680583732
2020-07-03 10:00:00+00:00,120.03356724403102
2020-07-03 11:00:00+00:00,120.03356724403102
2020-07-03 12:00:00+00:00,120.03356724403102
2020-07-03 13:00:00+00:00,120.03356724403102
2020-07-03 14:00:00+00:00,120.03356724403102
2020-07-03 15:00:00+00:00,120.03356724403102
2020-07-03 16:00:00+00:00,120.04286201390319
2020-07-03 17:00:00+00:00,120.09096387459962
2020-07-03 18:00:00+00:00,120.1397740041451
2020-07-03 19:00:00+00:00,120.1569000120497
2020-07-03 20:00:00+00:00,120.16783622015502
2020-07-03 21:00:00+00:00,120.16783622015502
2020-07-03 22:00:00+00:00,120.0
2020-07-03 23:00:00+00:00,120.0
2020-07-04 00:00:00+00:00,120.0
2020-07-04 01:00:00+00:00,120.0
2020-07-04 02:00:00+00:00,120.0
2020-07-04 03:00:00+00:00,120.0
2020-07-04 04:00:00+00:00,120.0
2020-07-04 05:00:00+00:00,120.0
2020-07-04 06:00:00+00:00,120.37983208485836
2020-07-04 07:00:00+00:00,120.44480138613069
2020-07-04 08:00:00+00:00,120.40880190430671
2020-07-04 09:00:00+00:00,120.35196377945748
2020-07-04 10:00:00+00:00,120.32543731844169
2020-07-04 11:00:00+00:00,120.30270607400765
2020-07-04 12:00:00+00:00,120.30554998300292
2020-07-04 13:00:00+00:00,120.35765159744804
2020-07-04 14:00:00+00:00,120.3585928912704
2020-07-04 15:00:00+00:00,120.3368129544228
2020-07-04 16:00:00+00:00,120.41069450571554
2020-07-04 17:00:00+00:00,120.44669398753953
2020-07-04 18:00:00+00:00,120.44195747713542
2020-07-04 19:00:00+00:00,120.49343823820834
2020-07-04 20:00:00+00:00,120.50068820339348
2020-07-04 21:00:00+00:00,120.50068820339348
2020-07-04 22:00:00+00:00,120.0
2020-07-04 23:00:00+00:00,120.0
2020-07-05 00:00:00+00:00,120.0
2020-07-05 01:00:00+00:00,120.0
2020-07-05 02:00:00+00:00,120.0
2020-07-05 03:00:00+00:00,120.0
2020-07-05 04:00:00+00:00,120.0
2020-07-05 05:00:00+00:00,120.0
2020-07-05 06:00:00+00:00,120.89235821917853
2020-07-05 07:00:00+00:00,120.80436585552464
2020-07-05 08:00:00+00:00,120.61667442358548
2020-07-05 09:00:00+00:00,120.38840379269105
2020-07-05 10:00:00+00:00,120.22734056455066
2020-07-05 11:00:00+00:00,120.27590620276222
2020-07-05 12:00:00+00:00,120.20218833560179
2020-07-05 13:00:00+00:00,120.20218833560179
2020-07-05 14:00:00+00:00,120.20218833560179
2020-07-05 15:00:00+00:00,120.28949325891466
2020-07-05 16:00:00+00:00,120.24527466991854
2020-07-05 17:00:00+00:00,120.52930884377196
2020-07-05 18:00:00+00:00,120.88255208490185
2020-07-05 19:00:00+00:00,120.99080371978305
2020-07-05 20:00:00+00:00,121.01094167800898
2020-07-05 21:00:00+00:00,121.01094167800898
2020-07-05 22:00:00+00:00,120.0
2020-07-05 23:00:00+00:00,120.0
2020-07-06 00:00:00+00:00,120.0
2020-07-06 01:00:00+00:00,120.0
2020-07-06 02:00:00+00:00,120.0
2020-07-06 03:00:00+00:00,120.0
2020-07-06 04:00:00+00:00,120.0
2020-07-06 05:00:00+00:00,120.0
2020-07-06 06:00:00+00:00,121.18181245342805
2020-07-06 07:00:00+00:00,121.02766152607165
2020-07-06 08:00:00+00:00,120.76413069874002
2020-07-06 09:00:00+00:00,120.33968913035787
2020-07-06 10:00:00+00:00,120.33968913035787
2020-07-06 11:00:00+00:00,120.33968913035787
2020-07-06 12:00:00+00:00,120.33968913035787
2020-07-06 13:00:00+00:00,120.96257708869508
2020-07-06 14:00:00+00:00,121.30318337970492
2020-07-06 15:00:00+00:00,120.75152823200375
2020-07-06 16:00:00+00:00,120.33968913035787
2020-07-06 17:00:00+00:00,120.86053447393557
2020-07-06 18:00:00+00:00,121.41151024337604
2020-07-06 19:00:00+00:00,121.59392330637822
2020-07-06 20:00:00+00:00,121.69844565178934
2020-07-06 21:00:00+00:00,121.69844565178934
2020-07-06 22:00:00+00:00,120.0
2020-07-06 23:00:00+00:00,120.0
2020-07-07 00:00:00+00:00,120.0
2020-07-07 01:00:00+00:00,120.0
2020-07-07 02:00:00+00:00,120.0
2020-07-07 03:00:00+00:00,120.0
2020-07-07 04:00:00+00:00,120.0
2020-07-07 05:00:00+00:00,120.0
2020-07-07 06:00:00+00:00,121.59859229002778
2020-07-07 07:00:00+00:00,120.51259933624954
2020-07-07 08:00:00+00:00,120.51259933624954
2020-07-07 09:00:00+00:00,120.51259933624954
2020-07-07 10:00:00+00:00,120.51259933624954
2020-07-07 11:00:00+00:00,120.51259933624954
2020-07-07 12:00:00+00:00,120.51259933624954
2020-07-07 13:00:00+00:00,120.51259933624954
2020-07-07 14:00:00+00:00,120.51259933624954
2020-07-07 15:00:00+00:00,120.51259933624954
2020-07-07 16:00:00+00:00,120.75198322627806
2020-07-07 17:00:00+00:00,122.32053719520162
2020-07-07 18:00:00+00:00,122.36902909241084
2020-07-07 19:00:00+00:00,122.41454791346979
2020-07-07 20:00:00+00:00,122.56299668124767
2020-07-07 21:00:00+00:00,122.56299668124767
2020-07-07 22:00:00+00:00,120.0
2020-07-07 23:00:00+00:00,120.0
2020-07-08 00:00:00+00:00,120.0
2020-07-08 01:00:00+00:00,120.0
2020-07-08 02:00:00+00:00,120.0
2020-07-08 03:00:00+00:00,120.0
2020-07-08 04:00:00+00:00,120.0
2020-07-08 05:00:00+00:00,120.0
2020-07-08 06:00:00+00:00,123.30431375914004
2020-07-08 07:00:00+00:00,123.16107732998933
2020-07-08 08:00:00+00:00,122.62914899043055
2020-07-08 09:00:00+00:00,122.37684526520279
2020-07-08 10:00:00+00:00,122.73828837328622
2020-07-08 11:00:00+00:00,121.28379344073748
2020-07-08 12:00:00+00:00,122.60874843207642
2020-07-08 13:00:00+00:00,122.31549941658314
2020-07-08 14:00:00+00:00,122.58827578694365
2020-07-08 15:00:00+00:00,122.67009428069608
2020-07-08 16:00:00+00:00,122.07465748915857
2020-07-08 17:00:00+00:00,122.76049110110627
2020-07-08 18:00:00+00:00,123.07089676991504
2020-07-08 19:00:00+00:00,123.38901572403793
2020-07-08 20:00:00+00:00,123.60433893182517
2020-07-08 21:00:00+00:00,123.60433893182517
2020-07-08 22:00:00+00:00,120.0
2020-07-08 23:00:00+00:00,120.0
2020-07-09 00:00:00+00:00,120.0
2020-07-09 01:00:00+00:00,120.0
2020-07-09 02:00:00+00:00,120.0
2020-07-09 03:00:00+00:00,120.0
2020-07-09 04:00:00+00:00,120.0
2020-07-09 05:00:00+00:00,120.0
2020-07-09 06:00:00+00:00,124.41160518904503
2020-07-09 07:00:00+00:00,124.01020823657568
2020-07-09 08:00:00+00:00,124.11050925305048
2020-07-09 09:00:00+00:00,123.3351052410722
2020-07-09 10:00:00+00:00,123.38072291491122
2020-07-09 11:00:00+00:00,123.23470778131234
2020-07-09 12:00:00+00:00,122.98839163123864
2020-07-09 13:00:00+00:00,123.42634058875025
2020-07-09 14:00:00+00:00,123.69995018849929
2020-07-09 15:00:00+00:00,123.58142139114591
2020-07-09 16:00:00+00:00,123.11540743767836
2020-07-09 17:00:00+00:00,123.75704461326187
2020-07-09 18:00:00+00:00,124.58491377231928
2020-07-09 19:00:00+00:00,124.76101921086061
2020-07-09 20:00:00+00:00,124.8221642535962
2020-07-09 21:00:00+00:00,124.8221642535962
2020-07-09 22:00:00+00:00,120.0
2020-07-09 23:00:00+00:00,120.0
2020-07-10 00:00:00+00:00,120.0
2020-07-10 01:00:00+00:00,120.0
2020-07-10 02:00:00+00:00,120.0
2020-07-10 03:00:00+00:00,120.0
2020-07-10 04:00:00+00:00,120.0
2020-07-10 05:00:00+00:00,120.0
2020-07-10 06:00:00+00:00,124.93832823372938
2020-07-10 07:00:00+00:00,124.72250481562973
2020-07-10 08:00:00+00:00,124.78130923772716
2020-07-10 09:00:00+00:00,122.10266213728073
2020-07-10 10:00:00+00:00,121.24322245449106
2020-07-10 11:00:00+00:00,121.24322245449106
2020-07-10 12:00:00+00:00,121.24322245449106
2020-07-10 13:00:00+00:00,121.24322245449106
2020-07-10 14:00:00+00:00,121.24322245449106
2020-07-10 15:00:00+00:00,121.24322245449106
2020-07-10 16:00:00+00:00,121.24322245449106
2020-07-10 17:00:00+00:00,123.26594538794801
2020-07-10 18:00:00+00:00,125.00334876809927
2020-07-10 19:00:00+00:00,125.85607504963467
2020-07-10 20:00:00+00:00,126.21611227245529
2020-07-10 21:00:00+00:00,126.21611227245529
2020-07-10 22:00:00+00:00,120.0
2020-07-10 23:00:00+00:00,120.0
2020-07-11 00:00:00+00:00,120.0
2020-07-11 01:00:00+00:00,120.0
2020-07-11 02:00:00+00:00,120.0
2020-07-11 03:00:00+00:00,120.0
2020-07-11 04:00:00+00:00,120.0
2020-07-11 05:00:00+00:00,120.0
2020-07-11 06:00:00+00:00,124.59609603964562
2020-07-11 07:00:00+00:00,124.34399279096064
2020-07-11 08:00:00+00:00,121.55715409935141
2020-07-11 09:00:00+00:00,121.55715409935141
2020-07-11 10:00:00+00:00,121.55715409935141
2020-07-11 11:00:00+00:00,121.55715409935141
2020-07-11 12:00:00+00:00,121.55715409935141
2020-07-11 13:00:00+00:00,121.55715409935141
2020-07-11 14:00:00+00:00,121.55715409935141
2020-07-11 15:00:00+00:00,121.55715409935141
2020-07-11 16:00:00+00:00,121.55715409935141
2020-07-11 17:00:00+00:00,123.84648205621785
2020-07-11 18:00:00+00:00,126.5669859831947
2020-07-11 19:00:00+00:00,127.33481866958488
2020-07-11 20:00:00+00:00,127.78577049675704
2020-07-11 21:00:00+00:00,127.78577049675704
2020-07-11 22:00:00+00:00,120.0
2020-07-11 23:00:00+00:00,120.0
2020-07-12 00:00:00+00:00,120.0
2020-07-12 01:00:00+00:00,120.0
2020-07-12 02:00:00+00:00,120.0
2020-07-12 03:00:00+00:00,120.0
2020-07-12 04:00:00+00:00,120.0
2020-07-12 05:00:00+00:00,120.0
2020-07-12 06:00:00+00:00,125.3507112437565
2020-07-12 07:00:00+00:00,121.90613488787594
2020-07-12 08:00:00+00:00,121.90613488787594
2020-07-12 09:00:00+00:00,121.90613488787594
2020-07-12 10:00:00+00:00,121.90613488787594
2020-07-12 11:00:00+00:00,121.90613488787594
2020-07-12 12:00:00+00:00,121.90613488787594
2020-07-12 13:00:00+00:00,121.90613488787594
2020-07-12 14:00:00+00:00,121.90613488787594
2020-07-12 15:00:00+00:00,121.90613488787594
2020-07-12 16:00:00+00:00,121.90613488787594
2020-07-12 17:00:00+00:00,124.96471892896163
2020-07-12 18:00:00+00:00,127.75091629456988
2020-07-12 19:00:00+00:00,128.99581298984165
2020-07-12 20:00:00+00:00,129.53067443937962
2020-07-12 21:00:00+00:00,129.53067443937962
2020-07-12 22:00:00+00:00,120.0
2020-07-12 23:00:00+00:00,120.0
2020-07-13 00:00:00+00:00,120.0
2020-07-13 01:00:00+00:00,120.0
2020-07-13 02:00:00+00:00,120.0
2020-07-13 03:00:00+00:00,120.0
2020-07-13 04:00:00+00:00,120.0
2020-07-13 05:00:00+00:00,120.0
2020-07-13 06:00:00+00:00,126.51522511269374
2020-07-13 07:00:00+00:00,122.29006155103471
2020-07-13 08:00:00+00:00,122.29006155103471
2020-07-13 09:00:00+00:00,122.29006155103471
2020-07-13 10:00:00+00:00,122.29006155103471
2020-07-13 11:00:00+00:00,122.29006155103471
2020-07-13 12:00:00+00:00,122.29006155103471
2020-07-13 13:00:00+00:00,122.29006155103471
2020-07-13 14:00:00+00:00,122.29006155103471
2020-07-13 15:00:00+00:00,122.29006155103471
2020-07-13 16:00:00+00:00,122.29006155103471
2020-07-13 17:00:00+00:00,125.30561460143721
2020-07-13 18:00:00+00:00,129.47054954430405
2020-07-13 19:00:00+00:00,130.87000615814136
2020-07-13 20:00:00+00:00,131.45030775517355
2020-07-13 21:00:00+00:00,131.45030775517355
2020-07-13 22:00:00+00:00,120.0
2020-07-13 23:00:00+00:00,120.0
2020-07-14 00:00:00+00:00,120.0
2020-07-14 01:00:00+00:00,120.0
2020-07-14 02:00:00+00:00,120.0
2020-07-14 03:00:00+00:00,120.0
2020-07-14 04:00:00+00:00,120.0
2020-07-14 05:00:00+00:00,120.0
2020-07-14 06:00:00+00:00,128.71508812628667
2020-07-14 07:00:00+00:00,131.26354643269593
2020-07-14 08:00:00+00:00,129.03418717868357
2020-07-14 09:00:00+00:00,128.803395673894
2020-07-14 10:00:00+00:00,129.70028613440851
2020-07-14 11:00:00+00:00,129.5209622187152
2020-07-14 12:00:00+00:00,129.44403171711866
2020-07-14 13:00:00+00:00,129.08538388573197
2020-07-14 14:00:00+00:00,123.61410828275004
2020-07-14 15:00:00+00:00,125.69258623609592
2020-07-14 16:00:00+00:00,130.8791648067611
2020-07-14 17:00:00+00:00,128.86705295514463
2020-07-14 18:00:00+00:00,132.82653584893546
2020-07-14 19:00:00+00:00,133.24992448976425
2020-07-14 20:00:00+00:00,133.54410239375667
2020-07-14 21:00:00+00:00,133.54410239375667
2020-07-14 22:00:00+00:00,120.0
2020-07-14 23:00:00+00:00,120.0
2020-07-15 00:00:00+00:00,120.0
2020-07-15 01:00:00+00:00,120.0
2020-07-15 02:00:00+00:00,120.0
2020-07-15 03:00:00+00:00,120.0
2020-07-15 04:00:00+00:00,120.0
2020-07-15 05:00:00+00:00,120.0
2020-07-15 06:00:00+00:00,129.7461708563546
2020-07-15 07:00:00+00:00,125.52641407805494
2020-07-15 08:00:00+00:00,123.16228775352194
2020-07-15 09:00:00+00:00,123.16228775352194
2020-07-15 10:00:00+00:00,123.16228775352194
2020-07-15 11:00:00+00:00,123.16228775352194
2020-07-15 12:00:00+00:00,123.16228775352194
2020-07-15 13:00:00+00:00,126.02099588270579
2020-07-15 14:00:00+00:00,123.16228775352194
2020-07-15 15:00:00+00:00,123.16228775352194
2020-07-15 16:00:00+00:00,123.78905318626998
2020-07-15 17:00:00+00:00,130.7239502297436
2020-07-15 18:00:00+00:00,133.4988577334591
2020-07-15 19:00:00+00:00,135.6969639509322
2020-07-15 20:00:00+00:00,135.8114387676097
2020-07-15 21:00:00+00:00,135.8114387676097
2020-07-15 22:00:00+00:00,120.0
2020-07-15 23:00:00+00:00,120.0
2020-07-16 00:00:00+00:00,120.0
2020-07-16 01:00:00+00:00,120.0
2020-07-16 02:00:00+00:00,120.0
2020-07-16 03:00:00+00:00,120.0
2020-07-16 04:00:00+00:00,120.0
2020-07-16 05:00:00+00:00,120.0
2020-07-16 06:00:00+00:00,135.1094425711794
2020-07-16 07:00:00+00:00,135.21274688717386
2020-07-16 08:00:00+00:00,125.57587783327126
2020-07-16 09:00:00+00:00,129.24701389672197
2020-07-16 10:00:00+00:00,129.61898244088587
2020-07-16 11:00:00+00:00,123.65032918708431
2020-07-16 12:00:00+00:00,124.4990307230814
2020-07-16 13:00:00+00:00,126.11941184922813
2020-07-16 14:00:00+00:00,123.65032918708431
2020-07-16 15:00:00+00:00,126.73412728433313
2020-07-16 16:00:00+00:00,128.21032040759002
2020-07-16 17:00:00+00:00,132.82652669757684
2020-07-16 18:00:00+00:00,135.71941257834115
2020-07-16 19:00:00+00:00,137.82200219010173
2020-07-16 20:00:00+00:00,138.25164593542155
2020-07-16 21:00:00+00:00,138.25164593542155
2020-07-16 22:00:00+00:00,120.0
2020-07-16 23:00:00+00:00,120.0
2020-07-17 00:00:00+00:00,120.0
2020-07-17 01:00:00+00:00,120.0
2020-07-17 02:00:00+00:00,120.0
2020-07-17 03:00:00+00:00,120.0
2020-07-17 04:00:00+00:00,120.0
2020-07-17 05:00:00+00:00,120.0
2020-07-17 06:00:00+00:00,137.8641756217373
2020-07-17 07:00:00+00:00,134.98285697306997
2020-07-17 08:00:00+00:00,134.98243969303397
2020-07-17 09:00:00+00:00,130.48082266452957
2020-07-17 10:00:00+00:00,134.58769277896602
2020-07-17 11:00:00+00:00,131.7455984536839
2020-07-17 12:00:00+00:00,124.17280036012643
2020-07-17 13:00:00+00:00,124.17280036012643
2020-07-17 14:00:00+00:00,124.17280036012643
2020-07-17 15:00:00+00:00,124.17280036012643
2020-07-17 16:00:00+00:00,124.17280036012643
2020-07-17 17:00:00+00:00,130.17328727798824
2020-07-17 18:00:00+00:00,137.6117211999496
2020-07-17 19:00:00+00:00,139.91969707913557
2020-07-17 20:00:00+00:00,140.86400180063217
2020-07-17 21:00:00+00:00,140.86400180063217
2020-07-17 22:00:00+00:00,120.0
2020-07-17 23:00:00+00:00,120.0
2020-07-18 00:00:00+00:00,120.0
2020-07-18 01:00:00+00:00,120.0
2020-07-18 02:00:00+00:00,120.0
2020-07-18 03:00:00+00:00,120.0
2020-07-18 04:00:00+00:00,120.0
2020-07-18 05:00:00+00:00,120.0
2020-07-18 06:00:00+00:00,134.78787355752573
2020-07-18 07:00:00+00:00,125.40019638212264
2020-07-18 08:00:00+00:00,124.72954666502245
2020-07-18 09:00:00+00:00,124.72954666502245
2020-07-18 10:00:00+00:00,124.72954666502245
2020-07-18 11:00:00+00:00,124.72954666502245
2020-07-18 12:00:00+00:00,124.72954666502245
2020-07-18 13:00:00+00:00,124.72954666502245
2020-07-18 14:00:00+00:00,124.72954666502245
2020-07-18 15:00:00+00:00,124.72954666502245
2020-07-18 16:00:00+00:00,136.44226898095056
2020-07-18 17:00:00+00:00,136.73928451151397
2020-07-18 18:00:00+00:00,139.9705107930573
2020-07-18 19:00:00+00:00,142.5774369148177
2020-07-18 20:00:00+00:00,143.64773332511226
2020-07-18 21:00:00+00:00,143.64773332511226
2020-07-18 22:00:00+00:00,120.0
2020-07-18 23:00:00+00:00,120.0
2020-07-19 00:00:00+00:00,120.0
2020-07-19 01:00:00+00:00,120.0
2020-07-19 02:00:00+00:00,120.0
2020-07-19 03:00:00+00:00,120.0
2020-07-19 04:00:00+00:00,120.0
2020-07-19 05:00:00+00:00,120.0
2020-07-19 06:00:00+00:00,143.22994511368407
2020-07-19 07:00:00+00:00,132.9019781275901
2020-07-19 08:00:00+00:00,125.32040335158355
2020-07-19 09:00:00+00:00,125.32040335158355
2020-07-19 10:00:00+00:00,125.32040335158355
2020-07-19 11:00:00+00:00,125.32040335158355
2020-07-19 12:00:00+00:00,125.32040335158355
2020-07-19 13:00:00+00:00,128.40676933583714
2020-07-19 14:00:00+00:00,135.1769826007272
2020-07-19 15:00:00+00:00,131.7000990104674
2020-07-19 16:00:00+00:00,132.83866532770625
2020-07-19 17:00:00+00:00,139.47427238780125
2020-07-19 18:00:00+00:00,142.23024132392155
2020-07-19 19:00:00+00:00,146.4094181565904
2020-07-19 20:00:00+00:00,146.60201675791774
2020-07-19 21:00:00+00:00,146.60201675791774
2020-07-19 22:00:00+00:00,120.0
2020-07-19 23:00:00+00:00,120.0
2020-07-20 00:00:00+00:00,120.0
2020-07-20 01:00:00+00:00,120.0
2020-07-20 02:00:00+00:00,120.0
2020-07-20 03:00:00+00:00,120.0
2020-07-20 04:00:00+00:00,120.0
2020-07-20 05:00:00+00:00,120.0
2020-07-20 06:00:00+00:00,137.4366641042937
2020-07-20 07:00:00+00:00,125.9451955758102
2020-07-20 08:00:00+00:00,125.9451955758102
2020-07-20 09:00:00+00:00,125.9451955758102
2020-07-20 10:00:00+00:00,125.9451955758102
2020-07-20 11:00:00+00:00,125.9451955758102
2020-07-20 12:00:00+00:00,125.9451955758102
2020-07-20 13:00:00+00:00,125.9451955758102
2020-07-20 14:00:00+00:00,125.9451955758102
2020-07-20 15:00:00+00:00,125.9451955758102
2020-07-20 16:00:00+00:00,125.9451955758102
2020-07-20 17:00:00+00:00,134.10557102316724
2020-07-20 18:00:00+00:00,145.40263165632177
2020-07-20 19:00:00+00:00,148.32707336006283
2020-07-20 20:00:00+00:00,149.725977879051
2020-07-20 21:00:00+00:00,149.725977879051
2020-07-20 22:00:00+00:00,120.0
2020-07-20 23:00:00+00:00,120.0
2020-07-21 00:00:00+00:00,120.0
2020-07-21 01:00:00+00:00,120.0
2020-07-21 02:00:00+00:00,120.0
2020-07-21 03:00:00+00:00,120.0
2020-07-21 04:00:00+00:00,120.0
2020-07-21 05:00:00+00:00,120.0
2020-07-21 06:00:00+00:00,139.63819740746123
2020-07-21 07:00:00+00:00,127.77458127910556
2020-07-21 08:00:00+00:00,126.60373845163132
2020-07-21 09:00:00+00:00,126.60373845163132
2020-07-21 10:00:00+00:00,126.60373845163132
2020-07-21 11:00:00+00:00,126.60373845163132
2020-07-21 12:00:00+00:00,126.60373845163132
2020-07-21 13:00:00+00:00,126.60373845163132
2020-07-21 14:00:00+00:00,126.60373845163132
2020-07-21 15:00:00+00:00,126.60373845163132
2020-07-21 16:00:00+00:00,126.60373845163132
2020-07-21 17:00:00+00:00,135.82916106856027
2020-07-21 18:00:00+00:00,148.2415478622465
2020-07-21 19:00:00+00:00,151.64379391252697
2020-07-21 20:00:00+00:00,153.0186922581566
2020-07-21 21:00:00+00:00,153.0186922581566
2020-07-21 22:00:00+00:00,120.0
2020-07-21 23:00:00+00:00,120.0
2020-07-22 00:00:00+00:00,120.0
2020-07-22 01:00:00+00:00,120.0
2020-07-22 02:00:00+00:00,120.0
2020-07-22 03:00:00+00:00,120.0
2020-07-22 04:00:00+00:00,120.0
2020-07-22 05:00:00+00:00,120.0
2020-07-22 06:00:00+00:00,142.24281858388858
2020-07-22 07:00:00+00:00,127.86272364872133
2020-07-22 08:00:00+00:00,127.29583710561505
2020-07-22 09:00:00+00:00,127.29583710561505
2020-07-22 10:00:00+00:00,127.29583710561505
2020-07-22 11:00:00+00:00,127.29583710561505
2020-07-22 12:00:00+00:00,127.29583710561505
2020-07-22 13:00:00+00:00,127.29583710561505
2020-07-22 14:00:00+00:00,127.29583710561505
2020-07-22 15:00:00+00:00,127.29583710561505
2020-07-22 16:00:00+00:00,127.29583710561505
2020-07-22 17:00:00+00:00,137.9521367820764
2020-07-22 18:00:00+00:00,151.42973666727903
2020-07-22 19:00:00+00:00,154.96019224268613
2020-07-22 20:00:00+00:00,156.47918552807522
2020-07-22 21:00:00+00:00,156.47918552807522
2020-07-22 22:00:00+00:00,120.0
2020-07-22 23:00:00+00:00,120.0
2020-07-23 00:00:00+00:00,120.0
2020-07-23 01:00:00+00:00,120.0
2020-07-23 02:00:00+00:00,120.0
2020-07-23 03:00:00+00:00,120.0
2020-07-23 04:00:00+00:00,120.0
2020-07-23 05:00:00+00:00,120.0
2020-07-23 06:00:00+00:00,144.44807983849344
2020-07-23 07:00:00+00:00,128.02128673463483
2020-07-23 08:00:00+00:00,128.02128673463483
2020-07-23 09:00:00+00:00,128.02128673463483
2020-07-23 10:00:00+00:00,128.02128673463483
2020-07-23 11:00:00+00:00,128.02128673463483
2020-07-23 12:00:00+00:00,128.02128673463483
2020-07-23 13:00:00+00:00,128.02128673463483
2020-07-23 14:00:00+00:00,128.02128673463483
2020-07-23 15:00:00+00:00,128.02128673463483
2020-07-23 16:00:00+00:00,133.9786963924481
2020-07-23 17:00:00+00:00,146.9274595681691
2020-07-23 18:00:00+00:00,153.49689340383497
2020-07-23 19:00:00+00:00,159.6708778034834
2020-07-23 20:00:00+00:00,160.10643367317405
2020-07-23 21:00:00+00:00,160.10643367317405
2020-07-23 22:00:00+00:00,120.0
2020-07-23 23:00:00+00:00,120.0
2020-07-24 00:00:00+00:00,120.0
2020-07-24 01:00:00+00:00,120.0
2020-07-24 02:00:00+00:00,120.0
2020-07-24 03:00:00+00:00,120.0
2020-07-24 04:00:00+00:00,120.0
2020-07-24 05:00:00+00:00,120.0
2020-07-24 06:00:00+00:00,156.2863357432707
2020-07-24 07:00:00+00:00,152.02195158916425
2020-07-24 08:00:00+00:00,141.35879623573146
2020-07-24 09:00:00+00:00,144.524818319262
2020-07-24 10:00:00+00:00,131.95028468633782
2020-07-24 11:00:00+00:00,128.77987266647406
2020-07-24 12:00:00+00:00,128.77987266647406
2020-07-24 13:00:00+00:00,128.77987266647406
2020-07-24 14:00:00+00:00,128.77987266647406
2020-07-24 15:00:00+00:00,128.77987266647406
2020-07-24 16:00:00+00:00,129.33388263172859
2020-07-24 17:00:00+00:00,148.70140374670373
2020-07-24 18:00:00+00:00,158.32063224009272
2020-07-24 19:00:00+00:00,162.548140929
2020-07-24 20:00:00+00:00,163.89936333237034
2020-07-24 21:00:00+00:00,163.89936333237034
2020-07-24 22:00:00+00:00,120.0
2020-07-24 23:00:00+00:00,120.0
2020-07-25 00:00:00+00:00,120.0
2020-07-25 01:00:00+00:00,120.0
2020-07-25 02:00:00+00:00,120.0
2020-07-25 03:00:00+00:00,120.0
2020-07-25 04:00:00+00:00,120.0
2020-07-25 05:00:00+00:00,120.0
2020-07-25 06:00:00+00:00,165.41232411063166
2020-07-25 07:00:00+00:00,158.3496098752409
2020-07-25 08:00:00+00:00,158.07778295521774
2020-07-25 09:00:00+00:00,158.16871097423953
2020-07-25 10:00:00+00:00,158.07778295521774
2020-07-25 11:00:00+00:00,140.38127617948382
2020-07-25 12:00:00+00:00,129.5713704233511
2020-07-25 13:00:00+00:00,146.30786874562284
2020-07-25 14:00:00+00:00,131.0731184427749
2020-07-25 15:00:00+00:00,144.28735244925343
2020-07-25 16:00:00+00:00,150.2407448525778
2020-07-25 17:00:00+00:00,158.0969256960644
2020-07-25 18:00:00+00:00,165.68415103065485
2020-07-25 19:00:00+00:00,167.5103685074302
2020-07-25 20:00:00+00:00,167.85685211675553
2020-07-25 21:00:00+00:00,167.85685211675553
2020-07-25 22:00:00+00:00,120.0
2020-07-25 23:00:00+00:00,120.0
2020-07-26 00:00:00+00:00,120.0
2020-07-26 01:00:00+00:00,120.0
2020-07-26 02:00:00+00:00,120.0
2020-07-26 03:00:00+00:00,120.0
2020-07-26 04:00:00+00:00,120.0
2020-07-26 05:00:00+00:00,120.0
2020-07-26 06:00:00+00:00,156.49876126288174
2020-07-26 07:00:00+00:00,139.7983169539044
2020-07-26 08:00:00+00:00,130.3955457883457
2020-07-26 09:00:00+00:00,130.3955457883457
2020-07-26 10:00:00+00:00,130.3955457883457
2020-07-26 11:00:00+00:00,130.3955457883457
2020-07-26 12:00:00+00:00,130.3955457883457
2020-07-26 13:00:00+00:00,130.3955457883457
2020-07-26 14:00:00+00:00,130.3955457883457
2020-07-26 15:00:00+00:00,130.3955457883457
2020-07-26 16:00:00+00:00,130.3955457883457
2020-07-26 17:00:00+00:00,146.28305841667444
2020-07-26 18:00:00+00:00,164.19146514625757
2020-07-26 19:00:00+00:00,170.28429453280697
2020-07-26 20:00:00+00:00,171.97772894172851
2020-07-26 21:00:00+00:00,171.97772894172851
2020-07-26 22:00:00+00:00,120.0
2020-07-26 23:00:00+00:00,120.0
2020-07-27 00:00:00+00:00,120.0
2020-07-27 01:00:00+00:00,120.0
2020-07-27 02:00:00+00:00,120.0
2020-07-27 03:00:00+00:00,120.0
2020-07-27 04:00:00+00:00,120.0
2020-07-27 05:00:00+00:00,120.0
2020-07-27 06:00:00+00:00,172.5351858945225
2020-07-27 07:00:00+00:00,163.16776696132834
2020-07-27 08:00:00+00:00,147.99086046632272
2020-07-27 09:00:00+00:00,136.08833103985697
2020-07-27 10:00:00+00:00,165.08400893649107
2020-07-27 11:00:00+00:00,163.16776696132834
2020-07-27 12:00:00+00:00,157.100605052886
2020-07-27 13:00:00+00:00,146.48757257506176
2020-07-27 14:00:00+00:00,137.97531741234545
2020-07-27 15:00:00+00:00,131.25215487470763
2020-07-27 16:00:00+00:00,131.25215487470763
2020-07-27 17:00:00+00:00,149.7270679634901
2020-07-27 18:00:00+00:00,171.7902932418168
2020-07-27 19:00:00+00:00,174.52906773832066
2020-07-27 20:00:00+00:00,176.26077437353814
2020-07-27 21:00:00+00:00,176.26077437353814
2020-07-27 22:00:00+00:00,120.0
2020-07-27 23:00:00+00:00,120.0
2020-07-28 00:00:00+00:00,120.0
2020-07-28 01:00:00+00:00,120.0
2020-07-28 02:00:00+00:00,120.0
2020-07-28 03:00:00+00:00,120.0
2020-07-28 04:00:00+00:00,120.0
2020-07-28 05:00:00+00:00,120.0
2020-07-28 06:00:00+00:00,157.7182713400096
2020-07-28 07:00:00+00:00,140.73673269022964
2020-07-28 08:00:00+00:00,132.14094419802672
2020-07-28 09:00:00+00:00,136.33199813518553
2020-07-28 10:00:00+00:00,132.14094419802672
2020-07-28 11:00:00+00:00,132.14094419802672
2020-07-28 12:00:00+00:00,132.14094419802672
2020-07-28 13:00:00+00:00,132.14458648128613
2020-07-28 14:00:00+00:00,135.8633576891417
2020-07-28 15:00:00+00:00,132.14094419802672
2020-07-28 16:00:00+00:00,142.39761385651968
2020-07-28 17:00:00+00:00,153.70083290488256
2020-07-28 18:00:00+00:00,172.4476648410556
2020-07-28 19:00:00+00:00,179.8257166301965
2020-07-28 20:00:00+00:00,180.70472099013358
2020-07-28 21:00:00+00:00,180.70472099013358
2020-07-28 22:00:00+00:00,120.0
2020-07-28 23:00:00+00:00,120.0
2020-07-29 00:00:00+00:00,120.0
2020-07-29 01:00:00+00:00,120.0
2020-07-29 02:00:00+00:00,120.0
2020-07-29 03:00:00+00:00,120.0
2020-07-29 04:00:00+00:00,120.0
2020-07-29 05:00:00+00:00,120.0
2020-07-29 06:00:00+00:00,162.13035449813412
2020-07-29 07:00:00+00:00,138.79832776118886
2020-07-29 08:00:00+00:00,133.06165075124295
2020-07-29 09:00:00+00:00,133.06165075124295
2020-07-29 10:00:00+00:00,133.06165075124295
2020-07-29 11:00:00+00:00,133.06165075124295
2020-07-29 12:00:00+00:00,133.06165075124295
2020-07-29 13:00:00+00:00,133.06165075124295
2020-07-29 14:00:00+00:00,133.06165075124295
2020-07-29 15:00:00+00:00,133.06165075124295
2020-07-29 16:00:00+00:00,133.06165075124295
2020-07-29 17:00:00+00:00,152.59012478942626
2020-07-29 18:00:00+00:00,177.3824440803605
2020-07-29 19:00:00+00:00,183.6533426060322
2020-07-29 20:00:00+00:00,185.3082537562147
2020-07-29 21:00:00+00:00,185.3082537562147
2020-07-29 22:00:00+00:00,120.0
2020-07-29 23:00:00+00:00,120.0
2020-07-30 00:00:00+00:00,120.0
2020-07-30 01:00:00+00:00,120.0
2020-07-30 02:00:00+00:00,120.0
2020-07-30 03:00:00+00:00,120.0
2020-07-30 04:00:00+00:00,120.0
2020-07-30 05:00:00+00:00,120.0
2020-07-30 06:00:00+00:00,164.79155345600492
2020-07-30 07:00:00+00:00,136.52390985544565
2020-07-30 08:00:00+00:00,134.01400208247446
2020-07-30 09:00:00+00:00,134.01400208247446
2020-07-30 10:00:00+00:00,134.01400208247446
2020-07-30 11:00:00+00:00,134.01400208247446
2020-07-30 12:00:00+00:00,134.01400208247446
2020-07-30 13:00:00+00:00,134.01400208247446
2020-07-30 14:00:00+00:00,134.01400208247446
2020-07-30 15:00:00+00:00,134.01400208247446
2020-07-30 16:00:00+00:00,134.01400208247446
2020-07-30 17:00:00+00:00,156.96893749356767
2020-07-30 18:00:00+00:00,181.18793589250004
2020-07-30 19:00:00+00:00,188.80174322390843
2020-07-30 20:00:00+00:00,190.0700104123724
2020-07-30 21:00:00+00:00,190.0700104123724
2020-07-30 22:00:00+00:00,120.0
2020-07-30 23:00:00+00:00,120.0
2020-07-31 00:00:00+00:00,120.0
2020-07-31 01:00:00+00:00,120.0
2020-07-31 02:00:00+00:00,120.0
2020-07-31 03:00:00+00:00,120.0
2020-07-31 04:00:00+00:00,120.0
2020-07-31 05:00:00+00:00,120.0
2020-07-31 06:00:00+00:00,167.18881480431537
2020-07-31 07:00:00+00:00,135.25717686893913
2020-07-31 08:00:00+00:00,134.99771637564052
2020-07-31 09:00:00+00:00,134.99771637564052
2020-07-31 10:00:00+00:00,134.99771637564052
2020-07-31 11:00:00+00:00,134.99771637564052
2020-07-31 12:00:00+00:00,134.99771637564052
2020-07-31 13:00:00+00:00,134.99771637564052
2020-07-31 14:00:00+00:00,134.99771637564052
2020-07-31 15:00:00+00:00,134.99771637564052
2020-07-31 16:00:00+00:00,134.99771637564052
2020-07-31 17:00:00+00:00,159.1770347164482
2020-07-31 18:00:00+00:00,185.7004961267685
2020-07-31 19:00:00+00:00,194.4456645454045
2020-07-31 20:00:00+00:00,194.98858187820267
2020-07-31 21:00:00+00:00,194.98858187820267
2020-07-31 22:00:00+00:00,120.0
2020-07-31 23:00:00+00:00,120.0
2020-08-01 00:00:00+00:00,120.0
2020-08-01 01:00:00+00:00,120.0
2020-08-01 02:00:00+00:00,120.0
2020-08-01 03:00:00+00:00,120.0
2020-08-01 04:00:00+00:00,120.0
2020-08-01 05:00:00+00:00,120.0
2020-08-01 06:00:00+00:00,174.22633983090122
2020-08-01 07:00:00+00:00,166.3369798324707
2020-08-01 08:00:00+00:00,136.01250253385538
2020-08-01 09:00:00+00:00,136.01250253385538
2020-08-01 10:00:00+00:00,144.93627019597298
2020-08-01 11:00:00+00:00,163.5572093925934
2020-08-01 12:00:00+00:00,145.81215408457484
2020-08-01 13:00:00+00:00,136.01250253385538
2020-08-01 14:00:00+00:00,136.01250253385538
2020-08-01 15:00:00+00:00,136.01250253385538
2020-08-01 16:00:00+00:00,136.01250253385538
2020-08-01 17:00:00+00:00,163.40669186877517
2020-08-01 18:00:00+00:00,191.2027950172947
2020-08-01 19:00:00+00:00,200.06251266927688
2020-08-01 20:00:00+00:00,200.06251266927688
2020-08-01 21:00:00+00:00,200.06251266927688
2020-08-01 22:00:00+00:00,120.0
2020-08-01 23:00:00+00:00,120.0
2020-08-02 00:00:00+00:00,120.0
2020-08-02 01:00:00+00:00,120.0
2020-08-02 02:00:00+00:00,120.0
2020-08-02 03:00:00+00:00,120.0
2020-08-02 04:00:00+00:00,120.0
2020-08-02 05:00:00+00:00,120.0
2020-08-02 06:00:00+00:00,183.5395686832157
2020-08-02 07:00:00+00:00,159.30347665789614
2020-08-02 08:00:00+00:00,137.0580602655684
2020-08-02 09:00:00+00:00,137.0580602655684
2020-08-02 10:00:00+00:00,137.0580602655684
2020-08-02 11:00:00+00:00,137.0580602655684
2020-08-02 12:00:00+00:00,137.0580602655684
2020-08-02 13:00:00+00:00,137.0580602655684
2020-08-02 14:00:00+00:00,137.0580602655684
2020-08-02 15:00:00+00:00,137.0580602655684
2020-08-02 16:00:00+00:00,137.0580602655684
2020-08-02 17:00:00+00:00,165.36420547025259
2020-08-02 18:00:00+00:00,195.15099030598813
2020-08-02 19:00:00+00:00,205.29030132784195
2020-08-02 20:00:00+00:00,205.29030132784195
2020-08-02 21:00:00+00:00,205.29030132784195
2020-08-02 22:00:00+00:00,120.0
2020-08-02 23:00:00+00:00,120.0
2020-08-03 00:00:00+00:00,120.0
2020-08-03 01:00:00+00:00,120.0
2020-08-03 02:00:00+00:00,120.0
2020-08-03 03:00:00+00:00,120.0
2020-08-03 04:00:00+00:00,120.0
2020-08-03 05:00:00+00:00,120.0
2020-08-03 06:00:00+00:00,189.71465781871652
2020-08-03 07:00:00+00:00,189.39912482369888
2020-08-03 08:00:00+00:00,163.19719238111657
2020-08-03 09:00:00+00:00,187.68364083929285
2020-08-03 10:00:00+00:00,175.33251883317283
2020-08-03 11:00:00+00:00,197.11880275352604
2020-08-03 12:00:00+00:00,184.5954069857585
2020-08-03 13:00:00+00:00,186.65362508544226
2020-08-03 14:00:00+00:00,165.8338876383326
2020-08-03 15:00:00+00:00,151.6838648790088
2020-08-03 16:00:00+00:00,145.61076142892864
2020-08-03 17:00:00+00:00,169.2013863265377
2020-08-03 18:00:00+00:00,199.4472186477939
2020-08-03 19:00:00+00:00,210.67040086712683
2020-08-03 20:00:00+00:00,210.67040086712683
2020-08-03 21:00:00+00:00,210.67040086712683
2020-08-03 22:00:00+00:00,120.0
2020-08-03 23:00:00+00:00,120.0
2020-08-04 00:00:00+00:00,120.0
2020-08-04 01:00:00+00:00,120.0
2020-08-04 02:00:00+00:00,120.0
2020-08-04 03:00:00+00:00,120.0
2020-08-04 04:00:00+00:00,120.0
2020-08-04 05:00:00+00:00,120.0
2020-08-04 06:00:00+00:00,181.86892811063188
2020-08-04 07:00:00+00:00,140.1329911602703
2020-08-04 08:00:00+00:00,139.24024384582407
2020-08-04 09:00:00+00:00,139.24024384582407
2020-08-04 10:00:00+00:00,139.24024384582407
2020-08-04 11:00:00+00:00,139.24024384582407
2020-08-04 12:00:00+00:00,139.24024384582407
2020-08-04 13:00:00+00:00,139.24024384582407
2020-08-04 14:00:00+00:00,139.24024384582407
2020-08-04 15:00:00+00:00,139.24024384582407
2020-08-04 16:00:00+00:00,139.24024384582407
2020-08-04 17:00:00+00:00,177.36478702632445
2020-08-04 18:00:00+00:00,206.40985913598053
2020-08-04 19:00:00+00:00,216.20121922912043
2020-08-04 20:00:00+00:00,216.20121922912043
2020-08-04 21:00:00+00:00,216.20121922912043
2020-08-04 22:00:00+00:00,120.0
2020-08-04 23:00:00+00:00,120.0
2020-08-05 00:00:00+00:00,120.0
2020-08-05 01:00:00+00:00,120.0
2020-08-05 02:00:00+00:00,120.0
2020-08-05 03:00:00+00:00,120.0
2020-08-05 04:00:00+00:00,120.0
2020-08-05 05:00:00+00:00,120.0
2020-08-05 06:00:00+00:00,186.25329217712343
2020-08-05 07:00:00+00:00,143.76682761660672
2020-08-05 08:00:00+00:00,140.37622395113746
2020-08-05 09:00:00+00:00,140.37622395113746
2020-08-05 10:00:00+00:00,140.37622395113746
2020-08-05 11:00:00+00:00,140.37622395113746
2020-08-05 12:00:00+00:00,140.37622395113746
2020-08-05 13:00:00+00:00,140.37622395113746
2020-08-05 14:00:00+00:00,140.37622395113746
2020-08-05 15:00:00+00:00,140.37622395113746
2020-08-05 16:00:00+00:00,140.37622395113746
2020-08-05 17:00:00+00:00,177.72176720878218
2020-08-05 18:00:00+00:00,212.0312530977074
2020-08-05 19:00:00+00:00,221.88111975568728
2020-08-05 20:00:00+00:00,221.88111975568728
2020-08-05 21:00:00+00:00,221.88111975568728
2020-08-05 22:00:00+00:00,120.0
2020-08-05 23:00:00+00:00,120.0
2020-08-06 00:00:00+00:00,120.0
2020-08-06 01:00:00+00:00,120.0
2020-08-06 02:00:00+00:00,120.0
2020-08-06 03:00:00+00:00,120.0
2020-08-06 04:00:00+00:00,120.0
2020-08-06 05:00:00+00:00,120.0
2020-08-06 06:00:00+00:00,203.93932717810912
2020-08-06 07:00:00+00:00,150.1109663628704
2020-08-06 08:00:00+00:00,141.54168433457608
2020-08-06 09:00:00+00:00,141.54168433457608
2020-08-06 10:00:00+00:00,141.54168433457608
2020-08-06 11:00:00+00:00,141.54168433457608
2020-08-06 12:00:00+00:00,141.54168433457608
2020-08-06 13:00:00+00:00,141.54168433457608
2020-08-06 14:00:00+00:00,141.54168433457608
2020-08-06 15:00:00+00:00,141.54168433457608
2020-08-06 16:00:00+00:00,141.54168433457608
2020-08-06 17:00:00+00:00,180.79924986590754
2020-08-06 18:00:00+00:00,215.6860076457535
2020-08-06 19:00:00+00:00,227.70842167288038
2020-08-06 20:00:00+00:00,227.70842167288038
2020-08-06 21:00:00+00:00,227.70842167288038
2020-08-06 22:00:00+00:00,120.0
2020-08-06 23:00:00+00:00,120.0
2020-08-07 00:00:00+00:00,120.0
2020-08-07 01:00:00+00:00,120.0
2020-08-07 02:00:00+00:00,120.0
2020-08-07 03:00:00+00:00,120.0
2020-08-07 04:00:00+00:00,120.0
2020-08-07 05:00:00+00:00,120.0
2020-08-07 06:00:00+00:00,194.36582500884927
2020-08-07 07:00:00+00:00,146.01712533864077
2020-08-07 08:00:00+00:00,142.73628011766212
2020-08-07 09:00:00+00:00,142.73628011766212
2020-08-07 10:00:00+00:00,142.73628011766212
2020-08-07 11:00:00+00:00,142.73628011766212
2020-08-07 12:00:00+00:00,142.73628011766212
2020-08-07 13:00:00+00:00,142.73628011766212
2020-08-07 14:00:00+00:00,142.73628011766212
2020-08-07 15:00:00+00:00,142.73628011766212
2020-08-07 16:00:00+00:00,142.73628011766212
2020-08-07 17:00:00+00:00,182.8498991292534
2020-08-07 18:00:00+00:00,221.38334667266716
2020-08-07 19:00:00+00:00,233.6814005883106
2020-08-07 20:00:00+00:00,233.6814005883106
2020-08-07 21:00:00+00:00,233.6814005883106
2020-08-07 22:00:00+00:00,120.0
2020-08-07 23:00:00+00:00,120.0
2020-08-08 00:00:00+00:00,120.0
2020-08-08 01:00:00+00:00,120.0
2020-08-08 02:00:00+00:00,120.0
2020-08-08 03:00:00+00:00,120.0
2020-08-08 04:00:00+00:00,120.0
2020-08-08 05:00:00+00:00,120.0
2020-08-08 06:00:00+00:00,205.5335823812343
2020-08-08 07:00:00+00:00,153.7495739774802
2020-08-08 08:00:00+00:00,143.95965780028413
2020-08-08 09:00:00+00:00,143.95965780028413
2020-08-08 10:00:00+00:00,143.95965780028413
2020-08-08 11:00:00+00:00,143.95965780028413
2020-08-08 12:00:00+00:00,143.95965780028413
2020-08-08 13:00:00+00:00,143.95965780028413
2020-08-08 14:00:00+00:00,143.95965780028413
2020-08-08 15:00:00+00:00,143.95965780028413
2020-08-08 16:00:00+00:00,177.71162774354437
2020-08-08 17:00:00+00:00,211.5282887628654
2020-08-08 18:00:00+00:00,226.335357283441
2020-08-08 19:00:00+00:00,239.79828900142064
2020-08-08 20:00:00+00:00,239.79828900142064
2020-08-08 21:00:00+00:00,239.79828900142064
2020-08-08 22:00:00+00:00,120.0
2020-08-08 23:00:00+00:00,120.0
2020-08-09 00:00:00+00:00,120.0
2020-08-09 01:00:00+00:00,120.0
2020-08-09 02:00:00+00:00,120.0
2020-08-09 03:00:00+00:00,120.0
2020-08-09 04:00:00+00:00,120.0
2020-08-09 05:00:00+00:00,120.0
2020-08-09 06:00:00+00:00,221.25676818366853
2020-08-09 07:00:00+00:00,192.9644729727249
2020-08-09 08:00:00+00:00,145.21145536530352
2020-08-09 09:00:00+00:00,145.21145536530352
2020-08-09 10:00:00+00:00,145.21145536530352
2020-08-09 11:00:00+00:00,145.21145536530352
2020-08-09 12:00:00+00:00,145.21145536530352
2020-08-09 13:00:00+00:00,145.21145536530352
2020-08-09 14:00:00+00:00,145.21145536530352
2020-08-09 15:00:00+00:00,145.21145536530352
2020-08-09 16:00:00+00:00,145.21145536530352
2020-08-09 17:00:00+00:00,193.58467477471137
2020-08-09 18:00:00+00:00,232.65486715432223
2020-08-09 19:00:00+00:00,246.0572768265176
2020-08-09 20:00:00+00:00,246.0572768265176
2020-08-09 21:00:00+00:00,246.0572768265176
2020-08-09 22:00:00+00:00,120.0
2020-08-09 23:00:00+00:00,120.0
2020-08-10 00:00:00+00:00,120.0
2020-08-10 01:00:00+00:00,120.0
2020-08-10 02:00:00+00:00,120.0
2020-08-10 03:00:00+00:00,120.0
2020-08-10 04:00:00+00:00,120.0
2020-08-10 05:00:00+00:00,120.0
2020-08-10 06:00:00+00:00,212.0784688321513
2020-08-10 07:00:00+00:00,186.2706420480205
2020-08-10 08:00:00+00:00,146.49130238568137
2020-08-10 09:00:00+00:00,146.49130238568137
2020-08-10 10:00:00+00:00,146.49130238568137
2020-08-10 11:00:00+00:00,146.49130238568137
2020-08-10 12:00:00+00:00,146.49130238568137
2020-08-10 13:00:00+00:00,146.49130238568137
2020-08-10 14:00:00+00:00,146.49130238568137
2020-08-10 15:00:00+00:00,146.49130238568137
2020-08-10 16:00:00+00:00,147.24100624319615
2020-08-10 17:00:00+00:00,198.58115026664663
2020-08-10 18:00:00+00:00,239.02277248862782
2020-08-10 19:00:00+00:00,252.45651192840683
2020-08-10 20:00:00+00:00,252.45651192840683
2020-08-10 21:00:00+00:00,252.45651192840683
2020-08-10 22:00:00+00:00,120.0
2020-08-10 23:00:00+00:00,120.0
2020-08-11 00:00:00+00:00,120.0
2020-08-11 01:00:00+00:00,120.0
2020-08-11 02:00:00+00:00,120.0
2020-08-11 03:00:00+00:00,120.0
2020-08-11 04:00:00+00:00,120.0
2020-08-11 05:00:00+00:00,120.0
2020-08-11 06:00:00+00:00,219.3140648110627
2020-08-11 07:00:00+00:00,167.78617181050683
2020-08-11 08:00:00+00:00,147.79882013409357
2020-08-11 09:00:00+00:00,147.79882013409357
2020-08-11 10:00:00+00:00,147.79882013409357
2020-08-11 11:00:00+00:00,147.79882013409357
2020-08-11 12:00:00+00:00,147.79882013409357
2020-08-11 13:00:00+00:00,147.79882013409357
2020-08-11 14:00:00+00:00,147.79882013409357
2020-08-11 15:00:00+00:00,147.79882013409357
2020-08-11 16:00:00+00:00,179.72854494011344
2020-08-11 17:00:00+00:00,205.29511981743929
2020-08-11 18:00:00+00:00,245.61174865791523
2020-08-11 19:00:00+00:00,258.99410067046784
2020-08-11 20:00:00+00:00,258.99410067046784
2020-08-11 21:00:00+00:00,258.99410067046784
2020-08-11 22:00:00+00:00,120.0
2020-08-11 23:00:00+00:00,120.0
2020-08-12 00:00:00+00:00,120.0
2020-08-12 01:00:00+00:00,120.0
2020-08-12 02:00:00+00:00,120.0
2020-08-12 03:00:00+00:00,120.0
2020-08-12 04:00:00+00:00,120.0
2020-08-12 05:00:00+00:00,120.0
2020-08-12 06:00:00+00:00,220.245878890334
2020-08-12 07:00:00+00:00,163.9451549647417
2020-08-12 08:00:00+00:00,153.2239821809808
2020-08-12 09:00:00+00:00,149.1336216950025
2020-08-12 10:00:00+00:00,149.1336216950025
2020-08-12 11:00:00+00:00,149.1336216950025
2020-08-12 12:00:00+00:00,149.1336216950025
2020-08-12 13:00:00+00:00,149.1336216950025
2020-08-12 14:00:00+00:00,149.1336216950025
2020-08-12 15:00:00+00:00,149.1336216950025
2020-08-12 16:00:00+00:00,158.7040164218108
2020-08-12 17:00:00+00:00,210.18312595688016
2020-08-12 18:00:00+00:00,251.53247522859715
2020-08-12 19:00:00+00:00,265.66810847501233
2020-08-12 20:00:00+00:00,265.66810847501233
2020-08-12 21:00:00+00:00,265.66810847501233
2020-08-12 22:00:00+00:00,120.0
2020-08-12 23:00:00+00:00,120.0
2020-08-13 00:00:00+00:00,120.0
2020-08-13 01:00:00+00:00,120.0
2020-08-13 02:00:00+00:00,120.0
2020-08-13 03:00:00+00:00,120.0
2020-08-13 04:00:00+00:00,120.0
2020-08-13 05:00:00+00:00,120.0
2020-08-13 06:00:00+00:00,229.76177676648908
2020-08-13 07:00:00+00:00,176.47426843938015
2020-08-13 08:00:00+00:00,150.49531207915126
2020-08-13 09:00:00+00:00,150.49531207915126
2020-08-13 10:00:00+00:00,150.49531207915126
2020-08-13 11:00:00+00:00,150.49531207915126
2020-08-13 12:00:00+00:00,150.49531207915126
2020-08-13 13:00:00+00:00,150.49531207915126
2020-08-13 14:00:00+00:00,150.49531207915126
2020-08-13 15:00:00+00:00,202.3830855818271
2020-08-13 16:00:00+00:00,260.6474288402535
2020-08-13 17:00:00+00:00,264.11169629244506
2020-08-13 18:00:00+00:00,265.264419089037
2020-08-13 19:00:00+00:00,272.4765603957562
2020-08-13 20:00:00+00:00,272.4765603957562
2020-08-13 21:00:00+00:00,272.4765603957562
2020-08-13 22:00:00+00:00,120.0
2020-08-13 23:00:00+00:00,120.0
2020-08-14 00:00:00+00:00,120.0
2020-08-14 01:00:00+00:00,120.0
2020-08-14 02:00:00+00:00,120.0
2020-08-14 03:00:00+00:00,120.0
2020-08-14 04:00:00+00:00,120.0
2020-08-14 05:00:00+00:00,120.0
2020-08-14 06:00:00+00:00,231.12671026179663
2020-08-14 07:00:00+00:00,171.45038513498054
2020-08-14 08:00:00+00:00,151.88348834044777
2020-08-14 09:00:00+00:00,151.88348834044777
2020-08-14 10:00:00+00:00,194.17055892638362
2020-08-14 11:00:00+00:00,244.43168994626546
2020-08-14 12:00:00+00:00,223.92104189685543
2020-08-14 13:00:00+00:00,163.7377693054262
2020-08-14 14:00:00+00:00,177.35201882679743
2020-08-14 15:00:00+00:00,175.66857064242177
2020-08-14 16:00:00+00:00,215.31568839376857
2020-08-14 17:00:00+00:00,248.80929289540896
2020-08-14 18:00:00+00:00,265.4301553672844
2020-08-14 19:00:00+00:00,279.41744170223876
2020-08-14 20:00:00+00:00,279.41744170223876
2020-08-14 21:00:00+00:00,279.41744170223876
2020-08-14 22:00:00+00:00,120.0
2020-08-14 23:00:00+00:00,120.0
2020-08-15 00:00:00+00:00,120.0
2020-08-15 01:00:00+00:00,120.0
2020-08-15 02:00:00+00:00,120.0
2020-08-15 03:00:00+00:00,120.0
2020-08-15 04:00:00+00:00,120.0
2020-08-15 05:00:00+00:00,120.0
2020-08-15 06:00:00+00:00,271.99752216066116
2020-08-15 07:00:00+00:00,163.24044476819017
2020-08-15 08:00:00+00:00,153.29773969520267
2020-08-15 09:00:00+00:00,153.29773969520267
2020-08-15 10:00:00+00:00,155.0325519333227
2020-08-15 11:00:00+00:00,153.29773969520267
2020-08-15 12:00:00+00:00,160.38682847631128
2020-08-15 13:00:00+00:00,153.29773969520267
2020-08-15 14:00:00+00:00,153.29773969520267
2020-08-15 15:00:00+00:00,187.53780542377956
2020-08-15 16:00:00+00:00,257.5096756192785
2020-08-15 17:00:00+00:00,237.6675525349072
2020-08-15 18:00:00+00:00,273.52921818664055
2020-08-15 19:00:00+00:00,286.4886984760134
2020-08-15 20:00:00+00:00,286.4886984760134
2020-08-15 21:00:00+00:00,286.4886984760134
2020-08-15 22:00:00+00:00,120.0
2020-08-15 23:00:00+00:00,120.0
2020-08-16 00:00:00+00:00,120.0
2020-08-16 01:00:00+00:00,120.0
2020-08-16 02:00:00+00:00,120.0
2020-08-16 03:00:00+00:00,120.0
2020-08-16 04:00:00+00:00,120.0
2020-08-16 05:00:00+00:00,120.0
2020-08-16 06:00:00+00:00,239.25434436077765
2020-08-16 07:00:00+00:00,168.55281011158138
2020-08-16 08:00:00+00:00,154.73764764368707
2020-08-16 09:00:00+00:00,154.73764764368707
2020-08-16 10:00:00+00:00,154.73764764368707
2020-08-16 11:00:00+00:00,154.73764764368707
2020-08-16 12:00:00+00:00,154.73764764368707
2020-08-16 13:00:00+00:00,154.73764764368707
2020-08-16 14:00:00+00:00,154.73764764368707
2020-08-16 15:00:00+00:00,229.27769195751074
2020-08-16 16:00:00+00:00,278.9004216165177
2020-08-16 17:00:00+00:00,285.47278455070324
2020-08-16 18:00:00+00:00,290.228368513124
2020-08-16 19:00:00+00:00,293.6882382184353
2020-08-16 20:00:00+00:00,293.6882382184353
2020-08-16 21:00:00+00:00,293.6882382184353
2020-08-16 22:00:00+00:00,120.0
2020-08-16 23:00:00+00:00,120.0
2020-08-17 00:00:00+00:00,120.0
2020-08-17 01:00:00+00:00,120.0
2020-08-17 02:00:00+00:00,120.0
2020-08-17 03:00:00+00:00,120.0
2020-08-17 04:00:00+00:00,120.0
2020-08-17 05:00:00+00:00,120.0
2020-08-17 06:00:00+00:00,247.6908468320521
2020-08-17 07:00:00+00:00,175.5169724751076
2020-08-17 08:00:00+00:00,156.202786093973
2020-08-17 09:00:00+00:00,156.202786093973
2020-08-17 10:00:00+00:00,156.202786093973
2020-08-17 11:00:00+00:00,156.202786093973
2020-08-17 12:00:00+00:00,156.202786093973
2020-08-17 13:00:00+00:00,156.202786093973
2020-08-17 14:00:00+00:00,273.6156619539462
2020-08-17 15:00:00+00:00,211.99127946478532
2020-08-17 16:00:00+00:00,156.39466086027102
2020-08-17 17:00:00+00:00,264.64099128125025
2020-08-17 18:00:00+00:00,286.5979810472449
2020-08-17 19:00:00+00:00,301.01393046986493
2020-08-17 20:00:00+00:00,301.01393046986493
2020-08-17 21:00:00+00:00,301.01393046986493
2020-08-17 22:00:00+00:00,120.0
2020-08-17 23:00:00+00:00,120.0
2020-08-18 00:00:00+00:00,120.0
2020-08-18 01:00:00+00:00,120.0
2020-08-18 02:00:00+00:00,120.0
2020-08-18 03:00:00+00:00,120.0
2020-08-18 04:00:00+00:00,120.0
2020-08-18 05:00:00+00:00,120.0
2020-08-18 06:00:00+00:00,265.32805696921497
2020-08-18 07:00:00+00:00,292.0597350485197
2020-08-18 08:00:00+00:00,282.7910948346153
2020-08-18 09:00:00+00:00,157.6927214880213
2020-08-18 10:00:00+00:00,158.3485748419129
2020-08-18 11:00:00+00:00,157.6927214880213
2020-08-18 12:00:00+00:00,157.6927214880213
2020-08-18 13:00:00+00:00,157.6927214880213
2020-08-18 14:00:00+00:00,157.6927214880213
2020-08-18 15:00:00+00:00,157.6927214880213
2020-08-18 16:00:00+00:00,158.11864924083594
2020-08-18 17:00:00+00:00,237.07736221394305
2020-08-18 18:00:00+00:00,294.4758384959019
2020-08-18 19:00:00+00:00,308.46360744010656
2020-08-18 20:00:00+00:00,308.46360744010656
2020-08-18 21:00:00+00:00,308.46360744010656
2020-08-18 22:00:00+00:00,120.0
2020-08-18 23:00:00+00:00,120.0
2020-08-19 00:00:00+00:00,120.0
2020-08-19 01:00:00+00:00,120.0
2020-08-19 02:00:00+00:00,120.0
2020-08-19 03:00:00+00:00,120.0
2020-08-19 04:00:00+00:00,120.0
2020-08-19 05:00:00+00:00,120.0
2020-08-19 06:00:00+00:00,257.79696764370084
2020-08-19 07:00:00+00:00,183.48791603751343
2020-08-19 08:00:00+00:00,159.20701292997805
2020-08-19 09:00:00+00:00,159.20701292997805
2020-08-19 10:00:00+00:00,159.20701292997805
2020-08-19 11:00:00+00:00,159.20701292997805
2020-08-19 12:00:00+00:00,159.20701292997805
2020-08-19 13:00:00+00:00,159.20701292997805
2020-08-19 14:00:00+00:00,163.50018084581063
2020-08-19 15:00:00+00:00,173.29409267571913
2020-08-19 16:00:00+00:00,256.9344133592413
2020-08-19 17:00:00+00:00,304.90811438036246
2020-08-19 18:00:00+00:00,303.2614198373034
2020-08-19 19:00:00+00:00,316.0350646498902
2020-08-19 20:00:00+00:00,316.0350646498902
2020-08-19 21:00:00+00:00,316.0350646498902
2020-08-19 22:00:00+00:00,120.0
2020-08-19 23:00:00+00:00,120.0
2020-08-20 00:00:00+00:00,120.0
2020-08-20 01:00:00+00:00,120.0
2020-08-20 02:00:00+00:00,120.0
2020-08-20 03:00:00+00:00,120.0
2020-08-20 04:00:00+00:00,120.0
2020-08-20 05:00:00+00:00,120.0
2020-08-20 06:00:00+00:00,299.8289945595037
2020-08-20 07:00:00+00:00,234.05807283797864
2020-08-20 08:00:00+00:00,296.7445819871338
2020-08-20 09:00:00+00:00,289.03558781682494
2020-08-20 10:00:00+00:00,266.6827643399147
2020-08-20 11:00:00+00:00,172.69578308911434
2020-08-20 12:00:00+00:00,186.36172730011637
2020-08-20 13:00:00+00:00,160.74521231664295
2020-08-20 14:00:00+00:00,160.74521231664295
2020-08-20 15:00:00+00:00,160.74521231664295
2020-08-20 16:00:00+00:00,233.93991172226038
2020-08-20 17:00:00+00:00,253.94173644850036
2020-08-20 18:00:00+00:00,310.080489978371
2020-08-20 19:00:00+00:00,323.72606158321474
2020-08-20 20:00:00+00:00,323.72606158321474
2020-08-20 21:00:00+00:00,323.72606158321474
2020-08-20 22:00:00+00:00,120.0
2020-08-20 23:00:00+00:00,120.0
2020-08-21 00:00:00+00:00,120.0
2020-08-21 01:00:00+00:00,120.0
2020-08-21 02:00:00+00:00,120.0
2020-08-21 03:00:00+00:00,120.0
2020-08-21 04:00:00+00:00,120.0
2020-08-21 05:00:00+00:00,120.0
2020-08-21 06:00:00+00:00,305.9936682697701
2020-08-21 07:00:00+00:00,172.65935420589653
2020-08-21 08:00:00+00:00,162.3068644700703
2020-08-21 09:00:00+00:00,162.3068644700703
2020-08-21 10:00:00+00:00,162.3068644700703
2020-08-21 11:00:00+00:00,162.3068644700703
2020-08-21 12:00:00+00:00,162.3068644700703
2020-08-21 13:00:00+00:00,162.3068644700703
2020-08-21 14:00:00+00:00,162.3068644700703
2020-08-21 15:00:00+00:00,162.3068644700703
2020-08-21 16:00:00+00:00,164.38836220199775
2020-08-21 17:00:00+00:00,253.95622497158357
2020-08-21 18:00:00+00:00,318.5165001529109
2020-08-21 19:00:00+00:00,331.53432235035154
2020-08-21 20:00:00+00:00,331.53432235035154
2020-08-21 21:00:00+00:00,331.53432235035154
2020-08-21 22:00:00+00:00,120.0
2020-08-21 23:00:00+00:00,120.0
2020-08-22 00:00:00+00:00,120.0
2020-08-22 01:00:00+00:00,120.0
2020-08-22 02:00:00+00:00,120.0
2020-08-22 03:00:00+00:00,120.0
2020-08-22 04:00:00+00:00,120.0
2020-08-22 05:00:00+00:00,120.0
2020-08-22 06:00:00+00:00,305.7795828313091
2020-08-22 07:00:00+00:00,204.31997462074514
2020-08-22 08:00:00+00:00,203.32363740566473
2020-08-22 09:00:00+00:00,163.89150727226337
2020-08-22 10:00:00+00:00,163.89150727226337
2020-08-22 11:00:00+00:00,244.79233347649915
2020-08-22 12:00:00+00:00,163.89150727226337
2020-08-22 13:00:00+00:00,163.89150727226337
2020-08-22 14:00:00+00:00,163.89150727226337
2020-08-22 15:00:00+00:00,163.89150727226337
2020-08-22 16:00:00+00:00,163.89150727226337
2020-08-22 17:00:00+00:00,286.32247765751475
2020-08-22 18:00:00+00:00,333.49706967374345
2020-08-22 19:00:00+00:00,339.4575363613167
2020-08-22 20:00:00+00:00,339.4575363613167
2020-08-22 21:00:00+00:00,339.4575363613167
2020-08-22 22:00:00+00:00,120.0
2020-08-22 23:00:00+00:00,120.0
2020-08-23 00:00:00+00:00,120.0
2020-08-23 01:00:00+00:00,120.0
2020-08-23 02:00:00+00:00,120.0
2020-08-23 03:00:00+00:00,120.0
2020-08-23 04:00:00+00:00,120.0
2020-08-23 05:00:00+00:00,120.0
2020-08-23 06:00:00+00:00,299.310265571376
2020-08-23 07:00:00+00:00,236.06256189952376
2020-08-23 08:00:00+00:00,254.13463433924733
2020-08-23 09:00:00+00:00,221.5530354618907
2020-08-23 10:00:00+00:00,165.49867180192237
2020-08-23 11:00:00+00:00,196.97920282167243
2020-08-23 12:00:00+00:00,254.09368553462556
2020-08-23 13:00:00+00:00,193.4985544288254
2020-08-23 14:00:00+00:00,252.41023467795443
2020-08-23 15:00:00+00:00,182.92011323487847
2020-08-23 16:00:00+00:00,215.99309776769582
2020-08-23 17:00:00+00:00,278.6629683076637
2020-08-23 18:00:00+00:00,334.72643170199234
2020-08-23 19:00:00+00:00,347.49335900961177
2020-08-23 20:00:00+00:00,347.49335900961177
2020-08-23 21:00:00+00:00,347.49335900961177
2020-08-23 22:00:00+00:00,120.0
2020-08-23 23:00:00+00:00,120.0
2020-08-24 00:00:00+00:00,120.0
2020-08-24 01:00:00+00:00,120.0
2020-08-24 02:00:00+00:00,120.0
2020-08-24 03:00:00+00:00,120.0
2020-08-24 04:00:00+00:00,120.0
2020-08-24 05:00:00+00:00,120.0
2020-08-24 06:00:00+00:00,335.12935791369244
2020-08-24 07:00:00+00:00,277.52494716669236
2020-08-24 08:00:00+00:00,215.95708150369555
2020-08-24 09:00:00+00:00,167.12788247320637
2020-08-24 10:00:00+00:00,167.12788247320637
2020-08-24 11:00:00+00:00,248.8617690464882
2020-08-24 12:00:00+00:00,167.12788247320637
2020-08-24 13:00:00+00:00,167.12788247320637
2020-08-24 14:00:00+00:00,167.12788247320637
2020-08-24 15:00:00+00:00,167.12788247320637
2020-08-24 16:00:00+00:00,198.02020943439317
2020-08-24 17:00:00+00:00,275.2251065019999
2020-08-24 18:00:00+00:00,343.26834321681514
2020-08-24 19:00:00+00:00,355.6394123660318
2020-08-24 20:00:00+00:00,355.6394123660318
2020-08-24 21:00:00+00:00,355.6394123660318
2020-08-24 22:00:00+00:00,120.0
2020-08-24 23:00:00+00:00,120.0
2020-08-25 00:00:00+00:00,120.0
2020-08-25 01:00:00+00:00,120.0
2020-08-25 02:00:00+00:00,120.0
2020-08-25 03:00:00+00:00,120.0
2020-08-25 04:00:00+00:00,120.0
2020-08-25 05:00:00+00:00,120.0
2020-08-25 06:00:00+00:00,319.5973873003821
2020-08-25 07:00:00+00:00,320.97782329847604
2020-08-25 08:00:00+00:00,253.18036768890568
2020-08-25 09:00:00+00:00,219.69381953726165
2020-08-25 10:00:00+00:00,309.4416708762418
2020-08-25 11:00:00+00:00,285.44744941113805
2020-08-25 12:00:00+00:00,239.96135159408334
2020-08-25 13:00:00+00:00,219.7133310001322
2020-08-25 14:00:00+00:00,324.6703676467345
2020-08-25 15:00:00+00:00,226.61063312488452
2020-08-25 16:00:00+00:00,268.0042016048338
2020-08-25 17:00:00+00:00,286.4961905404321
2020-08-25 18:00:00+00:00,352.8546757632967
2020-08-25 19:00:00+00:00,363.893285882331
2020-08-25 20:00:00+00:00,363.893285882331
2020-08-25 21:00:00+00:00,363.893285882331
2020-08-25 22:00:00+00:00,120.0
2020-08-25 23:00:00+00:00,120.0
2020-08-26 00:00:00+00:00,120.0
2020-08-26 01:00:00+00:00,120.0
2020-08-26 02:00:00+00:00,120.0
2020-08-26 03:00:00+00:00,120.0
2020-08-26 04:00:00+00:00,120.0
2020-08-26 05:00:00+00:00,120.0
2020-08-26 06:00:00+00:00,352.6827852759727
2020-08-26 07:00:00+00:00,323.57284249410856
2020-08-26 08:00:00+00:00,326.9126660853726
2020-08-26 09:00:00+00:00,291.5973108907366
2020-08-26 10:00:00+00:00,314.98112108032774
2020-08-26 11:00:00+00:00,312.5948120793188
2020-08-26 12:00:00+00:00,292.55082548099176
2020-08-26 13:00:00+00:00,277.7587367051814
2020-08-26 14:00:00+00:00,325.0056369048623
2020-08-26 15:00:00+00:00,244.11833835691948
2020-08-26 16:00:00+00:00,318.1948184030396
2020-08-26 17:00:00+00:00,318.33103477307606
2020-08-26 18:00:00+00:00,365.8604578143141
2020-08-26 19:00:00+00:00,372.25253710454325
2020-08-26 20:00:00+00:00,372.25253710454325
2020-08-26 21:00:00+00:00,372.25253710454325
2020-08-26 22:00:00+00:00,120.0
2020-08-26 23:00:00+00:00,120.0
2020-08-27 00:00:00+00:00,120.0
2020-08-27 01:00:00+00:00,120.0
2020-08-27 02:00:00+00:00,120.0
2020-08-27 03:00:00+00:00,120.0
2020-08-27 04:00:00+00:00,120.0
2020-08-27 05:00:00+00:00,120.0
2020-08-27 06:00:00+00:00,366.90202799261886
2020-08-27 07:00:00+00:00,354.0800794205961
2020-08-27 08:00:00+00:00,329.4164695199585
2020-08-27 09:00:00+00:00,251.7026340106348
2020-08-27 10:00:00+00:00,187.39996227814808
2020-08-27 11:00:00+00:00,172.1429384791491
2020-08-27 12:00:00+00:00,172.1429384791491
2020-08-27 13:00:00+00:00,277.6228887286198
2020-08-27 14:00:00+00:00,189.9966806144097
2020-08-27 15:00:00+00:00,289.8191220388928
2020-08-27 16:00:00+00:00,343.2291339230851
2020-08-27 17:00:00+00:00,357.03658403236386
2020-08-27 18:00:00+00:00,379.2964044691126
2020-08-27 19:00:00+00:00,380.71469239574543
2020-08-27 20:00:00+00:00,380.71469239574543
2020-08-27 21:00:00+00:00,380.71469239574543
2020-08-27 22:00:00+00:00,120.0
2020-08-27 23:00:00+00:00,120.0
2020-08-28 00:00:00+00:00,120.0
2020-08-28 01:00:00+00:00,120.0
2020-08-28 02:00:00+00:00,120.0
2020-08-28 03:00:00+00:00,120.0
2020-08-28 04:00:00+00:00,120.0
2020-08-28 05:00:00+00:00,120.0
2020-08-28 06:00:00+00:00,329.6377228545251
2020-08-28 07:00:00+00:00,237.2917835392463
2020-08-28 08:00:00+00:00,173.8554495336087
2020-08-28 09:00:00+00:00,228.09865830385937
2020-08-28 10:00:00+00:00,333.23526688337023
2020-08-28 11:00:00+00:00,173.8554495336087
2020-08-28 12:00:00+00:00,355.65529052421147
2020-08-28 13:00:00+00:00,286.87649592483984
2020-08-28 14:00:00+00:00,173.8554495336087
2020-08-28 15:00:00+00:00,360.2383892795215
2020-08-28 16:00:00+00:00,374.5046978609746
2020-08-28 17:00:00+00:00,338.0607151615816
2020-08-28 18:00:00+00:00,380.5041949390186
2020-08-28 19:00:00+00:00,389.27724766804334
2020-08-28 20:00:00+00:00,389.27724766804334
2020-08-28 21:00:00+00:00,389.27724766804334
2020-08-28 22:00:00+00:00,120.0
2020-08-28 23:00:00+00:00,120.0
2020-08-29 00:00:00+00:00,120.0
2020-08-29 01:00:00+00:00,120.0
2020-08-29 02:00:00+00:00,120.0
2020-08-29 03:00:00+00:00,120.0
2020-08-29 04:00:00+00:00,120.0
2020-08-29 05:00:00+00:00,120.0
2020-08-29 06:00:00+00:00,326.3798368310185
2020-08-29 07:00:00+00:00,292.18238602205395
2020-08-29 08:00:00+00:00,175.58753382471477
2020-08-29 09:00:00+00:00,290.14232353068695
2020-08-29 10:00:00+00:00,272.74898419693375
2020-08-29 11:00:00+00:00,291.19292791997407
2020-08-29 12:00:00+00:00,218.03973340664948
2020-08-29 13:00:00+00:00,220.62455372949864
2020-08-29 14:00:00+00:00,244.28260812529726
2020-08-29 15:00:00+00:00,209.41254815705372
2020-08-29 16:00:00+00:00,267.9017512474186
2020-08-29 17:00:00+00:00,314.88433483606747
2020-08-29 18:00:00+00:00,389.3827476679502
2020-08-29 19:00:00+00:00,397.93766912357387
2020-08-29 20:00:00+00:00,397.93766912357387
2020-08-29 21:00:00+00:00,397.93766912357387
2020-08-29 22:00:00+00:00,120.0
2020-08-29 23:00:00+00:00,120.0
2020-08-30 00:00:00+00:00,120.0
2020-08-30 01:00:00+00:00,120.0
2020-08-30 02:00:00+00:00,120.0
2020-08-30 03:00:00+00:00,120.0
2020-08-30 04:00:00+00:00,120.0
2020-08-30 05:00:00+00:00,120.0
2020-08-30 06:00:00+00:00,340.8227197978684
2020-08-30 07:00:00+00:00,333.5349737222792
2020-08-30 08:00:00+00:00,379.03321535076077
2020-08-30 09:00:00+00:00,347.57148229272946
2020-08-30 10:00:00+00:00,302.5491516982949
2020-08-30 11:00:00+00:00,221.58693723148198
2020-08-30 12:00:00+00:00,283.56431514733055
2020-08-30 13:00:00+00:00,216.94250424861235
2020-08-30 14:00:00+00:00,361.13207982913264
2020-08-30 15:00:00+00:00,325.3298087858762
2020-08-30 16:00:00+00:00,312.9503880327708
2020-08-30 17:00:00+00:00,375.7878461306322
2020-08-30 18:00:00+00:00,404.09595185461626
2020-08-30 19:00:00+00:00,406.6933940042952
2020-08-30 20:00:00+00:00,406.6933940042952
2020-08-30 21:00:00+00:00,406.6933940042952
2020-08-30 22:00:00+00:00,120.0
2020-08-30 23:00:00+00:00,120.0
2020-08-31 00:00:00+00:00,120.0
2020-08-31 01:00:00+00:00,120.0
2020-08-31 02:00:00+00:00,120.0
2020-08-31 03:00:00+00:00,120.0
2020-08-31 04:00:00+00:00,120.0
2020-08-31 05:00:00+00:00,120.0
2020-08-31 06:00:00+00:00,373.24979528411404
2020-08-31 07:00:00+00:00,330.1597962732332
2020-08-31 08:00:00+00:00,263.2964123485302
2020-08-31 09:00:00+00:00,192.39592700758146
2020-08-31 10:00:00+00:00,284.08482476571373
2020-08-31 11:00:00+00:00,182.65486824627396
2020-08-31 12:00:00+00:00,264.4017387977805
2020-08-31 13:00:00+00:00,351.23783968514005
2020-08-31 14:00:00+00:00,323.2795824393971
2020-08-31 15:00:00+00:00,233.05066132813548
2020-08-31 16:00:00+00:00,218.17308553795888
2020-08-31 17:00:00+00:00,334.30920358539197
2020-08-31 18:00:00+00:00,409.65463806984997
2020-08-31 19:00:00+00:00,415.5418313503489
2020-08-31 20:00:00+00:00,415.5418313503489
2020-08-31 21:00:00+00:00,415.5418313503489
2020-08-31 22:00:00+00:00,120.0
2020-08-31 23:00:00+00:00,120.0
2020-09-01 00:00:00+00:00,120.0
2020-09-01 01:00:00+00:00,120.0
2020-09-01 02:00:00+00:00,120.0
2020-09-01 03:00:00+00:00,120.0
2020-09-01 04:00:00+00:00,120.0
2020-09-01 05:00:00+00:00,120.0
2020-09-01 06:00:00+00:00,343.2023747298065
2020-09-01 07:00:00+00:00,220.9169714354174
2020-09-01 08:00:00+00:00,180.89607255335346
2020-09-01 09:00:00+00:00,180.89607255335346
2020-09-01 10:00:00+00:00,366.3002550492935
2020-09-01 11:00:00+00:00,362.841358128263
2020-09-01 12:00:00+00:00,323.66691465469063
2020-09-01 13:00:00+00:00,317.33372310914194
2020-09-01 14:00:00+00:00,369.18063928106704
2020-09-01 15:00:00+00:00,328.31328499051153
2020-09-01 16:00:00+00:00,302.3411100465063
2020-09-01 17:00:00+00:00,354.6082091190496
2020-09-01 18:00:00+00:00,424.48036276676737
2020-09-01 19:00:00+00:00,424.48036276676737
2020-09-01 20:00:00+00:00,424.48036276676737
2020-09-01 21:00:00+00:00,424.48036276676737
2020-09-01 22:00:00+00:00,120.0
2020-09-01 23:00:00+00:00,120.0
2020-09-02 00:00:00+00:00,120.0
2020-09-02 01:00:00+00:00,120.0
2020-09-02 02:00:00+00:00,120.0
2020-09-02 03:00:00+00:00,120.0
2020-09-02 04:00:00+00:00,120.0
2020-09-02 05:00:00+00:00,120.0
2020-09-02 06:00:00+00:00,358.8354023753263
2020-09-02 07:00:00+00:00,225.5262351205466
2020-09-02 08:00:00+00:00,182.7012686396593
2020-09-02 09:00:00+00:00,182.7012686396593
2020-09-02 10:00:00+00:00,182.7012686396593
2020-09-02 11:00:00+00:00,355.8069311000307
2020-09-02 12:00:00+00:00,209.56876225175336
2020-09-02 13:00:00+00:00,297.3379980935484
2020-09-02 14:00:00+00:00,214.64129488470178
2020-09-02 15:00:00+00:00,182.7012686396593
2020-09-02 16:00:00+00:00,216.7229770035384
2020-09-02 17:00:00+00:00,363.05519775477535
2020-09-02 18:00:00+00:00,433.5063431982965
2020-09-02 19:00:00+00:00,433.5063431982965
2020-09-02 20:00:00+00:00,433.5063431982965
2020-09-02 21:00:00+00:00,433.5063431982965
2020-09-02 22:00:00+00:00,120.0
2020-09-02 23:00:00+00:00,120.0
2020-09-03 00:00:00+00:00,120.0
2020-09-03 01:00:00+00:00,120.0
2020-09-03 02:00:00+00:00,120.0
2020-09-03 03:00:00+00:00,120.0
2020-09-03 04:00:00+00:00,120.0
2020-09-03 05:00:00+00:00,120.0
2020-09-03 06:00:00+00:00,435.2936935032485
2020-09-03 07:00:00+00:00,409.045566107951
2020-09-03 08:00:00+00:00,374.25453785931666
2020-09-03 09:00:00+00:00,371.81555257037303
2020-09-03 10:00:00+00:00,268.532913628257
2020-09-03 11:00:00+00:00,222.68257113293146
2020-09-03 12:00:00+00:00,298.8202071369903
2020-09-03 13:00:00+00:00,311.0409429498451
2020-09-03 14:00:00+00:00,374.25453785931666
2020-09-03 15:00:00+00:00,359.6077214415867
2020-09-03 16:00:00+00:00,361.0401413731884
2020-09-03 17:00:00+00:00,389.23042372079294
2020-09-03 18:00:00+00:00,442.6171017121135
2020-09-03 19:00:00+00:00,442.6171017121135
2020-09-03 20:00:00+00:00,442.6171017121135
2020-09-03 21:00:00+00:00,442.6171017121135
2020-09-03 22:00:00+00:00,120.0
2020-09-03 23:00:00+00:00,120.0
2020-09-04 00:00:00+00:00,120.0
2020-09-04 01:00:00+00:00,120.0
2020-09-04 02:00:00+00:00,120.0
2020-09-04 03:00:00+00:00,120.0
2020-09-04 04:00:00+00:00,120.0
2020-09-04 05:00:00+00:00,120.0
2020-09-04 06:00:00+00:00,399.44369719627247
2020-09-04 07:00:00+00:00,352.99694147477084
2020-09-04 08:00:00+00:00,294.82402239280447
2020-09-04 09:00:00+00:00,196.99317900855283
2020-09-04 10:00:00+00:00,186.36198845763911
2020-09-04 11:00:00+00:00,224.54004041731883
2020-09-04 12:00:00+00:00,186.36198845763911
2020-09-04 13:00:00+00:00,186.36198845763911
2020-09-04 14:00:00+00:00,203.7554656323863
2020-09-04 15:00:00+00:00,186.36198845763911
2020-09-04 16:00:00+00:00,271.4845110522528
2020-09-04 17:00:00+00:00,386.25093389089375
2020-09-04 18:00:00+00:00,451.8099422881955
2020-09-04 19:00:00+00:00,451.8099422881955
2020-09-04 20:00:00+00:00,451.8099422881955
2020-09-04 21:00:00+00:00,451.8099422881955
2020-09-04 22:00:00+00:00,120.0
2020-09-04 23:00:00+00:00,120.0
2020-09-05 00:00:00+00:00,120.0
2020-09-05 01:00:00+00:00,120.0
2020-09-05 02:00:00+00:00,120.0
2020-09-05 03:00:00+00:00,120.0
2020-09-05 04:00:00+00:00,120.0
2020-09-05 05:00:00+00:00,120.0
2020-09-05 06:00:00+00:00,384.6319927226365
2020-09-05 07:00:00+00:00,267.71585519078104
2020-09-05 08:00:00+00:00,229.4532602076328
2020-09-05 09:00:00+00:00,188.21642892342342
2020-09-05 10:00:00+00:00,188.21642892342342
2020-09-05 11:00:00+00:00,188.21642892342342
2020-09-05 12:00:00+00:00,188.21642892342342
2020-09-05 13:00:00+00:00,188.21642892342342
2020-09-05 14:00:00+00:00,291.4961023134865
2020-09-05 15:00:00+00:00,227.72738455587023
2020-09-05 16:00:00+00:00,423.65179006683474
2020-09-05 17:00:00+00:00,439.7849755072243
2020-09-05 18:00:00+00:00,461.08214461711714
2020-09-05 19:00:00+00:00,461.08214461711714
2020-09-05 20:00:00+00:00,461.08214461711714
2020-09-05 21:00:00+00:00,461.08214461711714
2020-09-05 22:00:00+00:00,120.0
2020-09-05 23:00:00+00:00,120.0
2020-09-06 00:00:00+00:00,120.0
2020-09-06 01:00:00+00:00,120.0
2020-09-06 02:00:00+00:00,120.0
2020-09-06 03:00:00+00:00,120.0
2020-09-06 04:00:00+00:00,120.0
2020-09-06 05:00:00+00:00,120.0
2020-09-06 06:00:00+00:00,420.17215591835463
2020-09-06 07:00:00+00:00,233.60271020291412
2020-09-06 08:00:00+00:00,190.08619298100697
2020-09-06 09:00:00+00:00,190.08619298100697
2020-09-06 10:00:00+00:00,190.08619298100697
2020-09-06 11:00:00+00:00,190.08619298100697
2020-09-06 12:00:00+00:00,190.08619298100697
2020-09-06 13:00:00+00:00,190.08619298100697
2020-09-06 14:00:00+00:00,190.08619298100697
2020-09-06 15:00:00+00:00,243.39375136236086
2020-09-06 16:00:00+00:00,292.9166553227404
2020-09-06 17:00:00+00:00,419.45727674994845
2020-09-06 18:00:00+00:00,470.4309649050348
2020-09-06 19:00:00+00:00,470.4309649050348
2020-09-06 20:00:00+00:00,470.4309649050348
2020-09-06 21:00:00+00:00,470.4309649050348
2020-09-06 22:00:00+00:00,120.0
2020-09-06 23:00:00+00:00,120.0
2020-09-07 00:00:00+00:00,120.0
2020-09-07 01:00:00+00:00,120.0
2020-09-07 02:00:00+00:00,120.0
2020-09-07 03:00:00+00:00,120.0
2020-09-07 04:00:00+00:00,120.0
2020-09-07 05:00:00+00:00,120.0
2020-09-07 06:00:00+00:00,406.18440018333723
2020-09-07 07:00:00+00:00,279.2424313061191
2020-09-07 08:00:00+00:00,191.97072733712332
2020-09-07 09:00:00+00:00,191.97072733712332
2020-09-07 10:00:00+00:00,191.97072733712332
2020-09-07 11:00:00+00:00,191.97072733712332
2020-09-07 12:00:00+00:00,191.97072733712332
2020-09-07 13:00:00+00:00,191.97072733712332
2020-09-07 14:00:00+00:00,191.97072733712332
2020-09-07 15:00:00+00:00,191.97072733712332
2020-09-07 16:00:00+00:00,286.050862112211
2020-09-07 17:00:00+00:00,401.88774776131095
2020-09-07 18:00:00+00:00,479.85363668561666
2020-09-07 19:00:00+00:00,479.85363668561666
2020-09-07 20:00:00+00:00,479.85363668561666
2020-09-07 21:00:00+00:00,479.85363668561666
2020-09-07 22:00:00+00:00,120.0
2020-09-07 23:00:00+00:00,120.0
2020-09-08 00:00:00+00:00,120.0
2020-09-08 01:00:00+00:00,120.0
2020-09-08 02:00:00+00:00,120.0
2020-09-08 03:00:00+00:00,120.0
2020-09-08 04:00:00+00:00,120.0
2020-09-08 05:00:00+00:00,120.0
2020-09-08 06:00:00+00:00,446.22237252615366
2020-09-08 07:00:00+00:00,421.2618771508113
2020-09-08 08:00:00+00:00,413.18055665935674
2020-09-08 09:00:00+00:00,365.25404171552077
2020-09-08 10:00:00+00:00,414.57668972415104
2020-09-08 11:00:00+00:00,358.6722715529194
2020-09-08 12:00:00+00:00,378.9420553084505
2020-09-08 13:00:00+00:00,368.45997690134453
2020-09-08 14:00:00+00:00,415.27844973026447
2020-09-08 15:00:00+00:00,408.9847705175413
2020-09-08 16:00:00+00:00,427.5555563635345
2020-09-08 17:00:00+00:00,462.7912956178651
2020-09-08 18:00:00+00:00,489.34737163868675
2020-09-08 19:00:00+00:00,489.34737163868675
2020-09-08 20:00:00+00:00,489.34737163868675
2020-09-08 21:00:00+00:00,489.34737163868675
2020-09-08 22:00:00+00:00,120.0
2020-09-08 23:00:00+00:00,120.0
2020-09-09 00:00:00+00:00,120.0
2020-09-09 01:00:00+00:00,120.0
2020-09-09 02:00:00+00:00,120.0
2020-09-09 03:00:00+00:00,120.0
2020-09-09 04:00:00+00:00,120.0
2020-09-09 05:00:00+00:00,120.0
2020-09-09 06:00:00+00:00,463.57985165020676
2020-09-09 07:00:00+00:00,403.7197508917926
2020-09-09 08:00:00+00:00,360.9560404753182
2020-09-09 09:00:00+00:00,335.4402841449497
2020-09-09 10:00:00+00:00,195.78187208306647
2020-09-09 11:00:00+00:00,246.10103514622256
2020-09-09 12:00:00+00:00,262.33351214641544
2020-09-09 13:00:00+00:00,411.44950184426534
2020-09-09 14:00:00+00:00,427.21970942475144
2020-09-09 15:00:00+00:00,352.0592486927661
2020-09-09 16:00:00+00:00,408.75166719810824
2020-09-09 17:00:00+00:00,457.52488007076977
2020-09-09 18:00:00+00:00,498.90936041533234
2020-09-09 19:00:00+00:00,498.90936041533234
2020-09-09 20:00:00+00:00,498.90936041533234
2020-09-09 21:00:00+00:00,498.90936041533234
2020-09-09 22:00:00+00:00,120.0
2020-09-09 23:00:00+00:00,120.0
2020-09-10 00:00:00+00:00,120.0
2020-09-10 01:00:00+00:00,120.0
2020-09-10 02:00:00+00:00,120.0
2020-09-10 03:00:00+00:00,120.0
2020-09-10 04:00:00+00:00,120.0
2020-09-10 05:00:00+00:00,120.0
2020-09-10 06:00:00+00:00,460.4436916492158
2020-09-10 07:00:00+00:00,290.4588532564241
2020-09-10 08:00:00+00:00,197.7073546938476
2020-09-10 09:00:00+00:00,277.01548089438853
2020-09-10 10:00:00+00:00,385.77469452389767
2020-09-10 11:00:00+00:00,322.5675322159219
2020-09-10 12:00:00+00:00,197.7073546938476
2020-09-10 13:00:00+00:00,204.32025057829406
2020-09-10 14:00:00+00:00,197.7073546938476
2020-09-10 15:00:00+00:00,199.60341414837748
2020-09-10 16:00:00+00:00,325.02308462424753
2020-09-10 17:00:00+00:00,449.6345986113016
2020-09-10 18:00:00+00:00,508.5367734692381
2020-09-10 19:00:00+00:00,508.5367734692381
2020-09-10 20:00:00+00:00,508.5367734692381
2020-09-10 21:00:00+00:00,508.5367734692381
2020-09-10 22:00:00+00:00,120.0
2020-09-10 23:00:00+00:00,120.0
2020-09-11 00:00:00+00:00,120.0
2020-09-11 01:00:00+00:00,120.0
2020-09-11 02:00:00+00:00,120.0
2020-09-11 03:00:00+00:00,120.0
2020-09-11 04:00:00+00:00,120.0
2020-09-11 05:00:00+00:00,120.0
2020-09-11 06:00:00+00:00,474.35810180374835
2020-09-11 07:00:00+00:00,351.25028063184016
2020-09-11 08:00:00+00:00,199.64535237879807
2020-09-11 09:00:00+00:00,199.64535237879807
2020-09-11 10:00:00+00:00,199.64535237879807
2020-09-11 11:00:00+00:00,199.64535237879807
2020-09-11 12:00:00+00:00,199.64535237879807
2020-09-11 13:00:00+00:00,199.64535237879807
2020-09-11 14:00:00+00:00,199.64535237879807
2020-09-11 15:00:00+00:00,226.9796373152015
2020-09-11 16:00:00+00:00,317.5125093641813
2020-09-11 17:00:00+00:00,463.2953623583333
2020-09-11 18:00:00+00:00,518.2267618939903
2020-09-11 19:00:00+00:00,518.2267618939903
2020-09-11 20:00:00+00:00,518.2267618939903
2020-09-11 21:00:00+00:00,518.2267618939903
2020-09-11 22:00:00+00:00,120.0
2020-09-11 23:00:00+00:00,120.0
2020-09-12 00:00:00+00:00,120.0
2020-09-12 01:00:00+00:00,120.0
2020-09-12 02:00:00+00:00,120.0
2020-09-12 03:00:00+00:00,120.0
2020-09-12 04:00:00+00:00,120.0
2020-09-12 05:00:00+00:00,120.0
2020-09-12 06:00:00+00:00,484.42905111079153
2020-09-12 07:00:00+00:00,321.4261369751472
2020-09-12 08:00:00+00:00,201.5952916532234
2020-09-12 09:00:00+00:00,375.1811151162908
2020-09-12 10:00:00+00:00,372.3252799084279
2020-09-12 11:00:00+00:00,421.4538050128337
2020-09-12 12:00:00+00:00,337.54120707665885
2020-09-12 13:00:00+00:00,211.39488618077544
2020-09-12 14:00:00+00:00,201.5952916532234
2020-09-12 15:00:00+00:00,361.391510826896
2020-09-12 16:00:00+00:00,396.06950977951595
2020-09-12 17:00:00+00:00,487.7336604227471
2020-09-12 18:00:00+00:00,527.9764582661168
2020-09-12 19:00:00+00:00,527.9764582661168
2020-09-12 20:00:00+00:00,527.9764582661168
2020-09-12 21:00:00+00:00,527.9764582661168
2020-09-12 22:00:00+00:00,120.0
2020-09-12 23:00:00+00:00,120.0
2020-09-13 00:00:00+00:00,120.0
2020-09-13 01:00:00+00:00,120.0
2020-09-13 02:00:00+00:00,120.0
2020-09-13 03:00:00+00:00,120.0
2020-09-13 04:00:00+00:00,120.0
2020-09-13 05:00:00+00:00,120.0
2020-09-13 06:00:00+00:00,480.52164259833125
2020-09-13 07:00:00+00:00,297.0480702022398
2020-09-13 08:00:00+00:00,205.3196396637439
2020-09-13 09:00:00+00:00,203.55659549872095
2020-09-13 10:00:00+00:00,203.55659549872095
2020-09-13 11:00:00+00:00,203.55659549872095
2020-09-13 12:00:00+00:00,203.55659549872095
2020-09-13 13:00:00+00:00,203.55659549872095
2020-09-13 14:00:00+00:00,203.55659549872095
2020-09-13 15:00:00+00:00,203.55659549872095
2020-09-13 16:00:00+00:00,318.981676520654
2020-09-13 17:00:00+00:00,477.3214249907302
2020-09-13 18:00:00+00:00,537.7829774936047
2020-09-13 19:00:00+00:00,537.7829774936047
2020-09-13 20:00:00+00:00,537.7829774936047
2020-09-13 21:00:00+00:00,537.7829774936047
2020-09-13 22:00:00+00:00,120.0
2020-09-13 23:00:00+00:00,120.0
2020-09-14 00:00:00+00:00,120.0
2020-09-14 01:00:00+00:00,120.0
2020-09-14 02:00:00+00:00,120.0
2020-09-14 03:00:00+00:00,120.0
2020-09-14 04:00:00+00:00,120.0
2020-09-14 05:00:00+00:00,120.0
2020-09-14 06:00:00+00:00,480.82841009293725
2020-09-14 07:00:00+00:00,306.52950591914447
2020-09-14 08:00:00+00:00,205.52868353392844
2020-09-14 09:00:00+00:00,205.52868353392844
2020-09-14 10:00:00+00:00,205.52868353392844
2020-09-14 11:00:00+00:00,205.52868353392844
2020-09-14 12:00:00+00:00,205.52868353392844
2020-09-14 13:00:00+00:00,205.52868353392844
2020-09-14 14:00:00+00:00,205.52868353392844
2020-09-14 15:00:00+00:00,205.52868353392844
2020-09-14 16:00:00+00:00,325.26028761307487
2020-09-14 17:00:00+00:00,495.017618691216
2020-09-14 18:00:00+00:00,547.6434176696422
2020-09-14 19:00:00+00:00,547.6434176696422
2020-09-14 20:00:00+00:00,547.6434176696422
2020-09-14 21:00:00+00:00,547.6434176696422
2020-09-14 22:00:00+00:00,120.0
2020-09-14 23:00:00+00:00,120.0
2020-09-15 00:00:00+00:00,120.0
2020-09-15 01:00:00+00:00,120.0
2020-09-15 02:00:00+00:00,120.0
2020-09-15 03:00:00+00:00,120.0
2020-09-15 04:00:00+00:00,120.0
2020-09-15 05:00:00+00:00,120.0
2020-09-15 06:00:00+00:00,494.30193023510674
2020-09-15 07:00:00+00:00,303.96556572997326
2020-09-15 08:00:00+00:00,207.5109721862683
2020-09-15 09:00:00+00:00,207.5109721862683
2020-09-15 10:00:00+00:00,207.5109721862683
2020-09-15 11:00:00+00:00,207.5109721862683
2020-09-15 12:00:00+00:00,207.5109721862683
2020-09-15 13:00:00+00:00,207.5109721862683
2020-09-15 14:00:00+00:00,207.5109721862683
2020-09-15 15:00:00+00:00,207.5109721862683
2020-09-15 16:00:00+00:00,337.0797176052571
2020-09-15 17:00:00+00:00,501.32031020444543
2020-09-15 18:00:00+00:00,557.5548609313414
2020-09-15 19:00:00+00:00,557.5548609313414
2020-09-15 20:00:00+00:00,557.5548609313414
2020-09-15 21:00:00+00:00,557.5548609313414
2020-09-15 22:00:00+00:00,120.0
2020-09-15 23:00:00+00:00,120.0
2020-09-16 00:00:00+00:00,120.0
2020-09-16 01:00:00+00:00,120.0
2020-09-16 02:00:00+00:00,120.0
2020-09-16 03:00:00+00:00,120.0
2020-09-16 04:00:00+00:00,120.0
2020-09-16 05:00:00+00:00,120.0
2020-09-16 06:00:00+00:00,502.89329867091504
2020-09-16 07:00:00+00:00,305.42310585706747
2020-09-16 08:00:00+00:00,209.50287486463654
2020-09-16 09:00:00+00:00,209.50287486463654
2020-09-16 10:00:00+00:00,209.50287486463654
2020-09-16 11:00:00+00:00,448.97676685245807
2020-09-16 12:00:00+00:00,209.50287486463654
2020-09-16 13:00:00+00:00,301.3328244757536
2020-09-16 14:00:00+00:00,209.50287486463654
2020-09-16 15:00:00+00:00,209.50287486463654
2020-09-16 16:00:00+00:00,338.9150816314145
2020-09-16 17:00:00+00:00,525.0452601999127
2020-09-16 18:00:00+00:00,567.5143743231828
2020-09-16 19:00:00+00:00,567.5143743231828
2020-09-16 20:00:00+00:00,567.5143743231828
2020-09-16 21:00:00+00:00,567.5143743231828
2020-09-16 22:00:00+00:00,120.0
2020-09-16 23:00:00+00:00,120.0
2020-09-17 00:00:00+00:00,120.0
2020-09-17 01:00:00+00:00,120.0
2020-09-17 02:00:00+00:00,120.0
2020-09-17 03:00:00+00:00,120.0
2020-09-17 04:00:00+00:00,120.0
2020-09-17 05:00:00+00:00,120.0
2020-09-17 06:00:00+00:00,516.4585235015788
2020-09-17 07:00:00+00:00,310.30960767617967
2020-09-17 08:00:00+00:00,211.50380213298374
2020-09-17 09:00:00+00:00,211.50380213298374
2020-09-17 10:00:00+00:00,211.50380213298374
2020-09-17 11:00:00+00:00,211.50380213298374
2020-09-17 12:00:00+00:00,211.50380213298374
2020-09-17 13:00:00+00:00,211.50380213298374
2020-09-17 14:00:00+00:00,211.50380213298374
2020-09-17 15:00:00+00:00,211.50380213298374
2020-09-17 16:00:00+00:00,339.46271903574825
2020-09-17 17:00:00+00:00,521.6193379418792
2020-09-17 18:00:00+00:00,577.5190106649189
2020-09-17 19:00:00+00:00,577.5190106649189
2020-09-17 20:00:00+00:00,577.5190106649189
2020-09-17 21:00:00+00:00,577.5190106649189
2020-09-17 22:00:00+00:00,120.0
2020-09-17 23:00:00+00:00,120.0
2020-09-18 00:00:00+00:00,120.0
2020-09-18 01:00:00+00:00,120.0
2020-09-18 02:00:00+00:00,120.0
2020-09-18 03:00:00+00:00,120.0
2020-09-18 04:00:00+00:00,120.0
2020-09-18 05:00:00+00:00,120.0
2020-09-18 06:00:00+00:00,515.3175405515487
2020-09-18 07:00:00+00:00,313.9182438003848
2020-09-18 08:00:00+00:00,213.51316188473973
2020-09-18 09:00:00+00:00,213.51316188473973
2020-09-18 10:00:00+00:00,213.51316188473973
2020-09-18 11:00:00+00:00,213.51316188473973
2020-09-18 12:00:00+00:00,213.51316188473973
2020-09-18 13:00:00+00:00,213.51316188473973
2020-09-18 14:00:00+00:00,213.51316188473973
2020-09-18 15:00:00+00:00,213.51316188473973
2020-09-18 16:00:00+00:00,342.02830026293753
2020-09-18 17:00:00+00:00,538.7238849712992
2020-09-18 18:00:00+00:00,587.5658094236987
2020-09-18 19:00:00+00:00,587.5658094236987
2020-09-18 20:00:00+00:00,587.5658094236987
2020-09-18 21:00:00+00:00,587.5658094236987
2020-09-18 22:00:00+00:00,120.0
2020-09-18 23:00:00+00:00,120.0
2020-09-19 00:00:00+00:00,120.0
2020-09-19 01:00:00+00:00,120.0
2020-09-19 02:00:00+00:00,120.0
2020-09-19 03:00:00+00:00,120.0
2020-09-19 04:00:00+00:00,120.0
2020-09-19 05:00:00+00:00,120.0
2020-09-19 06:00:00+00:00,535.5666169393659
2020-09-19 07:00:00+00:00,324.51139365619053
2020-09-19 08:00:00+00:00,215.53035951802624
2020-09-19 09:00:00+00:00,215.53035951802624
2020-09-19 10:00:00+00:00,215.53035951802624
2020-09-19 11:00:00+00:00,215.53035951802624
2020-09-19 12:00:00+00:00,215.53035951802624
2020-09-19 13:00:00+00:00,215.53035951802624
2020-09-19 14:00:00+00:00,215.53035951802624
2020-09-19 15:00:00+00:00,215.53035951802624
2020-09-19 16:00:00+00:00,364.223364107834
2020-09-19 17:00:00+00:00,558.6467517989211
2020-09-19 18:00:00+00:00,597.6517975901312
2020-09-19 19:00:00+00:00,597.6517975901312
2020-09-19 20:00:00+00:00,597.6517975901312
2020-09-19 21:00:00+00:00,597.6517975901312
2020-09-19 22:00:00+00:00,120.0
2020-09-19 23:00:00+00:00,120.0
2020-09-20 00:00:00+00:00,120.0
2020-09-20 01:00:00+00:00,120.0
2020-09-20 02:00:00+00:00,120.0
2020-09-20 03:00:00+00:00,120.0
2020-09-20 04:00:00+00:00,120.0
2020-09-20 05:00:00+00:00,120.0
2020-09-20 06:00:00+00:00,541.3781949632883
2020-09-20 07:00:00+00:00,318.1533059243022
2020-09-20 08:00:00+00:00,217.55479811161004
2020-09-20 09:00:00+00:00,217.55479811161004
2020-09-20 10:00:00+00:00,217.55479811161004
2020-09-20 11:00:00+00:00,217.55479811161004
2020-09-20 12:00:00+00:00,217.55479811161004
2020-09-20 13:00:00+00:00,217.55479811161004
2020-09-20 14:00:00+00:00,217.55479811161004
2020-09-20 15:00:00+00:00,217.55479811161004
2020-09-20 16:00:00+00:00,353.37058804259345
2020-09-20 17:00:00+00:00,567.8350562111569
2020-09-20 18:00:00+00:00,607.7739905580501
2020-09-20 19:00:00+00:00,607.7739905580501
2020-09-20 20:00:00+00:00,607.7739905580501
2020-09-20 21:00:00+00:00,607.7739905580501
2020-09-20 22:00:00+00:00,120.0
2020-09-20 23:00:00+00:00,120.0
2020-09-21 00:00:00+00:00,120.0
2020-09-21 01:00:00+00:00,120.0
2020-09-21 02:00:00+00:00,120.0
2020-09-21 03:00:00+00:00,120.0
2020-09-21 04:00:00+00:00,120.0
2020-09-21 05:00:00+00:00,120.0
2020-09-21 06:00:00+00:00,555.0508692586926
2020-09-21 07:00:00+00:00,337.057380999919
2020-09-21 08:00:00+00:00,219.58587860154117
2020-09-21 09:00:00+00:00,219.58587860154117
2020-09-21 10:00:00+00:00,219.58587860154117
2020-09-21 11:00:00+00:00,219.58587860154117
2020-09-21 12:00:00+00:00,219.58587860154117
2020-09-21 13:00:00+00:00,219.58587860154117
2020-09-21 14:00:00+00:00,219.58587860154117
2020-09-21 15:00:00+00:00,219.58587860154117
2020-09-21 16:00:00+00:00,374.6410915841406
2020-09-21 17:00:00+00:00,585.5440652864845
2020-09-21 18:00:00+00:00,617.9293930077057
2020-09-21 19:00:00+00:00,617.9293930077057
2020-09-21 20:00:00+00:00,617.9293930077057
2020-09-21 21:00:00+00:00,617.9293930077057
2020-09-21 22:00:00+00:00,120.0
2020-09-21 23:00:00+00:00,120.0
2020-09-22 00:00:00+00:00,120.0
2020-09-22 01:00:00+00:00,120.0
2020-09-22 02:00:00+00:00,120.0
2020-09-22 03:00:00+00:00,120.0
2020-09-22 04:00:00+00:00,120.0
2020-09-22 05:00:00+00:00,120.0
2020-09-22 06:00:00+00:00,588.1873231084626
2020-09-22 07:00:00+00:00,420.21466647718086
2020-09-22 08:00:00+00:00,221.6229999584256
2020-09-22 09:00:00+00:00,221.6229999584256
2020-09-22 10:00:00+00:00,221.6229999584256
2020-09-22 11:00:00+00:00,221.6229999584256
2020-09-22 12:00:00+00:00,221.6229999584256
2020-09-22 13:00:00+00:00,221.6229999584256
2020-09-22 14:00:00+00:00,221.6229999584256
2020-09-22 15:00:00+00:00,221.6229999584256
2020-09-22 16:00:00+00:00,379.67725179376487
2020-09-22 17:00:00+00:00,597.8618327045046
2020-09-22 18:00:00+00:00,628.114999792128
2020-09-22 19:00:00+00:00,628.114999792128
2020-09-22 20:00:00+00:00,628.114999792128
2020-09-22 21:00:00+00:00,628.114999792128
2020-09-22 22:00:00+00:00,120.0
2020-09-22 23:00:00+00:00,120.0
2020-09-23 00:00:00+00:00,120.0
2020-09-23 01:00:00+00:00,120.0
2020-09-23 02:00:00+00:00,120.0
2020-09-23 03:00:00+00:00,120.0
2020-09-23 04:00:00+00:00,120.0
2020-09-23 05:00:00+00:00,120.0
2020-09-23 06:00:00+00:00,599.318446837245
2020-09-23 07:00:00+00:00,519.8691621396945
2020-09-23 08:00:00+00:00,449.96747545968617
2020-09-23 09:00:00+00:00,428.30137355234257
2020-09-23 10:00:00+00:00,319.7117001172118
2020-09-23 11:00:00+00:00,432.81082538473225
2020-09-23 12:00:00+00:00,479.46032709910827
2020-09-23 13:00:00+00:00,439.86008342157135
2020-09-23 14:00:00+00:00,569.6804634147114
2020-09-23 15:00:00+00:00,521.0820491842683
2020-09-23 16:00:00+00:00,543.7537070174549
2020-09-23 17:00:00+00:00,624.6024767664367
2020-09-23 18:00:00+00:00,638.3277968263999
2020-09-23 19:00:00+00:00,638.3277968263999
2020-09-23 20:00:00+00:00,638.3277968263999
2020-09-23 21:00:00+00:00,638.3277968263999
2020-09-23 22:00:00+00:00,120.0
2020-09-23 23:00:00+00:00,120.0
2020-09-24 00:00:00+00:00,120.0
2020-09-24 01:00:00+00:00,120.0
2020-09-24 02:00:00+00:00,120.0
2020-09-24 03:00:00+00:00,120.0
2020-09-24 04:00:00+00:00,120.0
2020-09-24 05:00:00+00:00,120.0
2020-09-24 06:00:00+00:00,597.08255416276
2020-09-24 07:00:00+00:00,386.1217863614739
2020-09-24 08:00:00+00:00,225.71295239591402
2020-09-24 09:00:00+00:00,225.71295239591402
2020-09-24 10:00:00+00:00,225.71295239591402
2020-09-24 11:00:00+00:00,367.7488752350641
2020-09-24 12:00:00+00:00,355.2641755571067
2020-09-24 13:00:00+00:00,560.5587291099716
2020-09-24 14:00:00+00:00,529.5636914674897
2020-09-24 15:00:00+00:00,416.74682867057027
2020-09-24 16:00:00+00:00,614.5674764890441
2020-09-24 17:00:00+00:00,634.9277911204972
2020-09-24 18:00:00+00:00,648.56476197957
2020-09-24 19:00:00+00:00,648.56476197957
2020-09-24 20:00:00+00:00,648.56476197957
2020-09-24 21:00:00+00:00,648.56476197957
2020-09-24 22:00:00+00:00,120.0
2020-09-24 23:00:00+00:00,120.0
2020-09-25 00:00:00+00:00,120.0
2020-09-25 01:00:00+00:00,120.0
2020-09-25 02:00:00+00:00,120.0
2020-09-25 03:00:00+00:00,120.0
2020-09-25 04:00:00+00:00,120.0
2020-09-25 05:00:00+00:00,120.0
2020-09-25 06:00:00+00:00,617.1179761429556
2020-09-25 07:00:00+00:00,506.5838534180847
2020-09-25 08:00:00+00:00,227.7645731937905
2020-09-25 09:00:00+00:00,447.00082089923785
2020-09-25 10:00:00+00:00,565.0353579183967
2020-09-25 11:00:00+00:00,377.33102432945236
2020-09-25 12:00:00+00:00,454.1132827300281
2020-09-25 13:00:00+00:00,505.9049366069638
2020-09-25 14:00:00+00:00,353.75213571465105
2020-09-25 15:00:00+00:00,631.2997939752585
2020-09-25 16:00:00+00:00,603.7767219815643
2020-09-25 17:00:00+00:00,638.1967266596611
2020-09-25 18:00:00+00:00,658.8228659689526
2020-09-25 19:00:00+00:00,658.8228659689526
2020-09-25 20:00:00+00:00,658.8228659689526
2020-09-25 21:00:00+00:00,658.8228659689526
2020-09-25 22:00:00+00:00,120.0
2020-09-25 23:00:00+00:00,120.0
2020-09-26 00:00:00+00:00,120.0
2020-09-26 01:00:00+00:00,120.0
2020-09-26 02:00:00+00:00,120.0
2020-09-26 03:00:00+00:00,120.0
2020-09-26 04:00:00+00:00,120.0
2020-09-26 05:00:00+00:00,120.0
2020-09-26 06:00:00+00:00,664.9478842627212
2020-09-26 07:00:00+00:00,643.1266870915065
2020-09-26 08:00:00+00:00,475.4647760633542
2020-09-26 09:00:00+00:00,229.81981465130815
2020-09-26 10:00:00+00:00,229.81981465130815
2020-09-26 11:00:00+00:00,229.81981465130815
2020-09-26 12:00:00+00:00,229.81981465130815
2020-09-26 13:00:00+00:00,493.5301355734944
2020-09-26 14:00:00+00:00,436.12731845525565
2020-09-26 15:00:00+00:00,432.470318627367
2020-09-26 16:00:00+00:00,574.2037714163454
2020-09-26 17:00:00+00:00,661.8290015266241
2020-09-26 18:00:00+00:00,669.0990732565407
2020-09-26 19:00:00+00:00,669.0990732565407
2020-09-26 20:00:00+00:00,669.0990732565407
2020-09-26 21:00:00+00:00,669.0990732565407
2020-09-26 22:00:00+00:00,120.0
2020-09-26 23:00:00+00:00,120.0
2020-09-27 00:00:00+00:00,120.0
2020-09-27 01:00:00+00:00,120.0
2020-09-27 02:00:00+00:00,120.0
2020-09-27 03:00:00+00:00,120.0
2020-09-27 04:00:00+00:00,120.0
2020-09-27 05:00:00+00:00,120.0
2020-09-27 06:00:00+00:00,665.6293405107663
2020-09-27 07:00:00+00:00,619.0656883638354
2020-09-27 08:00:00+00:00,491.3344974552561
2020-09-27 09:00:00+00:00,231.8780685894538
2020-09-27 10:00:00+00:00,231.8780685894538
2020-09-27 11:00:00+00:00,300.4257612142121
2020-09-27 12:00:00+00:00,231.8780685894538
2020-09-27 13:00:00+00:00,361.7349428012328
2020-09-27 14:00:00+00:00,523.9805178696588
2020-09-27 15:00:00+00:00,570.5441700165894
2020-09-27 16:00:00+00:00,655.0456752222038
2020-09-27 17:00:00+00:00,679.390342947269
2020-09-27 18:00:00+00:00,679.390342947269
2020-09-27 19:00:00+00:00,679.390342947269
2020-09-27 20:00:00+00:00,679.390342947269
2020-09-27 21:00:00+00:00,679.390342947269
2020-09-27 22:00:00+00:00,120.0
2020-09-27 23:00:00+00:00,120.0
2020-09-28 00:00:00+00:00,120.0
2020-09-28 01:00:00+00:00,120.0
2020-09-28 02:00:00+00:00,120.0
2020-09-28 03:00:00+00:00,120.0
2020-09-28 04:00:00+00:00,120.0
2020-09-28 05:00:00+00:00,120.0
2020-09-28 06:00:00+00:00,678.9150262151528
2020-09-28 07:00:00+00:00,627.1754507668101
2020-09-28 08:00:00+00:00,527.6271859149775
2020-09-28 09:00:00+00:00,600.2289420825266
2020-09-28 10:00:00+00:00,605.6182438193833
2020-09-28 11:00:00+00:00,625.0220088465861
2020-09-28 12:00:00+00:00,597.0044761384877
2020-09-28 13:00:00+00:00,600.2289420825266
2020-09-28 14:00:00+00:00,640.1074961607474
2020-09-28 15:00:00+00:00,592.6861984254462
2020-09-28 16:00:00+00:00,625.1245536999302
2020-09-28 17:00:00+00:00,689.6936296888663
2020-09-28 18:00:00+00:00,689.6936296888663
2020-09-28 19:00:00+00:00,689.6936296888663
2020-09-28 20:00:00+00:00,689.6936296888663
2020-09-28 21:00:00+00:00,689.6936296888663
2020-09-28 22:00:00+00:00,120.0
2020-09-28 23:00:00+00:00,120.0
2020-09-29 00:00:00+00:00,120.0
2020-09-29 01:00:00+00:00,120.0
2020-09-29 02:00:00+00:00,120.0
2020-09-29 03:00:00+00:00,120.0
2020-09-29 04:00:00+00:00,120.0
2020-09-29 05:00:00+00:00,120.0
2020-09-29 06:00:00+00:00,665.4839343232351
2020-09-29 07:00:00+00:00,416.6962101944832
2020-09-29 08:00:00+00:00,236.00117691460426
2020-09-29 09:00:00+00:00,236.00117691460426
2020-09-29 10:00:00+00:00,236.00117691460426
2020-09-29 11:00:00+00:00,236.00117691460426
2020-09-29 12:00:00+00:00,236.00117691460426
2020-09-29 13:00:00+00:00,236.00117691460426
2020-09-29 14:00:00+00:00,338.4186160125083
2020-09-29 15:00:00+00:00,531.5489754576329
2020-09-29 16:00:00+00:00,598.3772534781364
2020-09-29 17:00:00+00:00,700.0058845730211
2020-09-29 18:00:00+00:00,700.0058845730211
2020-09-29 19:00:00+00:00,700.0058845730211
2020-09-29 20:00:00+00:00,700.0058845730211
2020-09-29 21:00:00+00:00,700.0058845730211
2020-09-29 22:00:00+00:00,120.0
2020-09-29 23:00:00+00:00,120.0
2020-09-30 00:00:00+00:00,120.0
2020-09-30 01:00:00+00:00,120.0
2020-09-30 02:00:00+00:00,120.0
2020-09-30 03:00:00+00:00,120.0
2020-09-30 04:00:00+00:00,120.0
2020-09-30 05:00:00+00:00,120.0
2020-09-30 06:00:00+00:00,698.0335091909024
2020-09-30 07:00:00+00:00,638.8712322948135
2020-09-30 08:00:00+00:00,518.5868026365911
2020-09-30 09:00:00+00:00,590.8188541333525
2020-09-30 10:00:00+00:00,546.1431295724266
2020-09-30 11:00:00+00:00,654.4794003364478
2020-09-30 12:00:00+00:00,627.6786881923406
2020-09-30 13:00:00+00:00,530.5113485685507
2020-09-30 14:00:00+00:00,304.8304619453743
2020-09-30 15:00:00+00:00,590.9605319068015
2020-09-30 16:00:00+00:00,573.073713008862
2020-09-30 17:00:00+00:00,710.3240560376054
2020-09-30 18:00:00+00:00,710.3240560376054
2020-09-30 19:00:00+00:00,710.3240560376054
2020-09-30 20:00:00+00:00,710.3240560376054
2020-09-30 21:00:00+00:00,710.3240560376054
2020-09-30 22:00:00+00:00,120.0
2020-09-30 23:00:00+00:00,120.0
2020-10-01 00:00:00+00:00,120.0
2020-10-01 01:00:00+00:00,120.0
2020-10-01 02:00:00+00:00,120.0
2020-10-01 03:00:00+00:00,120.0
2020-10-01 04:00:00+00:00,120.0
2020-10-01 05:00:00+00:00,120.0
2020-10-01 06:00:00+00:00,717.2334266541071
2020-10-01 07:00:00+00:00,703.5987830936356
2020-10-01 08:00:00+00:00,654.7302985086145
2020-10-01 09:00:00+00:00,495.04279467658745
2020-10-01 10:00:00+00:00,611.5559293840898
2020-10-01 11:00:00+00:00,561.5462191266064
2020-10-01 12:00:00+00:00,613.8263678271993
2020-10-01 13:00:00+00:00,645.6485447361769
2020-10-01 14:00:00+00:00,569.6188891465508
2020-10-01 15:00:00+00:00,637.6839908325708
2020-10-01 16:00:00+00:00,650.9222086331346
2020-10-01 17:00:00+00:00,720.645090769679
2020-10-01 18:00:00+00:00,720.645090769679
2020-10-01 19:00:00+00:00,720.645090769679
2020-10-01 20:00:00+00:00,720.645090769679
2020-10-01 21:00:00+00:00,720.645090769679
2020-10-01 22:00:00+00:00,120.0
2020-10-01 23:00:00+00:00,120.0
2020-10-02 00:00:00+00:00,120.0
2020-10-02 01:00:00+00:00,120.0
2020-10-02 02:00:00+00:00,120.0
2020-10-02 03:00:00+00:00,120.0
2020-10-02 04:00:00+00:00,120.0
2020-10-02 05:00:00+00:00,120.0
2020-10-02 06:00:00+00:00,722.8767456347913
2020-10-02 07:00:00+00:00,680.1091302121603
2020-10-02 08:00:00+00:00,537.619654942646
2020-10-02 09:00:00+00:00,447.9787330168113
2020-10-02 10:00:00+00:00,540.3690016483865
2020-10-02 11:00:00+00:00,483.9768458839744
2020-10-02 12:00:00+00:00,453.0008729992973
2020-10-02 13:00:00+00:00,473.7614954573117
2020-10-02 14:00:00+00:00,690.5077704192058
2020-10-02 15:00:00+00:00,687.0374839106265
2020-10-02 16:00:00+00:00,715.936172617633
2020-10-02 17:00:00+00:00,730.9659346090148
2020-10-02 18:00:00+00:00,730.9659346090148
2020-10-02 19:00:00+00:00,730.9659346090148
2020-10-02 20:00:00+00:00,730.9659346090148
2020-10-02 21:00:00+00:00,730.9659346090148
2020-10-02 22:00:00+00:00,120.0
2020-10-02 23:00:00+00:00,120.0
2020-10-03 00:00:00+00:00,120.0
2020-10-03 01:00:00+00:00,120.0
2020-10-03 02:00:00+00:00,120.0
2020-10-03 03:00:00+00:00,120.0
2020-10-03 04:00:00+00:00,120.0
2020-10-03 05:00:00+00:00,120.0
2020-10-03 06:00:00+00:00,738.9350816954272
2020-10-03 07:00:00+00:00,708.3679318495949
2020-10-03 08:00:00+00:00,700.1421378666921
2020-10-03 09:00:00+00:00,683.6905499008864
2020-10-03 10:00:00+00:00,688.3874534137825
2020-10-03 11:00:00+00:00,563.7952536153435
2020-10-03 12:00:00+00:00,655.4718518115022
2020-10-03 13:00:00+00:00,673.1038784908665
2020-10-03 14:00:00+00:00,701.3225765802506
2020-10-03 15:00:00+00:00,694.2647956402374
2020-10-03 16:00:00+00:00,613.1748688540986
2020-10-03 17:00:00+00:00,741.2835334518752
2020-10-03 18:00:00+00:00,741.2835334518752
2020-10-03 19:00:00+00:00,741.2835334518752
2020-10-03 20:00:00+00:00,741.2835334518752
2020-10-03 21:00:00+00:00,741.2835334518752
2020-10-03 22:00:00+00:00,120.0
2020-10-03 23:00:00+00:00,120.0
2020-10-04 00:00:00+00:00,120.0
2020-10-04 01:00:00+00:00,120.0
2020-10-04 02:00:00+00:00,120.0
2020-10-04 03:00:00+00:00,120.0
2020-10-04 04:00:00+00:00,120.0
2020-10-04 05:00:00+00:00,120.0
2020-10-04 06:00:00+00:00,730.196401173605
2020-10-04 07:00:00+00:00,724.1078269723529
2020-10-04 08:00:00+00:00,530.9661266878247
2020-10-04 09:00:00+00:00,583.1611237823748
2020-10-04 10:00:00+00:00,265.94893427648395
2020-10-04 11:00:00+00:00,535.3999224235912
2020-10-04 12:00:00+00:00,403.838718469153
2020-10-04 13:00:00+00:00,246.31896683095368
2020-10-04 14:00:00+00:00,246.31896683095368
2020-10-04 15:00:00+00:00,413.6284383985519
2020-10-04 16:00:00+00:00,506.1318178088592
2020-10-04 17:00:00+00:00,751.5948341547684
2020-10-04 18:00:00+00:00,751.5948341547684
2020-10-04 19:00:00+00:00,751.5948341547684
2020-10-04 20:00:00+00:00,751.5948341547684
2020-10-04 21:00:00+00:00,751.5948341547684
2020-10-04 22:00:00+00:00,120.0
2020-10-04 23:00:00+00:00,120.0
2020-10-05 00:00:00+00:00,120.0
2020-10-05 01:00:00+00:00,120.0
2020-10-05 02:00:00+00:00,120.0
2020-10-05 03:00:00+00:00,120.0
2020-10-05 04:00:00+00:00,120.0
2020-10-05 05:00:00+00:00,120.0
2020-10-05 06:00:00+00:00,747.0432938228889
2020-10-05 07:00:00+00:00,746.1061245161496
2020-10-05 08:00:00+00:00,706.0260892334056
2020-10-05 09:00:00+00:00,652.5946008135531
2020-10-05 10:00:00+00:00,645.3154912666871
2020-10-05 11:00:00+00:00,638.0235437841122
2020-10-05 12:00:00+00:00,451.00049637891914
2020-10-05 13:00:00+00:00,662.3129181450832
2020-10-05 14:00:00+00:00,262.37270701013114
2020-10-05 15:00:00+00:00,552.4073505424021
2020-10-05 16:00:00+00:00,649.7060652790824
2020-10-05 17:00:00+00:00,761.8967854379226
2020-10-05 18:00:00+00:00,761.8967854379226
2020-10-05 19:00:00+00:00,761.8967854379226
2020-10-05 20:00:00+00:00,761.8967854379226
2020-10-05 21:00:00+00:00,761.8967854379226
2020-10-05 22:00:00+00:00,120.0
2020-10-05 23:00:00+00:00,120.0
2020-10-06 00:00:00+00:00,120.0
2020-10-06 01:00:00+00:00,120.0
2020-10-06 02:00:00+00:00,120.0
2020-10-06 03:00:00+00:00,120.0
2020-10-06 04:00:00+00:00,120.0
2020-10-06 05:00:00+00:00,120.0
2020-10-06 06:00:00+00:00,772.1863387882117
2020-10-06 07:00:00+00:00,649.4318261014945
2020-10-06 08:00:00+00:00,553.2343411302332
2020-10-06 09:00:00+00:00,658.6667846587355
2020-10-06 10:00:00+00:00,648.792683489482
2020-10-06 11:00:00+00:00,690.7543525271157
2020-10-06 12:00:00+00:00,324.68216056529235
2020-10-06 13:00:00+00:00,434.8494769133971
2020-10-06 14:00:00+00:00,569.460737239284
2020-10-06 15:00:00+00:00,502.74207478124987
2020-10-06 16:00:00+00:00,666.6625891722791
2020-10-06 17:00:00+00:00,772.1863387882117
2020-10-06 18:00:00+00:00,772.1863387882117
2020-10-06 19:00:00+00:00,772.1863387882117
2020-10-06 20:00:00+00:00,772.1863387882117
2020-10-06 21:00:00+00:00,772.1863387882117
2020-10-06 22:00:00+00:00,120.0
2020-10-06 23:00:00+00:00,120.0
2020-10-07 00:00:00+00:00,120.0
2020-10-07 01:00:00+00:00,120.0
2020-10-07 02:00:00+00:00,120.0
2020-10-07 03:00:00+00:00,120.0
2020-10-07 04:00:00+00:00,120.0
2020-10-07 05:00:00+00:00,120.0
2020-10-07 06:00:00+00:00,782.4604493612553
2020-10-07 07:00:00+00:00,634.7450183626826
2020-10-07 08:00:00+00:00,543.1002397980466
2020-10-07 09:00:00+00:00,647.0932811387763
2020-10-07 10:00:00+00:00,588.1872979815735
2020-10-07 11:00:00+00:00,670.9153588978072
2020-10-07 12:00:00+00:00,464.77091626557166
2020-10-07 13:00:00+00:00,252.49208987225106
2020-10-07 14:00:00+00:00,560.8939274678899
2020-10-07 15:00:00+00:00,694.7241874478507
2020-10-07 16:00:00+00:00,747.363294754096
2020-10-07 17:00:00+00:00,782.4604493612553
2020-10-07 18:00:00+00:00,782.4604493612553
2020-10-07 19:00:00+00:00,782.4604493612553
2020-10-07 20:00:00+00:00,782.4604493612553
2020-10-07 21:00:00+00:00,782.4604493612553
2020-10-07 22:00:00+00:00,120.0
2020-10-07 23:00:00+00:00,120.0
2020-10-08 00:00:00+00:00,120.0
2020-10-08 01:00:00+00:00,120.0
2020-10-08 02:00:00+00:00,120.0
2020-10-08 03:00:00+00:00,120.0
2020-10-08 04:00:00+00:00,120.0
2020-10-08 05:00:00+00:00,120.0
2020-10-08 06:00:00+00:00,792.7160768824416
2020-10-08 07:00:00+00:00,771.0815278499023
2020-10-08 08:00:00+00:00,684.5298773982074
2020-10-08 09:00:00+00:00,723.9914024681312
2020-10-08 10:00:00+00:00,693.4366382561308
2020-10-08 11:00:00+00:00,735.4410300966705
2020-10-08 12:00:00+00:00,669.2592224529758
2020-10-08 13:00:00+00:00,715.0846416102079
2020-10-08 14:00:00+00:00,715.0846416102079
2020-10-08 15:00:00+00:00,669.8243039575573
2020-10-08 16:00:00+00:00,696.880944569769
2020-10-08 17:00:00+00:00,792.7160768824416
2020-10-08 18:00:00+00:00,792.7160768824416
2020-10-08 19:00:00+00:00,792.7160768824416
2020-10-08 20:00:00+00:00,792.7160768824416
2020-10-08 21:00:00+00:00,792.7160768824416
2020-10-08 22:00:00+00:00,120.0
2020-10-08 23:00:00+00:00,120.0
2020-10-09 00:00:00+00:00,120.0
2020-10-09 01:00:00+00:00,120.0
2020-10-09 02:00:00+00:00,120.0
2020-10-09 03:00:00+00:00,120.0
2020-10-09 04:00:00+00:00,120.0
2020-10-09 05:00:00+00:00,120.0
2020-10-09 06:00:00+00:00,802.9501865465891
2020-10-09 07:00:00+00:00,715.9833097917465
2020-10-09 08:00:00+00:00,592.0415099372714
2020-10-09 09:00:00+00:00,288.7569910956621
2020-10-09 10:00:00+00:00,497.9309742311514
2020-10-09 11:00:00+00:00,256.5900373093178
2020-10-09 12:00:00+00:00,307.21030513615096
2020-10-09 13:00:00+00:00,256.5900373093178
2020-10-09 14:00:00+00:00,398.4387910550444
2020-10-09 15:00:00+00:00,529.455954842142
2020-10-09 16:00:00+00:00,737.1547655746906
2020-10-09 17:00:00+00:00,802.9501865465891
2020-10-09 18:00:00+00:00,802.9501865465891
2020-10-09 19:00:00+00:00,802.9501865465891
2020-10-09 20:00:00+00:00,802.9501865465891
2020-10-09 21:00:00+00:00,802.9501865465891
2020-10-09 22:00:00+00:00,120.0
2020-10-09 23:00:00+00:00,120.0
2020-10-10 00:00:00+00:00,120.0
2020-10-10 01:00:00+00:00,120.0
2020-10-10 02:00:00+00:00,120.0
2020-10-10 03:00:00+00:00,120.0
2020-10-10 04:00:00+00:00,120.0
2020-10-10 05:00:00+00:00,120.0
2020-10-10 06:00:00+00:00,813.1597499159975
2020-10-10 07:00:00+00:00,615.5399052149464
2020-10-10 08:00:00+00:00,301.7742128179712
2020-10-10 09:00:00+00:00,453.20189178462
2020-10-10 10:00:00+00:00,617.7580164146777
2020-10-10 11:00:00+00:00,261.7095792728266
2020-10-10 12:00:00+00:00,640.0500339719762
2020-10-10 13:00:00+00:00,706.93994983887
2020-10-10 14:00:00+00:00,742.3465498645791
2020-10-10 15:00:00+00:00,788.2475885040166
2020-10-10 16:00:00+00:00,758.5526248176152
2020-10-10 17:00:00+00:00,813.1597499159975
2020-10-10 18:00:00+00:00,813.1597499159975
2020-10-10 19:00:00+00:00,813.1597499159975
2020-10-10 20:00:00+00:00,813.1597499159975
2020-10-10 21:00:00+00:00,813.1597499159975
2020-10-10 22:00:00+00:00,120.0
2020-10-10 23:00:00+00:00,120.0
2020-10-11 00:00:00+00:00,120.0
2020-10-11 01:00:00+00:00,120.0
2020-10-11 02:00:00+00:00,120.0
2020-10-11 03:00:00+00:00,120.0
2020-10-11 04:00:00+00:00,120.0
2020-10-11 05:00:00+00:00,120.0
2020-10-11 06:00:00+00:00,823.3417458166091
2020-10-11 07:00:00+00:00,607.0078916383366
2020-10-11 08:00:00+00:00,731.5275143177089
2020-10-11 09:00:00+00:00,282.148406080561
2020-10-11 10:00:00+00:00,260.66834916332186
2020-10-11 11:00:00+00:00,338.4860799204714
2020-10-11 12:00:00+00:00,823.3417458166091
2020-10-11 13:00:00+00:00,462.16169250486394
2020-10-11 14:00:00+00:00,566.2281372158895
2020-10-11 15:00:00+00:00,518.3446311606948
2020-10-11 16:00:00+00:00,748.9422559441283
2020-10-11 17:00:00+00:00,823.3417458166091
2020-10-11 18:00:00+00:00,823.3417458166091
2020-10-11 19:00:00+00:00,823.3417458166091
2020-10-11 20:00:00+00:00,823.3417458166091
2020-10-11 21:00:00+00:00,823.3417458166091
2020-10-11 22:00:00+00:00,120.0
2020-10-11 23:00:00+00:00,120.0
2020-10-12 00:00:00+00:00,120.0
2020-10-12 01:00:00+00:00,120.0
2020-10-12 02:00:00+00:00,120.0
2020-10-12 03:00:00+00:00,120.0
2020-10-12 04:00:00+00:00,120.0
2020-10-12 05:00:00+00:00,120.0
2020-10-12 06:00:00+00:00,833.4931612320246
2020-10-12 07:00:00+00:00,742.3230050897965
2020-10-12 08:00:00+00:00,728.1958404974023
2020-10-12 09:00:00+00:00,289.9683408686929
2020-10-12 10:00:00+00:00,262.69863224640494
2020-10-12 11:00:00+00:00,262.69863224640494
2020-10-12 12:00:00+00:00,612.0391538488287
2020-10-12 13:00:00+00:00,262.69863224640494
2020-10-12 14:00:00+00:00,375.7302188487822
2020-10-12 15:00:00+00:00,616.6625895336123
2020-10-12 16:00:00+00:00,761.0450656405249
2020-10-12 17:00:00+00:00,833.4931612320246
2020-10-12 18:00:00+00:00,833.4931612320246
2020-10-12 19:00:00+00:00,833.4931612320246
2020-10-12 20:00:00+00:00,833.4931612320246
2020-10-12 21:00:00+00:00,833.4931612320246
2020-10-12 22:00:00+00:00,120.0
2020-10-12 23:00:00+00:00,120.0
2020-10-13 00:00:00+00:00,120.0
2020-10-13 01:00:00+00:00,120.0
2020-10-13 02:00:00+00:00,120.0
2020-10-13 03:00:00+00:00,120.0
2020-10-13 04:00:00+00:00,120.0
2020-10-13 05:00:00+00:00,120.0
2020-10-13 06:00:00+00:00,843.6109921951025
2020-10-13 07:00:00+00:00,715.0542633217206
2020-10-13 08:00:00+00:00,545.8595411266617
2020-10-13 09:00:00+00:00,264.72219843902053
2020-10-13 10:00:00+00:00,264.72219843902053
2020-10-13 11:00:00+00:00,348.9215734908426
2020-10-13 12:00:00+00:00,264.72219843902053
2020-10-13 13:00:00+00:00,466.75438745989317
2020-10-13 14:00:00+00:00,433.59853179751354
2020-10-13 15:00:00+00:00,712.7097637070085
2020-10-13 16:00:00+00:00,784.6656407708895
2020-10-13 17:00:00+00:00,843.6109921951025
2020-10-13 18:00:00+00:00,843.6109921951025
2020-10-13 19:00:00+00:00,843.6109921951025
2020-10-13 20:00:00+00:00,843.6109921951025
2020-10-13 21:00:00+00:00,843.6109921951025
2020-10-13 22:00:00+00:00,120.0
2020-10-13 23:00:00+00:00,120.0
2020-10-14 00:00:00+00:00,120.0
2020-10-14 01:00:00+00:00,120.0
2020-10-14 02:00:00+00:00,120.0
2020-10-14 03:00:00+00:00,120.0
2020-10-14 04:00:00+00:00,120.0
2020-10-14 05:00:00+00:00,120.0
2020-10-14 06:00:00+00:00,853.6922446768797
2020-10-14 07:00:00+00:00,743.4623218366253
2020-10-14 08:00:00+00:00,628.1259009734199
2020-10-14 09:00:00+00:00,570.839210509049
2020-10-14 10:00:00+00:00,396.7927362267997
2020-10-14 11:00:00+00:00,357.936394948712
2020-10-14 12:00:00+00:00,375.20751038840586
2020-10-14 13:00:00+00:00,356.38096738999707
2020-10-14 14:00:00+00:00,582.4315479749437
2020-10-14 15:00:00+00:00,757.3878006405926
2020-10-14 16:00:00+00:00,782.8175738410931
2020-10-14 17:00:00+00:00,853.6922446768797
2020-10-14 18:00:00+00:00,853.6922446768797
2020-10-14 19:00:00+00:00,853.6922446768797
2020-10-14 20:00:00+00:00,853.6922446768797
2020-10-14 21:00:00+00:00,853.6922446768797
2020-10-14 22:00:00+00:00,120.0
2020-10-14 23:00:00+00:00,120.0
2020-10-15 00:00:00+00:00,120.0
2020-10-15 01:00:00+00:00,120.0
2020-10-15 02:00:00+00:00,120.0
2020-10-15 03:00:00+00:00,120.0
2020-10-15 04:00:00+00:00,120.0
2020-10-15 05:00:00+00:00,120.0
2020-10-15 06:00:00+00:00,863.7339354725563
2020-10-15 07:00:00+00:00,678.3805640740857
2020-10-15 08:00:00+00:00,369.64173278071814
2020-10-15 09:00:00+00:00,268.74678709451126
2020-10-15 10:00:00+00:00,490.3497505079141
2020-10-15 11:00:00+00:00,631.4212033883487
2020-10-15 12:00:00+00:00,744.1266439698597
2020-10-15 13:00:00+00:00,606.045001510025
2020-10-15 14:00:00+00:00,626.9290504180943
2020-10-15 15:00:00+00:00,667.5666726523149
2020-10-15 16:00:00+00:00,805.6631897908591
2020-10-15 17:00:00+00:00,863.7339354725563
2020-10-15 18:00:00+00:00,863.7339354725563
2020-10-15 19:00:00+00:00,863.7339354725563
2020-10-15 20:00:00+00:00,863.7339354725563
2020-10-15 21:00:00+00:00,863.7339354725563
2020-10-15 22:00:00+00:00,120.0
2020-10-15 23:00:00+00:00,120.0
2020-10-16 00:00:00+00:00,120.0
2020-10-16 01:00:00+00:00,120.0
2020-10-16 02:00:00+00:00,120.0
2020-10-16 03:00:00+00:00,120.0
2020-10-16 04:00:00+00:00,120.0
2020-10-16 05:00:00+00:00,120.0
2020-10-16 06:00:00+00:00,873.7330930842696
2020-10-16 07:00:00+00:00,760.1455159564701
2020-10-16 08:00:00+00:00,630.4280506366675
2020-10-16 09:00:00+00:00,581.52584755736
2020-10-16 10:00:00+00:00,365.4004204463766
2020-10-16 11:00:00+00:00,270.7466186168539
2020-10-16 12:00:00+00:00,270.7466186168539
2020-10-16 13:00:00+00:00,270.7466186168539
2020-10-16 14:00:00+00:00,475.98813986370055
2020-10-16 15:00:00+00:00,476.36500641024264
2020-10-16 16:00:00+00:00,795.2845527560589
2020-10-16 17:00:00+00:00,873.7330930842696
2020-10-16 18:00:00+00:00,873.7330930842696
2020-10-16 19:00:00+00:00,873.7330930842696
2020-10-16 20:00:00+00:00,873.7330930842696
2020-10-16 21:00:00+00:00,873.7330930842696
2020-10-16 22:00:00+00:00,120.0
2020-10-16 23:00:00+00:00,120.0
2020-10-17 00:00:00+00:00,120.0
2020-10-17 01:00:00+00:00,120.0
2020-10-17 02:00:00+00:00,120.0
2020-10-17 03:00:00+00:00,120.0
2020-10-17 04:00:00+00:00,120.0
2020-10-17 05:00:00+00:00,120.0
2020-10-17 06:00:00+00:00,883.6867586004114
2020-10-17 07:00:00+00:00,815.9019219070389
2020-10-17 08:00:00+00:00,779.6573483438634
2020-10-17 09:00:00+00:00,602.5278415540838
2020-10-17 10:00:00+00:00,596.5710848370007
2020-10-17 11:00:00+00:00,530.588548893925
2020-10-17 12:00:00+00:00,582.320689921517
2020-10-17 13:00:00+00:00,818.6664679731723
2020-10-17 14:00:00+00:00,837.4531622347424
2020-10-17 15:00:00+00:00,808.5552552893029
2020-10-17 16:00:00+00:00,862.0133283913317
2020-10-17 17:00:00+00:00,883.6867586004114
2020-10-17 18:00:00+00:00,883.6867586004114
2020-10-17 19:00:00+00:00,883.6867586004114
2020-10-17 20:00:00+00:00,883.6867586004114
2020-10-17 21:00:00+00:00,883.6867586004114
2020-10-17 22:00:00+00:00,120.0
2020-10-17 23:00:00+00:00,120.0
2020-10-18 00:00:00+00:00,120.0
2020-10-18 01:00:00+00:00,120.0
2020-10-18 02:00:00+00:00,120.0
2020-10-18 03:00:00+00:00,120.0
2020-10-18 04:00:00+00:00,120.0
2020-10-18 05:00:00+00:00,120.0
2020-10-18 06:00:00+00:00,893.591986571217
2020-10-18 07:00:00+00:00,843.8345499949563
2020-10-18 08:00:00+00:00,683.1440225443831
2020-10-18 09:00:00+00:00,710.2661575935701
2020-10-18 10:00:00+00:00,798.4556440626889
2020-10-18 11:00:00+00:00,538.3740181774455
2020-10-18 12:00:00+00:00,572.3501782276535
2020-10-18 13:00:00+00:00,788.213286160486
2020-10-18 14:00:00+00:00,693.3709086068546
2020-10-18 15:00:00+00:00,701.3234342288067
2020-10-18 16:00:00+00:00,861.5652783271688
2020-10-18 17:00:00+00:00,893.591986571217
2020-10-18 18:00:00+00:00,893.591986571217
2020-10-18 19:00:00+00:00,893.591986571217
2020-10-18 20:00:00+00:00,893.591986571217
2020-10-18 21:00:00+00:00,893.591986571217
2020-10-18 22:00:00+00:00,120.0
2020-10-18 23:00:00+00:00,120.0
2020-10-19 00:00:00+00:00,120.0
2020-10-19 01:00:00+00:00,120.0
2020-10-19 02:00:00+00:00,120.0
2020-10-19 03:00:00+00:00,120.0
2020-10-19 04:00:00+00:00,120.0
2020-10-19 05:00:00+00:00,120.0
2020-10-19 06:00:00+00:00,903.4458458803698
2020-10-19 07:00:00+00:00,845.4551843683049
2020-10-19 08:00:00+00:00,853.0546090733445
2020-10-19 09:00:00+00:00,804.1362504565741
2020-10-19 10:00:00+00:00,764.1178366490049
2020-10-19 11:00:00+00:00,596.9148242212162
2020-10-19 12:00:00+00:00,447.8094108332642
2020-10-19 13:00:00+00:00,432.0778182479865
2020-10-19 14:00:00+00:00,428.92836594754743
2020-10-19 15:00:00+00:00,605.3290326059715
2020-10-19 16:00:00+00:00,864.3989049216921
2020-10-19 17:00:00+00:00,903.4458458803698
2020-10-19 18:00:00+00:00,903.4458458803698
2020-10-19 19:00:00+00:00,903.4458458803698
2020-10-19 20:00:00+00:00,903.4458458803698
2020-10-19 21:00:00+00:00,903.4458458803698
2020-10-19 22:00:00+00:00,120.0
2020-10-19 23:00:00+00:00,120.0
2020-10-20 00:00:00+00:00,120.0
2020-10-20 01:00:00+00:00,120.0
2020-10-20 02:00:00+00:00,120.0
2020-10-20 03:00:00+00:00,120.0
2020-10-20 04:00:00+00:00,120.0
2020-10-20 05:00:00+00:00,120.0
2020-10-20 06:00:00+00:00,913.2454206123663
2020-10-20 07:00:00+00:00,866.7136442392449
2020-10-20 08:00:00+00:00,847.2156718005929
2020-10-20 09:00:00+00:00,763.1633870325065
2020-10-20 10:00:00+00:00,730.1485126266198
2020-10-20 11:00:00+00:00,658.692965137858
2020-10-20 12:00:00+00:00,784.1843906787344
2020-10-20 13:00:00+00:00,808.1879971064644
2020-10-20 14:00:00+00:00,830.7003021434434
2020-10-20 15:00:00+00:00,884.7361801955578
2020-10-20 16:00:00+00:00,899.7443835535438
2020-10-20 17:00:00+00:00,913.2454206123663
2020-10-20 18:00:00+00:00,913.2454206123663
2020-10-20 19:00:00+00:00,913.2454206123663
2020-10-20 20:00:00+00:00,913.2454206123663
2020-10-20 21:00:00+00:00,913.2454206123663
2020-10-20 22:00:00+00:00,120.0
2020-10-20 23:00:00+00:00,120.0
2020-10-21 00:00:00+00:00,120.0
2020-10-21 01:00:00+00:00,120.0
2020-10-21 02:00:00+00:00,120.0
2020-10-21 03:00:00+00:00,120.0
2020-10-21 04:00:00+00:00,120.0
2020-10-21 05:00:00+00:00,120.0
2020-10-21 06:00:00+00:00,922.9878109153844
2020-10-21 07:00:00+00:00,880.4455166930873
2020-10-21 08:00:00+00:00,883.4808106183475
2020-10-21 09:00:00+00:00,843.989870077529
2020-10-21 10:00:00+00:00,796.8866050892324
2020-10-21 11:00:00+00:00,743.7127522504157
2020-10-21 12:00:00+00:00,731.5715765493751
2020-10-21 13:00:00+00:00,428.4918571974724
2020-10-21 14:00:00+00:00,854.6214286940485
2020-10-21 15:00:00+00:00,850.0604579280492
2020-10-21 16:00:00+00:00,915.3915462241248
2020-10-21 17:00:00+00:00,922.9878109153844
2020-10-21 18:00:00+00:00,922.9878109153844
2020-10-21 19:00:00+00:00,922.9878109153844
2020-10-21 20:00:00+00:00,922.9878109153844
2020-10-21 21:00:00+00:00,922.9878109153844
2020-10-21 22:00:00+00:00,120.0
2020-10-21 23:00:00+00:00,120.0
2020-10-22 00:00:00+00:00,120.0
2020-10-22 01:00:00+00:00,120.0
2020-10-22 02:00:00+00:00,120.0
2020-10-22 03:00:00+00:00,120.0
2020-10-22 04:00:00+00:00,120.0
2020-10-22 05:00:00+00:00,120.0
2020-10-22 06:00:00+00:00,932.670133859392
2020-10-22 07:00:00+00:00,742.8141371871609
2020-10-22 08:00:00+00:00,301.5505079041881
2020-10-22 09:00:00+00:00,293.4563133709486
2020-10-22 10:00:00+00:00,282.5340267718784
2020-10-22 11:00:00+00:00,469.8707460291454
2020-10-22 12:00:00+00:00,852.7196460903051
2020-10-22 13:00:00+00:00,740.0510587320389
2020-10-22 14:00:00+00:00,282.5340267718784
2020-10-22 15:00:00+00:00,590.6172745179739
2020-10-22 16:00:00+00:00,909.1677135881783
2020-10-22 17:00:00+00:00,932.670133859392
2020-10-22 18:00:00+00:00,932.670133859392
2020-10-22 19:00:00+00:00,932.670133859392
2020-10-22 20:00:00+00:00,932.670133859392
2020-10-22 21:00:00+00:00,932.670133859392
2020-10-22 22:00:00+00:00,120.0
2020-10-22 23:00:00+00:00,120.0
2020-10-23 00:00:00+00:00,120.0
2020-10-23 01:00:00+00:00,120.0
2020-10-23 02:00:00+00:00,120.0
2020-10-23 03:00:00+00:00,120.0
2020-10-23 04:00:00+00:00,120.0
2020-10-23 05:00:00+00:00,120.0
2020-10-23 06:00:00+00:00,942.2895242892578
2020-10-23 07:00:00+00:00,763.8691433089747
2020-10-23 08:00:00+00:00,322.8094882707025
2020-10-23 09:00:00+00:00,284.4579048578516
2020-10-23 10:00:00+00:00,785.1664419880664
2020-10-23 11:00:00+00:00,284.4579048578516
2020-10-23 12:00:00+00:00,284.4579048578516
2020-10-23 13:00:00+00:00,657.7937946756604
2020-10-23 14:00:00+00:00,284.4579048578516
2020-10-23 15:00:00+00:00,481.31401697269985
2020-10-23 16:00:00+00:00,929.8400608915184
2020-10-23 17:00:00+00:00,942.2895242892578
2020-10-23 18:00:00+00:00,942.2895242892578
2020-10-23 19:00:00+00:00,942.2895242892578
2020-10-23 20:00:00+00:00,942.2895242892578
2020-10-23 21:00:00+00:00,942.2895242892578
2020-10-23 22:00:00+00:00,120.0
2020-10-23 23:00:00+00:00,120.0
2020-10-24 00:00:00+00:00,120.0
2020-10-24 01:00:00+00:00,120.0
2020-10-24 02:00:00+00:00,120.0
2020-10-24 03:00:00+00:00,120.0
2020-10-24 04:00:00+00:00,120.0
2020-10-24 05:00:00+00:00,120.0
2020-10-24 06:00:00+00:00,951.8431356725913
2020-10-24 07:00:00+00:00,932.9602964928233
2020-10-24 08:00:00+00:00,721.5224082675642
2020-10-24 09:00:00+00:00,485.42868950096926
2020-10-24 10:00:00+00:00,368.0057124694263
2020-10-24 11:00:00+00:00,286.3686271345183
2020-10-24 12:00:00+00:00,286.3686271345183
2020-10-24 13:00:00+00:00,472.1358361929214
2020-10-24 14:00:00+00:00,432.1075445043562
2020-10-24 15:00:00+00:00,835.2520017767207
2020-10-24 16:00:00+00:00,951.8431356725913
2020-10-24 17:00:00+00:00,951.8431356725913
2020-10-24 18:00:00+00:00,951.8431356725913
2020-10-24 19:00:00+00:00,951.8431356725913
2020-10-24 20:00:00+00:00,951.8431356725913
2020-10-24 21:00:00+00:00,951.8431356725913
2020-10-24 22:00:00+00:00,120.0
2020-10-24 23:00:00+00:00,120.0
2020-10-25 00:00:00+00:00,120.0
2020-10-25 01:00:00+00:00,120.0
2020-10-25 02:00:00+00:00,120.0
2020-10-25 03:00:00+00:00,120.0
2020-10-25 04:00:00+00:00,120.0
2020-10-25 05:00:00+00:00,120.0
2020-10-25 06:00:00+00:00,961.3281409420822
2020-10-25 07:00:00+00:00,939.0497717699359
2020-10-25 08:00:00+00:00,337.6515900617167
2020-10-25 09:00:00+00:00,849.9026419557129
2020-10-25 10:00:00+00:00,840.3619808374297
2020-10-25 11:00:00+00:00,814.8865647297033
2020-10-25 12:00:00+00:00,614.8019062508573
2020-10-25 13:00:00+00:00,814.8865647297033
2020-10-25 14:00:00+00:00,865.8205703823369
2020-10-25 15:00:00+00:00,904.0168679811076
2020-10-25 16:00:00+00:00,961.3281409420822
2020-10-25 17:00:00+00:00,961.3281409420822
2020-10-25 18:00:00+00:00,961.3281409420822
2020-10-25 19:00:00+00:00,961.3281409420822
2020-10-25 20:00:00+00:00,961.3281409420822
2020-10-25 21:00:00+00:00,961.3281409420822
2020-10-25 22:00:00+00:00,120.0
2020-10-25 23:00:00+00:00,120.0
2020-10-26 00:00:00+00:00,120.0
2020-10-26 01:00:00+00:00,120.0
2020-10-26 02:00:00+00:00,120.0
2020-10-26 03:00:00+00:00,120.0
2020-10-26 04:00:00+00:00,120.0
2020-10-26 05:00:00+00:00,120.0
2020-10-26 06:00:00+00:00,970.741733332072
2020-10-26 07:00:00+00:00,866.866167692226
2020-10-26 08:00:00+00:00,867.7339242602246
2020-10-26 09:00:00+00:00,687.7680179911582
2020-10-26 10:00:00+00:00,290.1483466664144
2020-10-26 11:00:00+00:00,290.1483466664144
2020-10-26 12:00:00+00:00,290.1483466664144
2020-10-26 13:00:00+00:00,605.3651737006137
2020-10-26 14:00:00+00:00,530.0064709620589
2020-10-26 15:00:00+00:00,690.6265102151539
2020-10-26 16:00:00+00:00,970.741733332072
2020-10-26 17:00:00+00:00,970.741733332072
2020-10-26 18:00:00+00:00,970.741733332072
2020-10-26 19:00:00+00:00,970.741733332072
2020-10-26 20:00:00+00:00,970.741733332072
2020-10-26 21:00:00+00:00,970.741733332072
2020-10-26 22:00:00+00:00,120.0
2020-10-26 23:00:00+00:00,120.0
2020-10-27 00:00:00+00:00,120.0
2020-10-27 01:00:00+00:00,120.0
2020-10-27 02:00:00+00:00,120.0
2020-10-27 03:00:00+00:00,120.0
2020-10-27 04:00:00+00:00,120.0
2020-10-27 05:00:00+00:00,120.0
2020-10-27 06:00:00+00:00,980.0811272091219
2020-10-27 07:00:00+00:00,861.114705693556
2020-10-27 08:00:00+00:00,495.25339580133976
2020-10-27 09:00:00+00:00,577.3567402047227
2020-10-27 10:00:00+00:00,784.8083080875628
2020-10-27 11:00:00+00:00,849.899247794749
2020-10-27 12:00:00+00:00,462.51870809976066
2020-10-27 13:00:00+00:00,722.5040312325341
2020-10-27 14:00:00+00:00,862.9208760606953
2020-10-27 15:00:00+00:00,916.6243416436329
2020-10-27 16:00:00+00:00,980.0811272091219
2020-10-27 17:00:00+00:00,980.0811272091219
2020-10-27 18:00:00+00:00,980.0811272091219
2020-10-27 19:00:00+00:00,980.0811272091219
2020-10-27 20:00:00+00:00,980.0811272091219
2020-10-27 21:00:00+00:00,980.0811272091219
2020-10-27 22:00:00+00:00,120.0
2020-10-27 23:00:00+00:00,120.0
2020-10-28 00:00:00+00:00,120.0
2020-10-28 01:00:00+00:00,120.0
2020-10-28 02:00:00+00:00,120.0
2020-10-28 03:00:00+00:00,120.0
2020-10-28 04:00:00+00:00,120.0
2020-10-28 05:00:00+00:00,120.0
2020-10-28 06:00:00+00:00,989.3435588963279
2020-10-28 07:00:00+00:00,942.9727734647977
2020-10-28 08:00:00+00:00,915.3276482918944
2020-10-28 09:00:00+00:00,916.9794010537976
2020-10-28 10:00:00+00:00,381.42899503130366
2020-10-28 11:00:00+00:00,895.5935495049478
2020-10-28 12:00:00+00:00,893.9417967430448
2020-10-28 13:00:00+00:00,898.8796681575759
2020-10-28 14:00:00+00:00,875.8594507180012
2020-10-28 15:00:00+00:00,954.7958458657878
2020-10-28 16:00:00+00:00,989.3435588963279
2020-10-28 17:00:00+00:00,989.3435588963279
2020-10-28 18:00:00+00:00,989.3435588963279
2020-10-28 19:00:00+00:00,989.3435588963279
2020-10-28 20:00:00+00:00,989.3435588963279
2020-10-28 21:00:00+00:00,989.3435588963279
2020-10-28 22:00:00+00:00,120.0
2020-10-28 23:00:00+00:00,120.0
2020-10-29 00:00:00+00:00,120.0
2020-10-29 01:00:00+00:00,120.0
2020-10-29 02:00:00+00:00,120.0
2020-10-29 03:00:00+00:00,120.0
2020-10-29 04:00:00+00:00,120.0
2020-10-29 05:00:00+00:00,120.0
2020-10-29 06:00:00+00:00,998.5262874911356
2020-10-29 07:00:00+00:00,973.5937114521371
2020-10-29 08:00:00+00:00,928.7185886870899
2020-10-29 09:00:00+00:00,780.739620822083
2020-10-29 10:00:00+00:00,815.6873965384805
2020-10-29 11:00:00+00:00,776.8565346313721
2020-10-29 12:00:00+00:00,656.8674142858329
2020-10-29 13:00:00+00:00,738.0608137757636
2020-10-29 14:00:00+00:00,873.8634072961434
2020-10-29 15:00:00+00:00,965.282852772471
2020-10-29 16:00:00+00:00,998.5262874911356
2020-10-29 17:00:00+00:00,998.5262874911356
2020-10-29 18:00:00+00:00,998.5262874911356
2020-10-29 19:00:00+00:00,998.5262874911356
2020-10-29 20:00:00+00:00,998.5262874911356
2020-10-29 21:00:00+00:00,998.5262874911356
2020-10-29 22:00:00+00:00,120.0
2020-10-29 23:00:00+00:00,120.0
2020-10-30 00:00:00+00:00,120.0
2020-10-30 01:00:00+00:00,120.0
2020-10-30 02:00:00+00:00,120.0
2020-10-30 03:00:00+00:00,120.0
2020-10-30 04:00:00+00:00,120.0
2020-10-30 05:00:00+00:00,120.0
2020-10-30 06:00:00+00:00,1007.6265956764166
2020-10-30 07:00:00+00:00,982.43575289112
2020-10-30 08:00:00+00:00,947.1614719789392
2020-10-30 09:00:00+00:00,864.8784865597354
2020-10-30 10:00:00+00:00,658.9846214266338
2020-10-30 11:00:00+00:00,554.6884964346548
2020-10-30 12:00:00+00:00,297.5253191352833
2020-10-30 13:00:00+00:00,916.9466626621139
2020-10-30 14:00:00+00:00,940.4510149156255
2020-10-30 15:00:00+00:00,962.2866291692653
2020-10-30 16:00:00+00:00,1007.6265956764166
2020-10-30 17:00:00+00:00,1007.6265956764166
2020-10-30 18:00:00+00:00,1007.6265956764166
2020-10-30 19:00:00+00:00,1007.6265956764166
2020-10-30 20:00:00+00:00,1007.6265956764166
2020-10-30 21:00:00+00:00,1007.6265956764166
2020-10-30 22:00:00+00:00,120.0
2020-10-30 23:00:00+00:00,120.0
2020-10-31 00:00:00+00:00,120.0
2020-10-31 01:00:00+00:00,120.0
2020-10-31 02:00:00+00:00,120.0
2020-10-31 03:00:00+00:00,120.0
2020-10-31 04:00:00+00:00,120.0
2020-10-31 05:00:00+00:00,120.0
2020-10-31 06:00:00+00:00,1016.6417905245709
2020-10-31 07:00:00+00:00,925.8478428160529
2020-10-31 08:00:00+00:00,788.1595294630997
2020-10-31 09:00:00+00:00,870.7581712062232
2020-10-31 10:00:00+00:00,814.0007458660178
2020-10-31 11:00:00+00:00,299.3283581049142
2020-10-31 12:00:00+00:00,711.2635295077124
2020-10-31 13:00:00+00:00,764.7571787304083
2020-10-31 14:00:00+00:00,624.4865370207447
2020-10-31 15:00:00+00:00,962.3590965262133
2020-10-31 16:00:00+00:00,1016.6417905245709
2020-10-31 17:00:00+00:00,1016.6417905245709
2020-10-31 18:00:00+00:00,1016.6417905245709
2020-10-31 19:00:00+00:00,1016.6417905245709
2020-10-31 20:00:00+00:00,1016.6417905245709
2020-10-31 21:00:00+00:00,1016.6417905245709
2020-10-31 22:00:00+00:00,120.0
2020-10-31 23:00:00+00:00,120.0
2020-11-01 00:00:00+00:00,120.0
2020-11-01 01:00:00+00:00,120.0
2020-11-01 02:00:00+00:00,120.0
2020-11-01 03:00:00+00:00,120.0
2020-11-01 04:00:00+00:00,120.0
2020-11-01 05:00:00+00:00,120.0
2020-11-01 06:00:00+00:00,1025.5692042944015
2020-11-01 07:00:00+00:00,918.7663723399197
2020-11-01 08:00:00+00:00,721.0262808901942
2020-11-01 09:00:00+00:00,858.2743494930537
2020-11-01 10:00:00+00:00,881.6561463479351
2020-11-01 11:00:00+00:00,722.3484119284641
2020-11-01 12:00:00+00:00,833.6790899044178
2020-11-01 13:00:00+00:00,712.6044872902563
2020-11-01 14:00:00+00:00,861.9509604624891
2020-11-01 15:00:00+00:00,636.4823399772687
2020-11-01 16:00:00+00:00,1025.5692042944015
2020-11-01 17:00:00+00:00,1025.5692042944015
2020-11-01 18:00:00+00:00,1025.5692042944015
2020-11-01 19:00:00+00:00,1025.5692042944015
2020-11-01 20:00:00+00:00,1025.5692042944015
2020-11-01 21:00:00+00:00,1025.5692042944015
2020-11-01 22:00:00+00:00,120.0
2020-11-01 23:00:00+00:00,120.0
2020-11-02 00:00:00+00:00,120.0
2020-11-02 01:00:00+00:00,120.0
2020-11-02 02:00:00+00:00,120.0
2020-11-02 03:00:00+00:00,120.0
2020-11-02 04:00:00+00:00,120.0
2020-11-02 05:00:00+00:00,120.0
2020-11-02 06:00:00+00:00,1034.4061952205452
2020-11-02 07:00:00+00:00,1017.1056300069725
2020-11-02 08:00:00+00:00,872.3917055513691
2020-11-02 09:00:00+00:00,970.3977615551071
2020-11-02 10:00:00+00:00,890.8078463231108
2020-11-02 11:00:00+00:00,953.0971963415344
2020-11-02 12:00:00+00:00,939.2530865458954
2020-11-02 13:00:00+00:00,906.389327889669
2020-11-02 14:00:00+00:00,827.8052594724153
2020-11-02 15:00:00+00:00,774.6051070344839
2020-11-02 16:00:00+00:00,1034.4061952205452
2020-11-02 17:00:00+00:00,1034.4061952205452
2020-11-02 18:00:00+00:00,1034.4061952205452
2020-11-02 19:00:00+00:00,1034.4061952205452
2020-11-02 20:00:00+00:00,1034.4061952205452
2020-11-02 21:00:00+00:00,1034.4061952205452
2020-11-02 22:00:00+00:00,120.0
2020-11-02 23:00:00+00:00,120.0
2020-11-03 00:00:00+00:00,120.0
2020-11-03 01:00:00+00:00,120.0
2020-11-03 02:00:00+00:00,120.0
2020-11-03 03:00:00+00:00,120.0
2020-11-03 04:00:00+00:00,120.0
2020-11-03 05:00:00+00:00,120.0
2020-11-03 06:00:00+00:00,1043.150148295214
2020-11-03 07:00:00+00:00,930.1196441379478
2020-11-03 08:00:00+00:00,527.5892534753027
2020-11-03 09:00:00+00:00,304.63002965904275
2020-11-03 10:00:00+00:00,304.63002965904275
2020-11-03 11:00:00+00:00,349.2735708305993
2020-11-03 12:00:00+00:00,320.2681931711637
2020-11-03 13:00:00+00:00,788.0283733123485
2020-11-03 14:00:00+00:00,943.5976363030579
2020-11-03 15:00:00+00:00,957.8326115897703
2020-11-03 16:00:00+00:00,1043.150148295214
2020-11-03 17:00:00+00:00,1043.150148295214
2020-11-03 18:00:00+00:00,1043.150148295214
2020-11-03 19:00:00+00:00,1043.150148295214
2020-11-03 20:00:00+00:00,1043.150148295214
2020-11-03 21:00:00+00:00,1043.150148295214
2020-11-03 22:00:00+00:00,120.0
2020-11-03 23:00:00+00:00,120.0
2020-11-04 00:00:00+00:00,120.0
2020-11-04 01:00:00+00:00,120.0
2020-11-04 02:00:00+00:00,120.0
2020-11-04 03:00:00+00:00,120.0
2020-11-04 04:00:00+00:00,120.0
2020-11-04 05:00:00+00:00,120.0
2020-11-04 06:00:00+00:00,1051.798476042016
2020-11-04 07:00:00+00:00,992.4429131181398
2020-11-04 08:00:00+00:00,432.3574851388048
2020-11-04 09:00:00+00:00,306.3596952084033
2020-11-04 10:00:00+00:00,306.3596952084033
2020-11-04 11:00:00+00:00,306.3596952084033
2020-11-04 12:00:00+00:00,306.3596952084033
2020-11-04 13:00:00+00:00,306.3596952084033
2020-11-04 14:00:00+00:00,306.3596952084033
2020-11-04 15:00:00+00:00,812.568535302989
2020-11-04 16:00:00+00:00,1051.798476042016
2020-11-04 17:00:00+00:00,1051.798476042016
2020-11-04 18:00:00+00:00,1051.798476042016
2020-11-04 19:00:00+00:00,1051.798476042016
2020-11-04 20:00:00+00:00,1051.798476042016
2020-11-04 21:00:00+00:00,1051.798476042016
2020-11-04 22:00:00+00:00,120.0
2020-11-04 23:00:00+00:00,120.0
2020-11-05 00:00:00+00:00,120.0
2020-11-05 01:00:00+00:00,120.0
2020-11-05 02:00:00+00:00,120.0
2020-11-05 03:00:00+00:00,120.0
2020-11-05 04:00:00+00:00,120.0
2020-11-05 05:00:00+00:00,120.0
2020-11-05 06:00:00+00:00,1060.3486192816338
2020-11-05 07:00:00+00:00,1042.557223404825
2020-11-05 08:00:00+00:00,545.6770129764099
2020-11-05 09:00:00+00:00,482.1658672301283
2020-11-05 10:00:00+00:00,308.06972385632673
2020-11-05 11:00:00+00:00,325.503787257808
2020-11-05 12:00:00+00:00,308.06972385632673
2020-11-05 13:00:00+00:00,308.06972385632673
2020-11-05 14:00:00+00:00,854.7507971618974
2020-11-05 15:00:00+00:00,961.1042260026501
2020-11-05 16:00:00+00:00,1060.3486192816338
2020-11-05 17:00:00+00:00,1060.3486192816338
2020-11-05 18:00:00+00:00,1060.3486192816338
2020-11-05 19:00:00+00:00,1060.3486192816338
2020-11-05 20:00:00+00:00,1060.3486192816338
2020-11-05 21:00:00+00:00,1060.3486192816338
2020-11-05 22:00:00+00:00,120.0
2020-11-05 23:00:00+00:00,120.0
2020-11-06 00:00:00+00:00,120.0
2020-11-06 01:00:00+00:00,120.0
2020-11-06 02:00:00+00:00,120.0
2020-11-06 03:00:00+00:00,120.0
2020-11-06 04:00:00+00:00,120.0
2020-11-06 05:00:00+00:00,120.0
2020-11-06 06:00:00+00:00,1068.7980478891225
2020-11-06 07:00:00+00:00,1037.8482555669793
2020-11-06 08:00:00+00:00,593.3932980137988
2020-11-06 09:00:00+00:00,309.75960957782456
2020-11-06 10:00:00+00:00,309.75960957782456
2020-11-06 11:00:00+00:00,309.75960957782456
2020-11-06 12:00:00+00:00,309.75960957782456
2020-11-06 13:00:00+00:00,309.75960957782456
2020-11-06 14:00:00+00:00,309.75960957782456
2020-11-06 15:00:00+00:00,848.4681652083106
2020-11-06 16:00:00+00:00,1068.7980478891225
2020-11-06 17:00:00+00:00,1068.7980478891225
2020-11-06 18:00:00+00:00,1068.7980478891225
2020-11-06 19:00:00+00:00,1068.7980478891225
2020-11-06 20:00:00+00:00,1068.7980478891225
2020-11-06 21:00:00+00:00,1068.7980478891225
2020-11-06 22:00:00+00:00,120.0
2020-11-06 23:00:00+00:00,120.0
2020-11-07 00:00:00+00:00,120.0
2020-11-07 01:00:00+00:00,120.0
2020-11-07 02:00:00+00:00,120.0
2020-11-07 03:00:00+00:00,120.0
2020-11-07 04:00:00+00:00,120.0
2020-11-07 05:00:00+00:00,120.0
2020-11-07 06:00:00+00:00,1077.1442615426204
2020-11-07 07:00:00+00:00,1077.1442615426204
2020-11-07 08:00:00+00:00,548.4943430074003
2020-11-07 09:00:00+00:00,311.42885230852414
2020-11-07 10:00:00+00:00,311.42885230852414
2020-11-07 11:00:00+00:00,311.42885230852414
2020-11-07 12:00:00+00:00,311.42885230852414
2020-11-07 13:00:00+00:00,311.42885230852414
2020-11-07 14:00:00+00:00,311.42885230852414
2020-11-07 15:00:00+00:00,886.940553888871
2020-11-07 16:00:00+00:00,1077.1442615426204
2020-11-07 17:00:00+00:00,1077.1442615426204
2020-11-07 18:00:00+00:00,1077.1442615426204
2020-11-07 19:00:00+00:00,1077.1442615426204
2020-11-07 20:00:00+00:00,1077.1442615426204
2020-11-07 21:00:00+00:00,1077.1442615426204
2020-11-07 22:00:00+00:00,120.0
2020-11-07 23:00:00+00:00,120.0
2020-11-08 00:00:00+00:00,120.0
2020-11-08 01:00:00+00:00,120.0
2020-11-08 02:00:00+00:00,120.0
2020-11-08 03:00:00+00:00,120.0
2020-11-08 04:00:00+00:00,120.0
2020-11-08 05:00:00+00:00,120.0
2020-11-08 06:00:00+00:00,1085.3847904632291
2020-11-08 07:00:00+00:00,1085.3847904632291
2020-11-08 08:00:00+00:00,646.2119415856969
2020-11-08 09:00:00+00:00,313.07695809264584
2020-11-08 10:00:00+00:00,313.07695809264584
2020-11-08 11:00:00+00:00,578.5384677742246
2020-11-08 12:00:00+00:00,926.4824539529817
2020-11-08 13:00:00+00:00,922.8332994450307
2020-11-08 14:00:00+00:00,981.2776946596745
2020-11-08 15:00:00+00:00,936.4838403821807
2020-11-08 16:00:00+00:00,1085.3847904632291
2020-11-08 17:00:00+00:00,1085.3847904632291
2020-11-08 18:00:00+00:00,1085.3847904632291
2020-11-08 19:00:00+00:00,1085.3847904632291
2020-11-08 20:00:00+00:00,1085.3847904632291
2020-11-08 21:00:00+00:00,1085.3847904632291
2020-11-08 22:00:00+00:00,120.0
2020-11-08 23:00:00+00:00,120.0
2020-11-09 00:00:00+00:00,120.0
2020-11-09 01:00:00+00:00,120.0
2020-11-09 02:00:00+00:00,120.0
2020-11-09 03:00:00+00:00,120.0
2020-11-09 04:00:00+00:00,120.0
2020-11-09 05:00:00+00:00,120.0
2020-11-09 06:00:00+00:00,1093.5171961458634
2020-11-09 07:00:00+00:00,1093.5171961458634
2020-11-09 08:00:00+00:00,509.0369419238099
2020-11-09 09:00:00+00:00,361.54908670771164
2020-11-09 10:00:00+00:00,314.7034392291727
2020-11-09 11:00:00+00:00,314.7034392291727
2020-11-09 12:00:00+00:00,314.7034392291727
2020-11-09 13:00:00+00:00,314.7034392291727
2020-11-09 14:00:00+00:00,822.0811315164738
2020-11-09 15:00:00+00:00,986.547126633356
2020-11-09 16:00:00+00:00,1093.5171961458634
2020-11-09 17:00:00+00:00,1093.5171961458634
2020-11-09 18:00:00+00:00,1093.5171961458634
2020-11-09 19:00:00+00:00,1093.5171961458634
2020-11-09 20:00:00+00:00,1093.5171961458634
2020-11-09 21:00:00+00:00,1093.5171961458634
2020-11-09 22:00:00+00:00,120.0
2020-11-09 23:00:00+00:00,120.0
2020-11-10 00:00:00+00:00,120.0
2020-11-10 01:00:00+00:00,120.0
2020-11-10 02:00:00+00:00,120.0
2020-11-10 03:00:00+00:00,120.0
2020-11-10 04:00:00+00:00,120.0
2020-11-10 05:00:00+00:00,120.0
2020-11-10 06:00:00+00:00,1101.5390720808448
2020-11-10 07:00:00+00:00,1101.5390720808448
2020-11-10 08:00:00+00:00,919.7580359314724
2020-11-10 09:00:00+00:00,938.171708923709
2020-11-10 10:00:00+00:00,316.307814416169
2020-11-10 11:00:00+00:00,316.307814416169
2020-11-10 12:00:00+00:00,437.3512127851788
2020-11-10 13:00:00+00:00,490.9039845579096
2020-11-10 14:00:00+00:00,897.9286069683943
2020-11-10 15:00:00+00:00,1028.3162573036138
2020-11-10 16:00:00+00:00,1101.5390720808448
2020-11-10 17:00:00+00:00,1101.5390720808448
2020-11-10 18:00:00+00:00,1101.5390720808448
2020-11-10 19:00:00+00:00,1101.5390720808448
2020-11-10 20:00:00+00:00,1101.5390720808448
2020-11-10 21:00:00+00:00,1101.5390720808448
2020-11-10 22:00:00+00:00,120.0
2020-11-10 23:00:00+00:00,120.0
2020-11-11 00:00:00+00:00,120.0
2020-11-11 01:00:00+00:00,120.0
2020-11-11 02:00:00+00:00,120.0
2020-11-11 03:00:00+00:00,120.0
2020-11-11 04:00:00+00:00,120.0
2020-11-11 05:00:00+00:00,120.0
2020-11-11 06:00:00+00:00,1109.4480444660237
2020-11-11 07:00:00+00:00,1109.4480444660237
2020-11-11 08:00:00+00:00,945.140302201996
2020-11-11 09:00:00+00:00,912.231260243056
2020-11-11 10:00:00+00:00,825.2983550562711
2020-11-11 11:00:00+00:00,815.0872512373817
2020-11-11 12:00:00+00:00,1017.7262107440235
2020-11-11 13:00:00+00:00,750.515871855529
2020-11-11 14:00:00+00:00,704.9023170056454
2020-11-11 15:00:00+00:00,1036.9215028066642
2020-11-11 16:00:00+00:00,1109.4480444660237
2020-11-11 17:00:00+00:00,1109.4480444660237
2020-11-11 18:00:00+00:00,1109.4480444660237
2020-11-11 19:00:00+00:00,1109.4480444660237
2020-11-11 20:00:00+00:00,1109.4480444660237
2020-11-11 21:00:00+00:00,1109.4480444660237
2020-11-11 22:00:00+00:00,120.0
2020-11-11 23:00:00+00:00,120.0
2020-11-12 00:00:00+00:00,120.0
2020-11-12 01:00:00+00:00,120.0
2020-11-12 02:00:00+00:00,120.0
2020-11-12 03:00:00+00:00,120.0
2020-11-12 04:00:00+00:00,120.0
2020-11-12 05:00:00+00:00,120.0
2020-11-12 06:00:00+00:00,1117.241772909229
2020-11-12 07:00:00+00:00,1117.241772909229
2020-11-12 08:00:00+00:00,934.3675765931346
2020-11-12 09:00:00+00:00,1081.4009035908712
2020-11-12 10:00:00+00:00,1068.1774776820948
2020-11-12 11:00:00+00:00,1062.5330892474285
2020-11-12 12:00:00+00:00,977.6279247019369
2020-11-12 13:00:00+00:00,334.48676051731695
2020-11-12 14:00:00+00:00,1011.5939794872252
2020-11-12 15:00:00+00:00,931.495520287156
2020-11-12 16:00:00+00:00,1117.241772909229
2020-11-12 17:00:00+00:00,1117.241772909229
2020-11-12 18:00:00+00:00,1117.241772909229
2020-11-12 19:00:00+00:00,1117.241772909229
2020-11-12 20:00:00+00:00,1117.241772909229
2020-11-12 21:00:00+00:00,1117.241772909229
2020-11-12 22:00:00+00:00,120.0
2020-11-12 23:00:00+00:00,120.0
2020-11-13 00:00:00+00:00,120.0
2020-11-13 01:00:00+00:00,120.0
2020-11-13 02:00:00+00:00,120.0
2020-11-13 03:00:00+00:00,120.0
2020-11-13 04:00:00+00:00,120.0
2020-11-13 05:00:00+00:00,120.0
2020-11-13 06:00:00+00:00,1124.9179511208242
2020-11-13 07:00:00+00:00,1124.9179511208242
2020-11-13 08:00:00+00:00,980.5514382628068
2020-11-13 09:00:00+00:00,1016.5475992719546
2020-11-13 10:00:00+00:00,1077.3853320328092
2020-11-13 11:00:00+00:00,1024.1447789824279
2020-11-13 12:00:00+00:00,938.5860646240012
2020-11-13 13:00:00+00:00,679.5986102611422
2020-11-13 14:00:00+00:00,976.1097009188526
2020-11-13 15:00:00+00:00,1053.7697601814698
2020-11-13 16:00:00+00:00,1124.9179511208242
2020-11-13 17:00:00+00:00,1124.9179511208242
2020-11-13 18:00:00+00:00,1124.9179511208242
2020-11-13 19:00:00+00:00,1124.9179511208242
2020-11-13 20:00:00+00:00,1124.9179511208242
2020-11-13 21:00:00+00:00,1124.9179511208242
2020-11-13 22:00:00+00:00,120.0
2020-11-13 23:00:00+00:00,120.0
2020-11-14 00:00:00+00:00,120.0
2020-11-14 01:00:00+00:00,120.0
2020-11-14 02:00:00+00:00,120.0
2020-11-14 03:00:00+00:00,120.0
2020-11-14 04:00:00+00:00,120.0
2020-11-14 05:00:00+00:00,120.0
2020-11-14 06:00:00+00:00,1132.4743075961799
2020-11-14 07:00:00+00:00,1132.4743075961799
2020-11-14 08:00:00+00:00,1036.0867535130235
2020-11-14 09:00:00+00:00,1017.5382241978615
2020-11-14 10:00:00+00:00,961.993883683135
2020-11-14 11:00:00+00:00,832.3769228246721
2020-11-14 12:00:00+00:00,679.0883126546106
2020-11-14 13:00:00+00:00,322.494861519236
2020-11-14 14:00:00+00:00,950.1276847981078
2020-11-14 15:00:00+00:00,1028.8981859290905
2020-11-14 16:00:00+00:00,1132.4743075961799
2020-11-14 17:00:00+00:00,1132.4743075961799
2020-11-14 18:00:00+00:00,1132.4743075961799
2020-11-14 19:00:00+00:00,1132.4743075961799
2020-11-14 20:00:00+00:00,1132.4743075961799
2020-11-14 21:00:00+00:00,1132.4743075961799
2020-11-14 22:00:00+00:00,120.0
2020-11-14 23:00:00+00:00,120.0
2020-11-15 00:00:00+00:00,120.0
2020-11-15 01:00:00+00:00,120.0
2020-11-15 02:00:00+00:00,120.0
2020-11-15 03:00:00+00:00,120.0
2020-11-15 04:00:00+00:00,120.0
2020-11-15 05:00:00+00:00,120.0
2020-11-15 06:00:00+00:00,1139.9086062878443
2020-11-15 07:00:00+00:00,1139.9086062878443
2020-11-15 08:00:00+00:00,870.6119378836017
2020-11-15 09:00:00+00:00,864.8596533441383
2020-11-15 10:00:00+00:00,1002.9144822912608
2020-11-15 11:00:00+00:00,1045.363078484961
2020-11-15 12:00:00+00:00,956.5902333936672
2020-11-15 13:00:00+00:00,1051.1357611965502
2020-11-15 14:00:00+00:00,1087.8116746786611
2020-11-15 15:00:00+00:00,1126.4050163405932
2020-11-15 16:00:00+00:00,1139.9086062878443
2020-11-15 17:00:00+00:00,1139.9086062878443
2020-11-15 18:00:00+00:00,1139.9086062878443
2020-11-15 19:00:00+00:00,1139.9086062878443
2020-11-15 20:00:00+00:00,1139.9086062878443
2020-11-15 21:00:00+00:00,1139.9086062878443
2020-11-15 22:00:00+00:00,120.0
2020-11-15 23:00:00+00:00,120.0
2020-11-16 00:00:00+00:00,120.0
2020-11-16 01:00:00+00:00,120.0
2020-11-16 02:00:00+00:00,120.0
2020-11-16 03:00:00+00:00,120.0
2020-11-16 04:00:00+00:00,120.0
2020-11-16 05:00:00+00:00,120.0
2020-11-16 06:00:00+00:00,1147.2186472672277
2020-11-16 07:00:00+00:00,1147.2186472672277
2020-11-16 08:00:00+00:00,1104.4658071679657
2020-11-16 09:00:00+00:00,999.0320852124574
2020-11-16 10:00:00+00:00,953.0332341878309
2020-11-16 11:00:00+00:00,843.7166257456524
2020-11-16 12:00:00+00:00,1092.7966033350099
2020-11-16 13:00:00+00:00,999.5251501631457
2020-11-16 14:00:00+00:00,1114.1832955711136
2020-11-16 15:00:00+00:00,1125.8319550311242
2020-11-16 16:00:00+00:00,1147.2186472672277
2020-11-16 17:00:00+00:00,1147.2186472672277
2020-11-16 18:00:00+00:00,1147.2186472672277
2020-11-16 19:00:00+00:00,1147.2186472672277
2020-11-16 20:00:00+00:00,1147.2186472672277
2020-11-16 21:00:00+00:00,1147.2186472672277
2020-11-16 22:00:00+00:00,120.0
2020-11-16 23:00:00+00:00,120.0
2020-11-17 00:00:00+00:00,120.0
2020-11-17 01:00:00+00:00,120.0
2020-11-17 02:00:00+00:00,120.0
2020-11-17 03:00:00+00:00,120.0
2020-11-17 04:00:00+00:00,120.0
2020-11-17 05:00:00+00:00,120.0
2020-11-17 06:00:00+00:00,1154.4022673755985
2020-11-17 07:00:00+00:00,1154.4022673755985
2020-11-17 08:00:00+00:00,1051.4792417717263
2020-11-17 09:00:00+00:00,1014.9234656426726
2020-11-17 10:00:00+00:00,964.6928915389137
2020-11-17 11:00:00+00:00,968.4788038375083
2020-11-17 12:00:00+00:00,1042.852326861814
2020-11-17 13:00:00+00:00,1033.0668814124408
2020-11-17 14:00:00+00:00,841.5162695398272
2020-11-17 15:00:00+00:00,1087.9315776740425
2020-11-17 16:00:00+00:00,1154.4022673755985
2020-11-17 17:00:00+00:00,1154.4022673755985
2020-11-17 18:00:00+00:00,1154.4022673755985
2020-11-17 19:00:00+00:00,1154.4022673755985
2020-11-17 20:00:00+00:00,1154.4022673755985
2020-11-17 21:00:00+00:00,1154.4022673755985
2020-11-17 22:00:00+00:00,120.0
2020-11-17 23:00:00+00:00,120.0
2020-11-18 00:00:00+00:00,120.0
2020-11-18 01:00:00+00:00,120.0
2020-11-18 02:00:00+00:00,120.0
2020-11-18 03:00:00+00:00,120.0
2020-11-18 04:00:00+00:00,120.0
2020-11-18 05:00:00+00:00,120.0
2020-11-18 06:00:00+00:00,1161.4573408641916
2020-11-18 07:00:00+00:00,1161.4573408641916
2020-11-18 08:00:00+00:00,776.7429991489593
2020-11-18 09:00:00+00:00,328.2914681728383
2020-11-18 10:00:00+00:00,328.2914681728383
2020-11-18 11:00:00+00:00,328.2914681728383
2020-11-18 12:00:00+00:00,328.2914681728383
2020-11-18 13:00:00+00:00,328.2914681728383
2020-11-18 14:00:00+00:00,447.2883839399808
2020-11-18 15:00:00+00:00,1042.1479878947898
2020-11-18 16:00:00+00:00,1161.4573408641916
2020-11-18 17:00:00+00:00,1161.4573408641916
2020-11-18 18:00:00+00:00,1161.4573408641916
2020-11-18 19:00:00+00:00,1161.4573408641916
2020-11-18 20:00:00+00:00,1161.4573408641916
2020-11-18 21:00:00+00:00,1161.4573408641916
2020-11-18 22:00:00+00:00,120.0
2020-11-18 23:00:00+00:00,120.0
2020-11-19 00:00:00+00:00,120.0
2020-11-19 01:00:00+00:00,120.0
2020-11-19 02:00:00+00:00,120.0
2020-11-19 03:00:00+00:00,120.0
2020-11-19 04:00:00+00:00,120.0
2020-11-19 05:00:00+00:00,120.0
2020-11-19 06:00:00+00:00,1168.381780023258
2020-11-19 07:00:00+00:00,1168.381780023258
2020-11-19 08:00:00+00:00,1073.8387111007603
2020-11-19 09:00:00+00:00,1102.9208216786055
2020-11-19 10:00:00+00:00,1089.0402469110977
2020-11-19 11:00:00+00:00,1079.1225552720778
2020-11-19 12:00:00+00:00,862.6107500616745
2020-11-19 13:00:00+00:00,329.67635600465155
2020-11-19 14:00:00+00:00,989.9891363345002
2020-11-19 15:00:00+00:00,1144.58351361673
2020-11-19 16:00:00+00:00,1168.381780023258
2020-11-19 17:00:00+00:00,1168.381780023258
2020-11-19 18:00:00+00:00,1168.381780023258
2020-11-19 19:00:00+00:00,1168.381780023258
2020-11-19 20:00:00+00:00,1168.381780023258
2020-11-19 21:00:00+00:00,1168.381780023258
2020-11-19 22:00:00+00:00,120.0
2020-11-19 23:00:00+00:00,120.0
2020-11-20 00:00:00+00:00,120.0
2020-11-20 01:00:00+00:00,120.0
2020-11-20 02:00:00+00:00,120.0
2020-11-20 03:00:00+00:00,120.0
2020-11-20 04:00:00+00:00,120.0
2020-11-20 05:00:00+00:00,120.0
2020-11-20 06:00:00+00:00,1175.1735357998461
2020-11-20 07:00:00+00:00,1175.1735357998461
2020-11-20 08:00:00+00:00,1125.2638275565132
2020-11-20 09:00:00+00:00,991.4256162756608
2020-11-20 10:00:00+00:00,969.2880754945801
2020-11-20 11:00:00+00:00,1021.4558551045243
2020-11-20 12:00:00+00:00,1109.2885002245037
2020-11-20 13:00:00+00:00,1097.3228323285334
2020-11-20 14:00:00+00:00,1018.6068865578649
2020-11-20 15:00:00+00:00,1038.887321915938
2020-11-20 16:00:00+00:00,1175.1735357998461
2020-11-20 17:00:00+00:00,1175.1735357998461
2020-11-20 18:00:00+00:00,1175.1735357998461
2020-11-20 19:00:00+00:00,1175.1735357998461
2020-11-20 20:00:00+00:00,1175.1735357998461
2020-11-20 21:00:00+00:00,1175.1735357998461
2020-11-20 22:00:00+00:00,120.0
2020-11-20 23:00:00+00:00,120.0
2020-11-21 00:00:00+00:00,120.0
2020-11-21 01:00:00+00:00,120.0
2020-11-21 02:00:00+00:00,120.0
2020-11-21 03:00:00+00:00,120.0
2020-11-21 04:00:00+00:00,120.0
2020-11-21 05:00:00+00:00,120.0
2020-11-21 06:00:00+00:00,1181.8305984041526
2020-11-21 07:00:00+00:00,1181.8305984041526
2020-11-21 08:00:00+00:00,1111.4949395658616
2020-11-21 09:00:00+00:00,1085.3951434570874
2020-11-21 10:00:00+00:00,1083.3989019320875
2020-11-21 11:00:00+00:00,1069.3402648092167
2020-11-21 12:00:00+00:00,1063.3090670102808
2020-11-21 13:00:00+00:00,1069.3402648092167
2020-11-21 14:00:00+00:00,1123.5785717757008
2020-11-21 15:00:00+00:00,1169.7682028062814
2020-11-21 16:00:00+00:00,1181.8305984041526
2020-11-21 17:00:00+00:00,1181.8305984041526
2020-11-21 18:00:00+00:00,1181.8305984041526
2020-11-21 19:00:00+00:00,1181.8305984041526
2020-11-21 20:00:00+00:00,1181.8305984041526
2020-11-21 21:00:00+00:00,1181.8305984041526
2020-11-21 22:00:00+00:00,120.0
2020-11-21 23:00:00+00:00,120.0
2020-11-22 00:00:00+00:00,120.0
2020-11-22 01:00:00+00:00,120.0
2020-11-22 02:00:00+00:00,120.0
2020-11-22 03:00:00+00:00,120.0
2020-11-22 04:00:00+00:00,120.0
2020-11-22 05:00:00+00:00,120.0
2020-11-22 06:00:00+00:00,1188.3509979042517
2020-11-22 07:00:00+00:00,1188.3509979042517
2020-11-22 08:00:00+00:00,1087.562764761965
2020-11-22 09:00:00+00:00,1009.6372429748287
2020-11-22 10:00:00+00:00,851.6281303847898
2020-11-22 11:00:00+00:00,494.7561630448534
2020-11-22 12:00:00+00:00,596.0358376461766
2020-11-22 13:00:00+00:00,717.8919524671355
2020-11-22 14:00:00+00:00,830.3893125464532
2020-11-22 15:00:00+00:00,1178.2443974640778
2020-11-22 16:00:00+00:00,1188.3509979042517
2020-11-22 17:00:00+00:00,1188.3509979042517
2020-11-22 18:00:00+00:00,1188.3509979042517
2020-11-22 19:00:00+00:00,1188.3509979042517
2020-11-22 20:00:00+00:00,1188.3509979042517
2020-11-22 21:00:00+00:00,1188.3509979042517
2020-11-22 22:00:00+00:00,120.0
2020-11-22 23:00:00+00:00,120.0
2020-11-23 00:00:00+00:00,120.0
2020-11-23 01:00:00+00:00,120.0
2020-11-23 02:00:00+00:00,120.0
2020-11-23 03:00:00+00:00,120.0
2020-11-23 04:00:00+00:00,120.0
2020-11-23 05:00:00+00:00,120.0
2020-11-23 06:00:00+00:00,1194.7328048090285
2020-11-23 07:00:00+00:00,1194.7328048090285
2020-11-23 08:00:00+00:00,969.4903035771523
2020-11-23 09:00:00+00:00,372.3257679130637
2020-11-23 10:00:00+00:00,334.9465609618057
2020-11-23 11:00:00+00:00,427.09415164613176
2020-11-23 12:00:00+00:00,334.9465609618057
2020-11-23 13:00:00+00:00,334.9465609618057
2020-11-23 14:00:00+00:00,526.506936090967
2020-11-23 15:00:00+00:00,1153.2051292312076
2020-11-23 16:00:00+00:00,1194.7328048090285
2020-11-23 17:00:00+00:00,1194.7328048090285
2020-11-23 18:00:00+00:00,1194.7328048090285
2020-11-23 19:00:00+00:00,1194.7328048090285
2020-11-23 20:00:00+00:00,1194.7328048090285
2020-11-23 21:00:00+00:00,1194.7328048090285
2020-11-23 22:00:00+00:00,120.0
2020-11-23 23:00:00+00:00,120.0
2020-11-24 00:00:00+00:00,120.0
2020-11-24 01:00:00+00:00,120.0
2020-11-24 02:00:00+00:00,120.0
2020-11-24 03:00:00+00:00,120.0
2020-11-24 04:00:00+00:00,120.0
2020-11-24 05:00:00+00:00,120.0
2020-11-24 06:00:00+00:00,1200.9741306391454
2020-11-24 07:00:00+00:00,1200.9741306391454
2020-11-24 08:00:00+00:00,1117.65264464948
2020-11-24 09:00:00+00:00,1108.9399931565285
2020-11-24 10:00:00+00:00,1100.7678287288966
2020-11-24 11:00:00+00:00,569.2744681762416
2020-11-24 12:00:00+00:00,336.194826127829
2020-11-24 13:00:00+00:00,664.9622982204187
2020-11-24 14:00:00+00:00,798.5490812848043
2020-11-24 15:00:00+00:00,1182.5759509356672
2020-11-24 16:00:00+00:00,1200.9741306391454
2020-11-24 17:00:00+00:00,1200.9741306391454
2020-11-24 18:00:00+00:00,1200.9741306391454
2020-11-24 19:00:00+00:00,1200.9741306391454
2020-11-24 20:00:00+00:00,1200.9741306391454
2020-11-24 21:00:00+00:00,1200.9741306391454
2020-11-24 22:00:00+00:00,120.0
2020-11-24 23:00:00+00:00,120.0
2020-11-25 00:00:00+00:00,120.0
2020-11-25 01:00:00+00:00,120.0
2020-11-25 02:00:00+00:00,120.0
2020-11-25 03:00:00+00:00,120.0
2020-11-25 04:00:00+00:00,120.0
2020-11-25 05:00:00+00:00,120.0
2020-11-25 06:00:00+00:00,1207.0731284858769
2020-11-25 07:00:00+00:00,1207.0731284858769
2020-11-25 08:00:00+00:00,942.9360997263785
2020-11-25 09:00:00+00:00,555.0684074826177
2020-11-25 10:00:00+00:00,536.6968716112063
2020-11-25 11:00:00+00:00,337.4146256971754
2020-11-25 12:00:00+00:00,337.4146256971754
2020-11-25 13:00:00+00:00,397.7037014030021
2020-11-25 14:00:00+00:00,704.9323089756805
2020-11-25 15:00:00+00:00,1182.3965684692475
2020-11-25 16:00:00+00:00,1207.0731284858769
2020-11-25 17:00:00+00:00,1207.0731284858769
2020-11-25 18:00:00+00:00,1207.0731284858769
2020-11-25 19:00:00+00:00,1207.0731284858769
2020-11-25 20:00:00+00:00,1207.0731284858769
2020-11-25 21:00:00+00:00,1207.0731284858769
2020-11-25 22:00:00+00:00,120.0
2020-11-25 23:00:00+00:00,120.0
2020-11-26 00:00:00+00:00,120.0
2020-11-26 01:00:00+00:00,120.0
2020-11-26 02:00:00+00:00,120.0
2020-11-26 03:00:00+00:00,120.0
2020-11-26 04:00:00+00:00,120.0
2020-11-26 05:00:00+00:00,120.0
2020-11-26 06:00:00+00:00,1213.0279935576355
2020-11-26 07:00:00+00:00,1213.0279935576355
2020-11-26 08:00:00+00:00,1175.7994600970624
2020-11-26 09:00:00+00:00,1182.00785910047
2020-11-26 10:00:00+00:00,1136.5160340086009
2020-11-26 11:00:00+00:00,1134.4392808208413
2020-11-26 12:00:00+00:00,1132.384388192953
2020-11-26 13:00:00+00:00,1099.2875005480278
2020-11-26 14:00:00+00:00,1169.5910610936548
2020-11-26 15:00:00+00:00,1204.7647019263397
2020-11-26 16:00:00+00:00,1213.0279935576355
2020-11-26 17:00:00+00:00,1213.0279935576355
2020-11-26 18:00:00+00:00,1213.0279935576355
2020-11-26 19:00:00+00:00,1213.0279935576355
2020-11-26 20:00:00+00:00,1213.0279935576355
2020-11-26 21:00:00+00:00,1213.0279935576355
2020-11-26 22:00:00+00:00,120.0
2020-11-26 23:00:00+00:00,120.0
2020-11-27 00:00:00+00:00,120.0
2020-11-27 01:00:00+00:00,120.0
2020-11-27 02:00:00+00:00,120.0
2020-11-27 03:00:00+00:00,120.0
2020-11-27 04:00:00+00:00,120.0
2020-11-27 05:00:00+00:00,120.0
2020-11-27 06:00:00+00:00,1218.8369637140433
2020-11-27 07:00:00+00:00,1218.8369637140433
2020-11-27 08:00:00+00:00,1195.959178129517
2020-11-27 09:00:00+00:00,1162.70837160753
2020-11-27 10:00:00+00:00,1158.554767884691
2020-11-27 11:00:00+00:00,1019.0684037108302
2020-11-27 12:00:00+00:00,1129.4355883462688
2020-11-27 13:00:00+00:00,1181.410576729943
2020-11-27 14:00:00+00:00,1193.8933646377345
2020-11-27 15:00:00+00:00,1206.3541758062518
2020-11-27 16:00:00+00:00,1218.8369637140433
2020-11-27 17:00:00+00:00,1218.8369637140433
2020-11-27 18:00:00+00:00,1218.8369637140433
2020-11-27 19:00:00+00:00,1218.8369637140433
2020-11-27 20:00:00+00:00,1218.8369637140433
2020-11-27 21:00:00+00:00,1218.8369637140433
2020-11-27 22:00:00+00:00,120.0
2020-11-27 23:00:00+00:00,120.0
2020-11-28 00:00:00+00:00,120.0
2020-11-28 01:00:00+00:00,120.0
2020-11-28 02:00:00+00:00,120.0
2020-11-28 03:00:00+00:00,120.0
2020-11-28 04:00:00+00:00,120.0
2020-11-28 05:00:00+00:00,120.0
2020-11-28 06:00:00+00:00,1224.4983199873732
2020-11-28 07:00:00+00:00,1224.4983199873732
2020-11-28 08:00:00+00:00,1149.2598944298334
2020-11-28 09:00:00+00:00,986.1917624668976
2020-11-28 10:00:00+00:00,389.1220606481234
2020-11-28 11:00:00+00:00,340.89966399747465
2020-11-28 12:00:00+00:00,340.89966399747465
2020-11-28 13:00:00+00:00,340.89966399747465
2020-11-28 14:00:00+00:00,645.2331310867954
2020-11-28 15:00:00+00:00,1209.8747622307403
2020-11-28 16:00:00+00:00,1224.4983199873732
2020-11-28 17:00:00+00:00,1224.4983199873732
2020-11-28 18:00:00+00:00,1224.4983199873732
2020-11-28 19:00:00+00:00,1224.4983199873732
2020-11-28 20:00:00+00:00,1224.4983199873732
2020-11-28 21:00:00+00:00,1224.4983199873732
2020-11-28 22:00:00+00:00,120.0
2020-11-28 23:00:00+00:00,120.0
2020-11-29 00:00:00+00:00,120.0
2020-11-29 01:00:00+00:00,120.0
2020-11-29 02:00:00+00:00,120.0
2020-11-29 03:00:00+00:00,120.0
2020-11-29 04:00:00+00:00,120.0
2020-11-29 05:00:00+00:00,120.0
2020-11-29 06:00:00+00:00,1230.010387091221
2020-11-29 07:00:00+00:00,1230.010387091221
2020-11-29 08:00:00+00:00,1200.6173120410454
2020-11-29 09:00:00+00:00,1122.91658494466
2020-11-29 10:00:00+00:00,1046.5922707282675
2020-11-29 11:00:00+00:00,833.6256778609461
2020-11-29 12:00:00+00:00,342.0020774182442
2020-11-29 13:00:00+00:00,342.0020774182442
2020-11-29 14:00:00+00:00,616.5520465613869
2020-11-29 15:00:00+00:00,1209.0089905674552
2020-11-29 16:00:00+00:00,1230.010387091221
2020-11-29 17:00:00+00:00,1230.010387091221
2020-11-29 18:00:00+00:00,1230.010387091221
2020-11-29 19:00:00+00:00,1230.010387091221
2020-11-29 20:00:00+00:00,1230.010387091221
2020-11-29 21:00:00+00:00,1230.010387091221
2020-11-29 22:00:00+00:00,120.0
2020-11-29 23:00:00+00:00,120.0
2020-11-30 00:00:00+00:00,120.0
2020-11-30 01:00:00+00:00,120.0
2020-11-30 02:00:00+00:00,120.0
2020-11-30 03:00:00+00:00,120.0
2020-11-30 04:00:00+00:00,120.0
2020-11-30 05:00:00+00:00,120.0
2020-11-30 06:00:00+00:00,1235.3715339162507
2020-11-30 07:00:00+00:00,1235.3715339162507
2020-11-30 08:00:00+00:00,1210.0526000963516
2020-11-30 09:00:00+00:00,1188.949770674656
2020-11-30 10:00:00+00:00,1146.7441118312652
2020-11-30 11:00:00+00:00,1188.949770674656
2020-11-30 12:00:00+00:00,1172.0630456511642
2020-11-30 13:00:00+00:00,1153.0794221439096
2020-11-30 14:00:00+00:00,1188.949770674656
2020-11-30 15:00:00+00:00,1229.0362236036062
2020-11-30 16:00:00+00:00,1235.3715339162507
2020-11-30 17:00:00+00:00,1235.3715339162507
2020-11-30 18:00:00+00:00,1235.3715339162507
2020-11-30 19:00:00+00:00,1235.3715339162507
2020-11-30 20:00:00+00:00,1235.3715339162507
2020-11-30 21:00:00+00:00,1235.3715339162507
2020-11-30 22:00:00+00:00,120.0
2020-11-30 23:00:00+00:00,120.0
2020-12-01 00:00:00+00:00,120.0
2020-12-01 01:00:00+00:00,120.0
2020-12-01 02:00:00+00:00,120.0
2020-12-01 03:00:00+00:00,120.0
2020-12-01 04:00:00+00:00,120.0
2020-12-01 05:00:00+00:00,120.0
2020-12-01 06:00:00+00:00,1240.5801740128636
2020-12-01 07:00:00+00:00,1240.5801740128636
2020-12-01 08:00:00+00:00,1204.54231561661
2020-12-01 09:00:00+00:00,1155.7746664435701
2020-12-01 10:00:00+00:00,742.5719330780665
2020-12-01 11:00:00+00:00,628.3624017426756
2020-12-01 12:00:00+00:00,892.6624415853496
2020-12-01 13:00:00+00:00,976.4370153945512
2020-12-01 14:00:00+00:00,1073.7706093093086
2020-12-01 15:00:00+00:00,1240.5801740128636
2020-12-01 16:00:00+00:00,1240.5801740128636
2020-12-01 17:00:00+00:00,1240.5801740128636
2020-12-01 18:00:00+00:00,1240.5801740128636
2020-12-01 19:00:00+00:00,1240.5801740128636
2020-12-01 20:00:00+00:00,1240.5801740128636
2020-12-01 21:00:00+00:00,1240.5801740128636
2020-12-01 22:00:00+00:00,120.0
2020-12-01 23:00:00+00:00,120.0
2020-12-02 00:00:00+00:00,120.0
2020-12-02 01:00:00+00:00,120.0
2020-12-02 02:00:00+00:00,120.0
2020-12-02 03:00:00+00:00,120.0
2020-12-02 04:00:00+00:00,120.0
2020-12-02 05:00:00+00:00,120.0
2020-12-02 06:00:00+00:00,1245.6347660606568
2020-12-02 07:00:00+00:00,1245.6347660606568
2020-12-02 08:00:00+00:00,1220.08285687108
2020-12-02 09:00:00+00:00,1177.4888373233448
2020-12-02 10:00:00+00:00,1141.2884232468339
2020-12-02 11:00:00+00:00,996.1265638156517
2020-12-02 12:00:00+00:00,986.5361556088149
2020-12-02 13:00:00+00:00,824.714901639935
2020-12-02 14:00:00+00:00,969.1563548208385
2020-12-02 15:00:00+00:00,1245.6347660606568
2020-12-02 16:00:00+00:00,1245.6347660606568
2020-12-02 17:00:00+00:00,1245.6347660606568
2020-12-02 18:00:00+00:00,1245.6347660606568
2020-12-02 19:00:00+00:00,1245.6347660606568
2020-12-02 20:00:00+00:00,1245.6347660606568
2020-12-02 21:00:00+00:00,1245.6347660606568
2020-12-02 22:00:00+00:00,120.0
2020-12-02 23:00:00+00:00,120.0
2020-12-03 00:00:00+00:00,120.0
2020-12-03 01:00:00+00:00,120.0
2020-12-03 02:00:00+00:00,120.0
2020-12-03 03:00:00+00:00,120.0
2020-12-03 04:00:00+00:00,120.0
2020-12-03 05:00:00+00:00,120.0
2020-12-03 06:00:00+00:00,1250.5338143245222
2020-12-03 07:00:00+00:00,1250.5338143245222
2020-12-03 08:00:00+00:00,1233.4175323756488
2020-12-03 09:00:00+00:00,1194.9115506597557
2020-12-03 10:00:00+00:00,1162.8270010092256
2020-12-03 11:00:00+00:00,1147.858733307569
2020-12-03 12:00:00+00:00,1115.774183657039
2020-12-03 13:00:00+00:00,1126.4690335405492
2020-12-03 14:00:00+00:00,1128.4361623774737
2020-12-03 15:00:00+00:00,1250.5338143245222
2020-12-03 16:00:00+00:00,1250.5338143245222
2020-12-03 17:00:00+00:00,1250.5338143245222
2020-12-03 18:00:00+00:00,1250.5338143245222
2020-12-03 19:00:00+00:00,1250.5338143245222
2020-12-03 20:00:00+00:00,1250.5338143245222
2020-12-03 21:00:00+00:00,1250.5338143245222
2020-12-03 22:00:00+00:00,120.0
2020-12-03 23:00:00+00:00,120.0
2020-12-04 00:00:00+00:00,120.0
2020-12-04 01:00:00+00:00,120.0
2020-12-04 02:00:00+00:00,120.0
2020-12-04 03:00:00+00:00,120.0
2020-12-04 04:00:00+00:00,120.0
2020-12-04 05:00:00+00:00,120.0
2020-12-04 06:00:00+00:00,1255.2758690972607
2020-12-04 07:00:00+00:00,1255.2758690972607
2020-12-04 08:00:00+00:00,1235.9534738052253
2020-12-04 09:00:00+00:00,1195.1289535524877
2020-12-04 10:00:00+00:00,1169.35819132398
2020-12-04 11:00:00+00:00,1130.6906952225272
2020-12-04 12:00:00+00:00,885.4256964627551
2020-12-04 13:00:00+00:00,1043.365275371566
2020-12-04 14:00:00+00:00,1190.8376107673002
2020-12-04 15:00:00+00:00,1255.2758690972607
2020-12-04 16:00:00+00:00,1255.2758690972607
2020-12-04 17:00:00+00:00,1255.2758690972607
2020-12-04 18:00:00+00:00,1255.2758690972607
2020-12-04 19:00:00+00:00,1255.2758690972607
2020-12-04 20:00:00+00:00,1255.2758690972607
2020-12-04 21:00:00+00:00,1255.2758690972607
2020-12-04 22:00:00+00:00,120.0
2020-12-04 23:00:00+00:00,120.0
2020-12-05 00:00:00+00:00,120.0
2020-12-05 01:00:00+00:00,120.0
2020-12-05 02:00:00+00:00,120.0
2020-12-05 03:00:00+00:00,120.0
2020-12-05 04:00:00+00:00,120.0
2020-12-05 05:00:00+00:00,120.0
2020-12-05 06:00:00+00:00,1259.8595271285726
2020-12-05 07:00:00+00:00,1259.8595271285726
2020-12-05 08:00:00+00:00,1249.0764560019363
2020-12-05 09:00:00+00:00,439.16066759600034
2020-12-05 10:00:00+00:00,347.97190542571457
2020-12-05 11:00:00+00:00,844.6770929672613
2020-12-05 12:00:00+00:00,634.2362270687842
2020-12-05 13:00:00+00:00,742.9104343852223
2020-12-05 14:00:00+00:00,1203.778438393847
2020-12-05 15:00:00+00:00,1259.8595271285726
2020-12-05 16:00:00+00:00,1259.8595271285726
2020-12-05 17:00:00+00:00,1259.8595271285726
2020-12-05 18:00:00+00:00,1259.8595271285726
2020-12-05 19:00:00+00:00,1259.8595271285726
2020-12-05 20:00:00+00:00,1259.8595271285726
2020-12-05 21:00:00+00:00,1259.8595271285726
2020-12-05 22:00:00+00:00,120.0
2020-12-05 23:00:00+00:00,120.0
2020-12-06 00:00:00+00:00,120.0
2020-12-06 01:00:00+00:00,120.0
2020-12-06 02:00:00+00:00,120.0
2020-12-06 03:00:00+00:00,120.0
2020-12-06 04:00:00+00:00,120.0
2020-12-06 05:00:00+00:00,120.0
2020-12-06 06:00:00+00:00,1264.2834320403026
2020-12-06 07:00:00+00:00,1264.2834320403026
2020-12-06 08:00:00+00:00,1240.4594509852236
2020-12-06 09:00:00+00:00,1007.574886896381
2020-12-06 10:00:00+00:00,984.9638462792648
2020-12-06 11:00:00+00:00,990.5479494276215
2020-12-06 12:00:00+00:00,963.199575401858
2020-12-06 13:00:00+00:00,1016.8893540331892
2020-12-06 14:00:00+00:00,1115.0688725022471
2020-12-06 15:00:00+00:00,1264.2834320403026
2020-12-06 16:00:00+00:00,1264.2834320403026
2020-12-06 17:00:00+00:00,1264.2834320403026
2020-12-06 18:00:00+00:00,1264.2834320403026
2020-12-06 19:00:00+00:00,1264.2834320403026
2020-12-06 20:00:00+00:00,1264.2834320403026
2020-12-06 21:00:00+00:00,1264.2834320403026
2020-12-06 22:00:00+00:00,120.0
2020-12-06 23:00:00+00:00,120.0
2020-12-07 00:00:00+00:00,120.0
2020-12-07 01:00:00+00:00,120.0
2020-12-07 02:00:00+00:00,120.0
2020-12-07 03:00:00+00:00,120.0
2020-12-07 04:00:00+00:00,120.0
2020-12-07 05:00:00+00:00,120.0
2020-12-07 06:00:00+00:00,1268.5462747278134
2020-12-07 07:00:00+00:00,1268.5462747278134
2020-12-07 08:00:00+00:00,1262.0225318873595
2020-12-07 09:00:00+00:00,1218.561540851659
2020-12-07 10:00:00+00:00,1104.3960411437145
2020-12-07 11:00:00+00:00,1114.2735391063734
2020-12-07 12:00:00+00:00,960.6210184732867
2020-12-07 13:00:00+00:00,1115.077521498683
2020-12-07 14:00:00+00:00,871.5857112563866
2020-12-07 15:00:00+00:00,1268.5462747278134
2020-12-07 16:00:00+00:00,1268.5462747278134
2020-12-07 17:00:00+00:00,1268.5462747278134
2020-12-07 18:00:00+00:00,1268.5462747278134
2020-12-07 19:00:00+00:00,1268.5462747278134
2020-12-07 20:00:00+00:00,1268.5462747278134
2020-12-07 21:00:00+00:00,1268.5462747278134
2020-12-07 22:00:00+00:00,120.0
2020-12-07 23:00:00+00:00,120.0
2020-12-08 00:00:00+00:00,120.0
2020-12-08 01:00:00+00:00,120.0
2020-12-08 02:00:00+00:00,120.0
2020-12-08 03:00:00+00:00,120.0
2020-12-08 04:00:00+00:00,120.0
2020-12-08 05:00:00+00:00,120.0
2020-12-08 06:00:00+00:00,1272.6467937473715
2020-12-08 07:00:00+00:00,1272.6467937473715
2020-12-08 08:00:00+00:00,1105.236373423503
2020-12-08 09:00:00+00:00,587.8362806461829
2020-12-08 10:00:00+00:00,350.5293587494743
2020-12-08 11:00:00+00:00,731.1102771089812
2020-12-08 12:00:00+00:00,883.00607158901
2020-12-08 13:00:00+00:00,816.1064516799125
2020-12-08 14:00:00+00:00,1035.1093424919131
2020-12-08 15:00:00+00:00,1272.6467937473715
2020-12-08 16:00:00+00:00,1272.6467937473715
2020-12-08 17:00:00+00:00,1272.6467937473715
2020-12-08 18:00:00+00:00,1272.6467937473715
2020-12-08 19:00:00+00:00,1272.6467937473715
2020-12-08 20:00:00+00:00,1272.6467937473715
2020-12-08 21:00:00+00:00,1272.6467937473715
2020-12-08 22:00:00+00:00,120.0
2020-12-08 23:00:00+00:00,120.0
2020-12-09 00:00:00+00:00,120.0
2020-12-09 01:00:00+00:00,120.0
2020-12-09 02:00:00+00:00,120.0
2020-12-09 03:00:00+00:00,120.0
2020-12-09 04:00:00+00:00,120.0
2020-12-09 05:00:00+00:00,120.0
2020-12-09 06:00:00+00:00,1276.583775689428
2020-12-09 07:00:00+00:00,1276.583775689428
2020-12-09 08:00:00+00:00,1272.211889017322
2020-12-09 09:00:00+00:00,1237.190532289446
2020-12-09 10:00:00+00:00,1228.446758945234
2020-12-09 11:00:00+00:00,1230.62113644353
2020-12-09 12:00:00+00:00,1184.681628873146
2020-12-09 13:00:00+00:00,1217.5054764272122
2020-12-09 14:00:00+00:00,1237.190532289446
2020-12-09 15:00:00+00:00,1276.583775689428
2020-12-09 16:00:00+00:00,1276.583775689428
2020-12-09 17:00:00+00:00,1276.583775689428
2020-12-09 18:00:00+00:00,1276.583775689428
2020-12-09 19:00:00+00:00,1276.583775689428
2020-12-09 20:00:00+00:00,1276.583775689428
2020-12-09 21:00:00+00:00,1276.583775689428
2020-12-09 22:00:00+00:00,120.0
2020-12-09 23:00:00+00:00,120.0
2020-12-10 00:00:00+00:00,120.0
2020-12-10 01:00:00+00:00,120.0
2020-12-10 02:00:00+00:00,120.0
2020-12-10 03:00:00+00:00,120.0
2020-12-10 04:00:00+00:00,120.0
2020-12-10 05:00:00+00:00,120.0
2020-12-10 06:00:00+00:00,1280.3560555376855
2020-12-10 07:00:00+00:00,1280.3560555376855
2020-12-10 08:00:00+00:00,1275.9699096477532
2020-12-10 09:00:00+00:00,1229.8573600006857
2020-12-10 10:00:00+00:00,974.2773352079549
2020-12-10 11:00:00+00:00,352.0712111075372
2020-12-10 12:00:00+00:00,352.0712111075372
2020-12-10 13:00:00+00:00,352.0712111075372
2020-12-10 14:00:00+00:00,550.5849250889245
2020-12-10 15:00:00+00:00,1280.3560555376855
2020-12-10 16:00:00+00:00,1280.3560555376855
2020-12-10 17:00:00+00:00,1280.3560555376855
2020-12-10 18:00:00+00:00,1280.3560555376855
2020-12-10 19:00:00+00:00,1280.3560555376855
2020-12-10 20:00:00+00:00,1280.3560555376855
2020-12-10 21:00:00+00:00,1280.3560555376855
2020-12-10 22:00:00+00:00,120.0
2020-12-10 23:00:00+00:00,120.0
2020-12-11 00:00:00+00:00,120.0
2020-12-11 01:00:00+00:00,120.0
2020-12-11 02:00:00+00:00,120.0
2020-12-11 03:00:00+00:00,120.0
2020-12-11 04:00:00+00:00,120.0
2020-12-11 05:00:00+00:00,120.0
2020-12-11 06:00:00+00:00,1283.9625170138481
2020-12-11 07:00:00+00:00,1283.9625170138481
2020-12-11 08:00:00+00:00,1270.7399028205707
2020-12-11 09:00:00+00:00,1220.1075333304682
2020-12-11 10:00:00+00:00,1171.6634133723521
2020-12-11 11:00:00+00:00,1046.5607220437034
2020-12-11 12:00:00+00:00,989.5265587100249
2020-12-11 13:00:00+00:00,1162.8405774933867
2020-12-11 14:00:00+00:00,1255.3290390953073
2020-12-11 15:00:00+00:00,1283.9625170138481
2020-12-11 16:00:00+00:00,1283.9625170138481
2020-12-11 17:00:00+00:00,1283.9625170138481
2020-12-11 18:00:00+00:00,1283.9625170138481
2020-12-11 19:00:00+00:00,1283.9625170138481
2020-12-11 20:00:00+00:00,1283.9625170138481
2020-12-11 21:00:00+00:00,1283.9625170138481
2020-12-11 22:00:00+00:00,120.0
2020-12-11 23:00:00+00:00,120.0
2020-12-12 00:00:00+00:00,120.0
2020-12-12 01:00:00+00:00,120.0
2020-12-12 02:00:00+00:00,120.0
2020-12-12 03:00:00+00:00,120.0
2020-12-12 04:00:00+00:00,120.0
2020-12-12 05:00:00+00:00,120.0
2020-12-12 06:00:00+00:00,1287.402092907941
2020-12-12 07:00:00+00:00,1287.402092907941
2020-12-12 08:00:00+00:00,1282.989312996749
2020-12-12 09:00:00+00:00,1173.4636486401262
2020-12-12 10:00:00+00:00,1163.727515185274
2020-12-12 11:00:00+00:00,1119.5530199896375
2020-12-12 12:00:00+00:00,1109.8402345766435
2020-12-12 13:00:00+00:00,1194.6403226054763
2020-12-12 14:00:00+00:00,1195.2240236519303
2020-12-12 15:00:00+00:00,1287.402092907941
2020-12-12 16:00:00+00:00,1287.402092907941
2020-12-12 17:00:00+00:00,1287.402092907941
2020-12-12 18:00:00+00:00,1287.402092907941
2020-12-12 19:00:00+00:00,1287.402092907941
2020-12-12 20:00:00+00:00,1287.402092907941
2020-12-12 21:00:00+00:00,1287.402092907941
2020-12-12 22:00:00+00:00,120.0
2020-12-12 23:00:00+00:00,120.0
2020-12-13 00:00:00+00:00,120.0
2020-12-13 01:00:00+00:00,120.0
2020-12-13 02:00:00+00:00,120.0
2020-12-13 03:00:00+00:00,120.0
2020-12-13 04:00:00+00:00,120.0
2020-12-13 05:00:00+00:00,120.0
2020-12-13 06:00:00+00:00,1290.6737653941211
2020-12-13 07:00:00+00:00,1290.6737653941211
2020-12-13 08:00:00+00:00,1246.0476814572974
2020-12-13 09:00:00+00:00,782.343802984686
2020-12-13 10:00:00+00:00,888.875115635551
2020-12-13 11:00:00+00:00,729.6400700666425
2020-12-13 12:00:00+00:00,570.7093996767368
2020-12-13 13:00:00+00:00,1084.0030188514431
2020-12-13 14:00:00+00:00,1246.375470111608
2020-12-13 15:00:00+00:00,1290.6737653941211
2020-12-13 16:00:00+00:00,1290.6737653941211
2020-12-13 17:00:00+00:00,1290.6737653941211
2020-12-13 18:00:00+00:00,1290.6737653941211
2020-12-13 19:00:00+00:00,1290.6737653941211
2020-12-13 20:00:00+00:00,1290.6737653941211
2020-12-13 21:00:00+00:00,1290.6737653941211
2020-12-13 22:00:00+00:00,120.0
2020-12-13 23:00:00+00:00,120.0
2020-12-14 00:00:00+00:00,120.0
2020-12-14 01:00:00+00:00,120.0
2020-12-14 02:00:00+00:00,120.0
2020-12-14 03:00:00+00:00,120.0
2020-12-14 04:00:00+00:00,120.0
2020-12-14 05:00:00+00:00,120.0
2020-12-14 06:00:00+00:00,1293.776566331863
2020-12-14 07:00:00+00:00,1293.776566331863
2020-12-14 08:00:00+00:00,1271.5687136968643
2020-12-14 09:00:00+00:00,855.1127879623191
2020-12-14 10:00:00+00:00,557.1848198959658
2020-12-14 11:00:00+00:00,1019.0424232162272
2020-12-14 12:00:00+00:00,897.0166113803667
2020-12-14 13:00:00+00:00,876.1703395623128
2020-12-14 14:00:00+00:00,1258.2346119033343
2020-12-14 15:00:00+00:00,1293.776566331863
2020-12-14 16:00:00+00:00,1293.776566331863
2020-12-14 17:00:00+00:00,1293.776566331863
2020-12-14 18:00:00+00:00,1293.776566331863
2020-12-14 19:00:00+00:00,1293.776566331863
2020-12-14 20:00:00+00:00,1293.776566331863
2020-12-14 21:00:00+00:00,1293.776566331863
2020-12-14 22:00:00+00:00,120.0
2020-12-14 23:00:00+00:00,120.0
2020-12-15 00:00:00+00:00,120.0
2020-12-15 01:00:00+00:00,120.0
2020-12-15 02:00:00+00:00,120.0
2020-12-15 03:00:00+00:00,120.0
2020-12-15 04:00:00+00:00,120.0
2020-12-15 05:00:00+00:00,120.0
2020-12-15 06:00:00+00:00,1296.7095775524501
2020-12-15 07:00:00+00:00,1296.7095775524501
2020-12-15 08:00:00+00:00,1296.7095775524501
2020-12-15 09:00:00+00:00,1155.7397701616667
2020-12-15 10:00:00+00:00,1071.6050353666665
2020-12-15 11:00:00+00:00,641.4941505796947
2020-12-15 12:00:00+00:00,1172.0489649065437
2020-12-15 13:00:00+00:00,355.3419155104901
2020-12-15 14:00:00+00:00,702.5183092715649
2020-12-15 15:00:00+00:00,1296.7095775524501
2020-12-15 16:00:00+00:00,1296.7095775524501
2020-12-15 17:00:00+00:00,1296.7095775524501
2020-12-15 18:00:00+00:00,1296.7095775524501
2020-12-15 19:00:00+00:00,1296.7095775524501
2020-12-15 20:00:00+00:00,1296.7095775524501
2020-12-15 21:00:00+00:00,1296.7095775524501
2020-12-15 22:00:00+00:00,120.0
2020-12-15 23:00:00+00:00,120.0
2020-12-16 00:00:00+00:00,120.0
2020-12-16 01:00:00+00:00,120.0
2020-12-16 02:00:00+00:00,120.0
2020-12-16 03:00:00+00:00,120.0
2020-12-16 04:00:00+00:00,120.0
2020-12-16 05:00:00+00:00,120.0
2020-12-16 06:00:00+00:00,1299.4719311306744
2020-12-16 07:00:00+00:00,1299.4719311306744
2020-12-16 08:00:00+00:00,1299.4719311306744
2020-12-16 09:00:00+00:00,1210.209495382705
2020-12-16 10:00:00+00:00,876.3717599954788
2020-12-16 11:00:00+00:00,355.8943862261348
2020-12-16 12:00:00+00:00,355.8943862261348
2020-12-16 13:00:00+00:00,654.088479854592
2020-12-16 14:00:00+00:00,523.2142743763322
2020-12-16 15:00:00+00:00,1299.4719311306744
2020-12-16 16:00:00+00:00,1299.4719311306744
2020-12-16 17:00:00+00:00,1299.4719311306744
2020-12-16 18:00:00+00:00,1299.4719311306744
2020-12-16 19:00:00+00:00,1299.4719311306744
2020-12-16 20:00:00+00:00,1299.4719311306744
2020-12-16 21:00:00+00:00,1299.4719311306744
2020-12-16 22:00:00+00:00,120.0
2020-12-16 23:00:00+00:00,120.0
2020-12-17 00:00:00+00:00,120.0
2020-12-17 01:00:00+00:00,120.0
2020-12-17 02:00:00+00:00,120.0
2020-12-17 03:00:00+00:00,120.0
2020-12-17 04:00:00+00:00,120.0
2020-12-17 05:00:00+00:00,120.0
2020-12-17 06:00:00+00:00,1302.0628096416704
2020-12-17 07:00:00+00:00,1302.0628096416704
2020-12-17 08:00:00+00:00,1302.0628096416704
2020-12-17 09:00:00+00:00,625.0954385598857
2020-12-17 10:00:00+00:00,969.2412049589618
2020-12-17 11:00:00+00:00,380.1956656583245
2020-12-17 12:00:00+00:00,356.4125619283341
2020-12-17 13:00:00+00:00,725.523494867042
2020-12-17 14:00:00+00:00,517.504081626301
2020-12-17 15:00:00+00:00,1302.0628096416704
2020-12-17 16:00:00+00:00,1302.0628096416704
2020-12-17 17:00:00+00:00,1302.0628096416704
2020-12-17 18:00:00+00:00,1302.0628096416704
2020-12-17 19:00:00+00:00,1302.0628096416704
2020-12-17 20:00:00+00:00,1302.0628096416704
2020-12-17 21:00:00+00:00,1302.0628096416704
2020-12-17 22:00:00+00:00,120.0
2020-12-17 23:00:00+00:00,120.0
2020-12-18 00:00:00+00:00,120.0
2020-12-18 01:00:00+00:00,120.0
2020-12-18 02:00:00+00:00,120.0
2020-12-18 03:00:00+00:00,120.0
2020-12-18 04:00:00+00:00,120.0
2020-12-18 05:00:00+00:00,120.0
2020-12-18 06:00:00+00:00,1304.4814464028032
2020-12-18 07:00:00+00:00,1304.4814464028032
2020-12-18 08:00:00+00:00,1304.4814464028032
2020-12-18 09:00:00+00:00,529.5226152793051
2020-12-18 10:00:00+00:00,509.8602232690186
2020-12-18 11:00:00+00:00,356.89628928056067
2020-12-18 12:00:00+00:00,356.89628928056067
2020-12-18 13:00:00+00:00,536.7242624734342
2020-12-18 14:00:00+00:00,898.1806206577137
2020-12-18 15:00:00+00:00,1304.4814464028032
2020-12-18 16:00:00+00:00,1304.4814464028032
2020-12-18 17:00:00+00:00,1304.4814464028032
2020-12-18 18:00:00+00:00,1304.4814464028032
2020-12-18 19:00:00+00:00,1304.4814464028032
2020-12-18 20:00:00+00:00,1304.4814464028032
2020-12-18 21:00:00+00:00,1304.4814464028032
2020-12-18 22:00:00+00:00,120.0
2020-12-18 23:00:00+00:00,120.0
2020-12-19 00:00:00+00:00,120.0
2020-12-19 01:00:00+00:00,120.0
2020-12-19 02:00:00+00:00,120.0
2020-12-19 03:00:00+00:00,120.0
2020-12-19 04:00:00+00:00,120.0
2020-12-19 05:00:00+00:00,120.0
2020-12-19 06:00:00+00:00,1306.727125700543
2020-12-19 07:00:00+00:00,1306.727125700543
2020-12-19 08:00:00+00:00,1306.727125700543
2020-12-19 09:00:00+00:00,1232.627883971801
2020-12-19 10:00:00+00:00,664.3992016438671
2020-12-19 11:00:00+00:00,1130.6168202465824
2020-12-19 12:00:00+00:00,1185.4910825389757
2020-12-19 13:00:00+00:00,1178.7504724649964
2020-12-19 14:00:00+00:00,674.4863822123217
2020-12-19 15:00:00+00:00,1306.727125700543
2020-12-19 16:00:00+00:00,1306.727125700543
2020-12-19 17:00:00+00:00,1306.727125700543
2020-12-19 18:00:00+00:00,1306.727125700543
2020-12-19 19:00:00+00:00,1306.727125700543
2020-12-19 20:00:00+00:00,1306.727125700543
2020-12-19 21:00:00+00:00,1306.727125700543
2020-12-19 22:00:00+00:00,120.0
2020-12-19 23:00:00+00:00,120.0
2020-12-20 00:00:00+00:00,120.0
2020-12-20 01:00:00+00:00,120.0
2020-12-20 02:00:00+00:00,120.0
2020-12-20 03:00:00+00:00,120.0
2020-12-20 04:00:00+00:00,120.0
2020-12-20 05:00:00+00:00,120.0
2020-12-20 06:00:00+00:00,1308.7991830022565
2020-12-20 07:00:00+00:00,1308.7991830022565
2020-12-20 08:00:00+00:00,1308.7991830022565
2020-12-20 09:00:00+00:00,584.677824651922
2020-12-20 10:00:00+00:00,357.75983660045125
2020-12-20 11:00:00+00:00,1044.6955565064752
2020-12-20 12:00:00+00:00,964.1425238662423
2020-12-20 13:00:00+00:00,895.7152428926324
2020-12-20 14:00:00+00:00,1250.3102631985455
2020-12-20 15:00:00+00:00,1308.7991830022565
2020-12-20 16:00:00+00:00,1308.7991830022565
2020-12-20 17:00:00+00:00,1308.7991830022565
2020-12-20 18:00:00+00:00,1308.7991830022565
2020-12-20 19:00:00+00:00,1308.7991830022565
2020-12-20 20:00:00+00:00,1308.7991830022565
2020-12-20 21:00:00+00:00,1308.7991830022565
2020-12-20 22:00:00+00:00,120.0
2020-12-20 23:00:00+00:00,120.0
2020-12-21 00:00:00+00:00,120.0
2020-12-21 01:00:00+00:00,120.0
2020-12-21 02:00:00+00:00,120.0
2020-12-21 03:00:00+00:00,120.0
2020-12-21 04:00:00+00:00,120.0
2020-12-21 05:00:00+00:00,120.0
2020-12-21 06:00:00+00:00,1310.6970051528515
2020-12-21 07:00:00+00:00,1310.6970051528515
2020-12-21 08:00:00+00:00,1310.6970051528515
2020-12-21 09:00:00+00:00,1261.1401957983899
2020-12-21 10:00:00+00:00,1258.8778714885993
2020-12-21 11:00:00+00:00,1136.236079957856
2020-12-21 12:00:00+00:00,1267.903354787658
2020-12-21 13:00:00+00:00,1276.9050241466136
2020-12-21 14:00:00+00:00,1281.4058588260916
2020-12-21 15:00:00+00:00,1310.6970051528515
2020-12-21 16:00:00+00:00,1310.6970051528515
2020-12-21 17:00:00+00:00,1310.6970051528515
2020-12-21 18:00:00+00:00,1310.6970051528515
2020-12-21 19:00:00+00:00,1310.6970051528515
2020-12-21 20:00:00+00:00,1310.6970051528515
2020-12-21 21:00:00+00:00,1310.6970051528515
2020-12-21 22:00:00+00:00,120.0
2020-12-21 23:00:00+00:00,120.0
2020-12-22 00:00:00+00:00,120.0
2020-12-22 01:00:00+00:00,120.0
2020-12-22 02:00:00+00:00,120.0
2020-12-22 03:00:00+00:00,120.0
2020-12-22 04:00:00+00:00,120.0
2020-12-22 05:00:00+00:00,120.0
2020-12-22 06:00:00+00:00,1312.420030556221
2020-12-22 07:00:00+00:00,1312.420030556221
2020-12-22 08:00:00+00:00,1312.420030556221
2020-12-22 09:00:00+00:00,1244.7382696218497
2020-12-22 10:00:00+00:00,1260.525910826414
2020-12-22 11:00:00+00:00,912.3392619039976
2020-12-22 12:00:00+00:00,358.4840061112442
2020-12-22 13:00:00+00:00,475.6750467143095
2020-12-22 14:00:00+00:00,1129.8366754774524
2020-12-22 15:00:00+00:00,1312.420030556221
2020-12-22 16:00:00+00:00,1312.420030556221
2020-12-22 17:00:00+00:00,1312.420030556221
2020-12-22 18:00:00+00:00,1312.420030556221
2020-12-22 19:00:00+00:00,1312.420030556221
2020-12-22 20:00:00+00:00,1312.420030556221
2020-12-22 21:00:00+00:00,1312.420030556221
2020-12-22 22:00:00+00:00,120.0
2020-12-22 23:00:00+00:00,120.0
2020-12-23 00:00:00+00:00,120.0
2020-12-23 01:00:00+00:00,120.0
2020-12-23 02:00:00+00:00,120.0
2020-12-23 03:00:00+00:00,120.0
2020-12-23 04:00:00+00:00,120.0
2020-12-23 05:00:00+00:00,120.0
2020-12-23 06:00:00+00:00,1313.967749341427
2020-12-23 07:00:00+00:00,1313.967749341427
2020-12-23 08:00:00+00:00,1313.967749341427
2020-12-23 09:00:00+00:00,1259.7616135213261
2020-12-23 10:00:00+00:00,1214.5818738862465
2020-12-23 11:00:00+00:00,1191.9920040687066
2020-12-23 12:00:00+00:00,1071.8072104199985
2020-12-23 13:00:00+00:00,658.5510930179439
2020-12-23 14:00:00+00:00,1217.3996377746923
2020-12-23 15:00:00+00:00,1313.967749341427
2020-12-23 16:00:00+00:00,1313.967749341427
2020-12-23 17:00:00+00:00,1313.967749341427
2020-12-23 18:00:00+00:00,1313.967749341427
2020-12-23 19:00:00+00:00,1313.967749341427
2020-12-23 20:00:00+00:00,1313.967749341427
2020-12-23 21:00:00+00:00,1313.967749341427
2020-12-23 22:00:00+00:00,120.0
2020-12-23 23:00:00+00:00,120.0
2020-12-24 00:00:00+00:00,120.0
2020-12-24 01:00:00+00:00,120.0
2020-12-24 02:00:00+00:00,120.0
2020-12-24 03:00:00+00:00,120.0
2020-12-24 04:00:00+00:00,120.0
2020-12-24 05:00:00+00:00,120.0
2020-12-24 06:00:00+00:00,1315.3397035135806
2020-12-24 07:00:00+00:00,1315.3397035135806
2020-12-24 08:00:00+00:00,1315.3397035135806
2020-12-24 09:00:00+00:00,1231.6659242676299
2020-12-24 10:00:00+00:00,976.6521519200427
2020-12-24 11:00:00+00:00,359.06794070271616
2020-12-24 12:00:00+00:00,987.8405315449295
2020-12-24 13:00:00+00:00,1274.626433211908
2020-12-24 14:00:00+00:00,783.8199509492317
2020-12-24 15:00:00+00:00,1315.3397035135806
2020-12-24 16:00:00+00:00,1315.3397035135806
2020-12-24 17:00:00+00:00,1315.3397035135806
2020-12-24 18:00:00+00:00,1315.3397035135806
2020-12-24 19:00:00+00:00,1315.3397035135806
2020-12-24 20:00:00+00:00,1315.3397035135806
2020-12-24 21:00:00+00:00,1315.3397035135806
2020-12-24 22:00:00+00:00,120.0
2020-12-24 23:00:00+00:00,120.0
2020-12-25 00:00:00+00:00,120.0
2020-12-25 01:00:00+00:00,120.0
2020-12-25 02:00:00+00:00,120.0
2020-12-25 03:00:00+00:00,120.0
2020-12-25 04:00:00+00:00,120.0
2020-12-25 05:00:00+00:00,120.0
2020-12-25 06:00:00+00:00,1316.5354870893698
2020-12-25 07:00:00+00:00,1316.5354870893698
2020-12-25 08:00:00+00:00,1316.5354870893698
2020-12-25 09:00:00+00:00,740.4515114753218
2020-12-25 10:00:00+00:00,359.307097417874
2020-12-25 11:00:00+00:00,359.307097417874
2020-12-25 12:00:00+00:00,528.5450767117944
2020-12-25 13:00:00+00:00,359.307097417874
2020-12-25 14:00:00+00:00,859.2435546335544
2020-12-25 15:00:00+00:00,1316.5354870893698
2020-12-25 16:00:00+00:00,1316.5354870893698
2020-12-25 17:00:00+00:00,1316.5354870893698
2020-12-25 18:00:00+00:00,1316.5354870893698
2020-12-25 19:00:00+00:00,1316.5354870893698
2020-12-25 20:00:00+00:00,1316.5354870893698
2020-12-25 21:00:00+00:00,1316.5354870893698
2020-12-25 22:00:00+00:00,120.0
2020-12-25 23:00:00+00:00,120.0
2020-12-26 00:00:00+00:00,120.0
2020-12-26 01:00:00+00:00,120.0
2020-12-26 02:00:00+00:00,120.0
2020-12-26 03:00:00+00:00,120.0
2020-12-26 04:00:00+00:00,120.0
2020-12-26 05:00:00+00:00,120.0
2020-12-26 06:00:00+00:00,1317.554746217196
2020-12-26 07:00:00+00:00,1317.554746217196
2020-12-26 08:00:00+00:00,1317.554746217196
2020-12-26 09:00:00+00:00,1043.650024662399
2020-12-26 10:00:00+00:00,1281.2927885017393
2020-12-26 11:00:00+00:00,1059.6493560718604
2020-12-26 12:00:00+00:00,1247.3061848040952
2020-12-26 13:00:00+00:00,1245.054781881207
2020-12-26 14:00:00+00:00,1233.7259139819923
2020-12-26 15:00:00+00:00,1317.554746217196
2020-12-26 16:00:00+00:00,1317.554746217196
2020-12-26 17:00:00+00:00,1317.554746217196
2020-12-26 18:00:00+00:00,1317.554746217196
2020-12-26 19:00:00+00:00,1317.554746217196
2020-12-26 20:00:00+00:00,1317.554746217196
2020-12-26 21:00:00+00:00,1317.554746217196
2020-12-26 22:00:00+00:00,120.0
2020-12-26 23:00:00+00:00,120.0
2020-12-27 00:00:00+00:00,120.0
2020-12-27 01:00:00+00:00,120.0
2020-12-27 02:00:00+00:00,120.0
2020-12-27 03:00:00+00:00,120.0
2020-12-27 04:00:00+00:00,120.0
2020-12-27 05:00:00+00:00,120.0
2020-12-27 06:00:00+00:00,1318.3971792818852
2020-12-27 07:00:00+00:00,1318.3971792818852
2020-12-27 08:00:00+00:00,1318.3971792818852
2020-12-27 09:00:00+00:00,1243.569259407524
2020-12-27 10:00:00+00:00,1182.3551314898054
2020-12-27 11:00:00+00:00,1075.4341351542757
2020-12-27 12:00:00+00:00,1218.6425980784609
2020-12-27 13:00:00+00:00,1160.3285913346044
2020-12-27 14:00:00+00:00,1250.376155385845
2020-12-27 15:00:00+00:00,1318.3971792818852
2020-12-27 16:00:00+00:00,1318.3971792818852
2020-12-27 17:00:00+00:00,1318.3971792818852
2020-12-27 18:00:00+00:00,1318.3971792818852
2020-12-27 19:00:00+00:00,1318.3971792818852
2020-12-27 20:00:00+00:00,1318.3971792818852
2020-12-27 21:00:00+00:00,1318.3971792818852
2020-12-27 22:00:00+00:00,120.0
2020-12-27 23:00:00+00:00,120.0
2020-12-28 00:00:00+00:00,120.0
2020-12-28 01:00:00+00:00,120.0
2020-12-28 02:00:00+00:00,120.0
2020-12-28 03:00:00+00:00,120.0
2020-12-28 04:00:00+00:00,120.0
2020-12-28 05:00:00+00:00,120.0
2020-12-28 06:00:00+00:00,1319.0625369939398
2020-12-28 07:00:00+00:00,1319.0625369939398
2020-12-28 08:00:00+00:00,1319.0625369939398
2020-12-28 09:00:00+00:00,1108.5071554978042
2020-12-28 10:00:00+00:00,1095.845055107148
2020-12-28 11:00:00+00:00,977.8812827176843
2020-12-28 12:00:00+00:00,835.1448783139256
2020-12-28 13:00:00+00:00,986.63443923774
2020-12-28 14:00:00+00:00,1141.793131524756
2020-12-28 15:00:00+00:00,1294.0980549737262
2020-12-28 16:00:00+00:00,1319.0625369939398
2020-12-28 17:00:00+00:00,1319.0625369939398
2020-12-28 18:00:00+00:00,1319.0625369939398
2020-12-28 19:00:00+00:00,1319.0625369939398
2020-12-28 20:00:00+00:00,1319.0625369939398
2020-12-28 21:00:00+00:00,1319.0625369939398
2020-12-28 22:00:00+00:00,120.0
2020-12-28 23:00:00+00:00,120.0
2020-12-29 00:00:00+00:00,120.0
2020-12-29 01:00:00+00:00,120.0
2020-12-29 02:00:00+00:00,120.0
2020-12-29 03:00:00+00:00,120.0
2020-12-29 04:00:00+00:00,120.0
2020-12-29 05:00:00+00:00,120.0
2020-12-29 06:00:00+00:00,1319.550622463309
2020-12-29 07:00:00+00:00,1319.550622463309
2020-12-29 08:00:00+00:00,1319.550622463309
2020-12-29 09:00:00+00:00,1199.5715692045287
2020-12-29 10:00:00+00:00,1109.8211916318237
2020-12-29 11:00:00+00:00,1061.503292559002
2020-12-29 12:00:00+00:00,1149.3343891357652
2020-12-29 13:00:00+00:00,1181.122480631043
2020-12-29 14:00:00+00:00,1102.5519148596964
2020-12-29 15:00:00+00:00,1312.737174927717
2020-12-29 16:00:00+00:00,1319.550622463309
2020-12-29 17:00:00+00:00,1319.550622463309
2020-12-29 18:00:00+00:00,1319.550622463309
2020-12-29 19:00:00+00:00,1319.550622463309
2020-12-29 20:00:00+00:00,1319.550622463309
2020-12-29 21:00:00+00:00,1319.550622463309
2020-12-29 22:00:00+00:00,120.0
2020-12-29 23:00:00+00:00,120.0
2020-12-30 00:00:00+00:00,120.0
2020-12-30 01:00:00+00:00,120.0
2020-12-30 02:00:00+00:00,120.0
2020-12-30 03:00:00+00:00,120.0
2020-12-30 04:00:00+00:00,120.0
2020-12-30 05:00:00+00:00,120.0
2020-12-30 06:00:00+00:00,1319.8612912576486
2020-12-30 07:00:00+00:00,1319.8612912576486
2020-12-30 08:00:00+00:00,1319.8612912576486
2020-12-30 09:00:00+00:00,1292.6244399461002
2020-12-30 10:00:00+00:00,1199.5392009703316
2020-12-30 11:00:00+00:00,1074.561648872935
2020-12-30 12:00:00+00:00,1222.2405766009265
2020-12-30 13:00:00+00:00,1003.6258493337829
2020-12-30 14:00:00+00:00,1269.9230643155056
2020-12-30 15:00:00+00:00,1299.4396520804435
2020-12-30 16:00:00+00:00,1319.8612912576486
2020-12-30 17:00:00+00:00,1319.8612912576486
2020-12-30 18:00:00+00:00,1319.8612912576486
2020-12-30 19:00:00+00:00,1319.8612912576486
2020-12-30 20:00:00+00:00,1319.8612912576486
2020-12-30 21:00:00+00:00,1319.8612912576486
2020-12-30 22:00:00+00:00,120.0
2020-12-30 23:00:00+00:00,120.0
2020-12-31 00:00:00+00:00,120.0
2020-12-31 01:00:00+00:00,120.0
2020-12-31 02:00:00+00:00,120.0
2020-12-31 03:00:00+00:00,120.0
2020-12-31 04:00:00+00:00,120.0
2020-12-31 05:00:00+00:00,120.0
2020-12-31 06:00:00+00:00,1319.9944514450654
2020-12-31 07:00:00+00:00,1319.9944514450654
2020-12-31 08:00:00+00:00,1319.9944514450654
2020-12-31 09:00:00+00:00,508.77420237917227
2020-12-31 10:00:00+00:00,551.9740026311948
2020-12-31 11:00:00+00:00,359.9988902890131
2020-12-31 12:00:00+00:00,655.6535232360483
2020-12-31 13:00:00+00:00,749.0130915584745
2020-12-31 14:00:00+00:00,658.6775092536899
2020-12-31 15:00:00+00:00,968.1080785033146
2020-12-31 16:00:00+00:00,1319.9944514450654
2020-12-31 17:00:00+00:00,1319.9944514450654
2020-12-31 18:00:00+00:00,1319.9944514450654
2020-12-31 19:00:00+00:00,1319.9944514450654
2020-12-31 20:00:00+00:00,1319.9944514450654
2020-12-31 21:00:00+00:00,1319.9944514450654
2020-12-31 22:00:00+00:00,120.0
2020-12-31 23:00:00+00:00,120.0
