timestamp,P_kW,G_Wm2,T2m_C
2020-01-01 00:00:00+00:00,0.0,0.0,2.28
2020-01-01 01:00:00+00:00,0.0,0.0,2.05
2020-01-01 02:00:00+00:00,0.0,0.0,1.78
2020-01-01 03:00:00+00:00,0.0,0.0,1.69
2020-01-01 04:00:00+00:00,0.0,0.0,1.45
2020-01-01 05:00:00+00:00,0.0,0.0,0.98
2020-01-01 06:00:00+00:00,0.0,0.0,0.58
2020-01-01 07:00:00+00:00,0.0,0.0,1.54
2020-01-01 08:00:00+00:00,0.0,0.0,1.5
2020-01-01 09:00:00+00:00,0.01848,34.06,1.88
2020-01-01 10:00:00+00:00,0.02515,42.57,2.3
2020-01-01 11:00:00+00:00,0.04548,67.16,3.05
2020-01-01 12:00:00+00:00,0.0587,82.67,3.89
2020-01-01 13:00:00+00:00,0.0332999999999999,52.97,4.44
2020-01-01 14:00:00+00:00,0.01537,30.27,4.54
2020-01-01 15:00:00+00:00,0.02847,48.32,4.09
2020-01-01 16:00:00+00:00,0.0,0.0,3.27
2020-01-01 17:00:00+00:00,0.0,0.0,3.04
2020-01-01 18:00:00+00:00,0.0,0.0,2.86
2020-01-01 19:00:00+00:00,0.0,0.0,2.54
2020-01-01 20:00:00+00:00,0.0,0.0,2.51
2020-01-01 21:00:00+00:00,0.0,0.0,2.47
2020-01-01 22:00:00+00:00,0.0,0.0,2.38
2020-01-01 23:00:00+00:00,0.0,0.0,2.32
2020-01-02 00:00:00+00:00,0.0,0.0,2.31
2020-01-02 01:00:00+00:00,0.0,0.0,2.36
2020-01-02 02:00:00+00:00,0.0,0.0,2.45
2020-01-02 03:00:00+00:00,0.0,0.0,2.52
2020-01-02 04:00:00+00:00,0.0,0.0,2.65
2020-01-02 05:00:00+00:00,0.0,0.0,2.9
2020-01-02 06:00:00+00:00,0.0,0.0,3.17
2020-01-02 07:00:00+00:00,0.0,0.0,2.56
2020-01-02 08:00:00+00:00,0.0,0.0,2.84
2020-01-02 09:00:00+00:00,0.0226,39.48,3.26
2020-01-02 10:00:00+00:00,0.03577,55.81,3.9
2020-01-02 11:00:00+00:00,0.03721,57.7,4.63
2020-01-02 12:00:00+00:00,0.03166,51.08,5.18
2020-01-02 13:00:00+00:00,0.04093,62.43,5.85
2020-01-02 14:00:00+00:00,0.0202399999999999,36.89,6.27
2020-01-02 15:00:00+00:00,0.00123,8.51,6.39
2020-01-02 16:00:00+00:00,0.0,0.0,6.38
2020-01-02 17:00:00+00:00,0.0,0.0,6.45
2020-01-02 18:00:00+00:00,0.0,0.0,6.67
2020-01-02 19:00:00+00:00,0.0,0.0,6.78
2020-01-02 20:00:00+00:00,0.0,0.0,7.05
2020-01-02 21:00:00+00:00,0.0,0.0,7.41
2020-01-02 22:00:00+00:00,0.0,0.0,7.77
2020-01-02 23:00:00+00:00,0.0,0.0,8.1
2020-01-03 00:00:00+00:00,0.0,0.0,8.34
2020-01-03 01:00:00+00:00,0.0,0.0,8.54
2020-01-03 02:00:00+00:00,0.0,0.0,8.62
2020-01-03 03:00:00+00:00,0.0,0.0,8.52
2020-01-03 04:00:00+00:00,0.0,0.0,8.37
2020-01-03 05:00:00+00:00,0.0,0.0,8.36
2020-01-03 06:00:00+00:00,0.0,0.0,8.47
2020-01-03 07:00:00+00:00,0.0,0.0,9.33
2020-01-03 08:00:00+00:00,0.0,0.0,9.51
2020-01-03 09:00:00+00:00,0.01566,31.22,9.72
2020-01-03 10:00:00+00:00,0.01564,31.22,9.99
2020-01-03 11:00:00+00:00,0.1378,173.09,10.07
2020-01-03 12:00:00+00:00,0.0102899999999999,23.65,9.53
2020-01-03 13:00:00+00:00,0.03181,52.03,9.21
2020-01-03 14:00:00+00:00,0.05055,74.35,8.78
2020-01-03 15:00:00+00:00,0.07987,111.86,8.2
2020-01-03 16:00:00+00:00,0.0,0.0,7.78
2020-01-03 17:00:00+00:00,0.0,0.0,7.54
2020-01-03 18:00:00+00:00,0.0,0.0,7.28
2020-01-03 19:00:00+00:00,0.0,0.0,6.96
2020-01-03 20:00:00+00:00,0.0,0.0,6.39
2020-01-03 21:00:00+00:00,0.0,0.0,6.02
2020-01-03 22:00:00+00:00,0.0,0.0,5.59
2020-01-03 23:00:00+00:00,0.0,0.0,5.71
2020-01-04 00:00:00+00:00,0.0,0.0,5.64
2020-01-04 01:00:00+00:00,0.0,0.0,5.69
2020-01-04 02:00:00+00:00,0.0,0.0,5.8
2020-01-04 03:00:00+00:00,0.0,0.0,5.94
2020-01-04 04:00:00+00:00,0.0,0.0,6.0
2020-01-04 05:00:00+00:00,0.0,0.0,5.93
2020-01-04 06:00:00+00:00,0.0,0.0,6.0
2020-01-04 07:00:00+00:00,0.0,0.0,6.24
2020-01-04 08:00:00+00:00,0.0,0.0,6.69
2020-01-04 09:00:00+00:00,0.16221,199.27,6.94
2020-01-04 10:00:00+00:00,0.32009,371.05,7.26
2020-01-04 11:00:00+00:00,0.49456,566.01,7.6
2020-01-04 12:00:00+00:00,0.05611,80.72,7.8
2020-01-04 13:00:00+00:00,0.01934,35.95,8.13
2020-01-04 14:00:00+00:00,0.00845,20.81,7.99
2020-01-04 15:00:00+00:00,0.0,1.89,7.94
2020-01-04 16:00:00+00:00,0.0,0.0,7.96
2020-01-04 17:00:00+00:00,0.0,0.0,8.05
2020-01-04 18:00:00+00:00,0.0,0.0,8.13
2020-01-04 19:00:00+00:00,0.0,0.0,7.88
2020-01-04 20:00:00+00:00,0.0,0.0,7.64
2020-01-04 21:00:00+00:00,0.0,0.0,7.55
2020-01-04 22:00:00+00:00,0.0,0.0,7.23
2020-01-04 23:00:00+00:00,0.0,0.0,6.86
2020-01-05 00:00:00+00:00,0.0,0.0,6.89
2020-01-05 01:00:00+00:00,0.0,0.0,6.54
2020-01-05 02:00:00+00:00,0.0,0.0,6.16
2020-01-05 03:00:00+00:00,0.0,0.0,6.14
2020-01-05 04:00:00+00:00,0.0,0.0,5.8
2020-01-05 05:00:00+00:00,0.0,0.0,5.57
2020-01-05 06:00:00+00:00,0.0,0.0,5.35
2020-01-05 07:00:00+00:00,0.0,0.0,5.79
2020-01-05 08:00:00+00:00,0.0,0.0,5.71
2020-01-05 09:00:00+00:00,0.0125,26.49,5.88
2020-01-05 10:00:00+00:00,0.02165,38.79,6.58
2020-01-05 11:00:00+00:00,0.0137799999999999,28.38,7.12
2020-01-05 12:00:00+00:00,0.01865,35.0,7.59
2020-01-05 13:00:00+00:00,0.01935,35.95,7.79
2020-01-05 14:00:00+00:00,0.01933,35.95,7.98
2020-01-05 15:00:00+00:00,0.00122,8.51,7.84
2020-01-05 16:00:00+00:00,0.0,0.0,7.43
2020-01-05 17:00:00+00:00,0.0,0.0,6.99
2020-01-05 18:00:00+00:00,0.0,0.0,6.61
2020-01-05 19:00:00+00:00,0.0,0.0,6.23
2020-01-05 20:00:00+00:00,0.0,0.0,6.1
2020-01-05 21:00:00+00:00,0.0,0.0,5.63
2020-01-05 22:00:00+00:00,0.0,0.0,5.39
2020-01-05 23:00:00+00:00,0.0,0.0,5.34
2020-01-06 00:00:00+00:00,0.0,0.0,5.53
2020-01-06 01:00:00+00:00,0.0,0.0,5.5
2020-01-06 02:00:00+00:00,0.0,0.0,5.42
2020-01-06 03:00:00+00:00,0.0,0.0,5.49
2020-01-06 04:00:00+00:00,0.0,0.0,5.62
2020-01-06 05:00:00+00:00,0.0,0.0,5.58
2020-01-06 06:00:00+00:00,0.0,0.0,5.53
2020-01-06 07:00:00+00:00,0.0,0.0,5.71
2020-01-06 08:00:00+00:00,0.0,0.0,5.58
2020-01-06 09:00:00+00:00,0.01815,34.06,5.44
2020-01-06 10:00:00+00:00,0.03312,52.97,5.69
2020-01-06 11:00:00+00:00,0.50651,582.42,6.15
2020-01-06 12:00:00+00:00,0.5299299999999999,610.12,6.48
2020-01-06 13:00:00+00:00,0.45089,520.45,6.91
2020-01-06 14:00:00+00:00,0.29106,342.53,7.03
2020-01-06 15:00:00+00:00,0.10489,140.19,6.72
2020-01-06 16:00:00+00:00,0.0,0.0,6.04
2020-01-06 17:00:00+00:00,0.0,0.0,5.77
2020-01-06 18:00:00+00:00,0.0,0.0,5.5
2020-01-06 19:00:00+00:00,0.0,0.0,5.14
2020-01-06 20:00:00+00:00,0.0,0.0,5.54
2020-01-06 21:00:00+00:00,0.0,0.0,6.15
2020-01-06 22:00:00+00:00,0.0,0.0,6.83
2020-01-06 23:00:00+00:00,0.0,0.0,7.54
2020-01-07 00:00:00+00:00,0.0,0.0,8.11
2020-01-07 01:00:00+00:00,0.0,0.0,8.42
2020-01-07 02:00:00+00:00,0.0,0.0,7.78
2020-01-07 03:00:00+00:00,0.0,0.0,7.0
2020-01-07 04:00:00+00:00,0.0,0.0,6.46
2020-01-07 05:00:00+00:00,0.0,0.0,6.13
2020-01-07 06:00:00+00:00,0.0,0.0,5.82
2020-01-07 07:00:00+00:00,0.0,0.0,5.66
2020-01-07 08:00:00+00:00,0.0,0.0,5.36
2020-01-07 09:00:00+00:00,0.22831,272.29,5.54
2020-01-07 10:00:00+00:00,0.08286,110.57,6.27
2020-01-07 11:00:00+00:00,0.36906,426.35,7.39
2020-01-07 12:00:00+00:00,0.19035,230.14,8.33
2020-01-07 13:00:00+00:00,0.01031,23.65,9.09
2020-01-07 14:00:00+00:00,0.02895,48.4,9.11
2020-01-07 15:00:00+00:00,0.00849,21.15,8.87
2020-01-07 16:00:00+00:00,0.0,0.0,8.23
2020-01-07 17:00:00+00:00,0.0,0.0,7.77
2020-01-07 18:00:00+00:00,0.0,0.0,7.49
2020-01-07 19:00:00+00:00,0.0,0.0,6.78
2020-01-07 20:00:00+00:00,0.0,0.0,6.65
2020-01-07 21:00:00+00:00,0.0,0.0,7.22
2020-01-07 22:00:00+00:00,0.0,0.0,7.98
2020-01-07 23:00:00+00:00,0.0,0.0,8.78
2020-01-08 00:00:00+00:00,0.0,0.0,9.56
2020-01-08 01:00:00+00:00,0.0,0.0,10.26
2020-01-08 02:00:00+00:00,0.0,0.0,10.79
2020-01-08 03:00:00+00:00,0.0,0.0,11.07
2020-01-08 04:00:00+00:00,0.0,0.0,11.2
2020-01-08 05:00:00+00:00,0.0,0.0,11.22
2020-01-08 06:00:00+00:00,0.0,0.0,11.19
2020-01-08 07:00:00+00:00,0.0,0.0,11.09
2020-01-08 08:00:00+00:00,0.0,0.0,10.94
2020-01-08 09:00:00+00:00,0.11073,144.53,10.84
2020-01-08 10:00:00+00:00,0.06753,94.93,10.79
2020-01-08 11:00:00+00:00,0.00708,18.92,10.89
2020-01-08 12:00:00+00:00,0.03152,52.03,10.83
2020-01-08 13:00:00+00:00,0.08973,120.41,10.7
2020-01-08 14:00:00+00:00,0.03646,58.03,10.61
2020-01-08 15:00:00+00:00,0.00475,15.14,10.39
2020-01-08 16:00:00+00:00,0.0,0.0,10.03
2020-01-08 17:00:00+00:00,0.0,0.0,9.74
2020-01-08 18:00:00+00:00,0.0,0.0,9.53
2020-01-08 19:00:00+00:00,0.0,0.0,9.51
2020-01-08 20:00:00+00:00,0.0,0.0,9.31
2020-01-08 21:00:00+00:00,0.0,0.0,9.16
2020-01-08 22:00:00+00:00,0.0,0.0,9.18
2020-01-08 23:00:00+00:00,0.0,0.0,9.34
2020-01-09 00:00:00+00:00,0.0,0.0,9.52
2020-01-09 01:00:00+00:00,0.0,0.0,9.71
2020-01-09 02:00:00+00:00,0.0,0.0,9.98
2020-01-09 03:00:00+00:00,0.0,0.0,10.33
2020-01-09 04:00:00+00:00,0.0,0.0,10.61
2020-01-09 05:00:00+00:00,0.0,0.0,10.69
2020-01-09 06:00:00+00:00,0.0,0.0,10.67
2020-01-09 07:00:00+00:00,0.0,0.0,11.39
2020-01-09 08:00:00+00:00,0.0,0.0,11.54
2020-01-09 09:00:00+00:00,0.1585,198.74,11.67
2020-01-09 10:00:00+00:00,0.00471,15.14,11.94
2020-01-09 11:00:00+00:00,0.01014,23.65,12.18
2020-01-09 12:00:00+00:00,0.02537,44.46,12.42
2020-01-09 13:00:00+00:00,0.01543,31.22,12.39
2020-01-09 14:00:00+00:00,0.04247,65.7,12.34
2020-01-09 15:00:00+00:00,0.0,4.73,12.28
2020-01-09 16:00:00+00:00,0.0,0.0,12.08
2020-01-09 17:00:00+00:00,0.0,0.0,11.73
2020-01-09 18:00:00+00:00,0.0,0.0,11.55
2020-01-09 19:00:00+00:00,0.0,0.0,11.76
2020-01-09 20:00:00+00:00,0.0,0.0,11.73
2020-01-09 21:00:00+00:00,0.0,0.0,11.53
2020-01-09 22:00:00+00:00,0.0,0.0,10.92
2020-01-09 23:00:00+00:00,0.0,0.0,10.16
2020-01-10 00:00:00+00:00,0.0,0.0,9.63
2020-01-10 01:00:00+00:00,0.0,0.0,9.05
2020-01-10 02:00:00+00:00,0.0,0.0,8.42
2020-01-10 03:00:00+00:00,0.0,0.0,7.89
2020-01-10 04:00:00+00:00,0.0,0.0,7.46
2020-01-10 05:00:00+00:00,0.0,0.0,7.33
2020-01-10 06:00:00+00:00,0.0,0.0,7.22
2020-01-10 07:00:00+00:00,0.0,0.0,7.19
2020-01-10 08:00:00+00:00,0.0,0.0,7.25
2020-01-10 09:00:00+00:00,0.24669,294.24,7.65
2020-01-10 10:00:00+00:00,0.13046,164.07,8.03
2020-01-10 11:00:00+00:00,0.22687,270.09,8.31
2020-01-10 12:00:00+00:00,0.19877,239.25,8.36
2020-01-10 13:00:00+00:00,0.32168,375.04,8.4
2020-01-10 14:00:00+00:00,0.08541,114.18,8.17
2020-01-10 15:00:00+00:00,0.03375,55.02,7.77
2020-01-10 16:00:00+00:00,0.0,0.0,7.01
2020-01-10 17:00:00+00:00,0.0,0.0,6.1
2020-01-10 18:00:00+00:00,0.0,0.0,5.47
2020-01-10 19:00:00+00:00,0.0,0.0,5.22
2020-01-10 20:00:00+00:00,0.0,0.0,4.59
2020-01-10 21:00:00+00:00,0.0,0.0,3.99
2020-01-10 22:00:00+00:00,0.0,0.0,4.54
2020-01-10 23:00:00+00:00,0.0,0.0,4.95
2020-01-11 00:00:00+00:00,0.0,0.0,5.2
2020-01-11 01:00:00+00:00,0.0,0.0,5.39
2020-01-11 02:00:00+00:00,0.0,0.0,5.36
2020-01-11 03:00:00+00:00,0.0,0.0,5.11
2020-01-11 04:00:00+00:00,0.0,0.0,5.17
2020-01-11 05:00:00+00:00,0.0,0.0,5.1
2020-01-11 06:00:00+00:00,0.0,0.0,4.93
2020-01-11 07:00:00+00:00,0.0,0.0,4.27
2020-01-11 08:00:00+00:00,0.0,0.0,4.28
2020-01-11 09:00:00+00:00,0.0401599999999999,61.07,4.55
2020-01-11 10:00:00+00:00,0.29766,343.64,5.16
2020-01-11 11:00:00+00:00,0.2452899999999999,286.89,5.79
2020-01-11 12:00:00+00:00,0.22629,266.86,6.42
2020-01-11 13:00:00+00:00,0.12407,156.17,6.87
2020-01-11 14:00:00+00:00,0.0165799999999999,32.16,7.1
2020-01-11 15:00:00+00:00,2.9999999999999997e-05,5.68,7.29
2020-01-11 16:00:00+00:00,0.0,0.0,7.06
2020-01-11 17:00:00+00:00,0.0,0.0,7.02
2020-01-11 18:00:00+00:00,0.0,0.0,7.06
2020-01-11 19:00:00+00:00,0.0,0.0,6.94
2020-01-11 20:00:00+00:00,0.0,0.0,6.83
2020-01-11 21:00:00+00:00,0.0,0.0,6.85
2020-01-11 22:00:00+00:00,0.0,0.0,6.9
2020-01-11 23:00:00+00:00,0.0,0.0,6.72
2020-01-12 00:00:00+00:00,0.0,0.0,6.32
2020-01-12 01:00:00+00:00,0.0,0.0,5.9
2020-01-12 02:00:00+00:00,0.0,0.0,5.62
2020-01-12 03:00:00+00:00,0.0,0.0,5.45
2020-01-12 04:00:00+00:00,0.0,0.0,5.32
2020-01-12 05:00:00+00:00,0.0,0.0,5.25
2020-01-12 06:00:00+00:00,0.0,0.0,5.19
2020-01-12 07:00:00+00:00,0.0,0.0,5.73
2020-01-12 08:00:00+00:00,0.0,0.0,6.18
2020-01-12 09:00:00+00:00,0.02092,37.84,6.84
2020-01-12 10:00:00+00:00,0.02379,41.62,7.54
2020-01-12 11:00:00+00:00,0.02744,46.35,8.19
2020-01-12 12:00:00+00:00,0.02803,47.3,9.34
2020-01-12 13:00:00+00:00,0.0294,49.19,10.26
2020-01-12 14:00:00+00:00,0.01223,26.49,10.15
2020-01-12 15:00:00+00:00,0.00421,14.19,9.82
2020-01-12 16:00:00+00:00,0.0,0.0,9.24
2020-01-12 17:00:00+00:00,0.0,0.0,8.87
2020-01-12 18:00:00+00:00,0.0,0.0,8.65
2020-01-12 19:00:00+00:00,0.0,0.0,8.34
2020-01-12 20:00:00+00:00,0.0,0.0,7.97
2020-01-12 21:00:00+00:00,0.0,0.0,7.4
2020-01-12 22:00:00+00:00,0.0,0.0,6.82
2020-01-12 23:00:00+00:00,0.0,0.0,6.44
2020-01-13 00:00:00+00:00,0.0,0.0,6.11
2020-01-13 01:00:00+00:00,0.0,0.0,6.05
2020-01-13 02:00:00+00:00,0.0,0.0,6.1
2020-01-13 03:00:00+00:00,0.0,0.0,6.2
2020-01-13 04:00:00+00:00,0.0,0.0,5.97
2020-01-13 05:00:00+00:00,0.0,0.0,5.71
2020-01-13 06:00:00+00:00,0.0,0.0,5.48
2020-01-13 07:00:00+00:00,0.0,0.0,5.28
2020-01-13 08:00:00+00:00,0.0,0.0,5.0
2020-01-13 09:00:00+00:00,0.01602,31.22,5.24
2020-01-13 10:00:00+00:00,0.21628,256.87,6.15
2020-01-13 11:00:00+00:00,0.47883,548.98,7.03
2020-01-13 12:00:00+00:00,0.09902,129.35,7.78
2020-01-13 13:00:00+00:00,0.15999,196.29,8.02
2020-01-13 14:00:00+00:00,0.28189,331.63,8.03
2020-01-13 15:00:00+00:00,0.01868,35.29,7.69
2020-01-13 16:00:00+00:00,0.0,0.0,7.51
2020-01-13 17:00:00+00:00,0.0,0.0,7.85
2020-01-13 18:00:00+00:00,0.0,0.0,8.28
2020-01-13 19:00:00+00:00,0.0,0.0,8.66
2020-01-13 20:00:00+00:00,0.0,0.0,9.26
2020-01-13 21:00:00+00:00,0.0,0.0,9.89
2020-01-13 22:00:00+00:00,0.0,0.0,10.34
2020-01-13 23:00:00+00:00,0.0,0.0,10.46
2020-01-14 00:00:00+00:00,0.0,0.0,10.38
2020-01-14 01:00:00+00:00,0.0,0.0,10.16
2020-01-14 02:00:00+00:00,0.0,0.0,10.06
2020-01-14 03:00:00+00:00,0.0,0.0,9.67
2020-01-14 04:00:00+00:00,0.0,0.0,9.47
2020-01-14 05:00:00+00:00,0.0,0.0,9.35
2020-01-14 06:00:00+00:00,0.0,0.0,9.28
2020-01-14 07:00:00+00:00,0.0,0.0,9.67
2020-01-14 08:00:00+00:00,0.0330499999999999,56.24,9.53
2020-01-14 09:00:00+00:00,0.07028,97.71,9.54
2020-01-14 10:00:00+00:00,0.20234,244.71,9.76
2020-01-14 11:00:00+00:00,0.11647,150.01,10.1
2020-01-14 12:00:00+00:00,0.02342,41.62,10.46
2020-01-14 13:00:00+00:00,0.0065,17.97,10.4
2020-01-14 14:00:00+00:00,0.00532,16.08,10.41
2020-01-14 15:00:00+00:00,0.01812,34.89,10.61
2020-01-14 16:00:00+00:00,0.0,0.0,10.91
2020-01-14 17:00:00+00:00,0.0,0.0,11.38
2020-01-14 18:00:00+00:00,0.0,0.0,11.76
2020-01-14 19:00:00+00:00,0.0,0.0,11.8
2020-01-14 20:00:00+00:00,0.0,0.0,11.8
2020-01-14 21:00:00+00:00,0.0,0.0,11.84
2020-01-14 22:00:00+00:00,0.0,0.0,11.87
2020-01-14 23:00:00+00:00,0.0,0.0,11.8
2020-01-15 00:00:00+00:00,0.0,0.0,11.73
2020-01-15 01:00:00+00:00,0.0,0.0,11.51
2020-01-15 02:00:00+00:00,0.0,0.0,11.09
2020-01-15 03:00:00+00:00,0.0,0.0,10.58
2020-01-15 04:00:00+00:00,0.0,0.0,10.27
2020-01-15 05:00:00+00:00,0.0,0.0,10.07
2020-01-15 06:00:00+00:00,0.0,0.0,10.04
2020-01-15 07:00:00+00:00,0.0,0.0,10.8
2020-01-15 08:00:00+00:00,0.0,1.89,10.69
2020-01-15 09:00:00+00:00,0.0198,36.89,10.66
2020-01-15 10:00:00+00:00,0.01625,32.16,10.91
2020-01-15 11:00:00+00:00,0.01763,34.06,11.14
2020-01-15 12:00:00+00:00,0.02556,44.46,11.03
2020-01-15 13:00:00+00:00,0.02418,42.57,10.3
2020-01-15 14:00:00+00:00,0.02943,49.19,10.0
2020-01-15 15:00:00+00:00,0.00536,16.08,9.38
2020-01-15 16:00:00+00:00,0.0,0.0,8.3
2020-01-15 17:00:00+00:00,0.0,0.0,7.7
2020-01-15 18:00:00+00:00,0.0,0.0,7.55
2020-01-15 19:00:00+00:00,0.0,0.0,6.86
2020-01-15 20:00:00+00:00,0.0,0.0,6.77
2020-01-15 21:00:00+00:00,0.0,0.0,6.76
2020-01-15 22:00:00+00:00,0.0,0.0,6.75
2020-01-15 23:00:00+00:00,0.0,0.0,6.65
2020-01-16 00:00:00+00:00,0.0,0.0,6.51
2020-01-16 01:00:00+00:00,0.0,0.0,6.26
2020-01-16 02:00:00+00:00,0.0,0.0,5.93
2020-01-16 03:00:00+00:00,0.0,0.0,5.49
2020-01-16 04:00:00+00:00,0.0,0.0,5.08
2020-01-16 05:00:00+00:00,0.0,0.0,4.64
2020-01-16 06:00:00+00:00,0.0,0.0,4.21
2020-01-16 07:00:00+00:00,0.0,0.0,3.81
2020-01-16 08:00:00+00:00,0.0263,46.06,3.58
2020-01-16 09:00:00+00:00,0.25212,296.47,4.12
2020-01-16 10:00:00+00:00,0.34094,393.55,5.26
2020-01-16 11:00:00+00:00,0.57748,665.57,6.67
2020-01-16 12:00:00+00:00,0.4632799999999999,534.44,7.72
2020-01-16 13:00:00+00:00,0.45337,523.67,8.42
2020-01-16 14:00:00+00:00,0.35913,419.39,8.69
2020-01-16 15:00:00+00:00,0.18074,226.65,8.75
2020-01-16 16:00:00+00:00,0.0,0.0,8.65
2020-01-16 17:00:00+00:00,0.0,0.0,8.72
2020-01-16 18:00:00+00:00,0.0,0.0,8.98
2020-01-16 19:00:00+00:00,0.0,0.0,9.18
2020-01-16 20:00:00+00:00,0.0,0.0,9.29
2020-01-16 21:00:00+00:00,0.0,0.0,9.42
2020-01-16 22:00:00+00:00,0.0,0.0,9.48
2020-01-16 23:00:00+00:00,0.0,0.0,9.36
2020-01-17 00:00:00+00:00,0.0,0.0,9.15
2020-01-17 01:00:00+00:00,0.0,0.0,8.87
2020-01-17 02:00:00+00:00,0.0,0.0,8.69
2020-01-17 03:00:00+00:00,0.0,0.0,8.7
2020-01-17 04:00:00+00:00,0.0,0.0,8.74
2020-01-17 05:00:00+00:00,0.0,0.0,8.79
2020-01-17 06:00:00+00:00,0.0,0.0,8.91
2020-01-17 07:00:00+00:00,0.0,0.0,9.49
2020-01-17 08:00:00+00:00,0.00165,9.46,9.44
2020-01-17 09:00:00+00:00,0.01227,26.49,9.43
2020-01-17 10:00:00+00:00,0.04252,65.27,9.69
2020-01-17 11:00:00+00:00,0.06331,89.94,10.0
2020-01-17 12:00:00+00:00,0.12217,156.21,9.77
2020-01-17 13:00:00+00:00,0.04409,67.16,9.76
2020-01-17 14:00:00+00:00,0.19793,240.1,9.72
2020-01-17 15:00:00+00:00,0.02998,50.14,9.3
2020-01-17 16:00:00+00:00,0.0,0.0,8.49
2020-01-17 17:00:00+00:00,0.0,0.0,7.87
2020-01-17 18:00:00+00:00,0.0,0.0,7.48
2020-01-17 19:00:00+00:00,0.0,0.0,6.82
2020-01-17 20:00:00+00:00,0.0,0.0,6.47
2020-01-17 21:00:00+00:00,0.0,0.0,6.31
2020-01-17 22:00:00+00:00,0.0,0.0,6.03
2020-01-17 23:00:00+00:00,0.0,0.0,5.67
2020-01-18 00:00:00+00:00,0.0,0.0,5.59
2020-01-18 01:00:00+00:00,0.0,0.0,5.49
2020-01-18 02:00:00+00:00,0.0,0.0,5.32
2020-01-18 03:00:00+00:00,0.0,0.0,5.03
2020-01-18 04:00:00+00:00,0.0,0.0,4.96
2020-01-18 05:00:00+00:00,0.0,0.0,4.71
2020-01-18 06:00:00+00:00,0.0,0.0,4.56
2020-01-18 07:00:00+00:00,0.0,0.0,4.83
2020-01-18 08:00:00+00:00,0.0977099999999999,133.96,4.98
2020-01-18 09:00:00+00:00,0.04459,66.59,5.52
2020-01-18 10:00:00+00:00,0.27162,316.89,6.05
2020-01-18 11:00:00+00:00,0.11145,142.41,6.36
2020-01-18 12:00:00+00:00,0.3374,389.36,6.53
2020-01-18 13:00:00+00:00,0.20449,243.96,6.67
2020-01-18 14:00:00+00:00,0.2242299999999999,266.2,6.63
2020-01-18 15:00:00+00:00,0.1512,190.5,6.35
2020-01-18 16:00:00+00:00,0.0,0.0,5.81
2020-01-18 17:00:00+00:00,0.0,0.0,5.37
2020-01-18 18:00:00+00:00,0.0,0.0,5.2
2020-01-18 19:00:00+00:00,0.0,0.0,5.17
2020-01-18 20:00:00+00:00,0.0,0.0,5.04
2020-01-18 21:00:00+00:00,0.0,0.0,5.01
2020-01-18 22:00:00+00:00,0.0,0.0,5.0
2020-01-18 23:00:00+00:00,0.0,0.0,4.81
2020-01-19 00:00:00+00:00,0.0,0.0,4.86
2020-01-19 01:00:00+00:00,0.0,0.0,4.74
2020-01-19 02:00:00+00:00,0.0,0.0,5.0
2020-01-19 03:00:00+00:00,0.0,0.0,5.08
2020-01-19 04:00:00+00:00,0.0,0.0,5.38
2020-01-19 05:00:00+00:00,0.0,0.0,5.54
2020-01-19 06:00:00+00:00,0.0,0.0,5.56
2020-01-19 07:00:00+00:00,0.0,0.0,4.96
2020-01-19 08:00:00+00:00,0.10064,137.28,5.02
2020-01-19 09:00:00+00:00,0.3201,373.92,5.57
2020-01-19 10:00:00+00:00,0.42189,487.05,6.39
2020-01-19 11:00:00+00:00,0.1067699999999999,138.18,7.32
2020-01-19 12:00:00+00:00,0.13201,166.31,7.91
2020-01-19 13:00:00+00:00,0.35066,408.44,8.08
2020-01-19 14:00:00+00:00,0.3418299999999999,400.12,7.9
2020-01-19 15:00:00+00:00,0.17725,220.95,7.48
2020-01-19 16:00:00+00:00,0.0,0.0,6.59
2020-01-19 17:00:00+00:00,0.0,0.0,6.0
2020-01-19 18:00:00+00:00,0.0,0.0,5.33
2020-01-19 19:00:00+00:00,0.0,0.0,5.05
2020-01-19 20:00:00+00:00,0.0,0.0,4.94
2020-01-19 21:00:00+00:00,0.0,0.0,4.71
2020-01-19 22:00:00+00:00,0.0,0.0,4.37
2020-01-19 23:00:00+00:00,0.0,0.0,4.01
2020-01-20 00:00:00+00:00,0.0,0.0,3.32
2020-01-20 01:00:00+00:00,0.0,0.0,2.3
2020-01-20 02:00:00+00:00,0.0,0.0,1.72
2020-01-20 03:00:00+00:00,0.0,0.0,1.38
2020-01-20 04:00:00+00:00,0.0,0.0,1.41
2020-01-20 05:00:00+00:00,0.0,0.0,2.94
2020-01-20 06:00:00+00:00,0.0,0.0,3.71
2020-01-20 07:00:00+00:00,0.0,0.0,1.83
2020-01-20 08:00:00+00:00,0.0257,44.67,1.65
2020-01-20 09:00:00+00:00,0.05404,76.72,1.95
2020-01-20 10:00:00+00:00,0.04212,63.38,3.46
2020-01-20 11:00:00+00:00,0.01967,35.95,4.48
2020-01-20 12:00:00+00:00,0.0669,92.66,5.24
2020-01-20 13:00:00+00:00,0.1484,183.11,5.61
2020-01-20 14:00:00+00:00,0.06935,95.32,5.73
2020-01-20 15:00:00+00:00,0.05298,77.23,5.51
2020-01-20 16:00:00+00:00,0.0,0.0,4.78
2020-01-20 17:00:00+00:00,0.0,0.0,4.18
2020-01-20 18:00:00+00:00,0.0,0.0,3.79
2020-01-20 19:00:00+00:00,0.0,0.0,3.87
2020-01-20 20:00:00+00:00,0.0,0.0,3.37
2020-01-20 21:00:00+00:00,0.0,0.0,2.86
2020-01-20 22:00:00+00:00,0.0,0.0,2.51
2020-01-20 23:00:00+00:00,0.0,0.0,2.22
2020-01-21 00:00:00+00:00,0.0,0.0,1.94
2020-01-21 01:00:00+00:00,0.0,0.0,1.73
2020-01-21 02:00:00+00:00,0.0,0.0,1.58
2020-01-21 03:00:00+00:00,0.0,0.0,1.38
2020-01-21 04:00:00+00:00,0.0,0.0,1.31
2020-01-21 05:00:00+00:00,0.0,0.0,1.3
2020-01-21 06:00:00+00:00,0.0,0.0,1.26
2020-01-21 07:00:00+00:00,0.0,0.0,1.6
2020-01-21 08:00:00+00:00,0.06922,98.06,1.29
2020-01-21 09:00:00+00:00,0.07374,98.54,1.24
2020-01-21 10:00:00+00:00,0.1105,138.99,1.65
2020-01-21 11:00:00+00:00,0.07047,95.52,2.17
2020-01-21 12:00:00+00:00,0.05771,81.35,2.95
2020-01-21 13:00:00+00:00,0.03658,56.76,3.56
2020-01-21 14:00:00+00:00,0.01828,34.06,3.87
2020-01-21 15:00:00+00:00,0.00675,17.97,3.86
2020-01-21 16:00:00+00:00,0.0,0.0,3.52
2020-01-21 17:00:00+00:00,0.0,0.0,3.43
2020-01-21 18:00:00+00:00,0.0,0.0,3.38
2020-01-21 19:00:00+00:00,0.0,0.0,2.15
2020-01-21 20:00:00+00:00,0.0,0.0,1.95
2020-01-21 21:00:00+00:00,0.0,0.0,2.13
2020-01-21 22:00:00+00:00,0.0,0.0,2.27
2020-01-21 23:00:00+00:00,0.0,0.0,2.39
2020-01-22 00:00:00+00:00,0.0,0.0,2.68
2020-01-22 01:00:00+00:00,0.0,0.0,2.95
2020-01-22 02:00:00+00:00,0.0,0.0,3.13
2020-01-22 03:00:00+00:00,0.0,0.0,3.2
2020-01-22 04:00:00+00:00,0.0,0.0,3.28
2020-01-22 05:00:00+00:00,0.0,0.0,3.41
2020-01-22 06:00:00+00:00,0.0,0.0,3.53
2020-01-22 07:00:00+00:00,0.0,0.0,3.55
2020-01-22 08:00:00+00:00,0.0,2.84,3.59
2020-01-22 09:00:00+00:00,0.01613,31.22,3.82
2020-01-22 10:00:00+00:00,0.09282,121.15,4.09
2020-01-22 11:00:00+00:00,0.05645,80.41,4.42
2020-01-22 12:00:00+00:00,0.0474399999999999,70.0,4.82
2020-01-22 13:00:00+00:00,0.03699,57.7,5.46
2020-01-22 14:00:00+00:00,0.01951,35.95,6.05
2020-01-22 15:00:00+00:00,0.02591,44.3,6.15
2020-01-22 16:00:00+00:00,0.0,0.0,5.88
2020-01-22 17:00:00+00:00,0.0,0.0,5.56
2020-01-22 18:00:00+00:00,0.0,0.0,5.34
2020-01-22 19:00:00+00:00,0.0,0.0,5.61
2020-01-22 20:00:00+00:00,0.0,0.0,5.71
2020-01-22 21:00:00+00:00,0.0,0.0,5.57
2020-01-22 22:00:00+00:00,0.0,0.0,5.6
2020-01-22 23:00:00+00:00,0.0,0.0,5.62
2020-01-23 00:00:00+00:00,0.0,0.0,5.49
2020-01-23 01:00:00+00:00,0.0,0.0,5.38
2020-01-23 02:00:00+00:00,0.0,0.0,5.37
2020-01-23 03:00:00+00:00,0.0,0.0,5.27
2020-01-23 04:00:00+00:00,0.0,0.0,5.1
2020-01-23 05:00:00+00:00,0.0,0.0,4.91
2020-01-23 06:00:00+00:00,0.0,0.0,4.75
2020-01-23 07:00:00+00:00,0.0,0.0,4.72
2020-01-23 08:00:00+00:00,0.0150999999999999,30.58,4.74
2020-01-23 09:00:00+00:00,0.03301,52.71,4.81
2020-01-23 10:00:00+00:00,0.04181,63.38,4.95
2020-01-23 11:00:00+00:00,0.09788,127.68,5.32
2020-01-23 12:00:00+00:00,0.16549,202.28,5.54
2020-01-23 13:00:00+00:00,0.12149,153.88,5.64
2020-01-23 14:00:00+00:00,0.17082,208.44,5.67
2020-01-23 15:00:00+00:00,0.06199,87.76,5.57
2020-01-23 16:00:00+00:00,0.0,0.0,5.17
2020-01-23 17:00:00+00:00,0.0,0.0,4.67
2020-01-23 18:00:00+00:00,0.0,0.0,4.37
2020-01-23 19:00:00+00:00,0.0,0.0,3.76
2020-01-23 20:00:00+00:00,0.0,0.0,3.36
2020-01-23 21:00:00+00:00,0.0,0.0,3.18
2020-01-23 22:00:00+00:00,0.0,0.0,3.21
2020-01-23 23:00:00+00:00,0.0,0.0,3.08
2020-01-24 00:00:00+00:00,0.0,0.0,3.0
2020-01-24 01:00:00+00:00,0.0,0.0,2.75
2020-01-24 02:00:00+00:00,0.0,0.0,2.62
2020-01-24 03:00:00+00:00,0.0,0.0,2.76
2020-01-24 04:00:00+00:00,0.0,0.0,2.7
2020-01-24 05:00:00+00:00,0.0,0.0,2.77
2020-01-24 06:00:00+00:00,0.0,0.0,2.8
2020-01-24 07:00:00+00:00,0.0,0.0,2.87
2020-01-24 08:00:00+00:00,0.0208299999999999,38.12,2.87
2020-01-24 09:00:00+00:00,0.01337,27.43,3.1
2020-01-24 10:00:00+00:00,0.36865,426.58,3.48
2020-01-24 11:00:00+00:00,0.03571,55.81,3.87
2020-01-24 12:00:00+00:00,0.0219,38.79,4.14
2020-01-24 13:00:00+00:00,0.02866,47.3,4.28
2020-01-24 14:00:00+00:00,0.01125,24.6,4.33
2020-01-24 15:00:00+00:00,0.0038,13.24,4.3
2020-01-24 16:00:00+00:00,0.0,0.0,4.09
2020-01-24 17:00:00+00:00,0.0,0.0,3.91
2020-01-24 18:00:00+00:00,0.0,0.0,3.77
2020-01-24 19:00:00+00:00,0.0,0.0,3.14
2020-01-24 20:00:00+00:00,0.0,0.0,2.88
2020-01-24 21:00:00+00:00,0.0,0.0,2.65
2020-01-24 22:00:00+00:00,0.0,0.0,2.47
2020-01-24 23:00:00+00:00,0.0,0.0,2.31
2020-01-25 00:00:00+00:00,0.0,0.0,2.02
2020-01-25 01:00:00+00:00,0.0,0.0,1.83
2020-01-25 02:00:00+00:00,0.0,0.0,1.65
2020-01-25 03:00:00+00:00,0.0,0.0,1.35
2020-01-25 04:00:00+00:00,0.0,0.0,1.04
2020-01-25 05:00:00+00:00,0.0,0.0,0.78
2020-01-25 06:00:00+00:00,0.0,0.0,0.7
2020-01-25 07:00:00+00:00,0.0,0.0,0.07
2020-01-25 08:00:00+00:00,0.0214,38.37,-0.11
2020-01-25 09:00:00+00:00,0.02848,46.35,0.35
2020-01-25 10:00:00+00:00,0.0402,60.54,1.25
2020-01-25 11:00:00+00:00,0.04405,65.27,2.14
2020-01-25 12:00:00+00:00,0.04707,69.06,3.08
2020-01-25 13:00:00+00:00,0.0749399999999999,101.15,3.85
2020-01-25 14:00:00+00:00,0.03178,51.08,4.21
2020-01-25 15:00:00+00:00,0.1186,151.59,4.27
2020-01-25 16:00:00+00:00,0.0,0.0,3.75
2020-01-25 17:00:00+00:00,0.0,0.0,3.55
2020-01-25 18:00:00+00:00,0.0,0.0,3.41
2020-01-25 19:00:00+00:00,0.0,0.0,2.94
2020-01-25 20:00:00+00:00,0.0,0.0,2.91
2020-01-25 21:00:00+00:00,0.0,0.0,2.91
2020-01-25 22:00:00+00:00,0.0,0.0,3.18
2020-01-25 23:00:00+00:00,0.0,0.0,3.39
2020-01-26 00:00:00+00:00,0.0,0.0,3.59
2020-01-26 01:00:00+00:00,0.0,0.0,3.67
2020-01-26 02:00:00+00:00,0.0,0.0,3.5
2020-01-26 03:00:00+00:00,0.0,0.0,3.36
2020-01-26 04:00:00+00:00,0.0,0.0,3.15
2020-01-26 05:00:00+00:00,0.0,0.0,2.98
2020-01-26 06:00:00+00:00,0.0,0.0,3.22
2020-01-26 07:00:00+00:00,0.0,0.0,2.96
2020-01-26 08:00:00+00:00,0.10365,138.62,3.29
2020-01-26 09:00:00+00:00,0.3333,386.7,4.23
2020-01-26 10:00:00+00:00,0.39408,451.26,5.11
2020-01-26 11:00:00+00:00,0.30893,357.15,5.61
2020-01-26 12:00:00+00:00,0.4802,549.23,6.0
2020-01-26 13:00:00+00:00,0.3462699999999999,399.31,6.36
2020-01-26 14:00:00+00:00,0.13608,169.44,6.63
2020-01-26 15:00:00+00:00,0.07586,103.75,6.77
2020-01-26 16:00:00+00:00,0.0,0.0,6.47
2020-01-26 17:00:00+00:00,0.0,0.0,6.62
2020-01-26 18:00:00+00:00,0.0,0.0,6.86
2020-01-26 19:00:00+00:00,0.0,0.0,7.71
2020-01-26 20:00:00+00:00,0.0,0.0,7.58
2020-01-26 21:00:00+00:00,0.0,0.0,7.54
2020-01-26 22:00:00+00:00,0.0,0.0,7.4
2020-01-26 23:00:00+00:00,0.0,0.0,7.24
2020-01-27 00:00:00+00:00,0.0,0.0,7.16
2020-01-27 01:00:00+00:00,0.0,0.0,7.33
2020-01-27 02:00:00+00:00,0.0,0.0,7.67
2020-01-27 03:00:00+00:00,0.0,0.0,7.99
2020-01-27 04:00:00+00:00,0.0,0.0,7.89
2020-01-27 05:00:00+00:00,0.0,0.0,7.61
2020-01-27 06:00:00+00:00,0.0,0.0,7.52
2020-01-27 07:00:00+00:00,0.0,0.0,7.85
2020-01-27 08:00:00+00:00,0.09109,125.78,7.6
2020-01-27 09:00:00+00:00,0.08243,110.89,7.83
2020-01-27 10:00:00+00:00,0.12342,156.92,8.32
2020-01-27 11:00:00+00:00,0.12486,159.0,8.73
2020-01-27 12:00:00+00:00,0.25698,304.24,8.82
2020-01-27 13:00:00+00:00,0.24014,285.83,8.78
2020-01-27 14:00:00+00:00,0.1294799999999999,163.94,8.79
2020-01-27 15:00:00+00:00,0.0380799999999999,59.77,8.63
2020-01-27 16:00:00+00:00,0.0,0.0,7.78
2020-01-27 17:00:00+00:00,0.0,0.0,6.8
2020-01-27 18:00:00+00:00,0.0,0.0,6.67
2020-01-27 19:00:00+00:00,0.0,0.0,6.94
2020-01-27 20:00:00+00:00,0.0,0.0,6.86
2020-01-27 21:00:00+00:00,0.0,0.0,6.9
2020-01-27 22:00:00+00:00,0.0,0.0,6.83
2020-01-27 23:00:00+00:00,0.0,0.0,6.63
2020-01-28 00:00:00+00:00,0.0,0.0,6.57
2020-01-28 01:00:00+00:00,0.0,0.0,6.42
2020-01-28 02:00:00+00:00,0.0,0.0,6.2
2020-01-28 03:00:00+00:00,0.0,0.0,5.82
2020-01-28 04:00:00+00:00,0.0,0.0,5.66
2020-01-28 05:00:00+00:00,0.0,0.0,5.52
2020-01-28 06:00:00+00:00,0.0,0.0,5.1
2020-01-28 07:00:00+00:00,0.0,0.0,4.48
2020-01-28 08:00:00+00:00,0.11616,152.9,4.52
2020-01-28 09:00:00+00:00,0.13477,166.66,4.66
2020-01-28 10:00:00+00:00,0.06243,86.99,4.79
2020-01-28 11:00:00+00:00,0.1100199999999999,140.18,5.17
2020-01-28 12:00:00+00:00,0.09042,118.79,5.47
2020-01-28 13:00:00+00:00,0.21312,251.25,5.57
2020-01-28 14:00:00+00:00,0.42494,482.7,5.54
2020-01-28 15:00:00+00:00,0.08197,109.89,5.5
2020-01-28 16:00:00+00:00,0.0,0.0,5.34
2020-01-28 17:00:00+00:00,0.0,0.0,5.42
2020-01-28 18:00:00+00:00,0.0,0.0,5.48
2020-01-28 19:00:00+00:00,0.0,0.0,4.96
2020-01-28 20:00:00+00:00,0.0,0.0,4.68
2020-01-28 21:00:00+00:00,0.0,0.0,4.87
2020-01-28 22:00:00+00:00,0.0,0.0,4.93
2020-01-28 23:00:00+00:00,0.0,0.0,4.94
2020-01-29 00:00:00+00:00,0.0,0.0,4.95
2020-01-29 01:00:00+00:00,0.0,0.0,5.08
2020-01-29 02:00:00+00:00,0.0,0.0,4.94
2020-01-29 03:00:00+00:00,0.0,0.0,4.82
2020-01-29 04:00:00+00:00,0.0,0.0,4.66
2020-01-29 05:00:00+00:00,0.0,0.0,4.62
2020-01-29 06:00:00+00:00,0.0,0.0,4.47
2020-01-29 07:00:00+00:00,0.0,0.0,4.89
2020-01-29 08:00:00+00:00,0.0446499999999999,68.25,4.71
2020-01-29 09:00:00+00:00,0.0791299999999999,105.8,5.04
2020-01-29 10:00:00+00:00,0.52937,599.98,5.65
2020-01-29 11:00:00+00:00,0.49694,563.21,6.0
2020-01-29 12:00:00+00:00,0.4760299999999999,540.25,6.35
2020-01-29 13:00:00+00:00,0.35646,408.3,6.5
2020-01-29 14:00:00+00:00,0.27043,315.67,6.94
2020-01-29 15:00:00+00:00,0.24371,292.16,6.7
2020-01-29 16:00:00+00:00,0.0,0.0,6.38
2020-01-29 17:00:00+00:00,0.0,0.0,6.14
2020-01-29 18:00:00+00:00,0.0,0.0,6.27
2020-01-29 19:00:00+00:00,0.0,0.0,6.38
2020-01-29 20:00:00+00:00,0.0,0.0,6.55
2020-01-29 21:00:00+00:00,0.0,0.0,6.57
2020-01-29 22:00:00+00:00,0.0,0.0,6.33
2020-01-29 23:00:00+00:00,0.0,0.0,6.3
2020-01-30 00:00:00+00:00,0.0,0.0,6.67
2020-01-30 01:00:00+00:00,0.0,0.0,6.98
2020-01-30 02:00:00+00:00,0.0,0.0,7.12
2020-01-30 03:00:00+00:00,0.0,0.0,7.26
2020-01-30 04:00:00+00:00,0.0,0.0,7.3
2020-01-30 05:00:00+00:00,0.0,0.0,6.96
2020-01-30 06:00:00+00:00,0.0,0.0,6.5
2020-01-30 07:00:00+00:00,0.0,0.0,6.14
2020-01-30 08:00:00+00:00,0.11076,147.23,5.63
2020-01-30 09:00:00+00:00,0.18184,219.6,5.78
2020-01-30 10:00:00+00:00,0.36135,417.44,6.39
2020-01-30 11:00:00+00:00,0.42261,487.57,7.59
2020-01-30 12:00:00+00:00,0.13155,166.3,8.54
2020-01-30 13:00:00+00:00,0.07951,108.43,9.32
2020-01-30 14:00:00+00:00,0.01227,26.49,9.38
2020-01-30 15:00:00+00:00,0.01994,36.89,9.2
2020-01-30 16:00:00+00:00,0.0,0.0,9.03
2020-01-30 17:00:00+00:00,0.0,0.0,9.13
2020-01-30 18:00:00+00:00,0.0,0.0,9.55
2020-01-30 19:00:00+00:00,0.0,0.0,10.07
2020-01-30 20:00:00+00:00,0.0,0.0,10.47
2020-01-30 21:00:00+00:00,0.0,0.0,10.61
2020-01-30 22:00:00+00:00,0.0,0.0,10.69
2020-01-30 23:00:00+00:00,0.0,0.0,10.54
2020-01-31 00:00:00+00:00,0.0,0.0,10.38
2020-01-31 01:00:00+00:00,0.0,0.0,10.18
2020-01-31 02:00:00+00:00,0.0,0.0,9.89
2020-01-31 03:00:00+00:00,0.0,0.0,9.54
2020-01-31 04:00:00+00:00,0.0,0.0,9.04
2020-01-31 05:00:00+00:00,0.0,0.0,8.62
2020-01-31 06:00:00+00:00,0.0,0.0,8.15
2020-01-31 07:00:00+00:00,0.0,0.0,8.3
2020-01-31 08:00:00+00:00,0.0275599999999999,47.33,8.27
2020-01-31 09:00:00+00:00,0.0280799999999999,47.3,8.82
2020-01-31 10:00:00+00:00,0.06417,90.68,9.38
2020-01-31 11:00:00+00:00,0.02794,47.3,9.92
2020-01-31 12:00:00+00:00,0.01986,36.89,10.08
2020-01-31 13:00:00+00:00,0.06794,95.3,10.11
2020-01-31 14:00:00+00:00,0.07096,98.64,10.11
2020-01-31 15:00:00+00:00,0.03293,53.62,10.1
2020-01-31 16:00:00+00:00,0.0,0.0,10.0
2020-01-31 17:00:00+00:00,0.0,0.0,9.92
2020-01-31 18:00:00+00:00,0.0,0.0,9.83
2020-01-31 19:00:00+00:00,0.0,0.0,10.96
2020-01-31 20:00:00+00:00,0.0,0.0,11.09
2020-01-31 21:00:00+00:00,0.0,0.0,11.16
2020-01-31 22:00:00+00:00,0.0,0.0,11.14
2020-01-31 23:00:00+00:00,0.0,0.0,11.02
2020-02-01 00:00:00+00:00,0.0,0.0,10.85
2020-02-01 01:00:00+00:00,0.0,0.0,10.6
2020-02-01 02:00:00+00:00,0.0,0.0,10.41
2020-02-01 03:00:00+00:00,0.0,0.0,10.46
2020-02-01 04:00:00+00:00,0.0,0.0,10.46
2020-02-01 05:00:00+00:00,0.0,0.0,10.27
2020-02-01 06:00:00+00:00,0.0,0.0,9.94
2020-02-01 07:00:00+00:00,0.0,0.0,10.38
2020-02-01 08:00:00+00:00,0.02003,37.51,10.11
2020-02-01 09:00:00+00:00,0.07187,99.74,10.07
2020-02-01 10:00:00+00:00,0.09002,120.58,10.17
2020-02-01 11:00:00+00:00,0.2757,326.54,10.34
2020-02-01 12:00:00+00:00,0.54927,637.12,10.44
2020-02-01 13:00:00+00:00,0.53287,617.74,10.71
2020-02-01 14:00:00+00:00,0.46874,544.33,10.44
2020-02-01 15:00:00+00:00,0.22972,278.86,9.97
2020-02-01 16:00:00+00:00,0.0,0.0,9.49
2020-02-01 17:00:00+00:00,0.0,0.0,9.07
2020-02-01 18:00:00+00:00,0.0,0.0,8.82
2020-02-01 19:00:00+00:00,0.0,0.0,8.97
2020-02-01 20:00:00+00:00,0.0,0.0,8.79
2020-02-01 21:00:00+00:00,0.0,0.0,8.53
2020-02-01 22:00:00+00:00,0.0,0.0,8.46
2020-02-01 23:00:00+00:00,0.0,0.0,8.58
2020-02-02 00:00:00+00:00,0.0,0.0,8.4
2020-02-02 01:00:00+00:00,0.0,0.0,8.03
2020-02-02 02:00:00+00:00,0.0,0.0,7.61
2020-02-02 03:00:00+00:00,0.0,0.0,7.53
2020-02-02 04:00:00+00:00,0.0,0.0,7.32
2020-02-02 05:00:00+00:00,0.0,0.0,7.19
2020-02-02 06:00:00+00:00,0.0,0.0,6.96
2020-02-02 07:00:00+00:00,0.0,0.0,6.52
2020-02-02 08:00:00+00:00,0.01481,29.89,6.39
2020-02-02 09:00:00+00:00,0.01247,26.49,6.44
2020-02-02 10:00:00+00:00,0.02457,42.57,6.85
2020-02-02 11:00:00+00:00,0.07331,101.22,8.23
2020-02-02 12:00:00+00:00,0.11877,153.13,10.15
2020-02-02 13:00:00+00:00,0.07337,101.87,10.87
2020-02-02 14:00:00+00:00,0.1086299999999999,141.56,10.94
2020-02-02 15:00:00+00:00,0.0567299999999999,82.53,10.82
2020-02-02 16:00:00+00:00,0.0,0.0,10.59
2020-02-02 17:00:00+00:00,0.0,0.0,10.35
2020-02-02 18:00:00+00:00,0.0,0.0,10.19
2020-02-02 19:00:00+00:00,0.0,0.0,10.26
2020-02-02 20:00:00+00:00,0.0,0.0,10.1
2020-02-02 21:00:00+00:00,0.0,0.0,9.93
2020-02-02 22:00:00+00:00,0.0,0.0,9.81
2020-02-02 23:00:00+00:00,0.0,0.0,9.58
2020-02-03 00:00:00+00:00,0.0,0.0,9.64
2020-02-03 01:00:00+00:00,0.0,0.0,9.64
2020-02-03 02:00:00+00:00,0.0,0.0,9.46
2020-02-03 03:00:00+00:00,0.0,0.0,9.41
2020-02-03 04:00:00+00:00,0.0,0.0,9.24
2020-02-03 05:00:00+00:00,0.0,0.0,9.15
2020-02-03 06:00:00+00:00,0.0,0.0,8.98
2020-02-03 07:00:00+00:00,0.0,0.0,9.27
2020-02-03 08:00:00+00:00,0.15053,194.64,9.21
2020-02-03 09:00:00+00:00,0.09197,122.24,9.39
2020-02-03 10:00:00+00:00,0.30404,357.43,9.77
2020-02-03 11:00:00+00:00,0.5427000000000001,628.13,10.09
2020-02-03 12:00:00+00:00,0.56267,651.12,10.18
2020-02-03 13:00:00+00:00,0.34837,406.59,10.05
2020-02-03 14:00:00+00:00,0.12756,162.26,9.76
2020-02-03 15:00:00+00:00,0.06891,96.33,9.24
2020-02-03 16:00:00+00:00,0.0,0.0,8.86
2020-02-03 17:00:00+00:00,0.0,0.0,8.32
2020-02-03 18:00:00+00:00,0.0,0.0,7.9
2020-02-03 19:00:00+00:00,0.0,0.0,7.78
2020-02-03 20:00:00+00:00,0.0,0.0,7.54
2020-02-03 21:00:00+00:00,0.0,0.0,7.43
2020-02-03 22:00:00+00:00,0.0,0.0,6.97
2020-02-03 23:00:00+00:00,0.0,0.0,6.61
2020-02-04 00:00:00+00:00,0.0,0.0,6.17
2020-02-04 01:00:00+00:00,0.0,0.0,5.71
2020-02-04 02:00:00+00:00,0.0,0.0,5.5
2020-02-04 03:00:00+00:00,0.0,0.0,5.33
2020-02-04 04:00:00+00:00,0.0,0.0,5.34
2020-02-04 05:00:00+00:00,0.0,0.0,5.15
2020-02-04 06:00:00+00:00,0.0,0.0,5.08
2020-02-04 07:00:00+00:00,0.0,0.0,5.16
2020-02-04 08:00:00+00:00,0.08163,111.65,5.34
2020-02-04 09:00:00+00:00,0.13397,166.5,5.67
2020-02-04 10:00:00+00:00,0.06032,85.14,6.22
2020-02-04 11:00:00+00:00,0.23476,276.14,6.53
2020-02-04 12:00:00+00:00,0.28273,328.31,6.58
2020-02-04 13:00:00+00:00,0.052,75.68,6.75
2020-02-04 14:00:00+00:00,0.05359,77.57,6.84
2020-02-04 15:00:00+00:00,0.05246,76.46,7.53
2020-02-04 16:00:00+00:00,0.0,0.0,7.74
2020-02-04 17:00:00+00:00,0.0,0.0,7.46
2020-02-04 18:00:00+00:00,0.0,0.0,7.1
2020-02-04 19:00:00+00:00,0.0,0.0,5.98
2020-02-04 20:00:00+00:00,0.0,0.0,5.42
2020-02-04 21:00:00+00:00,0.0,0.0,5.23
2020-02-04 22:00:00+00:00,0.0,0.0,5.24
2020-02-04 23:00:00+00:00,0.0,0.0,4.94
2020-02-05 00:00:00+00:00,0.0,0.0,4.89
2020-02-05 01:00:00+00:00,0.0,0.0,4.47
2020-02-05 02:00:00+00:00,0.0,0.0,4.15
2020-02-05 03:00:00+00:00,0.0,0.0,4.27
2020-02-05 04:00:00+00:00,0.0,0.0,4.2
2020-02-05 05:00:00+00:00,0.0,0.0,4.25
2020-02-05 06:00:00+00:00,0.0,0.0,3.74
2020-02-05 07:00:00+00:00,0.0,0.0,3.09
2020-02-05 08:00:00+00:00,0.06814,95.27,3.0
2020-02-05 09:00:00+00:00,0.3072,364.51,4.73
2020-02-05 10:00:00+00:00,0.53026,634.9,6.2
2020-02-05 11:00:00+00:00,0.6271100000000001,755.0,6.75
2020-02-05 12:00:00+00:00,0.64338,780.36,7.01
2020-02-05 13:00:00+00:00,0.53359,632.85,7.16
2020-02-05 14:00:00+00:00,0.39129,458.94,7.25
2020-02-05 15:00:00+00:00,0.13227,167.74,7.06
2020-02-05 16:00:00+00:00,0.0016899999999999,9.46,6.56
2020-02-05 17:00:00+00:00,0.0,0.0,5.75
2020-02-05 18:00:00+00:00,0.0,0.0,5.38
2020-02-05 19:00:00+00:00,0.0,0.0,5.11
2020-02-05 20:00:00+00:00,0.0,0.0,4.67
2020-02-05 21:00:00+00:00,0.0,0.0,4.4
2020-02-05 22:00:00+00:00,0.0,0.0,4.11
2020-02-05 23:00:00+00:00,0.0,0.0,3.84
2020-02-06 00:00:00+00:00,0.0,0.0,3.76
2020-02-06 01:00:00+00:00,0.0,0.0,3.72
2020-02-06 02:00:00+00:00,0.0,0.0,4.04
2020-02-06 03:00:00+00:00,0.0,0.0,4.13
2020-02-06 04:00:00+00:00,0.0,0.0,4.08
2020-02-06 05:00:00+00:00,0.0,0.0,3.85
2020-02-06 06:00:00+00:00,0.0,0.0,3.46
2020-02-06 07:00:00+00:00,0.0,0.0,3.42
2020-02-06 08:00:00+00:00,0.07511,103.65,4.14
2020-02-06 09:00:00+00:00,0.40906,480.04,5.53
2020-02-06 10:00:00+00:00,0.3685199999999999,431.66,6.83
2020-02-06 11:00:00+00:00,0.3934499999999999,460.94,7.44
2020-02-06 12:00:00+00:00,0.56031,662.53,7.76
2020-02-06 13:00:00+00:00,0.46926,551.6,7.83
2020-02-06 14:00:00+00:00,0.43519,512.06,7.83
2020-02-06 15:00:00+00:00,0.25581,309.17,7.71
2020-02-06 16:00:00+00:00,0.00216,10.41,7.19
2020-02-06 17:00:00+00:00,0.0,0.0,6.39
2020-02-06 18:00:00+00:00,0.0,0.0,5.61
2020-02-06 19:00:00+00:00,0.0,0.0,4.86
2020-02-06 20:00:00+00:00,0.0,0.0,4.05
2020-02-06 21:00:00+00:00,0.0,0.0,3.55
2020-02-06 22:00:00+00:00,0.0,0.0,3.11
2020-02-06 23:00:00+00:00,0.0,0.0,2.99
2020-02-07 00:00:00+00:00,0.0,0.0,2.74
2020-02-07 01:00:00+00:00,0.0,0.0,2.44
2020-02-07 02:00:00+00:00,0.0,0.0,2.19
2020-02-07 03:00:00+00:00,0.0,0.0,2.26
2020-02-07 04:00:00+00:00,0.0,0.0,1.98
2020-02-07 05:00:00+00:00,0.0,0.0,1.88
2020-02-07 06:00:00+00:00,0.0,0.0,1.63
2020-02-07 07:00:00+00:00,0.0,0.0,1.61
2020-02-07 08:00:00+00:00,0.2065,252.27,1.59
2020-02-07 09:00:00+00:00,0.43489,497.46,2.57
2020-02-07 10:00:00+00:00,0.57117,652.46,3.9
2020-02-07 11:00:00+00:00,0.63646,734.45,5.34
2020-02-07 12:00:00+00:00,0.65037,756.2,6.68
2020-02-07 13:00:00+00:00,0.63378,739.47,7.72
2020-02-07 14:00:00+00:00,0.5147,599.88,8.38
2020-02-07 15:00:00+00:00,0.29829,356.31,8.43
2020-02-07 16:00:00+00:00,0.0080399999999999,20.74,7.74
2020-02-07 17:00:00+00:00,0.0,0.0,6.73
2020-02-07 18:00:00+00:00,0.0,0.0,6.2
2020-02-07 19:00:00+00:00,0.0,0.0,5.74
2020-02-07 20:00:00+00:00,0.0,0.0,5.4
2020-02-07 21:00:00+00:00,0.0,0.0,5.09
2020-02-07 22:00:00+00:00,0.0,0.0,4.83
2020-02-07 23:00:00+00:00,0.0,0.0,4.83
2020-02-08 00:00:00+00:00,0.0,0.0,5.03
2020-02-08 01:00:00+00:00,0.0,0.0,5.12
2020-02-08 02:00:00+00:00,0.0,0.0,5.22
2020-02-08 03:00:00+00:00,0.0,0.0,5.74
2020-02-08 04:00:00+00:00,0.0,0.0,6.49
2020-02-08 05:00:00+00:00,0.0,0.0,6.92
2020-02-08 06:00:00+00:00,0.0,0.0,7.41
2020-02-08 07:00:00+00:00,0.0,0.0,6.02
2020-02-08 08:00:00+00:00,0.10903,143.67,6.33
2020-02-08 09:00:00+00:00,0.01937,35.95,7.6
2020-02-08 10:00:00+00:00,0.0326199999999999,52.97,8.74
2020-02-08 11:00:00+00:00,0.03866,60.54,9.44
2020-02-08 12:00:00+00:00,0.03252,52.97,9.42
2020-02-08 13:00:00+00:00,0.06328,89.87,9.47
2020-02-08 14:00:00+00:00,0.06066,86.74,9.4
2020-02-08 15:00:00+00:00,0.05048,74.69,9.2
2020-02-08 16:00:00+00:00,0.00121,8.51,8.86
2020-02-08 17:00:00+00:00,0.0,0.0,8.36
2020-02-08 18:00:00+00:00,0.0,0.0,7.6
2020-02-08 19:00:00+00:00,0.0,0.0,7.52
2020-02-08 20:00:00+00:00,0.0,0.0,7.18
2020-02-08 21:00:00+00:00,0.0,0.0,6.71
2020-02-08 22:00:00+00:00,0.0,0.0,6.35
2020-02-08 23:00:00+00:00,0.0,0.0,6.29
2020-02-09 00:00:00+00:00,0.0,0.0,6.27
2020-02-09 01:00:00+00:00,0.0,0.0,6.45
2020-02-09 02:00:00+00:00,0.0,0.0,6.71
2020-02-09 03:00:00+00:00,0.0,0.0,6.9
2020-02-09 04:00:00+00:00,0.0,0.0,7.01
2020-02-09 05:00:00+00:00,0.0,0.0,6.98
2020-02-09 06:00:00+00:00,0.0,0.0,6.95
2020-02-09 07:00:00+00:00,0.0,0.0,7.66
2020-02-09 08:00:00+00:00,0.0248299999999999,43.17,7.58
2020-02-09 09:00:00+00:00,0.03056,50.14,7.67
2020-02-09 10:00:00+00:00,0.0421599999999999,64.33,8.09
2020-02-09 11:00:00+00:00,0.04913,72.84,8.94
2020-02-09 12:00:00+00:00,0.06504,91.76,9.82
2020-02-09 13:00:00+00:00,0.04014,62.43,10.39
2020-02-09 14:00:00+00:00,0.02194,39.73,10.92
2020-02-09 15:00:00+00:00,0.01902,35.95,11.44
2020-02-09 16:00:00+00:00,0.0,4.73,11.82
2020-02-09 17:00:00+00:00,0.0,0.0,11.9
2020-02-09 18:00:00+00:00,0.0,0.0,11.8
2020-02-09 19:00:00+00:00,0.0,0.0,11.38
2020-02-09 20:00:00+00:00,0.0,0.0,11.41
2020-02-09 21:00:00+00:00,0.0,0.0,11.09
2020-02-09 22:00:00+00:00,0.0,0.0,10.26
2020-02-09 23:00:00+00:00,0.0,0.0,9.8
2020-02-10 00:00:00+00:00,0.0,0.0,9.57
2020-02-10 01:00:00+00:00,0.0,0.0,9.19
2020-02-10 02:00:00+00:00,0.0,0.0,8.93
2020-02-10 03:00:00+00:00,0.0,0.0,8.6
2020-02-10 04:00:00+00:00,0.0,0.0,7.64
2020-02-10 05:00:00+00:00,0.0,0.0,7.41
2020-02-10 06:00:00+00:00,0.0,0.0,7.05
2020-02-10 07:00:00+00:00,0.0,0.0,7.33
2020-02-10 08:00:00+00:00,0.04877,72.68,7.31
2020-02-10 09:00:00+00:00,0.13932,173.12,7.28
2020-02-10 10:00:00+00:00,0.46173,524.68,7.57
2020-02-10 11:00:00+00:00,0.36498,418.38,7.83
2020-02-10 12:00:00+00:00,0.63836,723.84,8.2
2020-02-10 13:00:00+00:00,0.61693,700.31,8.48
2020-02-10 14:00:00+00:00,0.49232,563.63,8.82
2020-02-10 15:00:00+00:00,0.04054,62.5,8.57
2020-02-10 16:00:00+00:00,0.0,4.73,6.65
2020-02-10 17:00:00+00:00,0.0,0.0,6.59
2020-02-10 18:00:00+00:00,0.0,0.0,5.98
2020-02-10 19:00:00+00:00,0.0,0.0,6.25
2020-02-10 20:00:00+00:00,0.0,0.0,6.24
2020-02-10 21:00:00+00:00,0.0,0.0,6.41
2020-02-10 22:00:00+00:00,0.0,0.0,6.27
2020-02-10 23:00:00+00:00,0.0,0.0,6.0
2020-02-11 00:00:00+00:00,0.0,0.0,5.87
2020-02-11 01:00:00+00:00,0.0,0.0,5.78
2020-02-11 02:00:00+00:00,0.0,0.0,5.63
2020-02-11 03:00:00+00:00,0.0,0.0,5.65
2020-02-11 04:00:00+00:00,0.0,0.0,5.58
2020-02-11 05:00:00+00:00,0.0,0.0,5.46
2020-02-11 06:00:00+00:00,0.0,0.0,5.39
2020-02-11 07:00:00+00:00,0.0,0.0,5.4
2020-02-11 08:00:00+00:00,0.21697,264.69,5.4
2020-02-11 09:00:00+00:00,0.33103,380.04,5.81
2020-02-11 10:00:00+00:00,0.53031,597.55,6.12
2020-02-11 11:00:00+00:00,0.60252,679.25,6.28
2020-02-11 12:00:00+00:00,0.42995,487.55,6.45
2020-02-11 13:00:00+00:00,0.13386,166.79,6.08
2020-02-11 14:00:00+00:00,0.04893,71.89,6.35
2020-02-11 15:00:00+00:00,0.21277,253.83,6.21
2020-02-11 16:00:00+00:00,0.0,3.78,6.0
2020-02-11 17:00:00+00:00,0.0,0.0,5.8
2020-02-11 18:00:00+00:00,0.0,0.0,5.75
2020-02-11 19:00:00+00:00,0.0,0.0,5.78
2020-02-11 20:00:00+00:00,0.0,0.0,5.67
2020-02-11 21:00:00+00:00,0.0,0.0,5.56
2020-02-11 22:00:00+00:00,0.0,0.0,5.41
2020-02-11 23:00:00+00:00,0.0,0.0,5.3
2020-02-12 00:00:00+00:00,0.0,0.0,5.2
2020-02-12 01:00:00+00:00,0.0,0.0,5.11
2020-02-12 02:00:00+00:00,0.0,0.0,5.0
2020-02-12 03:00:00+00:00,0.0,0.0,4.9
2020-02-12 04:00:00+00:00,0.0,0.0,4.82
2020-02-12 05:00:00+00:00,0.0,0.0,4.7
2020-02-12 06:00:00+00:00,0.0,0.0,4.66
2020-02-12 07:00:00+00:00,0.0,0.0,4.59
2020-02-12 08:00:00+00:00,0.0610099999999999,86.33,4.74
2020-02-12 09:00:00+00:00,0.12494,156.5,5.33
2020-02-12 10:00:00+00:00,0.42133,478.29,5.77
2020-02-12 11:00:00+00:00,0.31279,360.28,6.04
2020-02-12 12:00:00+00:00,0.6681699999999999,758.36,6.15
2020-02-12 13:00:00+00:00,0.2561299999999999,299.32,6.31
2020-02-12 14:00:00+00:00,0.14116,174.8,6.22
2020-02-12 15:00:00+00:00,0.03077,50.14,6.18
2020-02-12 16:00:00+00:00,0.09617,135.56,6.02
2020-02-12 17:00:00+00:00,0.0,0.0,5.53
2020-02-12 18:00:00+00:00,0.0,0.0,5.2
2020-02-12 19:00:00+00:00,0.0,0.0,5.13
2020-02-12 20:00:00+00:00,0.0,0.0,5.14
2020-02-12 21:00:00+00:00,0.0,0.0,4.88
2020-02-12 22:00:00+00:00,0.0,0.0,4.58
2020-02-12 23:00:00+00:00,0.0,0.0,4.45
2020-02-13 00:00:00+00:00,0.0,0.0,4.25
2020-02-13 01:00:00+00:00,0.0,0.0,3.95
2020-02-13 02:00:00+00:00,0.0,0.0,3.93
2020-02-13 03:00:00+00:00,0.0,0.0,4.0
2020-02-13 04:00:00+00:00,0.0,0.0,4.09
2020-02-13 05:00:00+00:00,0.0,0.0,4.17
2020-02-13 06:00:00+00:00,0.0,0.0,4.17
2020-02-13 07:00:00+00:00,0.0,0.0,5.01
2020-02-13 08:00:00+00:00,0.0105399999999999,23.65,5.33
2020-02-13 09:00:00+00:00,0.0308799999999999,50.14,5.53
2020-02-13 10:00:00+00:00,0.03162,51.08,5.76
2020-02-13 11:00:00+00:00,0.19268,231.27,6.47
2020-02-13 12:00:00+00:00,0.10072,131.84,7.99
2020-02-13 13:00:00+00:00,0.33119,386.85,8.97
2020-02-13 14:00:00+00:00,0.04417,67.16,9.41
2020-02-13 15:00:00+00:00,0.21459,259.46,8.71
2020-02-13 16:00:00+00:00,0.006,17.03,7.7
2020-02-13 17:00:00+00:00,0.0,0.0,7.25
2020-02-13 18:00:00+00:00,0.0,0.0,6.98
2020-02-13 19:00:00+00:00,0.0,0.0,6.75
2020-02-13 20:00:00+00:00,0.0,0.0,6.84
2020-02-13 21:00:00+00:00,0.0,0.0,6.82
2020-02-13 22:00:00+00:00,0.0,0.0,6.43
2020-02-13 23:00:00+00:00,0.0,0.0,6.15
2020-02-14 00:00:00+00:00,0.0,0.0,6.2
2020-02-14 01:00:00+00:00,0.0,0.0,6.42
2020-02-14 02:00:00+00:00,0.0,0.0,6.5
2020-02-14 03:00:00+00:00,0.0,0.0,6.25
2020-02-14 04:00:00+00:00,0.0,0.0,6.18
2020-02-14 05:00:00+00:00,0.0,0.0,6.24
2020-02-14 06:00:00+00:00,0.0,0.0,6.1
2020-02-14 07:00:00+00:00,0.0,0.0,6.05
2020-02-14 08:00:00+00:00,0.02557,43.78,5.98
2020-02-14 09:00:00+00:00,0.13867,173.94,6.94
2020-02-14 10:00:00+00:00,0.18296,223.55,7.85
2020-02-14 11:00:00+00:00,0.17271,212.69,8.38
2020-02-14 12:00:00+00:00,0.08392,113.52,8.85
2020-02-14 13:00:00+00:00,0.56475,658.87,9.14
2020-02-14 14:00:00+00:00,0.45073,524.92,9.23
2020-02-14 15:00:00+00:00,0.12869,164.12,9.27
2020-02-14 16:00:00+00:00,0.02096,39.12,8.85
2020-02-14 17:00:00+00:00,0.0,0.0,8.41
2020-02-14 18:00:00+00:00,0.0,0.0,8.37
2020-02-14 19:00:00+00:00,0.0,0.0,8.54
2020-02-14 20:00:00+00:00,0.0,0.0,8.38
2020-02-14 21:00:00+00:00,0.0,0.0,8.1
2020-02-14 22:00:00+00:00,0.0,0.0,7.78
2020-02-14 23:00:00+00:00,0.0,0.0,7.67
2020-02-15 00:00:00+00:00,0.0,0.0,7.65
2020-02-15 01:00:00+00:00,0.0,0.0,7.54
2020-02-15 02:00:00+00:00,0.0,0.0,7.55
2020-02-15 03:00:00+00:00,0.0,0.0,7.4
2020-02-15 04:00:00+00:00,0.0,0.0,7.32
2020-02-15 05:00:00+00:00,0.0,0.0,7.27
2020-02-15 06:00:00+00:00,0.0,0.0,7.22
2020-02-15 07:00:00+00:00,0.0,0.0,7.86
2020-02-15 08:00:00+00:00,0.03454,55.35,8.29
2020-02-15 09:00:00+00:00,0.01783,34.06,8.9
2020-02-15 10:00:00+00:00,0.1550699999999999,193.2,9.8
2020-02-15 11:00:00+00:00,0.1466299999999999,184.54,10.76
2020-02-15 12:00:00+00:00,0.14634,184.94,11.57
2020-02-15 13:00:00+00:00,0.20012,244.42,11.63
2020-02-15 14:00:00+00:00,0.09605,128.31,11.8
2020-02-15 15:00:00+00:00,0.03288,53.92,12.03
2020-02-15 16:00:00+00:00,0.00209,10.41,12.07
2020-02-15 17:00:00+00:00,0.0,0.0,11.86
2020-02-15 18:00:00+00:00,0.0,0.0,11.22
2020-02-15 19:00:00+00:00,0.0,0.0,11.61
2020-02-15 20:00:00+00:00,0.0,0.0,11.98
2020-02-15 21:00:00+00:00,0.0,0.0,12.4
2020-02-15 22:00:00+00:00,0.0,0.0,12.77
2020-02-15 23:00:00+00:00,0.0,0.0,12.85
2020-02-16 00:00:00+00:00,0.0,0.0,12.89
2020-02-16 01:00:00+00:00,0.0,0.0,12.98
2020-02-16 02:00:00+00:00,0.0,0.0,12.88
2020-02-16 03:00:00+00:00,0.0,0.0,12.67
2020-02-16 04:00:00+00:00,0.0,0.0,12.48
2020-02-16 05:00:00+00:00,0.0,0.0,12.49
2020-02-16 06:00:00+00:00,0.0,0.0,12.68
2020-02-16 07:00:00+00:00,0.0,0.0,13.32
2020-02-16 08:00:00+00:00,0.04867,74.06,13.65
2020-02-16 09:00:00+00:00,0.12267,159.13,13.75
2020-02-16 10:00:00+00:00,0.03489,56.76,13.74
2020-02-16 11:00:00+00:00,0.03866,61.49,13.87
2020-02-16 12:00:00+00:00,0.04325,67.16,13.95
2020-02-16 13:00:00+00:00,0.04553,70.0,14.16
2020-02-16 14:00:00+00:00,0.11176,147.27,14.32
2020-02-16 15:00:00+00:00,0.05978,87.15,14.38
2020-02-16 16:00:00+00:00,0.00522,16.08,13.51
2020-02-16 17:00:00+00:00,0.0,0.0,11.46
2020-02-16 18:00:00+00:00,0.0,0.0,9.36
2020-02-16 19:00:00+00:00,0.0,0.0,8.55
2020-02-16 20:00:00+00:00,0.0,0.0,8.29
2020-02-16 21:00:00+00:00,0.0,0.0,8.31
2020-02-16 22:00:00+00:00,0.0,0.0,8.61
2020-02-16 23:00:00+00:00,0.0,0.0,8.38
2020-02-17 00:00:00+00:00,0.0,0.0,8.13
2020-02-17 01:00:00+00:00,0.0,0.0,7.86
2020-02-17 02:00:00+00:00,0.0,0.0,7.64
2020-02-17 03:00:00+00:00,0.0,0.0,7.5
2020-02-17 04:00:00+00:00,0.0,0.0,7.41
2020-02-17 05:00:00+00:00,0.0,0.0,7.29
2020-02-17 06:00:00+00:00,0.0,0.0,7.26
2020-02-17 07:00:00+00:00,0.0,0.0,7.34
2020-02-17 08:00:00+00:00,0.1679199999999999,209.77,7.59
2020-02-17 09:00:00+00:00,0.1742199999999999,212.29,7.93
2020-02-17 10:00:00+00:00,0.55426,635.0,8.37
2020-02-17 11:00:00+00:00,0.08675,116.36,8.75
2020-02-17 12:00:00+00:00,0.14924,186.13,8.93
2020-02-17 13:00:00+00:00,0.65191,747.27,8.78
2020-02-17 14:00:00+00:00,0.3474399999999999,402.31,8.8
2020-02-17 15:00:00+00:00,0.36724,428.9,8.53
2020-02-17 16:00:00+00:00,0.04432,69.21,8.09
2020-02-17 17:00:00+00:00,0.0,0.0,7.69
2020-02-17 18:00:00+00:00,0.0,0.0,7.66
2020-02-17 19:00:00+00:00,0.0,0.0,7.66
2020-02-17 20:00:00+00:00,0.0,0.0,7.84
2020-02-17 21:00:00+00:00,0.0,0.0,7.98
2020-02-17 22:00:00+00:00,0.0,0.0,7.71
2020-02-17 23:00:00+00:00,0.0,0.0,7.34
2020-02-18 00:00:00+00:00,0.0,0.0,6.78
2020-02-18 01:00:00+00:00,0.0,0.0,6.69
2020-02-18 02:00:00+00:00,0.0,0.0,6.46
2020-02-18 03:00:00+00:00,0.0,0.0,6.28
2020-02-18 04:00:00+00:00,0.0,0.0,6.04
2020-02-18 05:00:00+00:00,0.0,0.0,5.81
2020-02-18 06:00:00+00:00,0.0,0.0,5.67
2020-02-18 07:00:00+00:00,0.0,0.0,5.72
2020-02-18 08:00:00+00:00,0.05381,77.93,6.06
2020-02-18 09:00:00+00:00,0.34031,394.14,6.88
2020-02-18 10:00:00+00:00,0.1309199999999999,164.84,7.4
2020-02-18 11:00:00+00:00,0.2486699999999999,294.01,7.92
2020-02-18 12:00:00+00:00,0.40935,471.58,8.35
2020-02-18 13:00:00+00:00,0.5906699999999999,678.21,8.64
2020-02-18 14:00:00+00:00,0.54152,623.39,8.98
2020-02-18 15:00:00+00:00,0.1946399999999999,236.89,9.13
2020-02-18 16:00:00+00:00,0.0456899999999999,70.9,8.82
2020-02-18 17:00:00+00:00,0.0,0.0,8.36
2020-02-18 18:00:00+00:00,0.0,0.0,7.89
2020-02-18 19:00:00+00:00,0.0,0.0,7.52
2020-02-18 20:00:00+00:00,0.0,0.0,7.4
2020-02-18 21:00:00+00:00,0.0,0.0,7.31
2020-02-18 22:00:00+00:00,0.0,0.0,7.13
2020-02-18 23:00:00+00:00,0.0,0.0,6.59
2020-02-19 00:00:00+00:00,0.0,0.0,6.49
2020-02-19 01:00:00+00:00,0.0,0.0,6.3
2020-02-19 02:00:00+00:00,0.0,0.0,5.83
2020-02-19 03:00:00+00:00,0.0,0.0,5.55
2020-02-19 04:00:00+00:00,0.0,0.0,5.28
2020-02-19 05:00:00+00:00,0.0,0.0,4.88
2020-02-19 06:00:00+00:00,0.0,0.0,4.72
2020-02-19 07:00:00+00:00,0.0,0.0,4.79
2020-02-19 08:00:00+00:00,0.19725,240.43,5.09
2020-02-19 09:00:00+00:00,0.30404,351.73,5.84
2020-02-19 10:00:00+00:00,0.47347,538.57,6.27
2020-02-19 11:00:00+00:00,0.6878200000000001,785.1,6.58
2020-02-19 12:00:00+00:00,0.58894,672.14,6.77
2020-02-19 13:00:00+00:00,0.40244,461.62,6.92
2020-02-19 14:00:00+00:00,0.4656499999999999,533.42,7.07
2020-02-19 15:00:00+00:00,0.13221,166.21,7.03
2020-02-19 16:00:00+00:00,0.01044,23.65,6.88
2020-02-19 17:00:00+00:00,0.0,0.0,6.57
2020-02-19 18:00:00+00:00,0.0,0.0,6.4
2020-02-19 19:00:00+00:00,0.0,0.0,6.49
2020-02-19 20:00:00+00:00,0.0,0.0,6.6
2020-02-19 21:00:00+00:00,0.0,0.0,6.77
2020-02-19 22:00:00+00:00,0.0,0.0,6.77
2020-02-19 23:00:00+00:00,0.0,0.0,6.91
2020-02-20 00:00:00+00:00,0.0,0.0,7.26
2020-02-20 01:00:00+00:00,0.0,0.0,7.73
2020-02-20 02:00:00+00:00,0.0,0.0,8.04
2020-02-20 03:00:00+00:00,0.0,0.0,8.17
2020-02-20 04:00:00+00:00,0.0,0.0,8.21
2020-02-20 05:00:00+00:00,0.0,0.0,8.21
2020-02-20 06:00:00+00:00,0.0,0.0,8.19
2020-02-20 07:00:00+00:00,0.0,0.0,8.16
2020-02-20 08:00:00+00:00,0.05665,81.87,8.23
2020-02-20 09:00:00+00:00,0.08607,115.33,8.37
2020-02-20 10:00:00+00:00,0.15425,191.33,8.5
2020-02-20 11:00:00+00:00,0.1881999999999999,229.08,8.63
2020-02-20 12:00:00+00:00,0.08571,115.41,8.96
2020-02-20 13:00:00+00:00,0.07072,98.38,9.47
2020-02-20 14:00:00+00:00,0.06078,87.03,10.18
2020-02-20 15:00:00+00:00,0.04089,63.38,10.32
2020-02-20 16:00:00+00:00,0.0136199999999999,28.38,9.5
2020-02-20 17:00:00+00:00,0.0,0.0,8.9
2020-02-20 18:00:00+00:00,0.0,0.0,5.69
2020-02-20 19:00:00+00:00,0.0,0.0,5.89
2020-02-20 20:00:00+00:00,0.0,0.0,5.36
2020-02-20 21:00:00+00:00,0.0,0.0,5.71
2020-02-20 22:00:00+00:00,0.0,0.0,5.57
2020-02-20 23:00:00+00:00,0.0,0.0,5.36
2020-02-21 00:00:00+00:00,0.0,0.0,5.29
2020-02-21 01:00:00+00:00,0.0,0.0,5.23
2020-02-21 02:00:00+00:00,0.0,0.0,5.22
2020-02-21 03:00:00+00:00,0.0,0.0,5.24
2020-02-21 04:00:00+00:00,0.0,0.0,5.24
2020-02-21 05:00:00+00:00,0.0,0.0,5.29
2020-02-21 06:00:00+00:00,0.0,0.0,5.27
2020-02-21 07:00:00+00:00,0.00171,9.46,5.22
2020-02-21 08:00:00+00:00,0.12547,159.85,5.75
2020-02-21 09:00:00+00:00,0.24202,286.1,6.8
2020-02-21 10:00:00+00:00,0.2871,335.66,7.88
2020-02-21 11:00:00+00:00,0.08925,119.19,8.61
2020-02-21 12:00:00+00:00,0.11345,146.82,9.27
2020-02-21 13:00:00+00:00,0.37366,433.35,9.75
2020-02-21 14:00:00+00:00,0.0617,87.98,9.88
2020-02-21 15:00:00+00:00,0.04731,70.95,9.61
2020-02-21 16:00:00+00:00,0.00536,16.08,9.19
2020-02-21 17:00:00+00:00,0.0,0.0,8.91
2020-02-21 18:00:00+00:00,0.0,0.0,8.69
2020-02-21 19:00:00+00:00,0.0,0.0,8.51
2020-02-21 20:00:00+00:00,0.0,0.0,8.44
2020-02-21 21:00:00+00:00,0.0,0.0,8.46
2020-02-21 22:00:00+00:00,0.0,0.0,8.49
2020-02-21 23:00:00+00:00,0.0,0.0,8.45
2020-02-22 00:00:00+00:00,0.0,0.0,8.47
2020-02-22 01:00:00+00:00,0.0,0.0,8.23
2020-02-22 02:00:00+00:00,0.0,0.0,8.19
2020-02-22 03:00:00+00:00,0.0,0.0,8.19
2020-02-22 04:00:00+00:00,0.0,0.0,8.13
2020-02-22 05:00:00+00:00,0.0,0.0,8.23
2020-02-22 06:00:00+00:00,0.0,0.0,8.14
2020-02-22 07:00:00+00:00,0.0,1.89,8.49
2020-02-22 08:00:00+00:00,0.02146,38.79,8.68
2020-02-22 09:00:00+00:00,0.02435,42.57,9.06
2020-02-22 10:00:00+00:00,0.13802,173.81,9.43
2020-02-22 11:00:00+00:00,0.08634,116.36,9.86
2020-02-22 12:00:00+00:00,0.06971,97.44,10.29
2020-02-22 13:00:00+00:00,0.14572,183.66,10.75
2020-02-22 14:00:00+00:00,0.13807,174.79,10.84
2020-02-22 15:00:00+00:00,0.04862,72.84,10.9
2020-02-22 16:00:00+00:00,0.00311,12.3,10.8
2020-02-22 17:00:00+00:00,0.0,0.0,10.53
2020-02-22 18:00:00+00:00,0.0,0.0,10.27
2020-02-22 19:00:00+00:00,0.0,0.0,10.26
2020-02-22 20:00:00+00:00,0.0,0.0,9.93
2020-02-22 21:00:00+00:00,0.0,0.0,9.58
2020-02-22 22:00:00+00:00,0.0,0.0,9.25
2020-02-22 23:00:00+00:00,0.0,0.0,9.07
2020-02-23 00:00:00+00:00,0.0,0.0,8.87
2020-02-23 01:00:00+00:00,0.0,0.0,8.88
2020-02-23 02:00:00+00:00,0.0,0.0,8.72
2020-02-23 03:00:00+00:00,0.0,0.0,8.25
2020-02-23 04:00:00+00:00,0.0,0.0,8.21
2020-02-23 05:00:00+00:00,0.0,0.0,8.31
2020-02-23 06:00:00+00:00,0.0,0.0,8.38
2020-02-23 07:00:00+00:00,0.0,1.89,9.64
2020-02-23 08:00:00+00:00,0.01354,28.38,10.71
2020-02-23 09:00:00+00:00,0.02123,38.79,10.79
2020-02-23 10:00:00+00:00,0.03772,59.6,10.84
2020-02-23 11:00:00+00:00,0.03232,52.97,11.02
2020-02-23 12:00:00+00:00,0.09901,131.49,11.32
2020-02-23 13:00:00+00:00,0.14987,188.47,11.4
2020-02-23 14:00:00+00:00,0.08462,114.71,10.74
2020-02-23 15:00:00+00:00,0.14149,177.33,8.8
2020-02-23 16:00:00+00:00,0.08179,114.24,7.87
2020-02-23 17:00:00+00:00,0.0,0.0,7.49
2020-02-23 18:00:00+00:00,0.0,0.0,7.22
2020-02-23 19:00:00+00:00,0.0,0.0,7.17
2020-02-23 20:00:00+00:00,0.0,0.0,6.98
2020-02-23 21:00:00+00:00,0.0,0.0,6.72
2020-02-23 22:00:00+00:00,0.0,0.0,6.36
2020-02-23 23:00:00+00:00,0.0,0.0,5.99
2020-02-24 00:00:00+00:00,0.0,0.0,5.58
2020-02-24 01:00:00+00:00,0.0,0.0,5.35
2020-02-24 02:00:00+00:00,0.0,0.0,5.34
2020-02-24 03:00:00+00:00,0.0,0.0,5.42
2020-02-24 04:00:00+00:00,0.0,0.0,5.17
2020-02-24 05:00:00+00:00,0.0,0.0,5.1
2020-02-24 06:00:00+00:00,0.0,0.0,5.02
2020-02-24 07:00:00+00:00,4e-05,5.68,5.21
2020-02-24 08:00:00+00:00,0.03914,60.16,5.24
2020-02-24 09:00:00+00:00,0.05238,75.68,5.18
2020-02-24 10:00:00+00:00,0.06785,93.65,5.7
2020-02-24 11:00:00+00:00,0.08638,115.41,7.32
2020-02-24 12:00:00+00:00,0.07808,106.9,9.72
2020-02-24 13:00:00+00:00,0.03861,60.54,10.12
2020-02-24 14:00:00+00:00,0.05049,74.73,9.8
2020-02-24 15:00:00+00:00,0.04342,66.22,9.55
2020-02-24 16:00:00+00:00,0.01431,29.33,9.47
2020-02-24 17:00:00+00:00,0.0,0.0,9.52
2020-02-24 18:00:00+00:00,0.0,0.0,9.65
2020-02-24 19:00:00+00:00,0.0,0.0,9.86
2020-02-24 20:00:00+00:00,0.0,0.0,10.01
2020-02-24 21:00:00+00:00,0.0,0.0,10.09
2020-02-24 22:00:00+00:00,0.0,0.0,10.01
2020-02-24 23:00:00+00:00,0.0,0.0,9.71
2020-02-25 00:00:00+00:00,0.0,0.0,9.3
2020-02-25 01:00:00+00:00,0.0,0.0,8.63
2020-02-25 02:00:00+00:00,0.0,0.0,7.92
2020-02-25 03:00:00+00:00,0.0,0.0,7.37
2020-02-25 04:00:00+00:00,0.0,0.0,6.94
2020-02-25 05:00:00+00:00,0.0,0.0,6.73
2020-02-25 06:00:00+00:00,0.0,0.0,6.21
2020-02-25 07:00:00+00:00,0.00795,20.57,6.21
2020-02-25 08:00:00+00:00,0.30669,364.86,6.55
2020-02-25 09:00:00+00:00,0.28182,329.05,7.08
2020-02-25 10:00:00+00:00,0.41269,473.48,7.54
2020-02-25 11:00:00+00:00,0.09376,123.92,7.77
2020-02-25 12:00:00+00:00,0.3243,377.99,7.97
2020-02-25 13:00:00+00:00,0.11904,152.61,8.25
2020-02-25 14:00:00+00:00,0.08892,118.45,7.77
2020-02-25 15:00:00+00:00,0.11926,152.28,7.71
2020-02-25 16:00:00+00:00,0.05294,78.46,7.32
2020-02-25 17:00:00+00:00,0.0,0.0,6.59
2020-02-25 18:00:00+00:00,0.0,0.0,5.51
2020-02-25 19:00:00+00:00,0.0,0.0,5.02
2020-02-25 20:00:00+00:00,0.0,0.0,4.66
2020-02-25 21:00:00+00:00,0.0,0.0,4.33
2020-02-25 22:00:00+00:00,0.0,0.0,4.1
2020-02-25 23:00:00+00:00,0.0,0.0,3.72
2020-02-26 00:00:00+00:00,0.0,0.0,3.42
2020-02-26 01:00:00+00:00,0.0,0.0,3.07
2020-02-26 02:00:00+00:00,0.0,0.0,2.97
2020-02-26 03:00:00+00:00,0.0,0.0,3.07
2020-02-26 04:00:00+00:00,0.0,0.0,3.04
2020-02-26 05:00:00+00:00,0.0,0.0,2.98
2020-02-26 06:00:00+00:00,0.0,0.0,2.89
2020-02-26 07:00:00+00:00,0.00439,14.19,3.28
2020-02-26 08:00:00+00:00,0.09289,121.56,3.75
2020-02-26 09:00:00+00:00,0.19896,236.78,4.32
2020-02-26 10:00:00+00:00,0.02948,48.24,4.44
2020-02-26 11:00:00+00:00,0.05407,77.57,4.92
2020-02-26 12:00:00+00:00,0.02403,41.62,5.5
2020-02-26 13:00:00+00:00,0.07027,96.49,5.88
2020-02-26 14:00:00+00:00,0.1953899999999999,234.3,6.15
2020-02-26 15:00:00+00:00,0.11128,142.4,6.11
2020-02-26 16:00:00+00:00,0.09063,123.1,5.76
2020-02-26 17:00:00+00:00,0.0,0.0,5.3
2020-02-26 18:00:00+00:00,0.0,0.0,5.02
2020-02-26 19:00:00+00:00,0.0,0.0,4.97
2020-02-26 20:00:00+00:00,0.0,0.0,4.58
2020-02-26 21:00:00+00:00,0.0,0.0,4.05
2020-02-26 22:00:00+00:00,0.0,0.0,3.94
2020-02-26 23:00:00+00:00,0.0,0.0,3.96
2020-02-27 00:00:00+00:00,0.0,0.0,3.86
2020-02-27 01:00:00+00:00,0.0,0.0,3.6
2020-02-27 02:00:00+00:00,0.0,0.0,3.2
2020-02-27 03:00:00+00:00,0.0,0.0,2.84
2020-02-27 04:00:00+00:00,0.0,0.0,2.75
2020-02-27 05:00:00+00:00,0.0,0.0,2.61
2020-02-27 06:00:00+00:00,0.0,0.0,2.37
2020-02-27 07:00:00+00:00,0.00128,8.51,2.39
2020-02-27 08:00:00+00:00,0.03208,51.08,2.55
2020-02-27 09:00:00+00:00,0.04162,62.43,2.55
2020-02-27 10:00:00+00:00,0.053,75.68,2.61
2020-02-27 11:00:00+00:00,0.07626,102.17,2.79
2020-02-27 12:00:00+00:00,0.07449,100.27,2.86
2020-02-27 13:00:00+00:00,0.05867,82.3,2.43
2020-02-27 14:00:00+00:00,0.10123,129.94,1.8
2020-02-27 15:00:00+00:00,0.06088,84.47,1.92
2020-02-27 16:00:00+00:00,0.09898,131.21,2.71
2020-02-27 17:00:00+00:00,0.0,0.0,3.61
2020-02-27 18:00:00+00:00,0.0,0.0,3.84
2020-02-27 19:00:00+00:00,0.0,0.0,4.35
2020-02-27 20:00:00+00:00,0.0,0.0,4.43
2020-02-27 21:00:00+00:00,0.0,0.0,4.46
2020-02-27 22:00:00+00:00,0.0,0.0,4.46
2020-02-27 23:00:00+00:00,0.0,0.0,4.42
2020-02-28 00:00:00+00:00,0.0,0.0,4.57
2020-02-28 01:00:00+00:00,0.0,0.0,4.39
2020-02-28 02:00:00+00:00,0.0,0.0,4.2
2020-02-28 03:00:00+00:00,0.0,0.0,3.93
2020-02-28 04:00:00+00:00,0.0,0.0,3.52
2020-02-28 05:00:00+00:00,0.0,0.0,2.95
2020-02-28 06:00:00+00:00,0.0,0.0,2.65
2020-02-28 07:00:00+00:00,0.00807,19.87,2.5
2020-02-28 08:00:00+00:00,0.1712,208.83,3.32
2020-02-28 09:00:00+00:00,0.2687799999999999,313.38,4.16
2020-02-28 10:00:00+00:00,0.23134,273.36,4.91
2020-02-28 11:00:00+00:00,0.21921,261.06,5.67
2020-02-28 12:00:00+00:00,0.2183,260.67,6.39
2020-02-28 13:00:00+00:00,0.1644,201.85,6.82
2020-02-28 14:00:00+00:00,0.03762,58.65,6.93
2020-02-28 15:00:00+00:00,0.0346,54.87,6.38
2020-02-28 16:00:00+00:00,0.01392,28.38,5.38
2020-02-28 17:00:00+00:00,0.0,0.0,4.77
2020-02-28 18:00:00+00:00,0.0,0.0,4.83
2020-02-28 19:00:00+00:00,0.0,0.0,5.34
2020-02-28 20:00:00+00:00,0.0,0.0,6.7
2020-02-28 21:00:00+00:00,0.0,0.0,7.72
2020-02-28 22:00:00+00:00,0.0,0.0,8.49
2020-02-28 23:00:00+00:00,0.0,0.0,9.11
2020-02-29 00:00:00+00:00,0.0,0.0,9.56
2020-02-29 01:00:00+00:00,0.0,0.0,9.69
2020-02-29 02:00:00+00:00,0.0,0.0,9.57
2020-02-29 03:00:00+00:00,0.0,0.0,9.39
2020-02-29 04:00:00+00:00,0.0,0.0,9.28
2020-02-29 05:00:00+00:00,0.0,0.0,9.1
2020-02-29 06:00:00+00:00,0.0,0.0,8.65
2020-02-29 07:00:00+00:00,0.01009,23.8,8.83
2020-02-29 08:00:00+00:00,0.30341,363.5,9.02
2020-02-29 09:00:00+00:00,0.15561,194.07,10.13
2020-02-29 10:00:00+00:00,0.22951,277.56,11.49
2020-02-29 11:00:00+00:00,0.04832,72.84,12.06
2020-02-29 12:00:00+00:00,0.04546,69.06,10.94
2020-02-29 13:00:00+00:00,0.21071,252.98,8.75
2020-02-29 14:00:00+00:00,0.50434,573.31,7.02
2020-02-29 15:00:00+00:00,0.39223,453.92,7.72
2020-02-29 16:00:00+00:00,0.16649,213.15,7.32
2020-02-29 17:00:00+00:00,0.0,0.0,6.89
2020-02-29 18:00:00+00:00,0.0,0.0,6.17
2020-02-29 19:00:00+00:00,0.0,0.0,6.21
2020-02-29 20:00:00+00:00,0.0,0.0,5.81
2020-02-29 21:00:00+00:00,0.0,0.0,5.54
2020-02-29 22:00:00+00:00,0.0,0.0,5.65
2020-02-29 23:00:00+00:00,0.0,0.0,5.64
2020-03-01 00:00:00+00:00,0.0,0.0,5.75
2020-03-01 01:00:00+00:00,0.0,0.0,5.79
2020-03-01 02:00:00+00:00,0.0,0.0,5.65
2020-03-01 03:00:00+00:00,0.0,0.0,5.59
2020-03-01 04:00:00+00:00,0.0,0.0,5.32
2020-03-01 05:00:00+00:00,0.0,0.0,5.36
2020-03-01 06:00:00+00:00,0.0,0.0,5.24
2020-03-01 07:00:00+00:00,0.00857,20.81,5.63
2020-03-01 08:00:00+00:00,0.23467,280.21,5.95
2020-03-01 09:00:00+00:00,0.43209,493.48,6.43
2020-03-01 10:00:00+00:00,0.6855800000000001,781.52,7.14
2020-03-01 11:00:00+00:00,0.70754,811.64,8.0
2020-03-01 12:00:00+00:00,0.14619,182.81,8.44
2020-03-01 13:00:00+00:00,0.0334099999999999,53.92,8.9
2020-03-01 14:00:00+00:00,0.26225,310.36,9.06
2020-03-01 15:00:00+00:00,0.23254,278.59,8.91
2020-03-01 16:00:00+00:00,0.06975,98.62,8.46
2020-03-01 17:00:00+00:00,0.0,0.0,7.8
2020-03-01 18:00:00+00:00,0.0,0.0,6.94
2020-03-01 19:00:00+00:00,0.0,0.0,6.47
2020-03-01 20:00:00+00:00,0.0,0.0,6.19
2020-03-01 21:00:00+00:00,0.0,0.0,6.03
2020-03-01 22:00:00+00:00,0.0,0.0,5.72
2020-03-01 23:00:00+00:00,0.0,0.0,5.4
2020-03-02 00:00:00+00:00,0.0,0.0,4.89
2020-03-02 01:00:00+00:00,0.0,0.0,4.7
2020-03-02 02:00:00+00:00,0.0,0.0,4.66
2020-03-02 03:00:00+00:00,0.0,0.0,4.46
2020-03-02 04:00:00+00:00,0.0,0.0,4.23
2020-03-02 05:00:00+00:00,0.0,0.0,3.99
2020-03-02 06:00:00+00:00,0.0,0.0,3.74
2020-03-02 07:00:00+00:00,0.00734,18.92,4.63
2020-03-02 08:00:00+00:00,0.034,53.92,5.11
2020-03-02 09:00:00+00:00,0.04096,62.43,5.67
2020-03-02 10:00:00+00:00,0.03842,59.6,6.59
2020-03-02 11:00:00+00:00,0.08861,118.25,7.55
2020-03-02 12:00:00+00:00,0.12156,156.12,8.42
2020-03-02 13:00:00+00:00,0.10613,139.06,8.78
2020-03-02 14:00:00+00:00,0.12859,164.51,8.99
2020-03-02 15:00:00+00:00,0.12587,160.86,8.26
2020-03-02 16:00:00+00:00,0.00976,22.7,7.25
2020-03-02 17:00:00+00:00,0.0,0.0,6.75
2020-03-02 18:00:00+00:00,0.0,0.0,6.21
2020-03-02 19:00:00+00:00,0.0,0.0,5.76
2020-03-02 20:00:00+00:00,0.0,0.0,5.52
2020-03-02 21:00:00+00:00,0.0,0.0,5.32
2020-03-02 22:00:00+00:00,0.0,0.0,5.02
2020-03-02 23:00:00+00:00,0.0,0.0,4.64
2020-03-03 00:00:00+00:00,0.0,0.0,4.31
2020-03-03 01:00:00+00:00,0.0,0.0,4.05
2020-03-03 02:00:00+00:00,0.0,0.0,3.98
2020-03-03 03:00:00+00:00,0.0,0.0,3.75
2020-03-03 04:00:00+00:00,0.0,0.0,3.5
2020-03-03 05:00:00+00:00,0.0,0.0,3.09
2020-03-03 06:00:00+00:00,0.0,0.0,2.93
2020-03-03 07:00:00+00:00,0.09764,140.98,2.86
2020-03-03 08:00:00+00:00,0.34548,406.48,3.96
2020-03-03 09:00:00+00:00,0.5433600000000001,625.54,5.27
2020-03-03 10:00:00+00:00,0.69355,802.29,6.55
2020-03-03 11:00:00+00:00,0.45283,523.87,7.41
2020-03-03 12:00:00+00:00,0.3156,370.4,7.78
2020-03-03 13:00:00+00:00,0.33194,388.89,8.06
2020-03-03 14:00:00+00:00,0.50625,587.86,8.2
2020-03-03 15:00:00+00:00,0.4320199999999999,504.19,7.66
2020-03-03 16:00:00+00:00,0.19662,249.24,7.21
2020-03-03 17:00:00+00:00,0.0,0.0,6.71
2020-03-03 18:00:00+00:00,0.0,0.0,5.82
2020-03-03 19:00:00+00:00,0.0,0.0,5.25
2020-03-03 20:00:00+00:00,0.0,0.0,4.96
2020-03-03 21:00:00+00:00,0.0,0.0,4.65
2020-03-03 22:00:00+00:00,0.0,0.0,4.35
2020-03-03 23:00:00+00:00,0.0,0.0,4.4
2020-03-04 00:00:00+00:00,0.0,0.0,4.59
2020-03-04 01:00:00+00:00,0.0,0.0,4.62
2020-03-04 02:00:00+00:00,0.0,0.0,4.86
2020-03-04 03:00:00+00:00,0.0,0.0,5.08
2020-03-04 04:00:00+00:00,0.0,0.0,5.0
2020-03-04 05:00:00+00:00,0.0,0.0,4.77
2020-03-04 06:00:00+00:00,0.0,0.0,4.27
2020-03-04 07:00:00+00:00,0.0565,86.21,4.45
2020-03-04 08:00:00+00:00,0.30297,360.93,5.39
2020-03-04 09:00:00+00:00,0.51818,603.06,6.58
2020-03-04 10:00:00+00:00,0.52176,606.91,7.38
2020-03-04 11:00:00+00:00,0.57429,671.04,8.14
2020-03-04 12:00:00+00:00,0.25627,306.18,8.53
2020-03-04 13:00:00+00:00,0.51603,603.97,8.77
2020-03-04 14:00:00+00:00,0.57343,675.51,8.68
2020-03-04 15:00:00+00:00,0.40805,484.43,8.57
2020-03-04 16:00:00+00:00,0.21642,276.6,8.34
2020-03-04 17:00:00+00:00,0.0,0.0,7.73
2020-03-04 18:00:00+00:00,0.0,0.0,6.79
2020-03-04 19:00:00+00:00,0.0,0.0,5.87
2020-03-04 20:00:00+00:00,0.0,0.0,5.49
2020-03-04 21:00:00+00:00,0.0,0.0,5.31
2020-03-04 22:00:00+00:00,0.0,0.0,5.13
2020-03-04 23:00:00+00:00,0.0,0.0,5.14
2020-03-05 00:00:00+00:00,0.0,0.0,5.11
2020-03-05 01:00:00+00:00,0.0,0.0,5.1
2020-03-05 02:00:00+00:00,0.0,0.0,5.03
2020-03-05 03:00:00+00:00,0.0,0.0,4.89
2020-03-05 04:00:00+00:00,0.0,0.0,4.86
2020-03-05 05:00:00+00:00,0.0,0.0,4.83
2020-03-05 06:00:00+00:00,0.0,0.0,4.76
2020-03-05 07:00:00+00:00,0.00925,21.76,4.81
2020-03-05 08:00:00+00:00,0.02557,43.52,5.07
2020-03-05 09:00:00+00:00,0.04909,71.89,5.27
2020-03-05 10:00:00+00:00,0.0794,106.9,5.78
2020-03-05 11:00:00+00:00,0.07094,97.44,6.21
2020-03-05 12:00:00+00:00,0.07242,99.33,6.73
2020-03-05 13:00:00+00:00,0.06659,92.71,6.91
2020-03-05 14:00:00+00:00,0.04949,72.84,6.98
2020-03-05 15:00:00+00:00,0.02093,37.84,6.69
2020-03-05 16:00:00+00:00,0.00916,21.76,6.51
2020-03-05 17:00:00+00:00,0.0,0.0,6.45
2020-03-05 18:00:00+00:00,0.0,0.0,6.42
2020-03-05 19:00:00+00:00,0.0,0.0,6.04
2020-03-05 20:00:00+00:00,0.0,0.0,5.94
2020-03-05 21:00:00+00:00,0.0,0.0,5.79
2020-03-05 22:00:00+00:00,0.0,0.0,5.6
2020-03-05 23:00:00+00:00,0.0,0.0,5.45
2020-03-06 00:00:00+00:00,0.0,0.0,5.37
2020-03-06 01:00:00+00:00,0.0,0.0,5.32
2020-03-06 02:00:00+00:00,0.0,0.0,5.28
2020-03-06 03:00:00+00:00,0.0,0.0,5.2
2020-03-06 04:00:00+00:00,0.0,0.0,5.08
2020-03-06 05:00:00+00:00,0.0,0.0,5.0
2020-03-06 06:00:00+00:00,0.0,0.0,5.02
2020-03-06 07:00:00+00:00,0.02953,49.78,5.48
2020-03-06 08:00:00+00:00,0.02394,41.62,6.12
2020-03-06 09:00:00+00:00,0.17387,212.05,6.95
2020-03-06 10:00:00+00:00,0.1711,209.69,7.17
2020-03-06 11:00:00+00:00,0.11231,144.73,7.17
2020-03-06 12:00:00+00:00,0.09035,120.14,7.56
2020-03-06 13:00:00+00:00,0.24089,287.18,7.57
2020-03-06 14:00:00+00:00,0.1966999999999999,238.19,7.69
2020-03-06 15:00:00+00:00,0.19422,235.42,7.59
2020-03-06 16:00:00+00:00,0.09623,129.03,7.11
2020-03-06 17:00:00+00:00,0.0,0.0,6.5
2020-03-06 18:00:00+00:00,0.0,0.0,5.99
2020-03-06 19:00:00+00:00,0.0,0.0,5.76
2020-03-06 20:00:00+00:00,0.0,0.0,5.47
2020-03-06 21:00:00+00:00,0.0,0.0,5.38
2020-03-06 22:00:00+00:00,0.0,0.0,5.17
2020-03-06 23:00:00+00:00,0.0,0.0,4.89
2020-03-07 00:00:00+00:00,0.0,0.0,4.69
2020-03-07 01:00:00+00:00,0.0,0.0,4.38
2020-03-07 02:00:00+00:00,0.0,0.0,3.97
2020-03-07 03:00:00+00:00,0.0,0.0,3.86
2020-03-07 04:00:00+00:00,0.0,0.0,3.63
2020-03-07 05:00:00+00:00,0.0,0.0,3.3
2020-03-07 06:00:00+00:00,0.0,0.0,2.88
2020-03-07 07:00:00+00:00,0.10829,151.7,2.95
2020-03-07 08:00:00+00:00,0.3298999999999999,391.03,4.96
2020-03-07 09:00:00+00:00,0.50557,589.74,7.07
2020-03-07 10:00:00+00:00,0.6649400000000001,780.16,8.29
2020-03-07 11:00:00+00:00,0.73257,861.38,8.88
2020-03-07 12:00:00+00:00,0.47012,547.77,9.36
2020-03-07 13:00:00+00:00,0.5354500000000001,623.99,9.46
2020-03-07 14:00:00+00:00,0.34784,408.15,9.18
2020-03-07 15:00:00+00:00,0.09688,128.23,9.07
2020-03-07 16:00:00+00:00,0.05122,75.89,8.99
2020-03-07 17:00:00+00:00,0.0,2.84,8.53
2020-03-07 18:00:00+00:00,0.0,0.0,8.2
2020-03-07 19:00:00+00:00,0.0,0.0,8.13
2020-03-07 20:00:00+00:00,0.0,0.0,8.26
2020-03-07 21:00:00+00:00,0.0,0.0,8.42
2020-03-07 22:00:00+00:00,0.0,0.0,8.44
2020-03-07 23:00:00+00:00,0.0,0.0,8.29
2020-03-08 00:00:00+00:00,0.0,0.0,8.28
2020-03-08 01:00:00+00:00,0.0,0.0,8.34
2020-03-08 02:00:00+00:00,0.0,0.0,8.45
2020-03-08 03:00:00+00:00,0.0,0.0,8.38
2020-03-08 04:00:00+00:00,0.0,0.0,8.21
2020-03-08 05:00:00+00:00,0.0,0.0,7.82
2020-03-08 06:00:00+00:00,0.0,0.0,7.48
2020-03-08 07:00:00+00:00,0.0497299999999999,76.32,7.62
2020-03-08 08:00:00+00:00,0.18388,225.09,8.16
2020-03-08 09:00:00+00:00,0.02515,43.52,8.47
2020-03-08 10:00:00+00:00,0.10422,136.22,8.71
2020-03-08 11:00:00+00:00,0.07324,101.22,9.27
2020-03-08 12:00:00+00:00,0.142,179.69,9.84
2020-03-08 13:00:00+00:00,0.08349,113.52,10.48
2020-03-08 14:00:00+00:00,0.29686,352.31,11.18
2020-03-08 15:00:00+00:00,0.14384,182.26,11.23
2020-03-08 16:00:00+00:00,0.08281,114.28,10.27
2020-03-08 17:00:00+00:00,0.0,4.73,9.61
2020-03-08 18:00:00+00:00,0.0,0.0,8.96
2020-03-08 19:00:00+00:00,0.0,0.0,8.48
2020-03-08 20:00:00+00:00,0.0,0.0,7.98
2020-03-08 21:00:00+00:00,0.0,0.0,7.49
2020-03-08 22:00:00+00:00,0.0,0.0,7.23
2020-03-08 23:00:00+00:00,0.0,0.0,7.03
2020-03-09 00:00:00+00:00,0.0,0.0,6.76
2020-03-09 01:00:00+00:00,0.0,0.0,6.54
2020-03-09 02:00:00+00:00,0.0,0.0,6.25
2020-03-09 03:00:00+00:00,0.0,0.0,6.18
2020-03-09 04:00:00+00:00,0.0,0.0,6.13
2020-03-09 05:00:00+00:00,0.0,0.0,6.14
2020-03-09 06:00:00+00:00,0.0,0.0,5.99
2020-03-09 07:00:00+00:00,0.07586,109.36,5.87
2020-03-09 08:00:00+00:00,0.1596,197.69,6.77
2020-03-09 09:00:00+00:00,0.16974,208.31,7.52
2020-03-09 10:00:00+00:00,0.29804,351.25,8.28
2020-03-09 11:00:00+00:00,0.33667,395.31,8.71
2020-03-09 12:00:00+00:00,0.11408,147.57,8.76
2020-03-09 13:00:00+00:00,0.55086,639.93,8.76
2020-03-09 14:00:00+00:00,0.2603999999999999,309.85,8.98
2020-03-09 15:00:00+00:00,0.17256,212.49,8.89
2020-03-09 16:00:00+00:00,0.14308,184.67,8.77
2020-03-09 17:00:00+00:00,0.00639,19.68,8.42
2020-03-09 18:00:00+00:00,0.0,0.0,7.83
2020-03-09 19:00:00+00:00,0.0,0.0,7.69
2020-03-09 20:00:00+00:00,0.0,0.0,7.61
2020-03-09 21:00:00+00:00,0.0,0.0,7.49
2020-03-09 22:00:00+00:00,0.0,0.0,7.32
2020-03-09 23:00:00+00:00,0.0,0.0,6.68
2020-03-10 00:00:00+00:00,0.0,0.0,6.46
2020-03-10 01:00:00+00:00,0.0,0.0,6.59
2020-03-10 02:00:00+00:00,0.0,0.0,6.97
2020-03-10 03:00:00+00:00,0.0,0.0,7.73
2020-03-10 04:00:00+00:00,0.0,0.0,8.82
2020-03-10 05:00:00+00:00,0.0,0.0,9.67
2020-03-10 06:00:00+00:00,0.0,0.0,10.01
2020-03-10 07:00:00+00:00,0.00212,10.41,9.92
2020-03-10 08:00:00+00:00,0.02274,40.68,10.09
2020-03-10 09:00:00+00:00,0.05991,86.08,10.26
2020-03-10 10:00:00+00:00,0.06148,87.98,10.44
2020-03-10 11:00:00+00:00,0.06622,93.65,10.86
2020-03-10 12:00:00+00:00,0.04078,63.38,10.85
2020-03-10 13:00:00+00:00,0.07927,108.79,10.87
2020-03-10 14:00:00+00:00,0.03992,62.43,11.26
2020-03-10 15:00:00+00:00,0.0255,44.46,11.54
2020-03-10 16:00:00+00:00,0.02328,41.62,11.78
2020-03-10 17:00:00+00:00,0.0,2.84,11.92
2020-03-10 18:00:00+00:00,0.0,0.0,11.9
2020-03-10 19:00:00+00:00,0.0,0.0,11.8
2020-03-10 20:00:00+00:00,0.0,0.0,11.55
2020-03-10 21:00:00+00:00,0.0,0.0,11.32
2020-03-10 22:00:00+00:00,0.0,0.0,11.03
2020-03-10 23:00:00+00:00,0.0,0.0,10.83
2020-03-11 00:00:00+00:00,0.0,0.0,10.53
2020-03-11 01:00:00+00:00,0.0,0.0,10.31
2020-03-11 02:00:00+00:00,0.0,0.0,10.15
2020-03-11 03:00:00+00:00,0.0,0.0,9.98
2020-03-11 04:00:00+00:00,0.0,0.0,9.8
2020-03-11 05:00:00+00:00,0.0,0.0,9.57
2020-03-11 06:00:00+00:00,0.0,0.0,9.28
2020-03-11 07:00:00+00:00,0.1395,193.81,9.28
2020-03-11 08:00:00+00:00,0.32886,394.88,9.69
2020-03-11 09:00:00+00:00,0.4742699999999999,560.05,10.44
2020-03-11 10:00:00+00:00,0.52026,612.92,11.19
2020-03-11 11:00:00+00:00,0.7811699999999999,931.35,11.68
2020-03-11 12:00:00+00:00,0.45799,540.38,12.1
2020-03-11 13:00:00+00:00,0.2236,273.12,12.24
2020-03-11 14:00:00+00:00,0.08997,122.03,12.52
2020-03-11 15:00:00+00:00,0.15375,194.17,12.49
2020-03-11 16:00:00+00:00,0.20892,265.92,12.2
2020-03-11 17:00:00+00:00,0.00259,11.35,11.54
2020-03-11 18:00:00+00:00,0.0,0.0,10.96
2020-03-11 19:00:00+00:00,0.0,0.0,10.9
2020-03-11 20:00:00+00:00,0.0,0.0,11.09
2020-03-11 21:00:00+00:00,0.0,0.0,11.45
2020-03-11 22:00:00+00:00,0.0,0.0,11.68
2020-03-11 23:00:00+00:00,0.0,0.0,11.41
2020-03-12 00:00:00+00:00,0.0,0.0,11.17
2020-03-12 01:00:00+00:00,0.0,0.0,10.58
2020-03-12 02:00:00+00:00,0.0,0.0,10.16
2020-03-12 03:00:00+00:00,0.0,0.0,9.59
2020-03-12 04:00:00+00:00,0.0,0.0,8.35
2020-03-12 05:00:00+00:00,0.0,0.0,7.89
2020-03-12 06:00:00+00:00,0.0,0.0,7.1
2020-03-12 07:00:00+00:00,0.14729,199.38,6.93
2020-03-12 08:00:00+00:00,0.38323,447.15,7.16
2020-03-12 09:00:00+00:00,0.56776,649.57,7.68
2020-03-12 10:00:00+00:00,0.71202,816.86,8.04
2020-03-12 11:00:00+00:00,0.82288,951.35,8.36
2020-03-12 12:00:00+00:00,0.65119,750.4,9.03
2020-03-12 13:00:00+00:00,0.64836,747.48,9.5
2020-03-12 14:00:00+00:00,0.11434,147.49,8.82
2020-03-12 15:00:00+00:00,0.48056,553.89,8.68
2020-03-12 16:00:00+00:00,0.25423,314.34,8.23
2020-03-12 17:00:00+00:00,0.0097799999999999,24.33,7.97
2020-03-12 18:00:00+00:00,0.0,0.0,7.55
2020-03-12 19:00:00+00:00,0.0,0.0,7.23
2020-03-12 20:00:00+00:00,0.0,0.0,6.98
2020-03-12 21:00:00+00:00,0.0,0.0,6.93
2020-03-12 22:00:00+00:00,0.0,0.0,6.86
2020-03-12 23:00:00+00:00,0.0,0.0,6.75
2020-03-13 00:00:00+00:00,0.0,0.0,6.76
2020-03-13 01:00:00+00:00,0.0,0.0,6.77
2020-03-13 02:00:00+00:00,0.0,0.0,6.54
2020-03-13 03:00:00+00:00,0.0,0.0,6.34
2020-03-13 04:00:00+00:00,0.0,0.0,6.11
2020-03-13 05:00:00+00:00,0.0,0.0,6.27
2020-03-13 06:00:00+00:00,0.0,0.0,6.26
2020-03-13 07:00:00+00:00,0.0390499999999999,60.9,6.61
2020-03-13 08:00:00+00:00,0.06414,89.81,7.01
2020-03-13 09:00:00+00:00,0.11324,145.53,7.55
2020-03-13 10:00:00+00:00,0.5771000000000001,661.95,7.69
2020-03-13 11:00:00+00:00,0.19654,238.71,8.23
2020-03-13 12:00:00+00:00,0.35323,412.71,8.61
2020-03-13 13:00:00+00:00,0.06534,91.76,8.35
2020-03-13 14:00:00+00:00,0.16321,201.94,8.34
2020-03-13 15:00:00+00:00,0.10842,140.79,8.2
2020-03-13 16:00:00+00:00,0.0767699999999999,105.67,7.93
2020-03-13 17:00:00+00:00,0.00813,21.02,7.35
2020-03-13 18:00:00+00:00,0.0,0.0,6.32
2020-03-13 19:00:00+00:00,0.0,0.0,5.46
2020-03-13 20:00:00+00:00,0.0,0.0,5.68
2020-03-13 21:00:00+00:00,0.0,0.0,4.37
2020-03-13 22:00:00+00:00,0.0,0.0,2.71
2020-03-13 23:00:00+00:00,0.0,0.0,1.86
2020-03-14 00:00:00+00:00,0.0,0.0,1.51
2020-03-14 01:00:00+00:00,0.0,0.0,1.61
2020-03-14 02:00:00+00:00,0.0,0.0,2.09
2020-03-14 03:00:00+00:00,0.0,0.0,2.22
2020-03-14 04:00:00+00:00,0.0,0.0,2.16
2020-03-14 05:00:00+00:00,0.0,0.0,2.45
2020-03-14 06:00:00+00:00,0.0,0.0,2.4
2020-03-14 07:00:00+00:00,0.13436,179.58,3.73
2020-03-14 08:00:00+00:00,0.09953,129.39,4.82
2020-03-14 09:00:00+00:00,0.2066899999999999,248.83,6.28
2020-03-14 10:00:00+00:00,0.6862699999999999,809.13,8.26
2020-03-14 11:00:00+00:00,0.7775700000000001,920.17,9.86
2020-03-14 12:00:00+00:00,0.7489,886.34,10.43
2020-03-14 13:00:00+00:00,0.4522799999999999,531.75,11.0
2020-03-14 14:00:00+00:00,0.26517,318.26,11.16
2020-03-14 15:00:00+00:00,0.06852,96.49,10.89
2020-03-14 16:00:00+00:00,0.04309,66.18,10.14
2020-03-14 17:00:00+00:00,0.0,4.73,9.6
2020-03-14 18:00:00+00:00,0.0,0.0,8.95
2020-03-14 19:00:00+00:00,0.0,0.0,8.26
2020-03-14 20:00:00+00:00,0.0,0.0,8.01
2020-03-14 21:00:00+00:00,0.0,0.0,8.07
2020-03-14 22:00:00+00:00,0.0,0.0,8.09
2020-03-14 23:00:00+00:00,0.0,0.0,8.02
2020-03-15 00:00:00+00:00,0.0,0.0,7.84
2020-03-15 01:00:00+00:00,0.0,0.0,7.55
2020-03-15 02:00:00+00:00,0.0,0.0,7.75
2020-03-15 03:00:00+00:00,0.0,0.0,7.89
2020-03-15 04:00:00+00:00,0.0,0.0,7.89
2020-03-15 05:00:00+00:00,0.0,0.0,7.84
2020-03-15 06:00:00+00:00,0.0,0.0,7.82
2020-03-15 07:00:00+00:00,0.1066299999999999,146.04,8.03
2020-03-15 08:00:00+00:00,0.13129,166.93,8.62
2020-03-15 09:00:00+00:00,0.25809,307.17,9.59
2020-03-15 10:00:00+00:00,0.11841,153.25,10.27
2020-03-15 11:00:00+00:00,0.07188,100.27,10.87
2020-03-15 12:00:00+00:00,0.07743,106.9,11.28
2020-03-15 13:00:00+00:00,0.06026,87.03,11.85
2020-03-15 14:00:00+00:00,0.06096,87.98,11.96
2020-03-15 15:00:00+00:00,0.24225,294.2,11.63
2020-03-15 16:00:00+00:00,0.06308,90.68,11.4
2020-03-15 17:00:00+00:00,0.00473,15.14,11.16
2020-03-15 18:00:00+00:00,0.0,0.0,10.74
2020-03-15 19:00:00+00:00,0.0,0.0,10.63
2020-03-15 20:00:00+00:00,0.0,0.0,10.16
2020-03-15 21:00:00+00:00,0.0,0.0,9.82
2020-03-15 22:00:00+00:00,0.0,0.0,9.72
2020-03-15 23:00:00+00:00,0.0,0.0,9.29
2020-03-16 00:00:00+00:00,0.0,0.0,8.65
2020-03-16 01:00:00+00:00,0.0,0.0,8.17
2020-03-16 02:00:00+00:00,0.0,0.0,7.57
2020-03-16 03:00:00+00:00,0.0,0.0,7.0
2020-03-16 04:00:00+00:00,0.0,0.0,6.75
2020-03-16 05:00:00+00:00,0.0,0.0,6.71
2020-03-16 06:00:00+00:00,0.0,0.0,6.77
2020-03-16 07:00:00+00:00,0.04257,65.17,6.28
2020-03-16 08:00:00+00:00,0.18011,223.45,7.84
2020-03-16 09:00:00+00:00,0.30923,371.07,9.07
2020-03-16 10:00:00+00:00,0.5488099999999999,658.5,9.94
2020-03-16 11:00:00+00:00,0.7620399999999999,935.12,10.54
2020-03-16 12:00:00+00:00,0.6307999999999999,766.64,10.97
2020-03-16 13:00:00+00:00,0.0940999999999999,126.76,11.22
2020-03-16 14:00:00+00:00,0.1661399999999999,208.92,11.03
2020-03-16 15:00:00+00:00,0.43423,518.3,10.55
2020-03-16 16:00:00+00:00,0.23592,297.3,9.98
2020-03-16 17:00:00+00:00,0.0155299999999999,32.84,9.11
2020-03-16 18:00:00+00:00,0.0,0.0,7.88
2020-03-16 19:00:00+00:00,0.0,0.0,6.8
2020-03-16 20:00:00+00:00,0.0,0.0,5.71
2020-03-16 21:00:00+00:00,0.0,0.0,5.19
2020-03-16 22:00:00+00:00,0.0,0.0,4.87
2020-03-16 23:00:00+00:00,0.0,0.0,4.53
2020-03-17 00:00:00+00:00,0.0,0.0,4.42
2020-03-17 01:00:00+00:00,0.0,0.0,4.55
2020-03-17 02:00:00+00:00,0.0,0.0,4.73
2020-03-17 03:00:00+00:00,0.0,0.0,4.86
2020-03-17 04:00:00+00:00,0.0,0.0,4.92
2020-03-17 05:00:00+00:00,0.0,0.0,4.86
2020-03-17 06:00:00+00:00,0.0,0.0,4.77
2020-03-17 07:00:00+00:00,0.16958,223.27,5.33
2020-03-17 08:00:00+00:00,0.39663,466.13,6.9
2020-03-17 09:00:00+00:00,0.52103,606.08,8.41
2020-03-17 10:00:00+00:00,0.47741,557.32,9.61
2020-03-17 11:00:00+00:00,0.68116,803.28,10.58
2020-03-17 12:00:00+00:00,0.75689,899.97,11.18
2020-03-17 13:00:00+00:00,0.72623,863.67,11.7
2020-03-17 14:00:00+00:00,0.59694,705.75,12.03
2020-03-17 15:00:00+00:00,0.41322,490.79,12.04
2020-03-17 16:00:00+00:00,0.0972099999999999,131.39,11.63
2020-03-17 17:00:00+00:00,0.01681,35.26,10.88
2020-03-17 18:00:00+00:00,0.0,0.0,9.85
2020-03-17 19:00:00+00:00,0.0,0.0,8.96
2020-03-17 20:00:00+00:00,0.0,0.0,8.4
2020-03-17 21:00:00+00:00,0.0,0.0,7.97
2020-03-17 22:00:00+00:00,0.0,0.0,7.63
2020-03-17 23:00:00+00:00,0.0,0.0,7.35
2020-03-18 00:00:00+00:00,0.0,0.0,7.17
2020-03-18 01:00:00+00:00,0.0,0.0,7.06
2020-03-18 02:00:00+00:00,0.0,0.0,7.07
2020-03-18 03:00:00+00:00,0.0,0.0,7.01
2020-03-18 04:00:00+00:00,0.0,0.0,7.0
2020-03-18 05:00:00+00:00,0.0,0.0,7.21
2020-03-18 06:00:00+00:00,0.00079,7.57,7.38
2020-03-18 07:00:00+00:00,0.17044,225.58,7.73
2020-03-18 08:00:00+00:00,0.22845,276.23,8.91
2020-03-18 09:00:00+00:00,0.16741,208.3,10.17
2020-03-18 10:00:00+00:00,0.38627,456.38,11.29
2020-03-18 11:00:00+00:00,0.21567,264.96,12.06
2020-03-18 12:00:00+00:00,0.13911,178.79,12.67
2020-03-18 13:00:00+00:00,0.22519,276.59,13.0
2020-03-18 14:00:00+00:00,0.10992,145.68,13.31
2020-03-18 15:00:00+00:00,0.13116,169.9,13.33
2020-03-18 16:00:00+00:00,0.09539,129.93,12.96
2020-03-18 17:00:00+00:00,0.0070199999999999,18.92,12.25
2020-03-18 18:00:00+00:00,0.0,0.0,11.15
2020-03-18 19:00:00+00:00,0.0,0.0,10.15
2020-03-18 20:00:00+00:00,0.0,0.0,9.43
2020-03-18 21:00:00+00:00,0.0,0.0,8.72
2020-03-18 22:00:00+00:00,0.0,0.0,8.19
2020-03-18 23:00:00+00:00,0.0,0.0,7.94
2020-03-19 00:00:00+00:00,0.0,0.0,7.57
2020-03-19 01:00:00+00:00,0.0,0.0,7.34
2020-03-19 02:00:00+00:00,0.0,0.0,7.23
2020-03-19 03:00:00+00:00,0.0,0.0,7.25
2020-03-19 04:00:00+00:00,0.0,0.0,7.3
2020-03-19 05:00:00+00:00,0.0,0.0,7.41
2020-03-19 06:00:00+00:00,0.0,2.84,7.67
2020-03-19 07:00:00+00:00,0.01235,26.49,8.09
2020-03-19 08:00:00+00:00,0.0311299999999999,51.08,8.28
2020-03-19 09:00:00+00:00,0.0207,37.84,8.5
2020-03-19 10:00:00+00:00,0.04334,66.22,9.06
2020-03-19 11:00:00+00:00,0.05106,75.68,9.66
2020-03-19 12:00:00+00:00,0.05165,76.62,10.44
2020-03-19 13:00:00+00:00,0.05543,81.35,11.04
2020-03-19 14:00:00+00:00,0.05938,86.08,11.25
2020-03-19 15:00:00+00:00,0.06587,93.65,11.18
2020-03-19 16:00:00+00:00,0.07694,106.72,10.45
2020-03-19 17:00:00+00:00,0.0303599999999999,56.61,9.69
2020-03-19 18:00:00+00:00,0.0,0.0,8.98
2020-03-19 19:00:00+00:00,0.0,0.0,8.32
2020-03-19 20:00:00+00:00,0.0,0.0,8.08
2020-03-19 21:00:00+00:00,0.0,0.0,7.88
2020-03-19 22:00:00+00:00,0.0,0.0,7.76
2020-03-19 23:00:00+00:00,0.0,0.0,7.59
2020-03-20 00:00:00+00:00,0.0,0.0,7.49
2020-03-20 01:00:00+00:00,0.0,0.0,7.33
2020-03-20 02:00:00+00:00,0.0,0.0,7.16
2020-03-20 03:00:00+00:00,0.0,0.0,7.04
2020-03-20 04:00:00+00:00,0.0,0.0,6.93
2020-03-20 05:00:00+00:00,0.0,0.0,6.79
2020-03-20 06:00:00+00:00,0.0,2.84,6.65
2020-03-20 07:00:00+00:00,0.0159,31.22,6.68
2020-03-20 08:00:00+00:00,0.10646,138.03,6.92
2020-03-20 09:00:00+00:00,0.1512,188.02,7.22
2020-03-20 10:00:00+00:00,0.16895,208.17,7.57
2020-03-20 11:00:00+00:00,0.16322,202.05,7.71
2020-03-20 12:00:00+00:00,0.09583,126.76,8.42
2020-03-20 13:00:00+00:00,0.09833,129.6,8.39
2020-03-20 14:00:00+00:00,0.10085,132.44,8.36
2020-03-20 15:00:00+00:00,0.12527,159.65,8.29
2020-03-20 16:00:00+00:00,0.02669,45.41,8.02
2020-03-20 17:00:00+00:00,0.01324,28.16,7.57
2020-03-20 18:00:00+00:00,0.0,0.0,6.89
2020-03-20 19:00:00+00:00,0.0,0.0,6.41
2020-03-20 20:00:00+00:00,0.0,0.0,5.93
2020-03-20 21:00:00+00:00,0.0,0.0,5.25
2020-03-20 22:00:00+00:00,0.0,0.0,4.71
2020-03-20 23:00:00+00:00,0.0,0.0,4.26
2020-03-21 00:00:00+00:00,0.0,0.0,3.81
2020-03-21 01:00:00+00:00,0.0,0.0,3.59
2020-03-21 02:00:00+00:00,0.0,0.0,3.53
2020-03-21 03:00:00+00:00,0.0,0.0,3.36
2020-03-21 04:00:00+00:00,0.0,0.0,2.87
2020-03-21 05:00:00+00:00,0.0,0.0,2.17
2020-03-21 06:00:00+00:00,0.00692,19.73,1.49
2020-03-21 07:00:00+00:00,0.22321,281.69,1.76
2020-03-21 08:00:00+00:00,0.45843,522.84,2.56
2020-03-21 09:00:00+00:00,0.6538999999999999,742.56,3.88
2020-03-21 10:00:00+00:00,0.7874800000000001,907.55,5.4
2020-03-21 11:00:00+00:00,0.86439,1008.41,6.77
2020-03-21 12:00:00+00:00,0.84284,986.27,7.97
2020-03-21 13:00:00+00:00,0.78799,919.34,8.71
2020-03-21 14:00:00+00:00,0.65179,754.24,8.63
2020-03-21 15:00:00+00:00,0.52939,612.39,8.22
2020-03-21 16:00:00+00:00,0.28711,350.84,7.76
2020-03-21 17:00:00+00:00,0.06301,114.0,7.33
2020-03-21 18:00:00+00:00,0.0,0.0,6.4
2020-03-21 19:00:00+00:00,0.0,0.0,5.42
2020-03-21 20:00:00+00:00,0.0,0.0,4.66
2020-03-21 21:00:00+00:00,0.0,0.0,4.04
2020-03-21 22:00:00+00:00,0.0,0.0,3.48
2020-03-21 23:00:00+00:00,0.0,0.0,2.97
2020-03-22 00:00:00+00:00,0.0,0.0,2.55
2020-03-22 01:00:00+00:00,0.0,0.0,2.18
2020-03-22 02:00:00+00:00,0.0,0.0,1.82
2020-03-22 03:00:00+00:00,0.0,0.0,1.45
2020-03-22 04:00:00+00:00,0.0,0.0,1.1
2020-03-22 05:00:00+00:00,0.0,0.0,0.77
2020-03-22 06:00:00+00:00,0.00885,22.38,0.53
2020-03-22 07:00:00+00:00,0.226,283.28,1.25
2020-03-22 08:00:00+00:00,0.45448,518.35,2.48
2020-03-22 09:00:00+00:00,0.65147,739.37,3.81
2020-03-22 10:00:00+00:00,0.78871,908.39,5.14
2020-03-22 11:00:00+00:00,0.86854,1015.21,6.44
2020-03-22 12:00:00+00:00,0.8580800000000001,1007.28,7.52
2020-03-22 13:00:00+00:00,0.8011699999999999,938.72,8.3
2020-03-22 14:00:00+00:00,0.68343,795.6,8.73
2020-03-22 15:00:00+00:00,0.5344099999999999,622.43,8.78
2020-03-22 16:00:00+00:00,0.29043,356.32,8.43
2020-03-22 17:00:00+00:00,0.06402,113.34,7.59
2020-03-22 18:00:00+00:00,0.0,0.0,6.23
2020-03-22 19:00:00+00:00,0.0,0.0,5.64
2020-03-22 20:00:00+00:00,0.0,0.0,4.94
2020-03-22 21:00:00+00:00,0.0,0.0,4.36
2020-03-22 22:00:00+00:00,0.0,0.0,3.8
2020-03-22 23:00:00+00:00,0.0,0.0,3.21
2020-03-23 00:00:00+00:00,0.0,0.0,2.61
2020-03-23 01:00:00+00:00,0.0,0.0,2.04
2020-03-23 02:00:00+00:00,0.0,0.0,1.52
2020-03-23 03:00:00+00:00,0.0,0.0,1.05
2020-03-23 04:00:00+00:00,0.0,0.0,0.63
2020-03-23 05:00:00+00:00,0.0,0.0,0.28
2020-03-23 06:00:00+00:00,0.01121,26.25,-0.01
2020-03-23 07:00:00+00:00,0.2269,282.7,0.98
2020-03-23 08:00:00+00:00,0.45307,515.78,2.11
2020-03-23 09:00:00+00:00,0.65032,738.75,3.37
2020-03-23 10:00:00+00:00,0.78971,913.23,4.75
2020-03-23 11:00:00+00:00,0.86088,1012.27,6.14
2020-03-23 12:00:00+00:00,0.84825,1002.9,7.34
2020-03-23 13:00:00+00:00,0.79792,942.04,8.33
2020-03-23 14:00:00+00:00,0.67698,793.16,8.97
2020-03-23 15:00:00+00:00,0.51773,605.8,9.22
2020-03-23 16:00:00+00:00,0.2832699999999999,348.6,8.98
2020-03-23 17:00:00+00:00,0.06409,111.8,8.07
2020-03-23 18:00:00+00:00,0.0,0.0,6.59
2020-03-23 19:00:00+00:00,0.0,0.0,5.75
2020-03-23 20:00:00+00:00,0.0,0.0,4.99
2020-03-23 21:00:00+00:00,0.0,0.0,4.28
2020-03-23 22:00:00+00:00,0.0,0.0,3.58
2020-03-23 23:00:00+00:00,0.0,0.0,2.86
2020-03-24 00:00:00+00:00,0.0,0.0,2.2
2020-03-24 01:00:00+00:00,0.0,0.0,1.61
2020-03-24 02:00:00+00:00,0.0,0.0,1.11
2020-03-24 03:00:00+00:00,0.0,0.0,0.73
2020-03-24 04:00:00+00:00,0.0,0.0,0.38
2020-03-24 05:00:00+00:00,0.0,0.0,0.03
2020-03-24 06:00:00+00:00,0.01257,27.96,-0.26
2020-03-24 07:00:00+00:00,0.2325,290.27,0.83
2020-03-24 08:00:00+00:00,0.45594,525.8,2.88
2020-03-24 09:00:00+00:00,0.63497,734.3,4.74
2020-03-24 10:00:00+00:00,0.7637,899.62,6.35
2020-03-24 11:00:00+00:00,0.8288099999999999,990.79,7.87
2020-03-24 12:00:00+00:00,0.82252,987.39,9.13
2020-03-24 13:00:00+00:00,0.77039,920.45,9.96
2020-03-24 14:00:00+00:00,0.65935,781.1,10.36
2020-03-24 15:00:00+00:00,0.49588,586.3,10.43
2020-03-24 16:00:00+00:00,0.27662,343.22,10.15
2020-03-24 17:00:00+00:00,0.06218,107.98,9.24
2020-03-24 18:00:00+00:00,0.0,0.0,7.51
2020-03-24 19:00:00+00:00,0.0,0.0,6.33
2020-03-24 20:00:00+00:00,0.0,0.0,5.4
2020-03-24 21:00:00+00:00,0.0,0.0,4.67
2020-03-24 22:00:00+00:00,0.0,0.0,3.99
2020-03-24 23:00:00+00:00,0.0,0.0,3.32
2020-03-25 00:00:00+00:00,0.0,0.0,2.69
2020-03-25 01:00:00+00:00,0.0,0.0,2.11
2020-03-25 02:00:00+00:00,0.0,0.0,1.46
2020-03-25 03:00:00+00:00,0.0,0.0,0.84
2020-03-25 04:00:00+00:00,0.0,0.0,0.25
2020-03-25 05:00:00+00:00,0.0,0.0,-0.2
2020-03-25 06:00:00+00:00,0.01502,31.7,-0.5
2020-03-25 07:00:00+00:00,0.23729,295.46,0.9
2020-03-25 08:00:00+00:00,0.45742,529.69,3.03
2020-03-25 09:00:00+00:00,0.63639,741.64,4.98
2020-03-25 10:00:00+00:00,0.7527200000000001,894.11,6.56
2020-03-25 11:00:00+00:00,0.8419099999999999,1017.34,7.81
2020-03-25 12:00:00+00:00,0.83237,1008.18,8.69
2020-03-25 13:00:00+00:00,0.7741,932.25,9.3
2020-03-25 14:00:00+00:00,0.65988,785.61,9.66
2020-03-25 15:00:00+00:00,0.4993399999999999,591.31,9.74
2020-03-25 16:00:00+00:00,0.28712,355.49,9.49
2020-03-25 17:00:00+00:00,0.0688199999999999,118.48,8.67
2020-03-25 18:00:00+00:00,0.0,0.0,7.06
2020-03-25 19:00:00+00:00,0.0,0.0,6.5
2020-03-25 20:00:00+00:00,0.0,0.0,5.75
2020-03-25 21:00:00+00:00,0.0,0.0,5.06
2020-03-25 22:00:00+00:00,0.0,0.0,4.62
2020-03-25 23:00:00+00:00,0.0,0.0,4.1
2020-03-26 00:00:00+00:00,0.0,0.0,3.55
2020-03-26 01:00:00+00:00,0.0,0.0,3.01
2020-03-26 02:00:00+00:00,0.0,0.0,2.48
2020-03-26 03:00:00+00:00,0.0,0.0,1.84
2020-03-26 04:00:00+00:00,0.0,0.0,1.18
2020-03-26 05:00:00+00:00,0.0,0.0,0.66
2020-03-26 06:00:00+00:00,0.01671,34.44,0.31
2020-03-26 07:00:00+00:00,0.23328,290.2,1.82
2020-03-26 08:00:00+00:00,0.45588,525.14,3.59
2020-03-26 09:00:00+00:00,0.6314099999999999,729.65,5.36
2020-03-26 10:00:00+00:00,0.75305,885.19,6.95
2020-03-26 11:00:00+00:00,0.82924,986.87,8.19
2020-03-26 12:00:00+00:00,0.82941,991.23,9.05
2020-03-26 13:00:00+00:00,0.77488,922.97,9.67
2020-03-26 14:00:00+00:00,0.6582,776.44,10.04
2020-03-26 15:00:00+00:00,0.48891,575.41,10.09
2020-03-26 16:00:00+00:00,0.27793,343.27,9.85
2020-03-26 17:00:00+00:00,0.06806,117.29,9.12
2020-03-26 18:00:00+00:00,0.0,0.0,7.71
2020-03-26 19:00:00+00:00,0.0,0.0,6.83
2020-03-26 20:00:00+00:00,0.0,0.0,5.93
2020-03-26 21:00:00+00:00,0.0,0.0,5.25
2020-03-26 22:00:00+00:00,0.0,0.0,4.73
2020-03-26 23:00:00+00:00,0.0,0.0,4.27
2020-03-27 00:00:00+00:00,0.0,0.0,3.84
2020-03-27 01:00:00+00:00,0.0,0.0,3.45
2020-03-27 02:00:00+00:00,0.0,0.0,3.1
2020-03-27 03:00:00+00:00,0.0,0.0,2.79
2020-03-27 04:00:00+00:00,0.0,0.0,2.54
2020-03-27 05:00:00+00:00,0.0,0.0,2.34
2020-03-27 06:00:00+00:00,0.01763,35.15,2.26
2020-03-27 07:00:00+00:00,0.22756,284.67,3.52
2020-03-27 08:00:00+00:00,0.44581,516.22,5.13
2020-03-27 09:00:00+00:00,0.62182,721.76,6.82
2020-03-27 10:00:00+00:00,0.73193,863.73,8.42
2020-03-27 11:00:00+00:00,0.80428,962.3,9.84
2020-03-27 12:00:00+00:00,0.80413,965.3,11.0
2020-03-27 13:00:00+00:00,0.7514500000000001,898.66,11.84
2020-03-27 14:00:00+00:00,0.63655,755.41,12.41
2020-03-27 15:00:00+00:00,0.47131,559.42,12.61
2020-03-27 16:00:00+00:00,0.2618399999999999,327.17,12.36
2020-03-27 17:00:00+00:00,0.06312,107.77,11.44
2020-03-27 18:00:00+00:00,0.0,0.0,10.06
2020-03-27 19:00:00+00:00,0.0,0.0,9.19
2020-03-27 20:00:00+00:00,0.0,0.0,8.54
2020-03-27 21:00:00+00:00,0.0,0.0,8.02
2020-03-27 22:00:00+00:00,0.0,0.0,7.56
2020-03-27 23:00:00+00:00,0.0,0.0,7.13
2020-03-28 00:00:00+00:00,0.0,0.0,6.73
2020-03-28 01:00:00+00:00,0.0,0.0,6.32
2020-03-28 02:00:00+00:00,0.0,0.0,5.92
2020-03-28 03:00:00+00:00,0.0,0.0,5.52
2020-03-28 04:00:00+00:00,0.0,0.0,5.11
2020-03-28 05:00:00+00:00,0.0,0.0,4.77
2020-03-28 06:00:00+00:00,0.01951,37.78,4.65
2020-03-28 07:00:00+00:00,0.21566,270.91,5.69
2020-03-28 08:00:00+00:00,0.43262,502.59,7.06
2020-03-28 09:00:00+00:00,0.61924,717.57,8.48
2020-03-28 10:00:00+00:00,0.74163,869.31,9.67
2020-03-28 11:00:00+00:00,0.83062,982.42,10.5
2020-03-28 12:00:00+00:00,0.82012,970.68,10.86
2020-03-28 13:00:00+00:00,0.74985,882.87,10.88
2020-03-28 14:00:00+00:00,0.63254,737.29,10.49
2020-03-28 15:00:00+00:00,0.4768,554.4,9.71
2020-03-28 16:00:00+00:00,0.14773,186.88,8.75
2020-03-28 17:00:00+00:00,0.0695699999999999,116.87,7.8
2020-03-28 18:00:00+00:00,0.0,0.0,6.93
2020-03-28 19:00:00+00:00,0.0,0.0,6.4
2020-03-28 20:00:00+00:00,0.0,0.0,6.0
2020-03-28 21:00:00+00:00,0.0,0.0,5.42
2020-03-28 22:00:00+00:00,0.0,0.0,5.24
2020-03-28 23:00:00+00:00,0.0,0.0,5.02
2020-03-29 00:00:00+00:00,0.0,0.0,4.87
2020-03-29 01:00:00+00:00,0.0,0.0,4.88
2020-03-29 02:00:00+00:00,0.0,0.0,4.48
2020-03-29 03:00:00+00:00,0.0,0.0,4.17
2020-03-29 04:00:00+00:00,0.0,0.0,4.17
2020-03-29 05:00:00+00:00,0.0,0.0,4.01
2020-03-29 06:00:00+00:00,0.01926,36.32,4.28
2020-03-29 07:00:00+00:00,0.2440699999999999,302.75,4.98
2020-03-29 08:00:00+00:00,0.46232,529.1,5.61
2020-03-29 09:00:00+00:00,0.6350800000000001,720.63,6.08
2020-03-29 10:00:00+00:00,0.5593899999999999,636.22,6.37
2020-03-29 11:00:00+00:00,0.85885,984.14,6.53
2020-03-29 12:00:00+00:00,0.80428,918.93,6.46
2020-03-29 13:00:00+00:00,0.8098,925.42,6.5
2020-03-29 14:00:00+00:00,0.70648,803.19,6.39
2020-03-29 15:00:00+00:00,0.53776,611.62,6.01
2020-03-29 16:00:00+00:00,0.30968,370.2,5.39
2020-03-29 17:00:00+00:00,0.0814,136.11,4.69
2020-03-29 18:00:00+00:00,0.0,0.0,3.94
2020-03-29 19:00:00+00:00,0.0,0.0,3.51
2020-03-29 20:00:00+00:00,0.0,0.0,3.17
2020-03-29 21:00:00+00:00,0.0,0.0,2.86
2020-03-29 22:00:00+00:00,0.0,0.0,2.65
2020-03-29 23:00:00+00:00,0.0,0.0,2.25
2020-03-30 00:00:00+00:00,0.0,0.0,1.8
2020-03-30 01:00:00+00:00,0.0,0.0,1.57
2020-03-30 02:00:00+00:00,0.0,0.0,1.15
2020-03-30 03:00:00+00:00,0.0,0.0,0.62
2020-03-30 04:00:00+00:00,0.0,0.0,-0.04
2020-03-30 05:00:00+00:00,0.0,0.0,0.71
2020-03-30 06:00:00+00:00,0.04029,79.98,2.17
2020-03-30 07:00:00+00:00,0.24533,307.16,2.51
2020-03-30 08:00:00+00:00,0.27013,322.09,5.21
2020-03-30 09:00:00+00:00,0.19885,241.65,6.7
2020-03-30 10:00:00+00:00,0.26341,313.79,7.34
2020-03-30 11:00:00+00:00,0.37287,437.36,7.46
2020-03-30 12:00:00+00:00,0.72362,857.33,8.07
2020-03-30 13:00:00+00:00,0.65812,775.82,8.44
2020-03-30 14:00:00+00:00,0.38469,450.79,8.69
2020-03-30 15:00:00+00:00,0.36244,423.86,8.21
2020-03-30 16:00:00+00:00,0.0729399999999999,100.38,7.67
2020-03-30 17:00:00+00:00,0.05615,89.28,7.06
2020-03-30 18:00:00+00:00,0.0,0.0,6.34
2020-03-30 19:00:00+00:00,0.0,0.0,5.62
2020-03-30 20:00:00+00:00,0.0,0.0,5.2
2020-03-30 21:00:00+00:00,0.0,0.0,4.75
2020-03-30 22:00:00+00:00,0.0,0.0,4.17
2020-03-30 23:00:00+00:00,0.0,0.0,3.79
2020-03-31 00:00:00+00:00,0.0,0.0,3.4
2020-03-31 01:00:00+00:00,0.0,0.0,2.98
2020-03-31 02:00:00+00:00,0.0,0.0,2.38
2020-03-31 03:00:00+00:00,0.0,0.0,1.84
2020-03-31 04:00:00+00:00,0.0,0.0,1.39
2020-03-31 05:00:00+00:00,0.0,0.0,0.91
2020-03-31 06:00:00+00:00,0.04647,89.31,0.6
2020-03-31 07:00:00+00:00,0.27222,334.41,1.85
2020-03-31 08:00:00+00:00,0.4889,562.53,3.25
2020-03-31 09:00:00+00:00,0.66518,769.56,4.65
2020-03-31 10:00:00+00:00,0.78788,925.9,5.71
2020-03-31 11:00:00+00:00,0.85724,1025.0,6.54
2020-03-31 12:00:00+00:00,0.85112,1026.98,7.24
2020-03-31 13:00:00+00:00,0.79086,950.06,7.72
2020-03-31 14:00:00+00:00,0.6763899999999999,801.49,7.99
2020-03-31 15:00:00+00:00,0.52735,619.47,7.93
2020-03-31 16:00:00+00:00,0.31,378.79,7.54
2020-03-31 17:00:00+00:00,0.08361,140.27,6.86
2020-03-31 18:00:00+00:00,0.0,0.0,5.56
2020-03-31 19:00:00+00:00,0.0,0.0,4.38
2020-03-31 20:00:00+00:00,0.0,0.0,3.54
2020-03-31 21:00:00+00:00,0.0,0.0,2.9
2020-03-31 22:00:00+00:00,0.0,0.0,2.37
2020-03-31 23:00:00+00:00,0.0,0.0,1.88
2020-04-01 00:00:00+00:00,0.0,0.0,1.38
2020-04-01 01:00:00+00:00,0.0,0.0,0.9
2020-04-01 02:00:00+00:00,0.0,0.0,0.07
2020-04-01 03:00:00+00:00,0.0,0.0,-0.49
2020-04-01 04:00:00+00:00,0.0,0.0,0.39
2020-04-01 05:00:00+00:00,0.0,0.0,0.92
2020-04-01 06:00:00+00:00,0.04679,85.64,0.95
2020-04-01 07:00:00+00:00,0.26114,324.93,1.49
2020-04-01 08:00:00+00:00,0.3968899999999999,471.61,4.45
2020-04-01 09:00:00+00:00,0.34396,409.75,6.06
2020-04-01 10:00:00+00:00,0.4714,562.89,6.89
2020-04-01 11:00:00+00:00,0.32029,383.22,7.72
2020-04-01 12:00:00+00:00,0.24268,294.32,8.24
2020-04-01 13:00:00+00:00,0.23671,287.07,8.46
2020-04-01 14:00:00+00:00,0.12045,155.14,8.48
2020-04-01 15:00:00+00:00,0.08587,115.41,7.88
2020-04-01 16:00:00+00:00,0.16212,203.14,7.39
2020-04-01 17:00:00+00:00,0.06155,96.07,6.87
2020-04-01 18:00:00+00:00,0.0,0.0,6.19
2020-04-01 19:00:00+00:00,0.0,0.0,5.03
2020-04-01 20:00:00+00:00,0.0,0.0,4.48
2020-04-01 21:00:00+00:00,0.0,0.0,3.96
2020-04-01 22:00:00+00:00,0.0,0.0,3.12
2020-04-01 23:00:00+00:00,0.0,0.0,2.21
2020-04-02 00:00:00+00:00,0.0,0.0,1.66
2020-04-02 01:00:00+00:00,0.0,0.0,1.17
2020-04-02 02:00:00+00:00,0.0,0.0,1.22
2020-04-02 03:00:00+00:00,0.0,0.0,1.0
2020-04-02 04:00:00+00:00,0.0,0.0,1.37
2020-04-02 05:00:00+00:00,0.0,0.0,2.06
2020-04-02 06:00:00+00:00,0.051,94.94,2.93
2020-04-02 07:00:00+00:00,0.23257,288.61,4.66
2020-04-02 08:00:00+00:00,0.43591,512.17,7.13
2020-04-02 09:00:00+00:00,0.596,698.46,8.57
2020-04-02 10:00:00+00:00,0.6938,820.35,9.1
2020-04-02 11:00:00+00:00,0.39779,469.2,9.5
2020-04-02 12:00:00+00:00,0.31606,376.2,9.88
2020-04-02 13:00:00+00:00,0.22372,271.94,10.25
2020-04-02 14:00:00+00:00,0.24765,297.41,9.8
2020-04-02 15:00:00+00:00,0.25054,299.85,9.28
2020-04-02 16:00:00+00:00,0.08999,120.66,9.03
2020-04-02 17:00:00+00:00,0.03467,56.45,8.79
2020-04-02 18:00:00+00:00,0.0,0.0,8.46
2020-04-02 19:00:00+00:00,0.0,0.0,8.09
2020-04-02 20:00:00+00:00,0.0,0.0,8.15
2020-04-02 21:00:00+00:00,0.0,0.0,7.87
2020-04-02 22:00:00+00:00,0.0,0.0,7.6
2020-04-02 23:00:00+00:00,0.0,0.0,7.8
2020-04-03 00:00:00+00:00,0.0,0.0,7.69
2020-04-03 01:00:00+00:00,0.0,0.0,7.4
2020-04-03 02:00:00+00:00,0.0,0.0,6.95
2020-04-03 03:00:00+00:00,0.0,0.0,6.47
2020-04-03 04:00:00+00:00,0.0,0.0,6.18
2020-04-03 05:00:00+00:00,0.0,0.0,5.65
2020-04-03 06:00:00+00:00,0.03282,55.32,5.54
2020-04-03 07:00:00+00:00,0.1512599999999999,192.05,7.05
2020-04-03 08:00:00+00:00,0.29799,353.33,8.07
2020-04-03 09:00:00+00:00,0.35318,415.35,8.44
2020-04-03 10:00:00+00:00,0.38336,450.7,8.74
2020-04-03 11:00:00+00:00,0.16151,201.49,9.06
2020-04-03 12:00:00+00:00,0.3561499999999999,420.79,9.19
2020-04-03 13:00:00+00:00,0.68296,804.64,9.05
2020-04-03 14:00:00+00:00,0.64613,757.39,8.89
2020-04-03 15:00:00+00:00,0.50876,595.69,8.57
2020-04-03 16:00:00+00:00,0.30442,372.59,8.25
2020-04-03 17:00:00+00:00,0.08658,142.77,7.83
2020-04-03 18:00:00+00:00,0.0,0.0,6.98
2020-04-03 19:00:00+00:00,0.0,0.0,5.77
2020-04-03 20:00:00+00:00,0.0,0.0,4.6
2020-04-03 21:00:00+00:00,0.0,0.0,3.37
2020-04-03 22:00:00+00:00,0.0,0.0,2.61
2020-04-03 23:00:00+00:00,0.0,0.0,2.23
2020-04-04 00:00:00+00:00,0.0,0.0,2.12
2020-04-04 01:00:00+00:00,0.0,0.0,2.07
2020-04-04 02:00:00+00:00,0.0,0.0,2.05
2020-04-04 03:00:00+00:00,0.0,0.0,1.96
2020-04-04 04:00:00+00:00,0.0,0.0,1.83
2020-04-04 05:00:00+00:00,0.0,0.0,1.73
2020-04-04 06:00:00+00:00,0.05828,106.52,2.03
2020-04-04 07:00:00+00:00,0.27398,338.18,4.38
2020-04-04 08:00:00+00:00,0.48192,567.02,6.94
2020-04-04 09:00:00+00:00,0.6420399999999999,763.27,9.3
2020-04-04 10:00:00+00:00,0.7470399999999999,901.73,10.83
2020-04-04 11:00:00+00:00,0.81165,997.19,11.8
2020-04-04 12:00:00+00:00,0.81188,1004.56,12.59
2020-04-04 13:00:00+00:00,0.76537,941.13,13.29
2020-04-04 14:00:00+00:00,0.6567799999999999,798.84,13.74
2020-04-04 15:00:00+00:00,0.49627,600.72,13.78
2020-04-04 16:00:00+00:00,0.2917599999999999,367.39,13.62
2020-04-04 17:00:00+00:00,0.08506,142.57,13.07
2020-04-04 18:00:00+00:00,0.0,0.0,11.64
2020-04-04 19:00:00+00:00,0.0,0.0,9.94
2020-04-04 20:00:00+00:00,0.0,0.0,8.96
2020-04-04 21:00:00+00:00,0.0,0.0,8.3
2020-04-04 22:00:00+00:00,0.0,0.0,7.78
2020-04-04 23:00:00+00:00,0.0,0.0,7.28
2020-04-05 00:00:00+00:00,0.0,0.0,6.76
2020-04-05 01:00:00+00:00,0.0,0.0,6.27
2020-04-05 02:00:00+00:00,0.0,0.0,5.83
2020-04-05 03:00:00+00:00,0.0,0.0,5.38
2020-04-05 04:00:00+00:00,0.0,0.0,4.96
2020-04-05 05:00:00+00:00,0.0,0.0,4.66
2020-04-05 06:00:00+00:00,0.06195,110.3,4.94
2020-04-05 07:00:00+00:00,0.2746,339.95,6.67
2020-04-05 08:00:00+00:00,0.48587,572.76,9.25
2020-04-05 09:00:00+00:00,0.64946,773.55,11.76
2020-04-05 10:00:00+00:00,0.75658,917.58,14.01
2020-04-05 11:00:00+00:00,0.82364,1014.23,15.9
2020-04-05 12:00:00+00:00,0.81843,1013.08,17.38
2020-04-05 13:00:00+00:00,0.76346,942.55,18.42
2020-04-05 14:00:00+00:00,0.65312,801.92,19.05
2020-04-05 15:00:00+00:00,0.49547,608.49,19.28
2020-04-05 16:00:00+00:00,0.2965299999999999,380.95,19.06
2020-04-05 17:00:00+00:00,0.08627,146.83,18.09
2020-04-05 18:00:00+00:00,0.0,0.0,16.04
2020-04-05 19:00:00+00:00,0.0,0.0,14.04
2020-04-05 20:00:00+00:00,0.0,0.0,13.09
2020-04-05 21:00:00+00:00,0.0,0.0,12.45
2020-04-05 22:00:00+00:00,0.0,0.0,11.88
2020-04-05 23:00:00+00:00,0.0,0.0,11.39
2020-04-06 00:00:00+00:00,0.0,0.0,10.94
2020-04-06 01:00:00+00:00,0.0,0.0,10.53
2020-04-06 02:00:00+00:00,0.0,0.0,10.14
2020-04-06 03:00:00+00:00,0.0,0.0,9.78
2020-04-06 04:00:00+00:00,0.0,0.0,9.44
2020-04-06 05:00:00+00:00,0.0,0.0,9.13
2020-04-06 06:00:00+00:00,0.06044,107.42,9.34
2020-04-06 07:00:00+00:00,0.26289,331.72,11.05
2020-04-06 08:00:00+00:00,0.46263,554.93,13.07
2020-04-06 09:00:00+00:00,0.62239,750.96,14.99
2020-04-06 10:00:00+00:00,0.7283200000000001,891.79,16.34
2020-04-06 11:00:00+00:00,0.79608,985.26,17.26
2020-04-06 12:00:00+00:00,0.77515,962.67,17.76
2020-04-06 13:00:00+00:00,0.56684,695.78,18.05
2020-04-06 14:00:00+00:00,0.19623,249.13,17.65
2020-04-06 15:00:00+00:00,0.08113,113.52,15.86
2020-04-06 16:00:00+00:00,0.1079099999999999,144.68,14.39
2020-04-06 17:00:00+00:00,0.00696,18.92,13.67
2020-04-06 18:00:00+00:00,0.0,0.0,12.85
2020-04-06 19:00:00+00:00,0.0,0.0,11.81
2020-04-06 20:00:00+00:00,0.0,0.0,11.36
2020-04-06 21:00:00+00:00,0.0,0.0,10.65
2020-04-06 22:00:00+00:00,0.0,0.0,10.15
2020-04-06 23:00:00+00:00,0.0,0.0,9.39
2020-04-07 00:00:00+00:00,0.0,0.0,8.74
2020-04-07 01:00:00+00:00,0.0,0.0,8.49
2020-04-07 02:00:00+00:00,0.0,0.0,7.98
2020-04-07 03:00:00+00:00,0.0,0.0,7.75
2020-04-07 04:00:00+00:00,0.0,0.0,7.2
2020-04-07 05:00:00+00:00,0.0,0.0,7.49
2020-04-07 06:00:00+00:00,0.06655,117.69,7.36
2020-04-07 07:00:00+00:00,0.2752799999999999,346.94,8.59
2020-04-07 08:00:00+00:00,0.47357,574.85,11.46
2020-04-07 09:00:00+00:00,0.6160800000000001,756.68,13.92
2020-04-07 10:00:00+00:00,0.7390800000000001,923.16,15.77
2020-04-07 11:00:00+00:00,0.77963,982.93,16.66
2020-04-07 12:00:00+00:00,0.77438,981.56,17.22
2020-04-07 13:00:00+00:00,0.7474500000000001,945.08,17.65
2020-04-07 14:00:00+00:00,0.64862,809.75,17.87
2020-04-07 15:00:00+00:00,0.4879,602.31,17.87
2020-04-07 16:00:00+00:00,0.29696,380.4,17.77
2020-04-07 17:00:00+00:00,0.0797,128.76,17.01
2020-04-07 18:00:00+00:00,0.0,0.0,15.51
2020-04-07 19:00:00+00:00,0.0,0.0,13.92
2020-04-07 20:00:00+00:00,0.0,0.0,12.94
2020-04-07 21:00:00+00:00,0.0,0.0,12.28
2020-04-07 22:00:00+00:00,0.0,0.0,11.8
2020-04-07 23:00:00+00:00,0.0,0.0,11.37
2020-04-08 00:00:00+00:00,0.0,0.0,10.96
2020-04-08 01:00:00+00:00,0.0,0.0,10.5
2020-04-08 02:00:00+00:00,0.0,0.0,10.15
2020-04-08 03:00:00+00:00,0.0,0.0,9.76
2020-04-08 04:00:00+00:00,0.0,0.0,9.32
2020-04-08 05:00:00+00:00,0.0,0.0,8.9
2020-04-08 06:00:00+00:00,0.0649599999999999,110.6,8.87
2020-04-08 07:00:00+00:00,0.24486,311.42,10.93
2020-04-08 08:00:00+00:00,0.4416,545.72,13.59
2020-04-08 09:00:00+00:00,0.57669,728.68,15.77
2020-04-08 10:00:00+00:00,0.6931499999999999,895.37,17.56
2020-04-08 11:00:00+00:00,0.7685599999999999,1000.97,18.89
2020-04-08 12:00:00+00:00,0.7539,979.04,19.84
2020-04-08 13:00:00+00:00,0.7074199999999999,915.86,20.5
2020-04-08 14:00:00+00:00,0.59915,766.85,20.76
2020-04-08 15:00:00+00:00,0.45029,569.88,20.57
2020-04-08 16:00:00+00:00,0.27082,353.19,20.11
2020-04-08 17:00:00+00:00,0.08331,138.92,19.17
2020-04-08 18:00:00+00:00,0.0,0.0,17.35
2020-04-08 19:00:00+00:00,0.0,0.0,13.9
2020-04-08 20:00:00+00:00,0.0,0.0,12.64
2020-04-08 21:00:00+00:00,0.0,0.0,11.73
2020-04-08 22:00:00+00:00,0.0,0.0,10.97
2020-04-08 23:00:00+00:00,0.0,0.0,10.31
2020-04-09 00:00:00+00:00,0.0,0.0,9.65
2020-04-09 01:00:00+00:00,0.0,0.0,9.15
2020-04-09 02:00:00+00:00,0.0,0.0,8.84
2020-04-09 03:00:00+00:00,0.0,0.0,8.57
2020-04-09 04:00:00+00:00,0.0,0.0,8.38
2020-04-09 05:00:00+00:00,0.0,0.0,8.24
2020-04-09 06:00:00+00:00,0.04929,77.24,8.74
2020-04-09 07:00:00+00:00,0.11009,145.59,10.64
2020-04-09 08:00:00+00:00,0.18737,235.66,13.06
2020-04-09 09:00:00+00:00,0.47085,577.27,15.21
2020-04-09 10:00:00+00:00,0.69628,874.75,16.86
2020-04-09 11:00:00+00:00,0.78967,1006.19,17.87
2020-04-09 12:00:00+00:00,0.7939400000000001,1010.74,18.29
2020-04-09 13:00:00+00:00,0.73388,926.75,18.49
2020-04-09 14:00:00+00:00,0.6276,781.62,18.55
2020-04-09 15:00:00+00:00,0.47783,589.89,18.34
2020-04-09 16:00:00+00:00,0.2882099999999999,368.71,17.74
2020-04-09 17:00:00+00:00,0.08811,145.33,16.65
2020-04-09 18:00:00+00:00,0.0,0.0,14.84
2020-04-09 19:00:00+00:00,0.0,0.0,12.28
2020-04-09 20:00:00+00:00,0.0,0.0,11.16
2020-04-09 21:00:00+00:00,0.0,0.0,10.32
2020-04-09 22:00:00+00:00,0.0,0.0,9.66
2020-04-09 23:00:00+00:00,0.0,0.0,9.07
2020-04-10 00:00:00+00:00,0.0,0.0,8.49
2020-04-10 01:00:00+00:00,0.0,0.0,7.94
2020-04-10 02:00:00+00:00,0.0,0.0,7.4
2020-04-10 03:00:00+00:00,0.0,0.0,6.94
2020-04-10 04:00:00+00:00,0.0,0.0,6.49
2020-04-10 05:00:00+00:00,0.0,0.0,6.07
2020-04-10 06:00:00+00:00,0.07458,122.83,6.26
2020-04-10 07:00:00+00:00,0.28895,356.9,7.67
2020-04-10 08:00:00+00:00,0.48879,579.77,9.5
2020-04-10 09:00:00+00:00,0.6509400000000001,784.32,11.57
2020-04-10 10:00:00+00:00,0.7427999999999999,914.77,13.54
2020-04-10 11:00:00+00:00,0.79116,993.9,15.3
2020-04-10 12:00:00+00:00,0.79844,1012.08,16.61
2020-04-10 13:00:00+00:00,0.74091,933.66,17.42
2020-04-10 14:00:00+00:00,0.64358,798.83,17.76
2020-04-10 15:00:00+00:00,0.46708,574.1,17.71
2020-04-10 16:00:00+00:00,0.28948,368.63,17.26
2020-04-10 17:00:00+00:00,0.08725,140.85,16.48
2020-04-10 18:00:00+00:00,0.0,0.0,15.0
2020-04-10 19:00:00+00:00,0.0,0.0,13.2
2020-04-10 20:00:00+00:00,0.0,0.0,11.98
2020-04-10 21:00:00+00:00,0.0,0.0,11.06
2020-04-10 22:00:00+00:00,0.0,0.0,10.26
2020-04-10 23:00:00+00:00,0.0,0.0,9.57
2020-04-11 00:00:00+00:00,0.0,0.0,8.95
2020-04-11 01:00:00+00:00,0.0,0.0,8.43
2020-04-11 02:00:00+00:00,0.0,0.0,7.96
2020-04-11 03:00:00+00:00,0.0,0.0,7.48
2020-04-11 04:00:00+00:00,0.0,0.0,7.03
2020-04-11 05:00:00+00:00,0.0,0.0,6.62
2020-04-11 06:00:00+00:00,0.07929,132.4,6.96
2020-04-11 07:00:00+00:00,0.2927599999999999,363.74,8.79
2020-04-11 08:00:00+00:00,0.49295,590.92,10.85
2020-04-11 09:00:00+00:00,0.64034,782.99,12.93
2020-04-11 10:00:00+00:00,0.75367,947.37,14.85
2020-04-11 11:00:00+00:00,0.80431,1034.79,16.46
2020-04-11 12:00:00+00:00,0.77811,1012.38,17.71
2020-04-11 13:00:00+00:00,0.72551,947.37,18.57
2020-04-11 14:00:00+00:00,0.62303,806.0,19.02
2020-04-11 15:00:00+00:00,0.47,597.09,19.1
2020-04-11 16:00:00+00:00,0.29481,384.0,18.87
2020-04-11 17:00:00+00:00,0.09391,156.48,18.13
2020-04-11 18:00:00+00:00,0.0,5.43,16.75
2020-04-11 19:00:00+00:00,0.0,0.0,15.18
2020-04-11 20:00:00+00:00,0.0,0.0,12.46
2020-04-11 21:00:00+00:00,0.0,0.0,11.55
2020-04-11 22:00:00+00:00,0.0,0.0,12.65
2020-04-11 23:00:00+00:00,0.0,0.0,12.15
2020-04-12 00:00:00+00:00,0.0,0.0,10.32
2020-04-12 01:00:00+00:00,0.0,0.0,8.08
2020-04-12 02:00:00+00:00,0.0,0.0,7.3
2020-04-12 03:00:00+00:00,0.0,0.0,7.09
2020-04-12 04:00:00+00:00,0.0,0.0,7.14
2020-04-12 05:00:00+00:00,0.0,0.0,7.39
2020-04-12 06:00:00+00:00,0.0782399999999999,126.98,8.59
2020-04-12 07:00:00+00:00,0.26637,335.75,11.29
2020-04-12 08:00:00+00:00,0.45269,554.38,14.32
2020-04-12 09:00:00+00:00,0.37814,465.95,16.32
2020-04-12 10:00:00+00:00,0.67767,854.28,17.85
2020-04-12 11:00:00+00:00,0.762,976.86,19.22
2020-04-12 12:00:00+00:00,0.6879500000000001,876.45,20.32
2020-04-12 13:00:00+00:00,0.35762,448.75,20.77
2020-04-12 14:00:00+00:00,0.16499,216.75,20.84
2020-04-12 15:00:00+00:00,0.26807,339.32,20.31
2020-04-12 16:00:00+00:00,0.26893,347.01,18.89
2020-04-12 17:00:00+00:00,0.0928799999999999,151.27,17.13
2020-04-12 18:00:00+00:00,0.00138,9.05,15.07
2020-04-12 19:00:00+00:00,0.0,0.0,13.31
2020-04-12 20:00:00+00:00,0.0,0.0,11.68
2020-04-12 21:00:00+00:00,0.0,0.0,10.49
2020-04-12 22:00:00+00:00,0.0,0.0,9.76
2020-04-12 23:00:00+00:00,0.0,0.0,9.28
2020-04-13 00:00:00+00:00,0.0,0.0,8.94
2020-04-13 01:00:00+00:00,0.0,0.0,8.59
2020-04-13 02:00:00+00:00,0.0,0.0,8.14
2020-04-13 03:00:00+00:00,0.0,0.0,7.84
2020-04-13 04:00:00+00:00,0.0,0.0,7.61
2020-04-13 05:00:00+00:00,0.0,0.0,7.3
2020-04-13 06:00:00+00:00,0.0138,28.38,6.99
2020-04-13 07:00:00+00:00,0.17843,220.35,7.27
2020-04-13 08:00:00+00:00,0.3660199999999999,426.01,7.69
2020-04-13 09:00:00+00:00,0.49649,574.1,8.23
2020-04-13 10:00:00+00:00,0.67115,779.16,8.37
2020-04-13 11:00:00+00:00,0.7792,911.12,8.41
2020-04-13 12:00:00+00:00,0.74349,869.89,8.67
2020-04-13 13:00:00+00:00,0.6627799999999999,773.14,8.87
2020-04-13 14:00:00+00:00,0.54855,636.68,8.75
2020-04-13 15:00:00+00:00,0.5390900000000001,624.92,8.45
2020-04-13 16:00:00+00:00,0.32932,396.83,7.94
2020-04-13 17:00:00+00:00,0.1029699999999999,156.58,7.39
2020-04-13 18:00:00+00:00,0.0,5.43,6.84
2020-04-13 19:00:00+00:00,0.0,0.0,6.28
2020-04-13 20:00:00+00:00,0.0,0.0,6.02
2020-04-13 21:00:00+00:00,0.0,0.0,5.79
2020-04-13 22:00:00+00:00,0.0,0.0,5.59
2020-04-13 23:00:00+00:00,0.0,0.0,5.54
2020-04-14 00:00:00+00:00,0.0,0.0,5.48
2020-04-14 01:00:00+00:00,0.0,0.0,5.59
2020-04-14 02:00:00+00:00,0.0,0.0,5.73
2020-04-14 03:00:00+00:00,0.0,0.0,5.67
2020-04-14 04:00:00+00:00,0.0,0.0,5.34
2020-04-14 05:00:00+00:00,0.0,2.72,5.07
2020-04-14 06:00:00+00:00,0.06492,95.1,5.51
2020-04-14 07:00:00+00:00,0.17143,212.45,6.4
2020-04-14 08:00:00+00:00,0.08289,111.63,7.33
2020-04-14 09:00:00+00:00,0.3644,428.0,7.86
2020-04-14 10:00:00+00:00,0.20927,255.17,8.34
2020-04-14 11:00:00+00:00,0.39025,464.05,8.95
2020-04-14 12:00:00+00:00,0.41458,493.95,9.38
2020-04-14 13:00:00+00:00,0.59563,712.61,9.68
2020-04-14 14:00:00+00:00,0.33298,397.24,9.57
2020-04-14 15:00:00+00:00,0.25811,311.03,9.41
2020-04-14 16:00:00+00:00,0.24642,302.54,9.01
2020-04-14 17:00:00+00:00,0.10417,165.09,8.54
2020-04-14 18:00:00+00:00,0.0033799999999999,12.67,7.91
2020-04-14 19:00:00+00:00,0.0,0.0,6.74
2020-04-14 20:00:00+00:00,0.0,0.0,5.86
2020-04-14 21:00:00+00:00,0.0,0.0,5.18
2020-04-14 22:00:00+00:00,0.0,0.0,4.46
2020-04-14 23:00:00+00:00,0.0,0.0,4.07
2020-04-15 00:00:00+00:00,0.0,0.0,5.02
2020-04-15 01:00:00+00:00,0.0,0.0,4.69
2020-04-15 02:00:00+00:00,0.0,0.0,4.45
2020-04-15 03:00:00+00:00,0.0,0.0,3.22
2020-04-15 04:00:00+00:00,0.0,0.0,2.24
2020-04-15 05:00:00+00:00,0.00202,9.96,1.64
2020-04-15 06:00:00+00:00,0.0945,152.06,2.95
2020-04-15 07:00:00+00:00,0.30821,378.96,5.92
2020-04-15 08:00:00+00:00,0.50792,611.48,8.04
2020-04-15 09:00:00+00:00,0.6535700000000001,807.32,9.63
2020-04-15 10:00:00+00:00,0.74536,954.35,10.89
2020-04-15 11:00:00+00:00,0.77349,1019.07,12.03
2020-04-15 12:00:00+00:00,0.7741699999999999,1028.49,12.96
2020-04-15 13:00:00+00:00,0.72451,942.56,13.68
2020-04-15 14:00:00+00:00,0.6157999999999999,775.51,14.16
2020-04-15 15:00:00+00:00,0.35413,436.42,14.35
2020-04-15 16:00:00+00:00,0.28331,358.34,14.21
2020-04-15 17:00:00+00:00,0.09383,143.77,13.68
2020-04-15 18:00:00+00:00,0.0,5.43,12.48
2020-04-15 19:00:00+00:00,0.0,0.0,10.73
2020-04-15 20:00:00+00:00,0.0,0.0,9.53
2020-04-15 21:00:00+00:00,0.0,0.0,8.78
2020-04-15 22:00:00+00:00,0.0,0.0,8.27
2020-04-15 23:00:00+00:00,0.0,0.0,7.97
2020-04-16 00:00:00+00:00,0.0,0.0,7.75
2020-04-16 01:00:00+00:00,0.0,0.0,7.51
2020-04-16 02:00:00+00:00,0.0,0.0,7.19
2020-04-16 03:00:00+00:00,0.0,0.0,6.74
2020-04-16 04:00:00+00:00,0.0,0.0,6.12
2020-04-16 05:00:00+00:00,0.00244,10.86,5.44
2020-04-16 06:00:00+00:00,0.09616,155.49,6.2
2020-04-16 07:00:00+00:00,0.30013,370.41,8.4
2020-04-16 08:00:00+00:00,0.4965299999999999,598.13,10.89
2020-04-16 09:00:00+00:00,0.6449,794.21,13.21
2020-04-16 10:00:00+00:00,0.7457699999999999,942.92,15.25
2020-04-16 11:00:00+00:00,0.7947000000000001,1020.15,16.92
2020-04-16 12:00:00+00:00,0.78979,1021.87,18.26
2020-04-16 13:00:00+00:00,0.72345,937.35,19.17
2020-04-16 14:00:00+00:00,0.5672,727.56,19.69
2020-04-16 15:00:00+00:00,0.3413899999999999,433.67,19.83
2020-04-16 16:00:00+00:00,0.20469,267.29,19.57
2020-04-16 17:00:00+00:00,0.08648,132.64,18.42
2020-04-16 18:00:00+00:00,0.0042,14.48,16.32
2020-04-16 19:00:00+00:00,0.0,0.0,13.82
2020-04-16 20:00:00+00:00,0.0,0.0,12.52
2020-04-16 21:00:00+00:00,0.0,0.0,11.54
2020-04-16 22:00:00+00:00,0.0,0.0,10.72
2020-04-16 23:00:00+00:00,0.0,0.0,9.91
2020-04-17 00:00:00+00:00,0.0,0.0,9.13
2020-04-17 01:00:00+00:00,0.0,0.0,8.49
2020-04-17 02:00:00+00:00,0.0,0.0,7.86
2020-04-17 03:00:00+00:00,0.0,0.0,7.19
2020-04-17 04:00:00+00:00,0.0,0.0,6.62
2020-04-17 05:00:00+00:00,0.00342,12.67,6.17
2020-04-17 06:00:00+00:00,0.0781299999999999,113.17,6.54
2020-04-17 07:00:00+00:00,0.3173999999999999,385.86,7.89
2020-04-17 08:00:00+00:00,0.50344,590.1,9.52
2020-04-17 09:00:00+00:00,0.6590900000000001,781.46,11.2
2020-04-17 10:00:00+00:00,0.76791,928.14,12.81
2020-04-17 11:00:00+00:00,0.8228099999999999,1010.35,14.3
2020-04-17 12:00:00+00:00,0.82865,1024.85,15.47
2020-04-17 13:00:00+00:00,0.7684,945.55,16.21
2020-04-17 14:00:00+00:00,0.6532100000000001,795.23,16.52
2020-04-17 15:00:00+00:00,0.49806,603.8,16.5
2020-04-17 16:00:00+00:00,0.3060799999999999,384.8,16.09
2020-04-17 17:00:00+00:00,0.1037,166.88,15.24
2020-04-17 18:00:00+00:00,0.00479,15.39,13.82
2020-04-17 19:00:00+00:00,0.0,0.0,11.69
2020-04-17 20:00:00+00:00,0.0,0.0,10.54
2020-04-17 21:00:00+00:00,0.0,0.0,9.74
2020-04-17 22:00:00+00:00,0.0,0.0,9.12
2020-04-17 23:00:00+00:00,0.0,0.0,8.55
2020-04-18 00:00:00+00:00,0.0,0.0,8.12
2020-04-18 01:00:00+00:00,0.0,0.0,7.71
2020-04-18 02:00:00+00:00,0.0,0.0,7.33
2020-04-18 03:00:00+00:00,0.0,0.0,7.27
2020-04-18 04:00:00+00:00,0.0,0.0,7.1
2020-04-18 05:00:00+00:00,0.0,4.53,7.12
2020-04-18 06:00:00+00:00,0.04993,74.4,7.83
2020-04-18 07:00:00+00:00,0.0364699999999999,57.7,8.54
2020-04-18 08:00:00+00:00,0.07276,101.22,9.94
2020-04-18 09:00:00+00:00,0.41542,496.86,11.23
2020-04-18 10:00:00+00:00,0.0969,130.55,12.35
2020-04-18 11:00:00+00:00,0.20507,256.91,12.81
2020-04-18 12:00:00+00:00,0.09484,128.65,12.81
2020-04-18 13:00:00+00:00,0.07485,105.0,12.37
2020-04-18 14:00:00+00:00,0.09013,122.98,12.63
2020-04-18 15:00:00+00:00,0.07236,102.17,13.06
2020-04-18 16:00:00+00:00,0.0731,103.11,13.28
2020-04-18 17:00:00+00:00,0.04068,64.25,13.28
2020-04-18 18:00:00+00:00,0.00099,8.15,12.75
2020-04-18 19:00:00+00:00,0.0,0.0,10.75
2020-04-18 20:00:00+00:00,0.0,0.0,10.51
2020-04-18 21:00:00+00:00,0.0,0.0,10.38
2020-04-18 22:00:00+00:00,0.0,0.0,10.32
2020-04-18 23:00:00+00:00,0.0,0.0,10.19
2020-04-19 00:00:00+00:00,0.0,0.0,10.1
2020-04-19 01:00:00+00:00,0.0,0.0,10.14
2020-04-19 02:00:00+00:00,0.0,0.0,9.94
2020-04-19 03:00:00+00:00,0.0,0.0,9.64
2020-04-19 04:00:00+00:00,0.0,0.0,9.41
2020-04-19 05:00:00+00:00,0.00551,16.29,8.65
2020-04-19 06:00:00+00:00,0.10598,167.02,8.58
2020-04-19 07:00:00+00:00,0.32031,392.56,9.5
2020-04-19 08:00:00+00:00,0.52299,617.56,10.65
2020-04-19 09:00:00+00:00,0.6818500000000001,813.52,12.25
2020-04-19 10:00:00+00:00,0.79663,968.1,13.72
2020-04-19 11:00:00+00:00,0.85966,1059.2,15.12
2020-04-19 12:00:00+00:00,0.85265,1053.19,16.17
2020-04-19 13:00:00+00:00,0.79074,972.62,16.9
2020-04-19 14:00:00+00:00,0.68533,835.11,17.24
2020-04-19 15:00:00+00:00,0.5244500000000001,636.81,17.32
2020-04-19 16:00:00+00:00,0.32561,410.26,17.06
2020-04-19 17:00:00+00:00,0.10969,177.31,16.4
2020-04-19 18:00:00+00:00,0.00753,19.91,15.01
2020-04-19 19:00:00+00:00,0.0,0.0,13.13
2020-04-19 20:00:00+00:00,0.0,0.0,12.18
2020-04-19 21:00:00+00:00,0.0,0.0,11.55
2020-04-19 22:00:00+00:00,0.0,0.0,11.01
2020-04-19 23:00:00+00:00,0.0,0.0,10.46
2020-04-20 00:00:00+00:00,0.0,0.0,9.86
2020-04-20 01:00:00+00:00,0.0,0.0,9.25
2020-04-20 02:00:00+00:00,0.0,0.0,8.65
2020-04-20 03:00:00+00:00,0.0,0.0,8.1
2020-04-20 04:00:00+00:00,0.0,0.0,7.56
2020-04-20 05:00:00+00:00,0.00849,20.82,7.11
2020-04-20 06:00:00+00:00,0.11233,176.82,7.42
2020-04-20 07:00:00+00:00,0.3373299999999999,407.35,8.11
2020-04-20 08:00:00+00:00,0.54172,632.04,9.68
2020-04-20 09:00:00+00:00,0.7038099999999999,831.05,11.55
2020-04-20 10:00:00+00:00,0.8165,982.07,13.41
2020-04-20 11:00:00+00:00,0.87351,1065.63,14.94
2020-04-20 12:00:00+00:00,0.8764,1073.27,16.03
2020-04-20 13:00:00+00:00,0.8087300000000001,985.17,16.78
2020-04-20 14:00:00+00:00,0.70565,852.12,17.21
2020-04-20 15:00:00+00:00,0.53351,642.51,17.37
2020-04-20 16:00:00+00:00,0.33055,413.71,17.17
2020-04-20 17:00:00+00:00,0.1130999999999999,181.74,16.54
2020-04-20 18:00:00+00:00,0.0092699999999999,22.63,15.38
2020-04-20 19:00:00+00:00,0.0,0.0,14.25
2020-04-20 20:00:00+00:00,0.0,0.0,13.42
2020-04-20 21:00:00+00:00,0.0,0.0,12.74
2020-04-20 22:00:00+00:00,0.0,0.0,12.1
2020-04-20 23:00:00+00:00,0.0,0.0,11.44
2020-04-21 00:00:00+00:00,0.0,0.0,10.78
2020-04-21 01:00:00+00:00,0.0,0.0,10.16
2020-04-21 02:00:00+00:00,0.0,0.0,9.61
2020-04-21 03:00:00+00:00,0.0,0.0,9.16
2020-04-21 04:00:00+00:00,0.0,0.0,8.77
2020-04-21 05:00:00+00:00,0.01026,23.53,8.5
2020-04-21 06:00:00+00:00,0.11461,179.57,8.96
2020-04-21 07:00:00+00:00,0.3422699999999999,416.47,9.93
2020-04-21 08:00:00+00:00,0.54683,641.8,11.28
2020-04-21 09:00:00+00:00,0.71499,846.94,12.83
2020-04-21 10:00:00+00:00,0.80928,973.71,14.42
2020-04-21 11:00:00+00:00,0.86712,1056.86,15.85
2020-04-21 12:00:00+00:00,0.8831,1083.26,16.97
2020-04-21 13:00:00+00:00,0.81339,995.19,17.82
2020-04-21 14:00:00+00:00,0.6998099999999999,850.2,18.32
2020-04-21 15:00:00+00:00,0.53306,646.43,18.5
2020-04-21 16:00:00+00:00,0.33075,416.57,18.3
2020-04-21 17:00:00+00:00,0.11431,183.2,17.68
2020-04-21 18:00:00+00:00,0.01041,24.44,16.49
2020-04-21 19:00:00+00:00,0.0,0.0,15.52
2020-04-21 20:00:00+00:00,0.0,0.0,14.67
2020-04-21 21:00:00+00:00,0.0,0.0,13.94
2020-04-21 22:00:00+00:00,0.0,0.0,13.25
2020-04-21 23:00:00+00:00,0.0,0.0,12.58
2020-04-22 00:00:00+00:00,0.0,0.0,11.97
2020-04-22 01:00:00+00:00,0.0,0.0,11.42
2020-04-22 02:00:00+00:00,0.0,0.0,10.95
2020-04-22 03:00:00+00:00,0.0,0.0,10.52
2020-04-22 04:00:00+00:00,0.0,0.0,10.08
2020-04-22 05:00:00+00:00,0.01082,24.44,9.7
2020-04-22 06:00:00+00:00,0.11636,181.01,10.2
2020-04-22 07:00:00+00:00,0.3371,413.65,11.36
2020-04-22 08:00:00+00:00,0.53951,641.78,12.87
2020-04-22 09:00:00+00:00,0.6937300000000001,834.69,14.45
2020-04-22 10:00:00+00:00,0.80822,990.04,15.95
2020-04-22 11:00:00+00:00,0.85872,1065.91,17.36
2020-04-22 12:00:00+00:00,0.85834,1073.45,18.59
2020-04-22 13:00:00+00:00,0.78977,985.51,19.5
2020-04-22 14:00:00+00:00,0.68437,846.95,20.06
2020-04-22 15:00:00+00:00,0.5290900000000001,652.21,20.32
2020-04-22 16:00:00+00:00,0.3303299999999999,421.79,20.21
2020-04-22 17:00:00+00:00,0.11536,186.65,19.61
2020-04-22 18:00:00+00:00,0.01151,26.25,18.23
2020-04-22 19:00:00+00:00,0.0,0.0,16.62
2020-04-22 20:00:00+00:00,0.0,0.0,15.44
2020-04-22 21:00:00+00:00,0.0,0.0,14.51
2020-04-22 22:00:00+00:00,0.0,0.0,13.58
2020-04-22 23:00:00+00:00,0.0,0.0,12.66
2020-04-23 00:00:00+00:00,0.0,0.0,11.88
2020-04-23 01:00:00+00:00,0.0,0.0,11.16
2020-04-23 02:00:00+00:00,0.0,0.0,10.58
2020-04-23 03:00:00+00:00,0.0,0.0,10.08
2020-04-23 04:00:00+00:00,0.0,0.0,9.54
2020-04-23 05:00:00+00:00,0.01275,27.15,9.08
2020-04-23 06:00:00+00:00,0.11716,179.62,9.88
2020-04-23 07:00:00+00:00,0.32997,409.06,11.77
2020-04-23 08:00:00+00:00,0.52862,641.96,13.85
2020-04-23 09:00:00+00:00,0.67179,833.75,15.84
2020-04-23 10:00:00+00:00,0.7603300000000001,970.63,17.64
2020-04-23 11:00:00+00:00,0.8022,1044.79,19.11
2020-04-23 12:00:00+00:00,0.8085399999999999,1064.76,20.25
2020-04-23 13:00:00+00:00,0.7535299999999999,995.11,20.89
2020-04-23 14:00:00+00:00,0.6403300000000001,839.86,21.15
2020-04-23 15:00:00+00:00,0.4900299999999999,631.17,21.17
2020-04-23 16:00:00+00:00,0.30828,401.41,20.91
2020-04-23 17:00:00+00:00,0.11391,183.52,19.86
2020-04-23 18:00:00+00:00,0.01092,25.34,17.97
2020-04-23 19:00:00+00:00,0.0,0.0,15.67
2020-04-23 20:00:00+00:00,0.0,0.0,14.15
2020-04-23 21:00:00+00:00,0.0,0.0,12.97
2020-04-23 22:00:00+00:00,0.0,0.0,11.88
2020-04-23 23:00:00+00:00,0.0,0.0,11.04
2020-04-24 00:00:00+00:00,0.0,0.0,10.37
2020-04-24 01:00:00+00:00,0.0,0.0,9.8
2020-04-24 02:00:00+00:00,0.0,0.0,9.28
2020-04-24 03:00:00+00:00,0.0,0.0,8.93
2020-04-24 04:00:00+00:00,0.0,0.0,8.63
2020-04-24 05:00:00+00:00,0.0023799999999999,10.86,8.5
2020-04-24 06:00:00+00:00,0.10557,150.19,9.53
2020-04-24 07:00:00+00:00,0.28146,347.24,10.99
2020-04-24 08:00:00+00:00,0.50359,608.65,12.67
2020-04-24 09:00:00+00:00,0.6604800000000001,811.04,14.17
2020-04-24 10:00:00+00:00,0.77439,967.44,15.23
2020-04-24 11:00:00+00:00,0.8241900000000001,1034.96,15.78
2020-04-24 12:00:00+00:00,0.83116,1041.4,16.01
2020-04-24 13:00:00+00:00,0.79873,993.0,15.99
2020-04-24 14:00:00+00:00,0.69666,854.03,15.77
2020-04-24 15:00:00+00:00,0.529,641.29,15.31
2020-04-24 16:00:00+00:00,0.29084,362.32,14.49
2020-04-24 17:00:00+00:00,0.12018,187.4,13.3
2020-04-24 18:00:00+00:00,0.01256,27.15,11.92
2020-04-24 19:00:00+00:00,0.0,0.0,9.72
2020-04-24 20:00:00+00:00,0.0,0.0,8.51
2020-04-24 21:00:00+00:00,0.0,0.0,7.69
2020-04-24 22:00:00+00:00,0.0,0.0,7.17
2020-04-24 23:00:00+00:00,0.0,0.0,6.99
2020-04-25 00:00:00+00:00,0.0,0.0,6.9
2020-04-25 01:00:00+00:00,0.0,0.0,6.9
2020-04-25 02:00:00+00:00,0.0,0.0,6.98
2020-04-25 03:00:00+00:00,0.0,0.0,7.03
2020-04-25 04:00:00+00:00,0.0,0.0,7.07
2020-04-25 05:00:00+00:00,0.005,15.39,7.1
2020-04-25 06:00:00+00:00,0.08051,111.51,7.32
2020-04-25 07:00:00+00:00,0.14632,184.75,8.17
2020-04-25 08:00:00+00:00,0.13113,167.75,8.9
2020-04-25 09:00:00+00:00,0.16293,204.72,9.58
2020-04-25 10:00:00+00:00,0.19399,241.66,10.71
2020-04-25 11:00:00+00:00,0.24537,302.2,11.54
2020-04-25 12:00:00+00:00,0.45405,552.01,12.44
2020-04-25 13:00:00+00:00,0.57516,701.81,13.01
2020-04-25 14:00:00+00:00,0.6671699999999999,813.76,13.21
2020-04-25 15:00:00+00:00,0.52846,636.39,13.01
2020-04-25 16:00:00+00:00,0.3382099999999999,418.2,12.55
2020-04-25 17:00:00+00:00,0.12164,187.2,11.55
2020-04-25 18:00:00+00:00,0.01397,28.96,10.24
2020-04-25 19:00:00+00:00,0.0,0.0,9.15
2020-04-25 20:00:00+00:00,0.0,0.0,8.14
2020-04-25 21:00:00+00:00,0.0,0.0,7.38
2020-04-25 22:00:00+00:00,0.0,0.0,6.79
2020-04-25 23:00:00+00:00,0.0,0.0,6.29
2020-04-26 00:00:00+00:00,0.0,0.0,5.88
2020-04-26 01:00:00+00:00,0.0,0.0,5.48
2020-04-26 02:00:00+00:00,0.0,0.0,5.08
2020-04-26 03:00:00+00:00,0.0,0.0,4.59
2020-04-26 04:00:00+00:00,0.0,0.0,3.99
2020-04-26 05:00:00+00:00,0.01718,32.58,3.53
2020-04-26 06:00:00+00:00,0.09973,136.58,5.72
2020-04-26 07:00:00+00:00,0.14849,187.47,7.89
2020-04-26 08:00:00+00:00,0.25402,309.34,9.36
2020-04-26 09:00:00+00:00,0.66063,823.93,10.43
2020-04-26 10:00:00+00:00,0.7584,975.36,11.61
2020-04-26 11:00:00+00:00,0.8081699999999999,1049.15,12.7
2020-04-26 12:00:00+00:00,0.8254900000000001,1067.43,13.63
2020-04-26 13:00:00+00:00,0.7799400000000001,991.86,14.31
2020-04-26 14:00:00+00:00,0.6903400000000001,858.64,14.6
2020-04-26 15:00:00+00:00,0.52866,646.29,14.55
2020-04-26 16:00:00+00:00,0.33182,415.55,14.15
2020-04-26 17:00:00+00:00,0.12259,190.65,13.45
2020-04-26 18:00:00+00:00,0.01443,29.87,12.47
2020-04-26 19:00:00+00:00,0.0,0.0,10.77
2020-04-26 20:00:00+00:00,0.0,0.0,9.57
2020-04-26 21:00:00+00:00,0.0,0.0,8.42
2020-04-26 22:00:00+00:00,0.0,0.0,8.82
2020-04-26 23:00:00+00:00,0.0,0.0,7.5
2020-04-27 00:00:00+00:00,0.0,0.0,6.57
2020-04-27 01:00:00+00:00,0.0,0.0,5.89
2020-04-27 02:00:00+00:00,0.0,0.0,4.84
2020-04-27 03:00:00+00:00,0.0,0.0,4.5
2020-04-27 04:00:00+00:00,0.0,0.0,4.42
2020-04-27 05:00:00+00:00,0.01572,30.77,4.74
2020-04-27 06:00:00+00:00,0.1256,185.3,7.4
2020-04-27 07:00:00+00:00,0.32506,402.25,10.96
2020-04-27 08:00:00+00:00,0.51425,626.32,13.21
2020-04-27 09:00:00+00:00,0.65931,814.83,14.99
2020-04-27 10:00:00+00:00,0.77122,969.34,16.28
2020-04-27 11:00:00+00:00,0.80589,1023.43,17.26
2020-04-27 12:00:00+00:00,0.8128200000000001,1035.73,17.94
2020-04-27 13:00:00+00:00,0.75862,955.97,18.13
2020-04-27 14:00:00+00:00,0.6120599999999999,753.83,17.53
2020-04-27 15:00:00+00:00,0.4588,559.55,16.47
2020-04-27 16:00:00+00:00,0.29607,370.81,15.31
2020-04-27 17:00:00+00:00,0.11772,176.31,14.07
2020-04-27 18:00:00+00:00,0.01835,35.3,12.86
2020-04-27 19:00:00+00:00,0.0,0.0,11.88
2020-04-27 20:00:00+00:00,0.0,0.0,10.61
2020-04-27 21:00:00+00:00,0.0,0.0,9.81
2020-04-27 22:00:00+00:00,0.0,0.0,9.36
2020-04-27 23:00:00+00:00,0.0,0.0,9.27
2020-04-28 00:00:00+00:00,0.0,0.0,9.19
2020-04-28 01:00:00+00:00,0.0,0.0,9.07
2020-04-28 02:00:00+00:00,0.0,0.0,8.94
2020-04-28 03:00:00+00:00,0.0,0.0,8.77
2020-04-28 04:00:00+00:00,0.0,0.0,8.65
2020-04-28 05:00:00+00:00,0.00191,9.96,8.77
2020-04-28 06:00:00+00:00,0.03251,52.97,9.28
2020-04-28 07:00:00+00:00,0.0779,106.9,9.21
2020-04-28 08:00:00+00:00,0.05445,79.46,9.2
2020-04-28 09:00:00+00:00,0.10513,138.11,9.56
2020-04-28 10:00:00+00:00,0.1009,133.38,9.74
2020-04-28 11:00:00+00:00,0.10815,141.9,10.11
2020-04-28 12:00:00+00:00,0.11051,144.73,10.19
2020-04-28 13:00:00+00:00,0.06776,95.54,10.54
2020-04-28 14:00:00+00:00,0.04765,71.89,11.17
2020-04-28 15:00:00+00:00,0.03221,52.97,11.11
2020-04-28 16:00:00+00:00,0.03071,51.08,11.08
2020-04-28 17:00:00+00:00,0.03227,52.97,10.78
2020-04-28 18:00:00+00:00,0.01859,35.3,10.41
2020-04-28 19:00:00+00:00,0.0,0.0,10.27
2020-04-28 20:00:00+00:00,0.0,0.0,9.94
2020-04-28 21:00:00+00:00,0.0,0.0,9.76
2020-04-28 22:00:00+00:00,0.0,0.0,9.39
2020-04-28 23:00:00+00:00,0.0,0.0,9.4
2020-04-29 00:00:00+00:00,0.0,0.0,9.31
2020-04-29 01:00:00+00:00,0.0,0.0,9.52
2020-04-29 02:00:00+00:00,0.0,0.0,9.8
2020-04-29 03:00:00+00:00,0.0,0.0,9.95
2020-04-29 04:00:00+00:00,0.0,0.0,10.13
2020-04-29 05:00:00+00:00,0.02204,39.82,10.2
2020-04-29 06:00:00+00:00,0.08562,118.63,10.36
2020-04-29 07:00:00+00:00,0.0643799999999999,91.76,10.58
2020-04-29 08:00:00+00:00,0.09998,133.38,11.21
2020-04-29 09:00:00+00:00,0.0933499999999999,125.82,11.79
2020-04-29 10:00:00+00:00,0.10649,140.95,11.86
2020-04-29 11:00:00+00:00,0.42028,503.19,12.99
2020-04-29 12:00:00+00:00,0.47938,574.86,13.84
2020-04-29 13:00:00+00:00,0.7187100000000001,872.0,14.64
2020-04-29 14:00:00+00:00,0.5791900000000001,703.45,14.76
2020-04-29 15:00:00+00:00,0.3223,396.62,15.06
2020-04-29 16:00:00+00:00,0.03818,61.49,15.46
2020-04-29 17:00:00+00:00,0.04211,66.22,14.91
2020-04-29 18:00:00+00:00,0.0042699999999999,14.48,13.56
2020-04-29 19:00:00+00:00,0.0,0.0,12.71
2020-04-29 20:00:00+00:00,0.0,0.0,11.53
2020-04-29 21:00:00+00:00,0.0,0.0,10.8
2020-04-29 22:00:00+00:00,0.0,0.0,10.18
2020-04-29 23:00:00+00:00,0.0,0.0,9.92
2020-04-30 00:00:00+00:00,0.0,0.0,9.66
2020-04-30 01:00:00+00:00,0.0,0.0,9.37
2020-04-30 02:00:00+00:00,0.0,0.0,9.21
2020-04-30 03:00:00+00:00,0.0,0.0,9.19
2020-04-30 04:00:00+00:00,0.0,0.0,9.33
2020-04-30 05:00:00+00:00,0.02287,40.73,9.22
2020-04-30 06:00:00+00:00,0.13644,204.38,9.42
2020-04-30 07:00:00+00:00,0.31177,376.32,9.62
2020-04-30 08:00:00+00:00,0.43773,512.45,10.37
2020-04-30 09:00:00+00:00,0.45571,536.2,11.39
2020-04-30 10:00:00+00:00,0.4966399999999999,588.09,12.22
2020-04-30 11:00:00+00:00,0.65724,787.65,13.17
2020-04-30 12:00:00+00:00,0.57794,694.83,14.09
2020-04-30 13:00:00+00:00,0.5752,693.19,14.76
2020-04-30 14:00:00+00:00,0.61512,741.16,15.12
2020-04-30 15:00:00+00:00,0.44705,539.79,15.35
2020-04-30 16:00:00+00:00,0.34697,432.98,15.25
2020-04-30 17:00:00+00:00,0.09576,134.02,13.63
2020-04-30 18:00:00+00:00,0.00432,14.48,12.02
2020-04-30 19:00:00+00:00,0.0,0.0,11.07
2020-04-30 20:00:00+00:00,0.0,0.0,10.03
2020-04-30 21:00:00+00:00,0.0,0.0,9.56
2020-04-30 22:00:00+00:00,0.0,0.0,9.34
2020-04-30 23:00:00+00:00,0.0,0.0,9.07
2020-05-01 00:00:00+00:00,0.0,0.0,8.88
2020-05-01 01:00:00+00:00,0.0,0.0,8.53
2020-05-01 02:00:00+00:00,0.0,0.0,8.45
2020-05-01 03:00:00+00:00,0.0,0.0,8.21
2020-05-01 04:00:00+00:00,0.0,0.0,8.07
2020-05-01 05:00:00+00:00,0.01884,35.3,8.01
2020-05-01 06:00:00+00:00,0.09222,125.51,8.53
2020-05-01 07:00:00+00:00,0.20781,254.78,9.46
2020-05-01 08:00:00+00:00,0.04237,65.27,10.52
2020-05-01 09:00:00+00:00,0.35981,427.89,11.61
2020-05-01 10:00:00+00:00,0.13448,173.11,12.43
2020-05-01 11:00:00+00:00,0.31407,378.25,12.67
2020-05-01 12:00:00+00:00,0.35317,422.64,12.42
2020-05-01 13:00:00+00:00,0.6929,827.14,13.05
2020-05-01 14:00:00+00:00,0.62525,741.46,12.81
2020-05-01 15:00:00+00:00,0.47861,568.87,13.06
2020-05-01 16:00:00+00:00,0.32586,399.79,12.69
2020-05-01 17:00:00+00:00,0.12518,183.18,12.48
2020-05-01 18:00:00+00:00,0.01779,34.39,11.84
2020-05-01 19:00:00+00:00,0.0,0.0,10.87
2020-05-01 20:00:00+00:00,0.0,0.0,9.99
2020-05-01 21:00:00+00:00,0.0,0.0,9.6
2020-05-01 22:00:00+00:00,0.0,0.0,9.24
2020-05-01 23:00:00+00:00,0.0,0.0,9.22
2020-05-02 00:00:00+00:00,0.0,0.0,9.05
2020-05-02 01:00:00+00:00,0.0,0.0,8.95
2020-05-02 02:00:00+00:00,0.0,0.0,9.03
2020-05-02 03:00:00+00:00,0.0,0.0,8.9
2020-05-02 04:00:00+00:00,0.0,0.0,8.85
2020-05-02 05:00:00+00:00,0.02014,37.11,8.65
2020-05-02 06:00:00+00:00,0.12511,171.82,8.93
2020-05-02 07:00:00+00:00,0.1441899999999999,182.25,9.03
2020-05-02 08:00:00+00:00,0.19341,237.83,9.44
2020-05-02 09:00:00+00:00,0.41401,490.57,10.2
2020-05-02 10:00:00+00:00,0.48467,576.19,11.23
2020-05-02 11:00:00+00:00,0.64493,771.66,11.99
2020-05-02 12:00:00+00:00,0.68096,812.48,11.73
2020-05-02 13:00:00+00:00,0.64798,769.66,11.94
2020-05-02 14:00:00+00:00,0.6758,801.48,12.15
2020-05-02 15:00:00+00:00,0.45411,539.29,12.44
2020-05-02 16:00:00+00:00,0.30989,380.09,12.43
2020-05-02 17:00:00+00:00,0.13126,197.18,12.16
2020-05-02 18:00:00+00:00,0.0205,38.01,11.72
2020-05-02 19:00:00+00:00,0.0,0.0,10.58
2020-05-02 20:00:00+00:00,0.0,0.0,9.63
2020-05-02 21:00:00+00:00,0.0,0.0,9.14
2020-05-02 22:00:00+00:00,0.0,0.0,8.78
2020-05-02 23:00:00+00:00,0.0,0.0,8.49
2020-05-03 00:00:00+00:00,0.0,0.0,8.44
2020-05-03 01:00:00+00:00,0.0,0.0,8.45
2020-05-03 02:00:00+00:00,0.0,0.0,8.53
2020-05-03 03:00:00+00:00,0.0,0.0,8.55
2020-05-03 04:00:00+00:00,0.0,0.0,8.55
2020-05-03 05:00:00+00:00,0.00495,15.39,8.8
2020-05-03 06:00:00+00:00,0.05177,76.62,10.01
2020-05-03 07:00:00+00:00,0.18048,227.02,10.91
2020-05-03 08:00:00+00:00,0.25676,315.89,12.18
2020-05-03 09:00:00+00:00,0.42693,521.33,13.26
2020-05-03 10:00:00+00:00,0.68571,855.14,14.18
2020-05-03 11:00:00+00:00,0.72035,902.27,14.58
2020-05-03 12:00:00+00:00,0.33235,408.52,14.53
2020-05-03 13:00:00+00:00,0.26517,329.17,14.57
2020-05-03 14:00:00+00:00,0.23418,293.09,14.48
2020-05-03 15:00:00+00:00,0.27858,346.01,14.43
2020-05-03 16:00:00+00:00,0.1886399999999999,241.92,14.48
2020-05-03 17:00:00+00:00,0.07165,103.01,14.39
2020-05-03 18:00:00+00:00,0.00229,10.86,13.87
2020-05-03 19:00:00+00:00,0.0,0.0,12.42
2020-05-03 20:00:00+00:00,0.0,0.0,11.68
2020-05-03 21:00:00+00:00,0.0,0.0,11.32
2020-05-03 22:00:00+00:00,0.0,0.0,11.09
2020-05-03 23:00:00+00:00,0.0,0.0,10.84
2020-05-04 00:00:00+00:00,0.0,0.0,10.64
2020-05-04 01:00:00+00:00,0.0,0.0,10.42
2020-05-04 02:00:00+00:00,0.0,0.0,10.21
2020-05-04 03:00:00+00:00,0.0,0.0,10.05
2020-05-04 04:00:00+00:00,0.0,0.0,9.86
2020-05-04 05:00:00+00:00,0.00836,20.82,9.61
2020-05-04 06:00:00+00:00,0.07786,107.81,9.56
2020-05-04 07:00:00+00:00,0.2901499999999999,354.32,10.23
2020-05-04 08:00:00+00:00,0.54831,656.23,10.92
2020-05-04 09:00:00+00:00,0.69609,844.84,11.92
2020-05-04 10:00:00+00:00,0.78471,969.65,13.41
2020-05-04 11:00:00+00:00,0.84254,1059.01,14.44
2020-05-04 12:00:00+00:00,0.8547100000000001,1075.94,14.87
2020-05-04 13:00:00+00:00,0.7689400000000001,952.29,15.19
2020-05-04 14:00:00+00:00,0.6631699999999999,805.71,15.19
2020-05-04 15:00:00+00:00,0.48574,583.06,14.53
2020-05-04 16:00:00+00:00,0.33736,415.07,13.53
2020-05-04 17:00:00+00:00,0.1347,203.6,12.58
2020-05-04 18:00:00+00:00,0.02191,39.82,11.49
2020-05-04 19:00:00+00:00,0.0,0.0,10.37
2020-05-04 20:00:00+00:00,0.0,0.0,9.31
2020-05-04 21:00:00+00:00,0.0,0.0,8.61
2020-05-04 22:00:00+00:00,0.0,0.0,8.02
2020-05-04 23:00:00+00:00,0.0,0.0,7.44
2020-05-05 00:00:00+00:00,0.0,0.0,6.91
2020-05-05 01:00:00+00:00,0.0,0.0,6.49
2020-05-05 02:00:00+00:00,0.0,0.0,6.12
2020-05-05 03:00:00+00:00,0.0,0.0,5.74
2020-05-05 04:00:00+00:00,0.0,0.0,5.34
2020-05-05 05:00:00+00:00,0.0219,38.92,5.36
2020-05-05 06:00:00+00:00,0.15309,220.23,6.28
2020-05-05 07:00:00+00:00,0.37445,447.57,7.57
2020-05-05 08:00:00+00:00,0.55229,647.92,8.82
2020-05-05 09:00:00+00:00,0.72376,863.61,10.11
2020-05-05 10:00:00+00:00,0.82736,1008.38,11.28
2020-05-05 11:00:00+00:00,0.78531,964.32,12.21
2020-05-05 12:00:00+00:00,0.86468,1079.08,12.92
2020-05-05 13:00:00+00:00,0.79877,991.31,13.45
2020-05-05 14:00:00+00:00,0.7172200000000001,876.39,13.78
2020-05-05 15:00:00+00:00,0.5661799999999999,680.71,13.64
2020-05-05 16:00:00+00:00,0.36149,444.77,13.15
2020-05-05 17:00:00+00:00,0.13962,211.74,12.25
2020-05-05 18:00:00+00:00,0.0240599999999999,42.54,10.94
2020-05-05 19:00:00+00:00,0.0,0.0,10.52
2020-05-05 20:00:00+00:00,0.0,0.0,9.26
2020-05-05 21:00:00+00:00,0.0,0.0,8.47
2020-05-05 22:00:00+00:00,0.0,0.0,7.99
2020-05-05 23:00:00+00:00,0.0,0.0,7.62
2020-05-06 00:00:00+00:00,0.0,0.0,7.22
2020-05-06 01:00:00+00:00,0.0,0.0,6.78
2020-05-06 02:00:00+00:00,0.0,0.0,6.34
2020-05-06 03:00:00+00:00,0.0,0.0,5.93
2020-05-06 04:00:00+00:00,0.0,0.0,5.54
2020-05-06 05:00:00+00:00,0.0247,42.54,5.62
2020-05-06 06:00:00+00:00,0.1504,216.0,6.98
2020-05-06 07:00:00+00:00,0.36655,444.72,8.86
2020-05-06 08:00:00+00:00,0.5561499999999999,668.05,10.77
2020-05-06 09:00:00+00:00,0.6842699999999999,843.6,12.55
2020-05-06 10:00:00+00:00,0.78518,997.56,13.96
2020-05-06 11:00:00+00:00,0.81841,1055.76,14.77
2020-05-06 12:00:00+00:00,0.8178200000000001,1060.01,15.39
2020-05-06 13:00:00+00:00,0.7704500000000001,985.05,15.78
2020-05-06 14:00:00+00:00,0.67588,845.76,16.01
2020-05-06 15:00:00+00:00,0.53537,656.92,15.89
2020-05-06 16:00:00+00:00,0.34638,432.75,15.32
2020-05-06 17:00:00+00:00,0.13644,206.36,14.35
2020-05-06 18:00:00+00:00,0.02378,42.54,13.05
2020-05-06 19:00:00+00:00,0.0,0.0,11.61
2020-05-06 20:00:00+00:00,0.0,0.0,10.17
2020-05-06 21:00:00+00:00,0.0,0.0,9.16
2020-05-06 22:00:00+00:00,0.0,0.0,8.37
2020-05-06 23:00:00+00:00,0.0,0.0,7.7
2020-05-07 00:00:00+00:00,0.0,0.0,7.1
2020-05-07 01:00:00+00:00,0.0,0.0,6.57
2020-05-07 02:00:00+00:00,0.0,0.0,6.01
2020-05-07 03:00:00+00:00,0.0,0.0,5.34
2020-05-07 04:00:00+00:00,0.0,0.0,4.69
2020-05-07 05:00:00+00:00,0.02621,44.35,4.82
2020-05-07 06:00:00+00:00,0.15243,220.7,7.69
2020-05-07 07:00:00+00:00,0.3606999999999999,445.03,10.11
2020-05-07 08:00:00+00:00,0.53622,662.87,12.39
2020-05-07 09:00:00+00:00,0.65667,840.37,14.44
2020-05-07 10:00:00+00:00,0.7285499999999999,968.9,15.96
2020-05-07 11:00:00+00:00,0.77815,1050.72,16.91
2020-05-07 12:00:00+00:00,0.76797,1029.08,17.52
2020-05-07 13:00:00+00:00,0.7030299999999999,924.38,17.96
2020-05-07 14:00:00+00:00,0.6235,800.11,18.18
2020-05-07 15:00:00+00:00,0.44285,552.85,17.98
2020-05-07 16:00:00+00:00,0.27612,350.48,17.58
2020-05-07 17:00:00+00:00,0.12195,173.55,16.83
2020-05-07 18:00:00+00:00,0.02545,45.25,15.87
2020-05-07 19:00:00+00:00,0.0,0.0,14.36
2020-05-07 20:00:00+00:00,0.0,0.0,13.03
2020-05-07 21:00:00+00:00,0.0,0.0,11.76
2020-05-07 22:00:00+00:00,0.0,0.0,10.26
2020-05-07 23:00:00+00:00,0.0,0.0,9.64
2020-05-08 00:00:00+00:00,0.0,0.0,9.88
2020-05-08 01:00:00+00:00,0.0,0.0,10.23
2020-05-08 02:00:00+00:00,0.0,0.0,10.23
2020-05-08 03:00:00+00:00,0.0,0.0,9.77
2020-05-08 04:00:00+00:00,0.0,0.0,8.49
2020-05-08 05:00:00+00:00,0.03177,51.94,7.82
2020-05-08 06:00:00+00:00,0.1477,213.82,10.65
2020-05-08 07:00:00+00:00,0.3462699999999999,437.28,13.96
2020-05-08 08:00:00+00:00,0.5144,646.46,16.32
2020-05-08 09:00:00+00:00,0.6360800000000001,820.05,17.86
2020-05-08 10:00:00+00:00,0.7206,962.35,18.94
2020-05-08 11:00:00+00:00,0.73926,1005.11,19.71
2020-05-08 12:00:00+00:00,0.49989,645.19,20.19
2020-05-08 13:00:00+00:00,0.52526,676.59,20.37
2020-05-08 14:00:00+00:00,0.34408,436.57,20.52
2020-05-08 15:00:00+00:00,0.47801,600.16,20.28
2020-05-08 16:00:00+00:00,0.28201,360.33,19.52
2020-05-08 17:00:00+00:00,0.12163,174.89,18.54
2020-05-08 18:00:00+00:00,0.02388,43.44,17.52
2020-05-08 19:00:00+00:00,0.0,0.0,16.19
2020-05-08 20:00:00+00:00,0.0,0.0,14.73
2020-05-08 21:00:00+00:00,0.0,0.0,13.84
2020-05-08 22:00:00+00:00,0.0,0.0,13.32
2020-05-08 23:00:00+00:00,0.0,0.0,12.77
2020-05-09 00:00:00+00:00,0.0,0.0,12.33
2020-05-09 01:00:00+00:00,0.0,0.0,11.82
2020-05-09 02:00:00+00:00,0.0,0.0,11.38
2020-05-09 03:00:00+00:00,0.0,0.0,11.09
2020-05-09 04:00:00+00:00,0.0,0.0,10.74
2020-05-09 05:00:00+00:00,0.03202,52.82,10.9
2020-05-09 06:00:00+00:00,0.13925,193.93,12.6
2020-05-09 07:00:00+00:00,0.30857,386.14,15.39
2020-05-09 08:00:00+00:00,0.52496,649.98,17.54
2020-05-09 09:00:00+00:00,0.66261,833.09,19.41
2020-05-09 10:00:00+00:00,0.76159,971.39,20.61
2020-05-09 11:00:00+00:00,0.8161499999999999,1052.99,21.34
2020-05-09 12:00:00+00:00,0.81626,1057.03,22.05
2020-05-09 13:00:00+00:00,0.75858,976.68,22.51
2020-05-09 14:00:00+00:00,0.6578200000000001,837.87,22.79
2020-05-09 15:00:00+00:00,0.51381,648.52,22.84
2020-05-09 16:00:00+00:00,0.32687,422.56,22.45
2020-05-09 17:00:00+00:00,0.13338,205.87,21.51
2020-05-09 18:00:00+00:00,0.02632,47.06,19.87
2020-05-09 19:00:00+00:00,0.0,0.0,18.18
2020-05-09 20:00:00+00:00,0.0,0.0,16.97
2020-05-09 21:00:00+00:00,0.0,0.0,16.32
2020-05-09 22:00:00+00:00,0.0,0.0,15.95
2020-05-09 23:00:00+00:00,0.0,0.0,15.67
2020-05-10 00:00:00+00:00,0.0,0.0,15.39
2020-05-10 01:00:00+00:00,0.0,0.0,15.02
2020-05-10 02:00:00+00:00,0.0,0.0,14.5
2020-05-10 03:00:00+00:00,0.0,0.0,14.13
2020-05-10 04:00:00+00:00,0.0,0.0,13.55
2020-05-10 05:00:00+00:00,0.02837,48.75,13.75
2020-05-10 06:00:00+00:00,0.11825,162.99,14.57
2020-05-10 07:00:00+00:00,0.20914,265.15,14.78
2020-05-10 08:00:00+00:00,0.42161,520.22,15.27
2020-05-10 09:00:00+00:00,0.62627,784.15,16.43
2020-05-10 10:00:00+00:00,0.43082,532.26,17.08
2020-05-10 11:00:00+00:00,0.39468,486.14,17.36
2020-05-10 12:00:00+00:00,0.28942,358.53,17.02
2020-05-10 13:00:00+00:00,0.38186,464.94,16.39
2020-05-10 14:00:00+00:00,0.26824,328.46,14.77
2020-05-10 15:00:00+00:00,0.09362,126.76,13.63
2020-05-10 16:00:00+00:00,0.05684,83.25,12.74
2020-05-10 17:00:00+00:00,0.01414,29.33,11.6
2020-05-10 18:00:00+00:00,0.01795,34.39,10.39
2020-05-10 19:00:00+00:00,0.0,0.0,9.32
2020-05-10 20:00:00+00:00,0.0,0.0,8.69
2020-05-10 21:00:00+00:00,0.0,0.0,8.19
2020-05-10 22:00:00+00:00,0.0,0.0,7.97
2020-05-10 23:00:00+00:00,0.0,0.0,7.92
2020-05-11 00:00:00+00:00,0.0,0.0,7.89
2020-05-11 01:00:00+00:00,0.0,0.0,7.84
2020-05-11 02:00:00+00:00,0.0,0.0,7.55
2020-05-11 03:00:00+00:00,0.0,0.0,7.2
2020-05-11 04:00:00+00:00,0.0,0.0,6.87
2020-05-11 05:00:00+00:00,0.03259,54.22,6.88
2020-05-11 06:00:00+00:00,0.1641699999999999,229.14,7.3
2020-05-11 07:00:00+00:00,0.35805,423.72,8.17
2020-05-11 08:00:00+00:00,0.56752,654.34,8.81
2020-05-11 09:00:00+00:00,0.64722,748.38,9.66
2020-05-11 10:00:00+00:00,0.68541,797.37,10.38
2020-05-11 11:00:00+00:00,0.7027100000000001,822.4,11.17
2020-05-11 12:00:00+00:00,0.66935,784.28,11.49
2020-05-11 13:00:00+00:00,0.75993,891.28,11.46
2020-05-11 14:00:00+00:00,0.7436499999999999,868.23,11.25
2020-05-11 15:00:00+00:00,0.53147,619.63,11.03
2020-05-11 16:00:00+00:00,0.27349,330.23,10.55
2020-05-11 17:00:00+00:00,0.13237,177.8,9.9
2020-05-11 18:00:00+00:00,0.02643,45.25,9.17
2020-05-11 19:00:00+00:00,0.0,0.0,8.31
2020-05-11 20:00:00+00:00,0.0,0.0,7.61
2020-05-11 21:00:00+00:00,0.0,0.0,7.15
2020-05-11 22:00:00+00:00,0.0,0.0,6.78
2020-05-11 23:00:00+00:00,0.0,0.0,6.51
2020-05-12 00:00:00+00:00,0.0,0.0,6.26
2020-05-12 01:00:00+00:00,0.0,0.0,6.25
2020-05-12 02:00:00+00:00,0.0,0.0,6.33
2020-05-12 03:00:00+00:00,0.0,0.0,6.21
2020-05-12 04:00:00+00:00,0.0,0.0,5.84
2020-05-12 05:00:00+00:00,0.04017,62.33,6.36
2020-05-12 06:00:00+00:00,0.16218,229.78,7.95
2020-05-12 07:00:00+00:00,0.11791,152.46,8.16
2020-05-12 08:00:00+00:00,0.36292,433.34,8.98
2020-05-12 09:00:00+00:00,0.28716,346.11,9.62
2020-05-12 10:00:00+00:00,0.28184,340.44,10.04
2020-05-12 11:00:00+00:00,0.6283099999999999,752.73,10.18
2020-05-12 12:00:00+00:00,0.58286,695.98,10.43
2020-05-12 13:00:00+00:00,0.7486,903.1,10.73
2020-05-12 14:00:00+00:00,0.6841799999999999,818.91,10.8
2020-05-12 15:00:00+00:00,0.54874,653.29,11.04
2020-05-12 16:00:00+00:00,0.35785,436.78,10.87
2020-05-12 17:00:00+00:00,0.14942,221.65,10.75
2020-05-12 18:00:00+00:00,0.02623,45.25,10.24
2020-05-12 19:00:00+00:00,0.0,0.0,9.44
2020-05-12 20:00:00+00:00,0.0,0.0,8.61
2020-05-12 21:00:00+00:00,0.0,0.0,8.03
2020-05-12 22:00:00+00:00,0.0,0.0,7.6
2020-05-12 23:00:00+00:00,0.0,0.0,7.57
2020-05-13 00:00:00+00:00,0.0,0.0,7.3
2020-05-13 01:00:00+00:00,0.0,0.0,6.83
2020-05-13 02:00:00+00:00,0.0,0.0,6.58
2020-05-13 03:00:00+00:00,0.0,0.0,6.15
2020-05-13 04:00:00+00:00,0.0,0.0,5.92
2020-05-13 05:00:00+00:00,0.01995,41.14,6.23
2020-05-13 06:00:00+00:00,0.1515399999999999,204.42,8.73
2020-05-13 07:00:00+00:00,0.23541,288.06,9.61
2020-05-13 08:00:00+00:00,0.31601,378.07,9.71
2020-05-13 09:00:00+00:00,0.29725,356.81,10.22
2020-05-13 10:00:00+00:00,0.59489,702.7,9.98
2020-05-13 11:00:00+00:00,0.73033,869.73,10.54
2020-05-13 12:00:00+00:00,0.67099,796.28,10.73
2020-05-13 13:00:00+00:00,0.49632,585.7,10.75
2020-05-13 14:00:00+00:00,0.68167,802.5,10.77
2020-05-13 15:00:00+00:00,0.50324,589.55,10.65
2020-05-13 16:00:00+00:00,0.22818,278.37,10.48
2020-05-13 17:00:00+00:00,0.1530099999999999,220.96,9.93
2020-05-13 18:00:00+00:00,0.0358599999999999,57.02,9.16
2020-05-13 19:00:00+00:00,0.0,0.0,8.68
2020-05-13 20:00:00+00:00,0.0,0.0,8.09
2020-05-13 21:00:00+00:00,0.0,0.0,7.6
2020-05-13 22:00:00+00:00,0.0,0.0,7.17
2020-05-13 23:00:00+00:00,0.0,0.0,6.68
2020-05-14 00:00:00+00:00,0.0,0.0,6.11
2020-05-14 01:00:00+00:00,0.0,0.0,5.8
2020-05-14 02:00:00+00:00,0.0,0.0,5.56
2020-05-14 03:00:00+00:00,0.0,0.0,5.79
2020-05-14 04:00:00+00:00,0.0,0.0,6.02
2020-05-14 05:00:00+00:00,0.01851,40.29,6.33
2020-05-14 06:00:00+00:00,0.16741,236.31,7.38
2020-05-14 07:00:00+00:00,0.35235,421.87,8.46
2020-05-14 08:00:00+00:00,0.45386,534.7,9.37
2020-05-14 09:00:00+00:00,0.47046,558.36,10.34
2020-05-14 10:00:00+00:00,0.30266,364.72,10.75
2020-05-14 11:00:00+00:00,0.3554,426.93,11.23
2020-05-14 12:00:00+00:00,0.43325,519.32,11.65
2020-05-14 13:00:00+00:00,0.57033,683.25,11.87
2020-05-14 14:00:00+00:00,0.56812,676.26,11.81
2020-05-14 15:00:00+00:00,0.50103,592.9,11.47
2020-05-14 16:00:00+00:00,0.35818,434.03,11.03
2020-05-14 17:00:00+00:00,0.1534499999999999,223.02,10.33
2020-05-14 18:00:00+00:00,0.02707,46.16,9.54
2020-05-14 19:00:00+00:00,0.0,0.0,8.47
2020-05-14 20:00:00+00:00,0.0,0.0,7.46
2020-05-14 21:00:00+00:00,0.0,0.0,6.71
2020-05-14 22:00:00+00:00,0.0,0.0,6.23
2020-05-14 23:00:00+00:00,0.0,0.0,5.82
2020-05-15 00:00:00+00:00,0.0,0.0,5.45
2020-05-15 01:00:00+00:00,0.0,0.0,5.08
2020-05-15 02:00:00+00:00,0.0,0.0,4.74
2020-05-15 03:00:00+00:00,0.0,0.0,4.4
2020-05-15 04:00:00+00:00,0.0,0.0,4.04
2020-05-15 05:00:00+00:00,0.01876,41.17,4.27
2020-05-15 06:00:00+00:00,0.1674199999999999,237.96,6.81
2020-05-15 07:00:00+00:00,0.37953,461.14,8.34
2020-05-15 08:00:00+00:00,0.57301,687.57,9.83
2020-05-15 09:00:00+00:00,0.66434,809.5,10.97
2020-05-15 10:00:00+00:00,0.72065,891.68,11.86
2020-05-15 11:00:00+00:00,0.83289,1046.12,12.86
2020-05-15 12:00:00+00:00,0.84076,1050.19,13.2
2020-05-15 13:00:00+00:00,0.79877,983.88,13.4
2020-05-15 14:00:00+00:00,0.70475,852.17,13.18
2020-05-15 15:00:00+00:00,0.55636,666.93,12.9
2020-05-15 16:00:00+00:00,0.35898,442.01,12.72
2020-05-15 17:00:00+00:00,0.15168,222.32,12.55
2020-05-15 18:00:00+00:00,0.0160799999999999,32.48,12.13
2020-05-15 19:00:00+00:00,0.0,0.0,11.23
2020-05-15 20:00:00+00:00,0.0,0.0,9.85
2020-05-15 21:00:00+00:00,0.0,0.0,8.53
2020-05-15 22:00:00+00:00,0.0,0.0,7.81
2020-05-15 23:00:00+00:00,0.0,0.0,7.09
2020-05-16 00:00:00+00:00,0.0,0.0,6.67
2020-05-16 01:00:00+00:00,0.0,0.0,6.77
2020-05-16 02:00:00+00:00,0.0,0.0,7.36
2020-05-16 03:00:00+00:00,0.0,0.0,8.0
2020-05-16 04:00:00+00:00,0.0,0.0,8.76
2020-05-16 05:00:00+00:00,0.0391199999999999,64.33,9.22
2020-05-16 06:00:00+00:00,0.12593,166.9,10.57
2020-05-16 07:00:00+00:00,0.32277,393.5,11.45
2020-05-16 08:00:00+00:00,0.53347,638.54,12.54
2020-05-16 09:00:00+00:00,0.43662,524.73,13.3
2020-05-16 10:00:00+00:00,0.42967,516.87,13.52
2020-05-16 11:00:00+00:00,0.71651,866.91,12.73
2020-05-16 12:00:00+00:00,0.7094199999999999,858.1,12.79
2020-05-16 13:00:00+00:00,0.65374,787.47,13.01
2020-05-16 14:00:00+00:00,0.40346,484.1,13.1
2020-05-16 15:00:00+00:00,0.44898,537.35,13.28
2020-05-16 16:00:00+00:00,0.31168,382.23,12.88
2020-05-16 17:00:00+00:00,0.1525999999999999,222.51,12.32
2020-05-16 18:00:00+00:00,0.02538,45.32,11.82
2020-05-16 19:00:00+00:00,0.0,0.0,10.96
2020-05-16 20:00:00+00:00,0.0,0.0,10.25
2020-05-16 21:00:00+00:00,0.0,0.0,9.72
2020-05-16 22:00:00+00:00,0.0,0.0,9.59
2020-05-16 23:00:00+00:00,0.0,0.0,9.41
2020-05-17 00:00:00+00:00,0.0,0.0,9.25
2020-05-17 01:00:00+00:00,0.0,0.0,9.27
2020-05-17 02:00:00+00:00,0.0,0.0,9.33
2020-05-17 03:00:00+00:00,0.0,0.0,9.32
2020-05-17 04:00:00+00:00,0.0,3.62,9.05
2020-05-17 05:00:00+00:00,0.02086,45.43,9.61
2020-05-17 06:00:00+00:00,0.16259,230.39,11.48
2020-05-17 07:00:00+00:00,0.36095,445.05,13.17
2020-05-17 08:00:00+00:00,0.54841,666.72,14.58
2020-05-17 09:00:00+00:00,0.6834600000000001,839.55,15.58
2020-05-17 10:00:00+00:00,0.77573,963.67,16.13
2020-05-17 11:00:00+00:00,0.8340299999999999,1043.06,16.31
2020-05-17 12:00:00+00:00,0.83701,1047.04,16.62
2020-05-17 13:00:00+00:00,0.78749,980.52,16.75
2020-05-17 14:00:00+00:00,0.6811,838.7,16.94
2020-05-17 15:00:00+00:00,0.5256000000000001,642.78,17.25
2020-05-17 16:00:00+00:00,0.34966,438.2,16.94
2020-05-17 17:00:00+00:00,0.14873,220.71,16.17
2020-05-17 18:00:00+00:00,0.02552,46.66,15.36
2020-05-17 19:00:00+00:00,0.0,0.0,14.08
2020-05-17 20:00:00+00:00,0.0,0.0,12.92
2020-05-17 21:00:00+00:00,0.0,0.0,12.09
2020-05-17 22:00:00+00:00,0.0,0.0,11.6
2020-05-17 23:00:00+00:00,0.0,0.0,11.14
2020-05-18 00:00:00+00:00,0.0,0.0,10.88
2020-05-18 01:00:00+00:00,0.0,0.0,10.61
2020-05-18 02:00:00+00:00,0.0,0.0,10.35
2020-05-18 03:00:00+00:00,0.0,0.0,10.09
2020-05-18 04:00:00+00:00,0.0,3.62,10.05
2020-05-18 05:00:00+00:00,0.03645,63.02,10.81
2020-05-18 06:00:00+00:00,0.15478,209.81,12.5
2020-05-18 07:00:00+00:00,0.3532,434.76,14.01
2020-05-18 08:00:00+00:00,0.55672,675.66,15.26
2020-05-18 09:00:00+00:00,0.7033200000000001,859.86,16.18
2020-05-18 10:00:00+00:00,0.80179,992.37,16.6
2020-05-18 11:00:00+00:00,0.8441000000000001,1054.39,17.16
2020-05-18 12:00:00+00:00,0.83931,1046.08,17.42
2020-05-18 13:00:00+00:00,0.7886599999999999,974.6,17.18
2020-05-18 14:00:00+00:00,0.69023,844.94,17.03
2020-05-18 15:00:00+00:00,0.54152,659.79,16.97
2020-05-18 16:00:00+00:00,0.22705,286.57,16.81
2020-05-18 17:00:00+00:00,0.15327,225.09,16.53
2020-05-18 18:00:00+00:00,0.04202,66.88,16.03
2020-05-18 19:00:00+00:00,0.0,0.0,15.06
2020-05-18 20:00:00+00:00,0.0,0.0,14.11
2020-05-18 21:00:00+00:00,0.0,0.0,13.61
2020-05-18 22:00:00+00:00,0.0,0.0,13.24
2020-05-18 23:00:00+00:00,0.0,0.0,13.07
2020-05-19 00:00:00+00:00,0.0,0.0,12.8
2020-05-19 01:00:00+00:00,0.0,0.0,12.77
2020-05-19 02:00:00+00:00,0.0,0.0,12.78
2020-05-19 03:00:00+00:00,0.0,0.0,12.4
2020-05-19 04:00:00+00:00,0.0,2.72,11.99
2020-05-19 05:00:00+00:00,0.04063,67.53,12.27
2020-05-19 06:00:00+00:00,0.14823,204.22,14.22
2020-05-19 07:00:00+00:00,0.3439,429.32,15.65
2020-05-19 08:00:00+00:00,0.52059,640.39,16.45
2020-05-19 09:00:00+00:00,0.67039,838.88,17.14
2020-05-19 10:00:00+00:00,0.7569199999999999,957.94,18.09
2020-05-19 11:00:00+00:00,0.80979,1031.64,18.41
2020-05-19 12:00:00+00:00,0.7559199999999999,958.08,18.63
2020-05-19 13:00:00+00:00,0.75897,957.49,18.76
2020-05-19 14:00:00+00:00,0.66839,830.2,18.58
2020-05-19 15:00:00+00:00,0.5324800000000001,654.4,18.14
2020-05-19 16:00:00+00:00,0.34706,436.48,17.5
2020-05-19 17:00:00+00:00,0.14855,220.84,16.68
2020-05-19 18:00:00+00:00,0.02357,45.57,15.84
2020-05-19 19:00:00+00:00,0.0,4.53,14.48
2020-05-19 20:00:00+00:00,0.0,0.0,13.77
2020-05-19 21:00:00+00:00,0.0,0.0,13.06
2020-05-19 22:00:00+00:00,0.0,0.0,12.21
2020-05-19 23:00:00+00:00,0.0,0.0,11.53
2020-05-20 00:00:00+00:00,0.0,0.0,11.11
2020-05-20 01:00:00+00:00,0.0,0.0,10.88
2020-05-20 02:00:00+00:00,0.0,0.0,11.19
2020-05-20 03:00:00+00:00,0.0,0.0,11.59
2020-05-20 04:00:00+00:00,0.0,1.81,11.76
2020-05-20 05:00:00+00:00,0.03031,51.05,12.54
2020-05-20 06:00:00+00:00,0.14556,200.08,13.96
2020-05-20 07:00:00+00:00,0.35178,446.54,16.01
2020-05-20 08:00:00+00:00,0.52846,657.12,17.62
2020-05-20 09:00:00+00:00,0.63766,797.23,18.87
2020-05-20 10:00:00+00:00,0.394,492.08,19.52
2020-05-20 11:00:00+00:00,0.5883400000000001,743.12,19.92
2020-05-20 12:00:00+00:00,0.5359299999999999,677.21,20.46
2020-05-20 13:00:00+00:00,0.4916999999999999,621.58,20.94
2020-05-20 14:00:00+00:00,0.5858,745.26,21.32
2020-05-20 15:00:00+00:00,0.46837,591.42,21.43
2020-05-20 16:00:00+00:00,0.32917,423.83,21.32
2020-05-20 17:00:00+00:00,0.14592,219.96,20.97
2020-05-20 18:00:00+00:00,0.02614,50.1,20.34
2020-05-20 19:00:00+00:00,0.0,5.43,19.42
2020-05-20 20:00:00+00:00,0.0,0.0,17.8
2020-05-20 21:00:00+00:00,0.0,0.0,16.75
2020-05-20 22:00:00+00:00,0.0,0.0,15.95
2020-05-20 23:00:00+00:00,0.0,0.0,15.31
2020-05-21 00:00:00+00:00,0.0,0.0,14.76
2020-05-21 01:00:00+00:00,0.0,0.0,14.3
2020-05-21 02:00:00+00:00,0.0,0.0,13.81
2020-05-21 03:00:00+00:00,0.0,0.0,13.33
2020-05-21 04:00:00+00:00,0.0,3.62,12.82
2020-05-21 05:00:00+00:00,0.04624,73.73,13.22
2020-05-21 06:00:00+00:00,0.15802,220.86,15.06
2020-05-21 07:00:00+00:00,0.3472099999999999,437.64,17.05
2020-05-21 08:00:00+00:00,0.51585,646.87,19.13
2020-05-21 09:00:00+00:00,0.64878,832.36,20.75
2020-05-21 10:00:00+00:00,0.71939,947.99,21.94
2020-05-21 11:00:00+00:00,0.7507699999999999,1013.42,23.0
2020-05-21 12:00:00+00:00,0.74742,1018.66,23.9
2020-05-21 13:00:00+00:00,0.70359,960.82,24.69
2020-05-21 14:00:00+00:00,0.6157999999999999,832.82,25.21
2020-05-21 15:00:00+00:00,0.48804,643.96,25.36
2020-05-21 16:00:00+00:00,0.32861,437.7,25.3
2020-05-21 17:00:00+00:00,0.14434,220.53,25.09
2020-05-21 18:00:00+00:00,0.03186,58.53,24.36
2020-05-21 19:00:00+00:00,0.0001799999999999,6.34,23.37
2020-05-21 20:00:00+00:00,0.0,0.0,21.04
2020-05-21 21:00:00+00:00,0.0,0.0,19.36
2020-05-21 22:00:00+00:00,0.0,0.0,18.5
2020-05-21 23:00:00+00:00,0.0,0.0,18.1
2020-05-22 00:00:00+00:00,0.0,0.0,18.03
2020-05-22 01:00:00+00:00,0.0,0.0,18.19
2020-05-22 02:00:00+00:00,0.0,0.0,18.47
2020-05-22 03:00:00+00:00,0.0,0.0,18.89
2020-05-22 04:00:00+00:00,0.0,2.72,19.28
2020-05-22 05:00:00+00:00,0.01158,26.49,19.77
2020-05-22 06:00:00+00:00,0.01741,35.0,20.5
2020-05-22 07:00:00+00:00,0.10336,142.88,21.29
2020-05-22 08:00:00+00:00,0.15727,207.73,21.72
2020-05-22 09:00:00+00:00,0.3150799999999999,395.88,22.2
2020-05-22 10:00:00+00:00,0.48197,597.8,21.72
2020-05-22 11:00:00+00:00,0.53373,660.43,20.88
2020-05-22 12:00:00+00:00,0.1968899999999999,251.95,19.47
2020-05-22 13:00:00+00:00,0.07955,112.57,18.15
2020-05-22 14:00:00+00:00,0.6366799999999999,771.66,17.95
2020-05-22 15:00:00+00:00,0.43994,534.9,18.97
2020-05-22 16:00:00+00:00,0.21558,273.82,19.1
2020-05-22 17:00:00+00:00,0.05752,86.08,18.54
2020-05-22 18:00:00+00:00,0.00297,12.3,17.47
2020-05-22 19:00:00+00:00,0.0,1.81,16.52
2020-05-22 20:00:00+00:00,0.0,0.0,15.54
2020-05-22 21:00:00+00:00,0.0,0.0,14.85
2020-05-22 22:00:00+00:00,0.0,0.0,14.26
2020-05-22 23:00:00+00:00,0.0,0.0,13.93
2020-05-23 00:00:00+00:00,0.0,0.0,13.73
2020-05-23 01:00:00+00:00,0.0,0.0,13.6
2020-05-23 02:00:00+00:00,0.0,0.0,13.45
2020-05-23 03:00:00+00:00,0.0,0.0,13.32
2020-05-23 04:00:00+00:00,0.0,2.72,13.17
2020-05-23 05:00:00+00:00,0.03585,65.24,13.26
2020-05-23 06:00:00+00:00,0.06847,97.44,13.57
2020-05-23 07:00:00+00:00,0.18218,228.91,13.81
2020-05-23 08:00:00+00:00,0.50845,605.16,14.33
2020-05-23 09:00:00+00:00,0.60668,726.42,15.33
2020-05-23 10:00:00+00:00,0.73499,890.45,16.15
2020-05-23 11:00:00+00:00,0.80164,978.33,16.8
2020-05-23 12:00:00+00:00,0.7758200000000001,942.79,16.93
2020-05-23 13:00:00+00:00,0.72175,873.64,17.23
2020-05-23 14:00:00+00:00,0.69711,838.68,17.19
2020-05-23 15:00:00+00:00,0.36236,439.27,17.06
2020-05-23 16:00:00+00:00,0.36102,444.66,16.65
2020-05-23 17:00:00+00:00,0.16033,233.95,16.34
2020-05-23 18:00:00+00:00,0.02189,46.55,15.41
2020-05-23 19:00:00+00:00,0.00227,10.86,14.93
2020-05-23 20:00:00+00:00,0.0,0.0,14.39
2020-05-23 21:00:00+00:00,0.0,0.0,14.03
2020-05-23 22:00:00+00:00,0.0,0.0,13.81
2020-05-23 23:00:00+00:00,0.0,0.0,13.65
2020-05-24 00:00:00+00:00,0.0,0.0,13.36
2020-05-24 01:00:00+00:00,0.0,0.0,12.97
2020-05-24 02:00:00+00:00,0.0,0.0,12.64
2020-05-24 03:00:00+00:00,0.0,0.0,12.36
2020-05-24 04:00:00+00:00,0.00186,9.96,12.02
2020-05-24 05:00:00+00:00,0.04611,74.9,12.3
2020-05-24 06:00:00+00:00,0.16474,228.2,13.08
2020-05-24 07:00:00+00:00,0.08801,120.14,13.21
2020-05-24 08:00:00+00:00,0.10266,137.17,13.27
2020-05-24 09:00:00+00:00,0.11667,153.25,13.2
2020-05-24 10:00:00+00:00,0.0764899999999999,106.9,13.7
2020-05-24 11:00:00+00:00,0.117,154.19,14.0
2020-05-24 12:00:00+00:00,0.10105,136.22,14.92
2020-05-24 13:00:00+00:00,0.07423,105.0,15.43
2020-05-24 14:00:00+00:00,0.11441,152.3,15.64
2020-05-24 15:00:00+00:00,0.08178,114.46,16.43
2020-05-24 16:00:00+00:00,0.19633,249.02,16.39
2020-05-24 17:00:00+00:00,0.09917,136.22,16.08
2020-05-24 18:00:00+00:00,0.02855,49.19,15.52
2020-05-24 19:00:00+00:00,0.0,2.72,14.6
2020-05-24 20:00:00+00:00,0.0,0.0,14.23
2020-05-24 21:00:00+00:00,0.0,0.0,14.14
2020-05-24 22:00:00+00:00,0.0,0.0,13.96
2020-05-24 23:00:00+00:00,0.0,0.0,13.93
2020-05-25 00:00:00+00:00,0.0,0.0,13.73
2020-05-25 01:00:00+00:00,0.0,0.0,13.32
2020-05-25 02:00:00+00:00,0.0,0.0,12.9
2020-05-25 03:00:00+00:00,0.0,0.0,12.75
2020-05-25 04:00:00+00:00,0.00185,9.96,12.35
2020-05-25 05:00:00+00:00,0.02763,57.68,12.69
2020-05-25 06:00:00+00:00,0.16948,242.15,13.89
2020-05-25 07:00:00+00:00,0.3685199999999999,457.2,14.99
2020-05-25 08:00:00+00:00,0.54665,670.66,16.07
2020-05-25 09:00:00+00:00,0.68449,851.42,17.05
2020-05-25 10:00:00+00:00,0.77363,975.64,17.69
2020-05-25 11:00:00+00:00,0.82171,1042.79,18.21
2020-05-25 12:00:00+00:00,0.82613,1047.88,18.36
2020-05-25 13:00:00+00:00,0.7664500000000001,964.96,18.57
2020-05-25 14:00:00+00:00,0.67863,844.43,18.57
2020-05-25 15:00:00+00:00,0.53067,654.61,18.42
2020-05-25 16:00:00+00:00,0.36304,456.52,17.93
2020-05-25 17:00:00+00:00,0.15947,234.58,17.13
2020-05-25 18:00:00+00:00,0.0233,49.82,16.19
2020-05-25 19:00:00+00:00,0.00226,10.86,15.17
2020-05-25 20:00:00+00:00,0.0,0.0,14.16
2020-05-25 21:00:00+00:00,0.0,0.0,13.09
2020-05-25 22:00:00+00:00,0.0,0.0,11.65
2020-05-25 23:00:00+00:00,0.0,0.0,10.57
2020-05-26 00:00:00+00:00,0.0,0.0,9.92
2020-05-26 01:00:00+00:00,0.0,0.0,9.73
2020-05-26 02:00:00+00:00,0.0,0.0,9.6
2020-05-26 03:00:00+00:00,0.0,0.0,8.71
2020-05-26 04:00:00+00:00,0.0,4.53,8.25
2020-05-26 05:00:00+00:00,0.05107,79.49,9.45
2020-05-26 06:00:00+00:00,0.16641,232.05,12.74
2020-05-26 07:00:00+00:00,0.33757,422.91,15.23
2020-05-26 08:00:00+00:00,0.53437,670.34,17.13
2020-05-26 09:00:00+00:00,0.64383,830.34,18.65
2020-05-26 10:00:00+00:00,0.7294700000000001,963.88,19.82
2020-05-26 11:00:00+00:00,0.7672899999999999,1017.44,20.7
2020-05-26 12:00:00+00:00,0.77608,1022.72,21.31
2020-05-26 13:00:00+00:00,0.74234,959.67,21.55
2020-05-26 14:00:00+00:00,0.65986,834.54,21.28
2020-05-26 15:00:00+00:00,0.51904,647.86,20.61
2020-05-26 16:00:00+00:00,0.3530299999999999,447.9,19.75
2020-05-26 17:00:00+00:00,0.15758,228.5,18.62
2020-05-26 18:00:00+00:00,0.04869,76.8,17.32
2020-05-26 19:00:00+00:00,0.00271,11.77,16.28
2020-05-26 20:00:00+00:00,0.0,0.0,14.71
2020-05-26 21:00:00+00:00,0.0,0.0,13.76
2020-05-26 22:00:00+00:00,0.0,0.0,13.33
2020-05-26 23:00:00+00:00,0.0,0.0,12.96
2020-05-27 00:00:00+00:00,0.0,0.0,12.76
2020-05-27 01:00:00+00:00,0.0,0.0,12.4
2020-05-27 02:00:00+00:00,0.0,0.0,12.24
2020-05-27 03:00:00+00:00,0.0,0.0,12.08
2020-05-27 04:00:00+00:00,0.00707,19.01,12.14
2020-05-27 05:00:00+00:00,0.02547,56.29,12.84
2020-05-27 06:00:00+00:00,0.17245,247.03,13.98
2020-05-27 07:00:00+00:00,0.3765,467.54,15.31
2020-05-27 08:00:00+00:00,0.56725,692.55,16.58
2020-05-27 09:00:00+00:00,0.6899500000000001,850.15,17.34
2020-05-27 10:00:00+00:00,0.78327,980.51,17.94
2020-05-27 11:00:00+00:00,0.83427,1054.12,18.45
2020-05-27 12:00:00+00:00,0.83724,1052.73,18.55
2020-05-27 13:00:00+00:00,0.7848999999999999,976.36,18.42
2020-05-27 14:00:00+00:00,0.6944199999999999,854.22,18.17
2020-05-27 15:00:00+00:00,0.5399700000000001,659.66,17.86
2020-05-27 16:00:00+00:00,0.36693,457.1,17.18
2020-05-27 17:00:00+00:00,0.16412,240.75,16.17
2020-05-27 18:00:00+00:00,0.02491,52.97,15.09
2020-05-27 19:00:00+00:00,0.00324,12.67,14.22
2020-05-27 20:00:00+00:00,0.0,0.0,13.54
2020-05-27 21:00:00+00:00,0.0,0.0,13.15
2020-05-27 22:00:00+00:00,0.0,0.0,12.82
2020-05-27 23:00:00+00:00,0.0,0.0,12.32
2020-05-28 00:00:00+00:00,0.0,0.0,11.68
2020-05-28 01:00:00+00:00,0.0,0.0,11.07
2020-05-28 02:00:00+00:00,0.0,0.0,10.55
2020-05-28 03:00:00+00:00,0.0,0.0,10.13
2020-05-28 04:00:00+00:00,0.0077599999999999,19.91,9.84
2020-05-28 05:00:00+00:00,0.02563,56.64,10.42
2020-05-28 06:00:00+00:00,0.17575,247.94,11.79
2020-05-28 07:00:00+00:00,0.37742,461.61,13.24
2020-05-28 08:00:00+00:00,0.5569500000000001,672.66,14.71
2020-05-28 09:00:00+00:00,0.69424,851.69,15.99
2020-05-28 10:00:00+00:00,0.78037,975.56,17.1
2020-05-28 11:00:00+00:00,0.83297,1054.39,18.03
2020-05-28 12:00:00+00:00,0.83704,1059.51,18.7
2020-05-28 13:00:00+00:00,0.78098,977.91,18.99
2020-05-28 14:00:00+00:00,0.6928099999999999,855.94,18.98
2020-05-28 15:00:00+00:00,0.54028,661.62,18.75
2020-05-28 16:00:00+00:00,0.36618,457.65,18.25
2020-05-28 17:00:00+00:00,0.16601,241.24,17.46
2020-05-28 18:00:00+00:00,0.04205,71.83,16.35
2020-05-28 19:00:00+00:00,0.0,3.62,15.11
2020-05-28 20:00:00+00:00,0.0,0.0,13.85
2020-05-28 21:00:00+00:00,0.0,0.0,12.94
2020-05-28 22:00:00+00:00,0.0,0.0,12.19
2020-05-28 23:00:00+00:00,0.0,0.0,11.48
2020-05-29 00:00:00+00:00,0.0,0.0,10.77
2020-05-29 01:00:00+00:00,0.0,0.0,10.11
2020-05-29 02:00:00+00:00,0.0,0.0,9.45
2020-05-29 03:00:00+00:00,0.0,0.0,8.87
2020-05-29 04:00:00+00:00,0.00842,20.82,8.42
2020-05-29 05:00:00+00:00,0.03077,62.01,8.9
2020-05-29 06:00:00+00:00,0.17814,249.59,10.18
2020-05-29 07:00:00+00:00,0.3838999999999999,470.24,11.99
2020-05-29 08:00:00+00:00,0.56238,684.31,13.95
2020-05-29 09:00:00+00:00,0.69785,867.0,15.78
2020-05-29 10:00:00+00:00,0.7783,987.91,17.38
2020-05-29 11:00:00+00:00,0.82464,1062.76,18.64
2020-05-29 12:00:00+00:00,0.81984,1061.42,19.6
2020-05-29 13:00:00+00:00,0.77122,991.35,20.26
2020-05-29 14:00:00+00:00,0.6849299999999999,867.54,20.67
2020-05-29 15:00:00+00:00,0.52801,660.42,20.85
2020-05-29 16:00:00+00:00,0.35798,455.52,20.78
2020-05-29 17:00:00+00:00,0.16484,243.76,20.35
2020-05-29 18:00:00+00:00,0.03023,60.9,19.44
2020-05-29 19:00:00+00:00,0.00415,14.48,17.96
2020-05-29 20:00:00+00:00,0.0,0.0,16.4
2020-05-29 21:00:00+00:00,0.0,0.0,15.5
2020-05-29 22:00:00+00:00,0.0,0.0,14.96
2020-05-29 23:00:00+00:00,0.0,0.0,14.5
2020-05-30 00:00:00+00:00,0.0,0.0,14.02
2020-05-30 01:00:00+00:00,0.0,0.0,13.52
2020-05-30 02:00:00+00:00,0.0,0.0,12.99
2020-05-30 03:00:00+00:00,0.0,0.0,12.46
2020-05-30 04:00:00+00:00,0.00825,20.82,11.99
2020-05-30 05:00:00+00:00,0.0302899999999999,62.3,12.48
2020-05-30 06:00:00+00:00,0.17439,247.4,14.11
2020-05-30 07:00:00+00:00,0.37205,462.44,16.08
2020-05-30 08:00:00+00:00,0.54608,672.19,18.03
2020-05-30 09:00:00+00:00,0.68025,851.03,19.69
2020-05-30 10:00:00+00:00,0.7625599999999999,968.42,20.82
2020-05-30 11:00:00+00:00,0.8121900000000001,1047.13,21.57
2020-05-30 12:00:00+00:00,0.80683,1046.96,22.24
2020-05-30 13:00:00+00:00,0.73419,947.58,22.69
2020-05-30 14:00:00+00:00,0.63944,816.3,23.02
2020-05-30 15:00:00+00:00,0.47979,607.64,23.22
2020-05-30 16:00:00+00:00,0.35496,457.36,23.12
2020-05-30 17:00:00+00:00,0.1639199999999999,242.75,22.34
2020-05-30 18:00:00+00:00,0.02866,60.03,20.7
2020-05-30 19:00:00+00:00,0.00361,13.58,19.68
2020-05-30 20:00:00+00:00,0.0,0.0,18.4
2020-05-30 21:00:00+00:00,0.0,0.0,17.54
2020-05-30 22:00:00+00:00,0.0,0.0,16.98
2020-05-30 23:00:00+00:00,0.0,0.0,16.56
2020-05-31 00:00:00+00:00,0.0,0.0,16.01
2020-05-31 01:00:00+00:00,0.0,0.0,15.09
2020-05-31 02:00:00+00:00,0.0,0.0,14.35
2020-05-31 03:00:00+00:00,0.0,0.0,13.83
2020-05-31 04:00:00+00:00,0.00998,23.53,13.26
2020-05-31 05:00:00+00:00,0.03281,64.92,13.65
2020-05-31 06:00:00+00:00,0.17169,245.14,15.08
2020-05-31 07:00:00+00:00,0.36905,459.46,16.41
2020-05-31 08:00:00+00:00,0.54675,671.08,17.74
2020-05-31 09:00:00+00:00,0.6947300000000001,859.74,18.68
2020-05-31 10:00:00+00:00,0.7794800000000001,974.3,19.35
2020-05-31 11:00:00+00:00,0.83031,1047.75,19.89
2020-05-31 12:00:00+00:00,0.8282200000000001,1047.66,20.39
2020-05-31 13:00:00+00:00,0.76312,966.52,21.8
2020-05-31 14:00:00+00:00,0.65428,828.07,22.61
2020-05-31 15:00:00+00:00,0.51603,648.73,22.7
2020-05-31 16:00:00+00:00,0.34788,446.33,22.66
2020-05-31 17:00:00+00:00,0.16099,233.68,22.41
2020-05-31 18:00:00+00:00,0.03352,65.79,21.59
2020-05-31 19:00:00+00:00,0.00461,15.39,19.8
2020-05-31 20:00:00+00:00,0.0,0.0,18.14
2020-05-31 21:00:00+00:00,0.0,0.0,16.84
2020-05-31 22:00:00+00:00,0.0,0.0,15.96
2020-05-31 23:00:00+00:00,0.0,0.0,15.32
2020-06-01 00:00:00+00:00,0.0,0.0,15.04
2020-06-01 01:00:00+00:00,0.0,0.0,14.82
2020-06-01 02:00:00+00:00,0.0,0.0,14.55
2020-06-01 03:00:00+00:00,0.0,0.0,14.15
2020-06-01 04:00:00+00:00,0.00817,20.82,13.77
2020-06-01 05:00:00+00:00,0.04357,75.85,14.22
2020-06-01 06:00:00+00:00,0.16926,234.93,15.53
2020-06-01 07:00:00+00:00,0.33246,415.23,16.99
2020-06-01 08:00:00+00:00,0.49454,610.76,18.52
2020-06-01 09:00:00+00:00,0.65303,818.94,19.98
2020-06-01 10:00:00+00:00,0.73363,935.78,21.19
2020-06-01 11:00:00+00:00,0.7895599999999999,1020.5,22.0
2020-06-01 12:00:00+00:00,0.7397,956.62,22.61
2020-06-01 13:00:00+00:00,0.74579,965.57,23.09
2020-06-01 14:00:00+00:00,0.52066,662.11,23.38
2020-06-01 15:00:00+00:00,0.29193,373.78,23.45
2020-06-01 16:00:00+00:00,0.17285,229.15,23.39
2020-06-01 17:00:00+00:00,0.0954899999999999,135.43,22.97
2020-06-01 18:00:00+00:00,0.0220199999999999,41.62,21.89
2020-06-01 19:00:00+00:00,0.00311,12.67,20.12
2020-06-01 20:00:00+00:00,0.0,0.0,18.45
2020-06-01 21:00:00+00:00,0.0,0.0,17.36
2020-06-01 22:00:00+00:00,0.0,0.0,16.57
2020-06-01 23:00:00+00:00,0.0,0.0,15.96
2020-06-02 00:00:00+00:00,0.0,0.0,15.42
2020-06-02 01:00:00+00:00,0.0,0.0,14.88
2020-06-02 02:00:00+00:00,0.0,0.0,14.35
2020-06-02 03:00:00+00:00,0.0,0.0,13.69
2020-06-02 04:00:00+00:00,0.0106,24.44,13.06
2020-06-02 05:00:00+00:00,0.02924,62.19,13.76
2020-06-02 06:00:00+00:00,0.17275,249.79,16.71
2020-06-02 07:00:00+00:00,0.35239,454.24,18.53
2020-06-02 08:00:00+00:00,0.50745,656.57,20.37
2020-06-02 09:00:00+00:00,0.60293,789.6,21.78
2020-06-02 10:00:00+00:00,0.6978,925.8,22.8
2020-06-02 11:00:00+00:00,0.75862,1006.42,23.42
2020-06-02 12:00:00+00:00,0.75982,995.5,23.59
2020-06-02 13:00:00+00:00,0.7091900000000001,912.57,23.22
2020-06-02 14:00:00+00:00,0.66783,847.85,22.59
2020-06-02 15:00:00+00:00,0.43568,546.63,21.84
2020-06-02 16:00:00+00:00,0.33232,423.39,20.96
2020-06-02 17:00:00+00:00,0.16116,225.32,19.92
2020-06-02 18:00:00+00:00,0.0375,61.48,18.67
2020-06-02 19:00:00+00:00,0.00919,22.63,16.74
2020-06-02 20:00:00+00:00,0.0,0.0,15.34
2020-06-02 21:00:00+00:00,0.0,0.0,14.47
2020-06-02 22:00:00+00:00,0.0,0.0,13.83
2020-06-02 23:00:00+00:00,0.0,0.0,13.42
2020-06-03 00:00:00+00:00,0.0,0.0,13.05
2020-06-03 01:00:00+00:00,0.0,0.0,12.69
2020-06-03 02:00:00+00:00,0.0,0.0,12.53
2020-06-03 03:00:00+00:00,0.0,0.0,12.36
2020-06-03 04:00:00+00:00,0.0,4.53,12.24
2020-06-03 05:00:00+00:00,0.00524,16.08,12.89
2020-06-03 06:00:00+00:00,0.10728,144.65,14.22
2020-06-03 07:00:00+00:00,0.30529,379.04,15.2
2020-06-03 08:00:00+00:00,0.49799,609.55,16.32
2020-06-03 09:00:00+00:00,0.6679299999999999,827.45,17.34
2020-06-03 10:00:00+00:00,0.66661,829.91,18.02
2020-06-03 11:00:00+00:00,0.71802,899.39,18.27
2020-06-03 12:00:00+00:00,0.4961399999999999,613.87,18.11
2020-06-03 13:00:00+00:00,0.52447,647.92,17.73
2020-06-03 14:00:00+00:00,0.58687,722.79,17.59
2020-06-03 15:00:00+00:00,0.38771,475.76,17.29
2020-06-03 16:00:00+00:00,0.1709,219.58,16.78
2020-06-03 17:00:00+00:00,0.10649,144.65,16.23
2020-06-03 18:00:00+00:00,0.0276,60.4,15.58
2020-06-03 19:00:00+00:00,0.0064,18.1,14.87
2020-06-03 20:00:00+00:00,0.0,0.0,14.24
2020-06-03 21:00:00+00:00,0.0,0.0,13.95
2020-06-03 22:00:00+00:00,0.0,0.0,13.66
2020-06-03 23:00:00+00:00,0.0,0.0,13.51
2020-06-04 00:00:00+00:00,0.0,0.0,13.34
2020-06-04 01:00:00+00:00,0.0,0.0,13.22
2020-06-04 02:00:00+00:00,0.0,0.0,13.04
2020-06-04 03:00:00+00:00,0.0,0.0,12.9
2020-06-04 04:00:00+00:00,0.0,3.62,12.78
2020-06-04 05:00:00+00:00,0.0167399999999999,33.11,13.08
2020-06-04 06:00:00+00:00,0.04868,73.79,13.49
2020-06-04 07:00:00+00:00,0.1113199999999999,147.57,13.7
2020-06-04 08:00:00+00:00,0.34654,419.17,14.26
2020-06-04 09:00:00+00:00,0.1886699999999999,237.67,14.61
2020-06-04 10:00:00+00:00,0.1977,248.12,14.51
2020-06-04 11:00:00+00:00,0.2628,322.86,13.97
2020-06-04 12:00:00+00:00,0.19802,247.85,14.15
2020-06-04 13:00:00+00:00,0.2408799999999999,296.58,13.96
2020-06-04 14:00:00+00:00,0.19031,237.67,13.48
2020-06-04 15:00:00+00:00,0.1168,153.25,13.02
2020-06-04 16:00:00+00:00,0.0472599999999999,71.89,13.07
2020-06-04 17:00:00+00:00,0.08261,113.89,12.7
2020-06-04 18:00:00+00:00,0.02757,47.3,12.34
2020-06-04 19:00:00+00:00,0.0038,13.58,11.73
2020-06-04 20:00:00+00:00,0.0,0.0,11.23
2020-06-04 21:00:00+00:00,0.0,0.0,10.69
2020-06-04 22:00:00+00:00,0.0,0.0,10.36
2020-06-04 23:00:00+00:00,0.0,0.0,10.05
2020-06-05 00:00:00+00:00,0.0,0.0,9.94
2020-06-05 01:00:00+00:00,0.0,0.0,9.56
2020-06-05 02:00:00+00:00,0.0,0.0,9.56
2020-06-05 03:00:00+00:00,0.0,0.0,9.53
2020-06-05 04:00:00+00:00,0.0,4.53,9.47
2020-06-05 05:00:00+00:00,0.00592,17.03,9.8
2020-06-05 06:00:00+00:00,0.02487,43.52,10.45
2020-06-05 07:00:00+00:00,0.0391,61.49,11.16
2020-06-05 08:00:00+00:00,0.08785,119.19,11.5
2020-06-05 09:00:00+00:00,0.09061,122.03,10.82
2020-06-05 10:00:00+00:00,0.3957,470.92,10.8
2020-06-05 11:00:00+00:00,0.23644,289.13,11.79
2020-06-05 12:00:00+00:00,0.1242099999999999,161.76,12.94
2020-06-05 13:00:00+00:00,0.21615,265.15,11.87
2020-06-05 14:00:00+00:00,0.23102,281.45,11.53
2020-06-05 15:00:00+00:00,0.40292,476.62,11.53
2020-06-05 16:00:00+00:00,0.06094,87.98,12.09
2020-06-05 17:00:00+00:00,0.15953,210.07,12.03
2020-06-05 18:00:00+00:00,0.0047199999999999,15.14,11.43
2020-06-05 19:00:00+00:00,0.00771,19.91,10.99
2020-06-05 20:00:00+00:00,0.0,0.0,10.52
2020-06-05 21:00:00+00:00,0.0,0.0,10.1
2020-06-05 22:00:00+00:00,0.0,0.0,10.26
2020-06-05 23:00:00+00:00,0.0,0.0,10.2
2020-06-06 00:00:00+00:00,0.0,0.0,10.09
2020-06-06 01:00:00+00:00,0.0,0.0,10.05
2020-06-06 02:00:00+00:00,0.0,0.0,10.05
2020-06-06 03:00:00+00:00,0.0,0.0,10.16
2020-06-06 04:00:00+00:00,0.0108,24.44,9.94
2020-06-06 05:00:00+00:00,0.0554,81.86,10.3
2020-06-06 06:00:00+00:00,0.17269,231.38,11.18
2020-06-06 07:00:00+00:00,0.19236,238.4,11.61
2020-06-06 08:00:00+00:00,0.5459400000000001,641.92,12.28
2020-06-06 09:00:00+00:00,0.5834199999999999,688.39,12.89
2020-06-06 10:00:00+00:00,0.72165,856.39,13.19
2020-06-06 11:00:00+00:00,0.66834,794.15,13.54
2020-06-06 12:00:00+00:00,0.5348200000000001,637.13,14.66
2020-06-06 13:00:00+00:00,0.57994,690.31,14.75
2020-06-06 14:00:00+00:00,0.27531,335.14,14.46
2020-06-06 15:00:00+00:00,0.13729,176.9,13.61
2020-06-06 16:00:00+00:00,0.13271,171.22,12.86
2020-06-06 17:00:00+00:00,0.01341,28.38,12.34
2020-06-06 18:00:00+00:00,0.01015,23.65,11.99
2020-06-06 19:00:00+00:00,0.0,3.62,12.25
2020-06-06 20:00:00+00:00,0.0,0.0,11.81
2020-06-06 21:00:00+00:00,0.0,0.0,11.44
2020-06-06 22:00:00+00:00,0.0,0.0,11.25
2020-06-06 23:00:00+00:00,0.0,0.0,11.02
2020-06-07 00:00:00+00:00,0.0,0.0,10.68
2020-06-07 01:00:00+00:00,0.0,0.0,10.54
2020-06-07 02:00:00+00:00,0.0,0.0,10.25
2020-06-07 03:00:00+00:00,0.0,0.0,10.09
2020-06-07 04:00:00+00:00,0.00956,22.63,10.09
2020-06-07 05:00:00+00:00,0.05373,84.71,10.48
2020-06-07 06:00:00+00:00,0.06605,93.65,11.09
2020-06-07 07:00:00+00:00,0.3304499999999999,401.75,12.5
2020-06-07 08:00:00+00:00,0.43809,524.62,13.44
2020-06-07 09:00:00+00:00,0.50101,602.02,14.27
2020-06-07 10:00:00+00:00,0.45394,547.76,14.67
2020-06-07 11:00:00+00:00,0.2341,291.01,15.37
2020-06-07 12:00:00+00:00,0.3203,391.76,15.52
2020-06-07 13:00:00+00:00,0.12081,159.87,15.82
2020-06-07 14:00:00+00:00,0.12899,169.33,15.84
2020-06-07 15:00:00+00:00,0.2692799999999999,330.24,15.14
2020-06-07 16:00:00+00:00,0.27341,336.24,14.13
2020-06-07 17:00:00+00:00,0.0759899999999999,106.61,13.82
2020-06-07 18:00:00+00:00,0.05905,89.73,13.38
2020-06-07 19:00:00+00:00,0.0002399999999999,6.34,13.0
2020-06-07 20:00:00+00:00,0.0,0.0,12.62
2020-06-07 21:00:00+00:00,0.0,0.0,12.38
2020-06-07 22:00:00+00:00,0.0,0.0,12.05
2020-06-07 23:00:00+00:00,0.0,0.0,12.05
2020-06-08 00:00:00+00:00,0.0,0.0,12.05
2020-06-08 01:00:00+00:00,0.0,0.0,12.05
2020-06-08 02:00:00+00:00,0.0,0.0,11.99
2020-06-08 03:00:00+00:00,0.0,0.0,12.15
2020-06-08 04:00:00+00:00,0.0,3.62,12.16
2020-06-08 05:00:00+00:00,0.01955,36.89,12.5
2020-06-08 06:00:00+00:00,0.12004,160.03,13.01
2020-06-08 07:00:00+00:00,0.19824,249.64,13.61
2020-06-08 08:00:00+00:00,0.23136,287.99,13.92
2020-06-08 09:00:00+00:00,0.4843,590.17,14.33
2020-06-08 10:00:00+00:00,0.58861,721.49,15.05
2020-06-08 11:00:00+00:00,0.47434,579.35,15.54
2020-06-08 12:00:00+00:00,0.6337200000000001,775.38,15.92
2020-06-08 13:00:00+00:00,0.4646499999999999,563.96,15.96
2020-06-08 14:00:00+00:00,0.28378,347.96,15.22
2020-06-08 15:00:00+00:00,0.23947,296.12,15.1
2020-06-08 16:00:00+00:00,0.09139,124.87,14.75
2020-06-08 17:00:00+00:00,0.07224,102.17,14.25
2020-06-08 18:00:00+00:00,0.0546599999999999,82.19,13.75
2020-06-08 19:00:00+00:00,0.0,5.43,13.16
2020-06-08 20:00:00+00:00,0.0,0.0,12.7
2020-06-08 21:00:00+00:00,0.0,0.0,12.53
2020-06-08 22:00:00+00:00,0.0,0.0,12.34
2020-06-08 23:00:00+00:00,0.0,0.0,12.16
2020-06-09 00:00:00+00:00,0.0,0.0,11.95
2020-06-09 01:00:00+00:00,0.0,0.0,11.84
2020-06-09 02:00:00+00:00,0.0,0.0,11.64
2020-06-09 03:00:00+00:00,0.0,0.0,11.52
2020-06-09 04:00:00+00:00,0.0,5.43,11.38
2020-06-09 05:00:00+00:00,0.01549,31.22,11.49
2020-06-09 06:00:00+00:00,0.05062,75.68,11.6
2020-06-09 07:00:00+00:00,0.12903,167.41,12.08
2020-06-09 08:00:00+00:00,0.31964,388.58,12.8
2020-06-09 09:00:00+00:00,0.43795,530.92,13.4
2020-06-09 10:00:00+00:00,0.2462899999999999,305.34,14.0
2020-06-09 11:00:00+00:00,0.38069,465.45,14.35
2020-06-09 12:00:00+00:00,0.5895,724.16,14.88
2020-06-09 13:00:00+00:00,0.59093,723.8,14.81
2020-06-09 14:00:00+00:00,0.67829,830.06,14.65
2020-06-09 15:00:00+00:00,0.55008,665.92,14.36
2020-06-09 16:00:00+00:00,0.38503,473.09,13.91
2020-06-09 17:00:00+00:00,0.18125,254.37,13.45
2020-06-09 18:00:00+00:00,0.03028,66.7,13.1
2020-06-09 19:00:00+00:00,0.01375,28.96,13.03
2020-06-09 20:00:00+00:00,0.0,0.0,12.08
2020-06-09 21:00:00+00:00,0.0,0.0,11.42
2020-06-09 22:00:00+00:00,0.0,0.0,11.13
2020-06-09 23:00:00+00:00,0.0,0.0,10.71
2020-06-10 00:00:00+00:00,0.0,0.0,10.39
2020-06-10 01:00:00+00:00,0.0,0.0,10.04
2020-06-10 02:00:00+00:00,0.0,0.0,9.57
2020-06-10 03:00:00+00:00,0.0,0.0,8.93
2020-06-10 04:00:00+00:00,0.01277,27.15,8.75
2020-06-10 05:00:00+00:00,0.04696,78.63,9.82
2020-06-10 06:00:00+00:00,0.17139,238.81,12.15
2020-06-10 07:00:00+00:00,0.35971,445.39,12.77
2020-06-10 08:00:00+00:00,0.52458,645.49,13.69
2020-06-10 09:00:00+00:00,0.6026699999999999,757.89,14.99
2020-06-10 10:00:00+00:00,0.37941,476.88,15.92
2020-06-10 11:00:00+00:00,0.14816,194.87,16.25
2020-06-10 12:00:00+00:00,0.11953,160.82,16.76
2020-06-10 13:00:00+00:00,0.04609,71.89,17.03
2020-06-10 14:00:00+00:00,0.05684,85.14,17.12
2020-06-10 15:00:00+00:00,0.07094,102.17,17.01
2020-06-10 16:00:00+00:00,0.05781,86.08,16.68
2020-06-10 17:00:00+00:00,0.0387599999999999,62.43,16.41
2020-06-10 18:00:00+00:00,0.01116,25.54,16.15
2020-06-10 19:00:00+00:00,0.00226,10.86,15.46
2020-06-10 20:00:00+00:00,0.0,0.0,14.99
2020-06-10 21:00:00+00:00,0.0,0.0,14.13
2020-06-10 22:00:00+00:00,0.0,0.0,13.78
2020-06-10 23:00:00+00:00,0.0,0.0,13.8
2020-06-11 00:00:00+00:00,0.0,0.0,13.76
2020-06-11 01:00:00+00:00,0.0,0.0,13.71
2020-06-11 02:00:00+00:00,0.0,0.0,13.41
2020-06-11 03:00:00+00:00,0.0,0.0,13.3
2020-06-11 04:00:00+00:00,0.0106,24.44,13.12
2020-06-11 05:00:00+00:00,0.05695,85.91,13.55
2020-06-11 06:00:00+00:00,0.133,177.53,14.3
2020-06-11 07:00:00+00:00,0.31087,385.46,15.34
2020-06-11 08:00:00+00:00,0.31941,392.42,16.07
2020-06-11 09:00:00+00:00,0.13876,181.63,16.34
2020-06-11 10:00:00+00:00,0.10159,138.11,16.42
2020-06-11 11:00:00+00:00,0.07839,110.68,16.48
2020-06-11 12:00:00+00:00,0.16647,214.74,16.75
2020-06-11 13:00:00+00:00,0.2460699999999999,309.4,17.07
2020-06-11 14:00:00+00:00,0.18139,233.88,17.96
2020-06-11 15:00:00+00:00,0.21142,269.99,18.42
2020-06-11 16:00:00+00:00,0.16237,211.88,18.52
2020-06-11 17:00:00+00:00,0.11707,159.64,18.55
2020-06-11 18:00:00+00:00,0.05657,91.15,18.52
2020-06-11 19:00:00+00:00,0.01215,27.15,17.84
2020-06-11 20:00:00+00:00,0.0,0.0,16.92
2020-06-11 21:00:00+00:00,0.0,0.0,16.05
2020-06-11 22:00:00+00:00,0.0,0.0,15.35
2020-06-11 23:00:00+00:00,0.0,0.0,14.95
2020-06-12 00:00:00+00:00,0.0,0.0,14.6
2020-06-12 01:00:00+00:00,0.0,0.0,14.18
2020-06-12 02:00:00+00:00,0.0,0.0,13.82
2020-06-12 03:00:00+00:00,0.0,0.0,13.5
2020-06-12 04:00:00+00:00,0.0,5.43,13.42
2020-06-12 05:00:00+00:00,0.0567999999999999,85.88,14.19
2020-06-12 06:00:00+00:00,0.16633,233.26,15.58
2020-06-12 07:00:00+00:00,0.35505,443.55,17.28
2020-06-12 08:00:00+00:00,0.51858,636.92,18.9
2020-06-12 09:00:00+00:00,0.6467999999999999,801.99,20.34
2020-06-12 10:00:00+00:00,0.75576,952.85,21.62
2020-06-12 11:00:00+00:00,0.7315,930.03,22.61
2020-06-12 12:00:00+00:00,0.63244,802.8,23.46
2020-06-12 13:00:00+00:00,0.32922,418.64,23.62
2020-06-12 14:00:00+00:00,0.08626,122.98,22.45
2020-06-12 15:00:00+00:00,0.08308,119.19,22.28
2020-06-12 16:00:00+00:00,0.04408,70.95,22.8
2020-06-12 17:00:00+00:00,0.1517599999999999,212.97,22.94
2020-06-12 18:00:00+00:00,0.02866,67.56,22.58
2020-06-12 19:00:00+00:00,0.01325,28.96,19.57
2020-06-12 20:00:00+00:00,0.0,0.0,18.71
2020-06-12 21:00:00+00:00,0.0,0.0,17.69
2020-06-12 22:00:00+00:00,0.0,0.0,16.93
2020-06-12 23:00:00+00:00,0.0,0.0,15.89
2020-06-13 00:00:00+00:00,0.0,0.0,15.38
2020-06-13 01:00:00+00:00,0.0,0.0,15.04
2020-06-13 02:00:00+00:00,0.0,0.0,14.86
2020-06-13 03:00:00+00:00,0.0,0.0,14.77
2020-06-13 04:00:00+00:00,0.01111,25.34,14.7
2020-06-13 05:00:00+00:00,0.04807,80.46,15.37
2020-06-13 06:00:00+00:00,0.16562,237.96,16.25
2020-06-13 07:00:00+00:00,0.3580899999999999,454.48,18.11
2020-06-13 08:00:00+00:00,0.51736,651.02,19.45
2020-06-13 09:00:00+00:00,0.6515700000000001,835.31,20.7
2020-06-13 10:00:00+00:00,0.72748,959.14,21.73
2020-06-13 11:00:00+00:00,0.6814199999999999,916.33,22.58
2020-06-13 12:00:00+00:00,0.41907,552.48,23.09
2020-06-13 13:00:00+00:00,0.42233,549.71,23.45
2020-06-13 14:00:00+00:00,0.6181,809.76,23.77
2020-06-13 15:00:00+00:00,0.50697,651.86,23.82
2020-06-13 16:00:00+00:00,0.35556,460.65,23.65
2020-06-13 17:00:00+00:00,0.17282,253.5,23.05
2020-06-13 18:00:00+00:00,0.03687,75.93,22.41
2020-06-13 19:00:00+00:00,0.00091,8.15,20.74
2020-06-13 20:00:00+00:00,0.0,0.0,19.64
2020-06-13 21:00:00+00:00,0.0,0.0,18.89
2020-06-13 22:00:00+00:00,0.0,0.0,18.43
2020-06-13 23:00:00+00:00,0.0,0.0,17.61
2020-06-14 00:00:00+00:00,0.0,0.0,16.88
2020-06-14 01:00:00+00:00,0.0,0.0,16.79
2020-06-14 02:00:00+00:00,0.0,0.0,16.89
2020-06-14 03:00:00+00:00,0.0,0.0,15.41
2020-06-14 04:00:00+00:00,0.0,3.62,15.24
2020-06-14 05:00:00+00:00,0.01778,35.0,16.27
2020-06-14 06:00:00+00:00,0.11383,155.73,17.61
2020-06-14 07:00:00+00:00,0.15288,200.37,18.17
2020-06-14 08:00:00+00:00,0.4040899999999999,501.38,18.96
2020-06-14 09:00:00+00:00,0.45972,571.18,19.86
2020-06-14 10:00:00+00:00,0.6474,809.82,20.35
2020-06-14 11:00:00+00:00,0.54767,681.56,20.29
2020-06-14 12:00:00+00:00,0.2868799999999999,361.54,20.28
2020-06-14 13:00:00+00:00,0.41978,521.99,19.82
2020-06-14 14:00:00+00:00,0.38359,477.14,19.75
2020-06-14 15:00:00+00:00,0.09761,135.28,19.8
2020-06-14 16:00:00+00:00,0.1110999999999999,151.35,19.53
2020-06-14 17:00:00+00:00,0.05345,81.35,18.7
2020-06-14 18:00:00+00:00,0.0588,90.02,17.87
2020-06-14 19:00:00+00:00,0.01471,30.77,16.9
2020-06-14 20:00:00+00:00,0.0,0.0,16.29
2020-06-14 21:00:00+00:00,0.0,0.0,15.49
2020-06-14 22:00:00+00:00,0.0,0.0,14.99
2020-06-14 23:00:00+00:00,0.0,0.0,13.91
2020-06-15 00:00:00+00:00,0.0,0.0,13.67
2020-06-15 01:00:00+00:00,0.0,0.0,13.58
2020-06-15 02:00:00+00:00,0.0,0.0,13.62
2020-06-15 03:00:00+00:00,0.0,0.0,13.88
2020-06-15 04:00:00+00:00,0.0,3.62,14.06
2020-06-15 05:00:00+00:00,0.02568,45.41,14.91
2020-06-15 06:00:00+00:00,0.10153,139.68,16.71
2020-06-15 07:00:00+00:00,0.12545,168.34,18.22
2020-06-15 08:00:00+00:00,0.29129,368.92,19.29
2020-06-15 09:00:00+00:00,0.65219,835.13,20.22
2020-06-15 10:00:00+00:00,0.71794,930.11,20.83
2020-06-15 11:00:00+00:00,0.7908099999999999,1039.73,21.3
2020-06-15 12:00:00+00:00,0.7959400000000001,1047.66,21.6
2020-06-15 13:00:00+00:00,0.7115499999999999,924.58,21.85
2020-06-15 14:00:00+00:00,0.6446000000000001,826.69,21.79
2020-06-15 15:00:00+00:00,0.46464,587.26,21.35
2020-06-15 16:00:00+00:00,0.2418199999999999,311.32,21.02
2020-06-15 17:00:00+00:00,0.08263,117.97,20.42
2020-06-15 18:00:00+00:00,0.03004,52.03,19.82
2020-06-15 19:00:00+00:00,0.0,4.53,18.82
2020-06-15 20:00:00+00:00,0.0,0.0,17.79
2020-06-15 21:00:00+00:00,0.0,0.0,17.02
2020-06-15 22:00:00+00:00,0.0,0.0,16.28
2020-06-15 23:00:00+00:00,0.0,0.0,15.57
2020-06-16 00:00:00+00:00,0.0,0.0,15.27
2020-06-16 01:00:00+00:00,0.0,0.0,15.25
2020-06-16 02:00:00+00:00,0.0,0.0,15.34
2020-06-16 03:00:00+00:00,0.0,0.0,15.51
2020-06-16 04:00:00+00:00,0.0123,27.15,15.32
2020-06-16 05:00:00+00:00,0.05582,85.02,15.61
2020-06-16 06:00:00+00:00,0.1454399999999999,199.49,17.3
2020-06-16 07:00:00+00:00,0.2938,378.65,18.23
2020-06-16 08:00:00+00:00,0.37237,475.56,19.45
2020-06-16 09:00:00+00:00,0.51061,659.61,20.16
2020-06-16 10:00:00+00:00,0.3344,430.93,20.77
2020-06-16 11:00:00+00:00,0.14062,189.2,20.84
2020-06-16 12:00:00+00:00,0.19954,261.37,21.05
2020-06-16 13:00:00+00:00,0.3730199999999999,479.08,21.11
2020-06-16 14:00:00+00:00,0.19121,251.13,21.48
2020-06-16 15:00:00+00:00,0.27912,357.31,21.25
2020-06-16 16:00:00+00:00,0.08043,115.41,21.03
2020-06-16 17:00:00+00:00,0.0271,48.24,20.44
2020-06-16 18:00:00+00:00,0.05806,89.16,20.11
2020-06-16 19:00:00+00:00,0.00175,9.96,19.34
2020-06-16 20:00:00+00:00,0.0,0.0,18.52
2020-06-16 21:00:00+00:00,0.0,0.0,17.49
2020-06-16 22:00:00+00:00,0.0,0.0,16.66
2020-06-16 23:00:00+00:00,0.0,0.0,16.01
2020-06-17 00:00:00+00:00,0.0,0.0,15.63
2020-06-17 01:00:00+00:00,0.0,0.0,15.33
2020-06-17 02:00:00+00:00,0.0,0.0,15.17
2020-06-17 03:00:00+00:00,0.0,0.0,15.07
2020-06-17 04:00:00+00:00,0.01235,27.15,14.82
2020-06-17 05:00:00+00:00,0.04276,74.9,15.38
2020-06-17 06:00:00+00:00,0.1614199999999999,226.42,16.69
2020-06-17 07:00:00+00:00,0.33165,421.71,18.25
2020-06-17 08:00:00+00:00,0.46058,580.54,19.75
2020-06-17 09:00:00+00:00,0.5779299999999999,737.23,21.11
2020-06-17 10:00:00+00:00,0.44767,570.49,22.13
2020-06-17 11:00:00+00:00,0.62115,801.05,22.44
2020-06-17 12:00:00+00:00,0.6009,771.24,22.86
2020-06-17 13:00:00+00:00,0.70099,900.68,22.68
2020-06-17 14:00:00+00:00,0.6595599999999999,840.89,22.68
2020-06-17 15:00:00+00:00,0.34197,433.01,22.55
2020-06-17 16:00:00+00:00,0.23398,300.91,21.19
2020-06-17 17:00:00+00:00,0.0847,120.53,20.5
2020-06-17 18:00:00+00:00,0.00501,16.08,19.81
2020-06-17 19:00:00+00:00,0.0,4.53,18.46
2020-06-17 20:00:00+00:00,0.0,0.0,17.6
2020-06-17 21:00:00+00:00,0.0,0.0,16.66
2020-06-17 22:00:00+00:00,0.0,0.0,16.39
2020-06-17 23:00:00+00:00,0.0,0.0,16.41
2020-06-18 00:00:00+00:00,0.0,0.0,16.49
2020-06-18 01:00:00+00:00,0.0,0.0,16.54
2020-06-18 02:00:00+00:00,0.0,0.0,16.61
2020-06-18 03:00:00+00:00,0.0,0.0,16.51
2020-06-18 04:00:00+00:00,0.0,3.62,16.17
2020-06-18 05:00:00+00:00,0.03875,62.41,16.0
2020-06-18 06:00:00+00:00,0.0643799999999999,93.65,15.84
2020-06-18 07:00:00+00:00,0.12134,160.79,15.7
2020-06-18 08:00:00+00:00,0.35142,430.74,16.44
2020-06-18 09:00:00+00:00,0.48425,593.75,17.71
2020-06-18 10:00:00+00:00,0.5321,660.14,18.9
2020-06-18 11:00:00+00:00,0.50313,628.34,19.59
2020-06-18 12:00:00+00:00,0.6153,777.12,20.31
2020-06-18 13:00:00+00:00,0.57857,731.74,20.29
2020-06-18 14:00:00+00:00,0.50419,638.58,20.71
2020-06-18 15:00:00+00:00,0.36688,463.85,20.26
2020-06-18 16:00:00+00:00,0.08444,120.14,20.17
2020-06-18 17:00:00+00:00,0.01751,35.0,19.02
2020-06-18 18:00:00+00:00,0.05224,80.6,18.64
2020-06-18 19:00:00+00:00,0.00573,17.2,17.87
2020-06-18 20:00:00+00:00,0.0,0.0,17.55
2020-06-18 21:00:00+00:00,0.0,0.0,16.74
2020-06-18 22:00:00+00:00,0.0,0.0,15.77
2020-06-18 23:00:00+00:00,0.0,0.0,14.46
2020-06-19 00:00:00+00:00,0.0,0.0,13.72
2020-06-19 01:00:00+00:00,0.0,0.0,13.51
2020-06-19 02:00:00+00:00,0.0,0.0,13.45
2020-06-19 03:00:00+00:00,0.0,0.0,13.12
2020-06-19 04:00:00+00:00,0.01247,27.15,13.09
2020-06-19 05:00:00+00:00,0.03721,68.88,14.27
2020-06-19 06:00:00+00:00,0.16649,237.77,15.5
2020-06-19 07:00:00+00:00,0.34405,433.05,17.26
2020-06-19 08:00:00+00:00,0.3359,418.65,18.15
2020-06-19 09:00:00+00:00,0.37442,466.59,18.93
2020-06-19 10:00:00+00:00,0.3288399999999999,411.49,19.27
2020-06-19 11:00:00+00:00,0.35678,446.25,19.64
2020-06-19 12:00:00+00:00,0.38781,485.06,20.05
2020-06-19 13:00:00+00:00,0.60288,755.12,20.18
2020-06-19 14:00:00+00:00,0.5462400000000001,678.89,19.83
2020-06-19 15:00:00+00:00,0.25457,321.26,19.4
2020-06-19 16:00:00+00:00,0.18002,232.71,19.1
2020-06-19 17:00:00+00:00,0.12043,163.17,18.66
2020-06-19 18:00:00+00:00,0.06357,98.01,18.12
2020-06-19 19:00:00+00:00,0.01469,30.77,17.36
2020-06-19 20:00:00+00:00,0.0,0.0,16.4
2020-06-19 21:00:00+00:00,0.0,0.0,15.67
2020-06-19 22:00:00+00:00,0.0,0.0,15.04
2020-06-19 23:00:00+00:00,0.0,0.0,14.56
2020-06-20 00:00:00+00:00,0.0,0.0,14.21
2020-06-20 01:00:00+00:00,0.0,0.0,13.79
2020-06-20 02:00:00+00:00,0.0,0.0,13.63
2020-06-20 03:00:00+00:00,0.0,0.0,13.4
2020-06-20 04:00:00+00:00,0.01059,24.44,13.33
2020-06-20 05:00:00+00:00,0.0567,86.84,14.01
2020-06-20 06:00:00+00:00,0.15986,218.25,15.27
2020-06-20 07:00:00+00:00,0.29345,366.58,15.94
2020-06-20 08:00:00+00:00,0.29721,368.5,16.54
2020-06-20 09:00:00+00:00,0.6586799999999999,818.32,17.3
2020-06-20 10:00:00+00:00,0.63639,795.05,18.04
2020-06-20 11:00:00+00:00,0.72553,916.0,18.62
2020-06-20 12:00:00+00:00,0.67373,847.67,19.06
2020-06-20 13:00:00+00:00,0.7464299999999999,945.08,19.43
2020-06-20 14:00:00+00:00,0.69168,869.06,19.58
2020-06-20 15:00:00+00:00,0.54011,673.5,19.37
2020-06-20 16:00:00+00:00,0.37487,475.21,19.2
2020-06-20 17:00:00+00:00,0.18358,263.54,19.05
2020-06-20 18:00:00+00:00,0.04463,84.99,18.64
2020-06-20 19:00:00+00:00,0.01458,30.77,18.47
2020-06-20 20:00:00+00:00,0.0,0.0,17.5
2020-06-20 21:00:00+00:00,0.0,0.0,16.26
2020-06-20 22:00:00+00:00,0.0,0.0,15.41
2020-06-20 23:00:00+00:00,0.0,0.0,15.0
2020-06-21 00:00:00+00:00,0.0,0.0,14.74
2020-06-21 01:00:00+00:00,0.0,0.0,14.63
2020-06-21 02:00:00+00:00,0.0,0.0,14.69
2020-06-21 03:00:00+00:00,0.0,0.0,14.7
2020-06-21 04:00:00+00:00,0.01174,26.25,14.74
2020-06-21 05:00:00+00:00,0.05604,86.12,15.41
2020-06-21 06:00:00+00:00,0.14287,193.7,16.85
2020-06-21 07:00:00+00:00,0.2448499999999999,310.14,18.46
2020-06-21 08:00:00+00:00,0.49463,611.27,19.16
2020-06-21 09:00:00+00:00,0.62715,784.61,20.52
2020-06-21 10:00:00+00:00,0.7367999999999999,929.85,21.85
2020-06-21 11:00:00+00:00,0.41013,513.49,22.41
2020-06-21 12:00:00+00:00,0.2087,269.89,22.45
2020-06-21 13:00:00+00:00,0.07098,104.06,22.08
2020-06-21 14:00:00+00:00,0.13499,180.68,21.07
2020-06-21 15:00:00+00:00,0.26691,337.23,20.64
2020-06-21 16:00:00+00:00,0.23322,297.25,19.69
2020-06-21 17:00:00+00:00,0.17752,247.28,19.25
2020-06-21 18:00:00+00:00,0.05311,81.65,18.78
2020-06-21 19:00:00+00:00,0.01651,33.49,18.56
2020-06-21 20:00:00+00:00,0.0,0.0,17.51
2020-06-21 21:00:00+00:00,0.0,0.0,16.44
2020-06-21 22:00:00+00:00,0.0,0.0,15.69
2020-06-21 23:00:00+00:00,0.0,0.0,15.42
2020-06-22 00:00:00+00:00,0.0,0.0,15.15
2020-06-22 01:00:00+00:00,0.0,0.0,14.93
2020-06-22 02:00:00+00:00,0.0,0.0,14.63
2020-06-22 03:00:00+00:00,0.0,0.0,14.46
2020-06-22 04:00:00+00:00,0.01239,27.15,14.27
2020-06-22 05:00:00+00:00,0.03076,61.73,14.87
2020-06-22 06:00:00+00:00,0.16588,238.74,16.06
2020-06-22 07:00:00+00:00,0.35543,448.8,17.22
2020-06-22 08:00:00+00:00,0.53054,663.21,18.15
2020-06-22 09:00:00+00:00,0.65825,833.89,18.85
2020-06-22 10:00:00+00:00,0.75546,963.82,19.31
2020-06-22 11:00:00+00:00,0.81351,1041.04,19.32
2020-06-22 12:00:00+00:00,0.80868,1032.8,19.32
2020-06-22 13:00:00+00:00,0.77712,987.76,19.41
2020-06-22 14:00:00+00:00,0.7007599999999999,881.53,19.44
2020-06-22 15:00:00+00:00,0.54983,684.28,19.51
2020-06-22 16:00:00+00:00,0.37974,478.86,19.21
2020-06-22 17:00:00+00:00,0.18807,267.18,18.83
2020-06-22 18:00:00+00:00,0.03319,76.17,18.29
2020-06-22 19:00:00+00:00,0.01656,33.49,17.66
2020-06-22 20:00:00+00:00,0.0,0.0,16.51
2020-06-22 21:00:00+00:00,0.0,0.0,15.0
2020-06-22 22:00:00+00:00,0.0,0.0,13.65
2020-06-22 23:00:00+00:00,0.0,0.0,12.65
2020-06-23 00:00:00+00:00,0.0,0.0,12.08
2020-06-23 01:00:00+00:00,0.0,0.0,11.79
2020-06-23 02:00:00+00:00,0.0,0.0,11.69
2020-06-23 03:00:00+00:00,0.0,0.0,11.69
2020-06-23 04:00:00+00:00,0.01193,26.25,11.76
2020-06-23 05:00:00+00:00,0.03144,61.55,12.98
2020-06-23 06:00:00+00:00,0.16177,236.43,15.69
2020-06-23 07:00:00+00:00,0.3527099999999999,449.49,17.88
2020-06-23 08:00:00+00:00,0.5182100000000001,654.77,19.68
2020-06-23 09:00:00+00:00,0.64858,834.51,20.93
2020-06-23 10:00:00+00:00,0.72225,949.12,21.77
2020-06-23 11:00:00+00:00,0.7640399999999999,1019.96,22.41
2020-06-23 12:00:00+00:00,0.76493,1024.34,22.9
2020-06-23 13:00:00+00:00,0.73323,973.18,23.2
2020-06-23 14:00:00+00:00,0.64527,840.76,23.39
2020-06-23 15:00:00+00:00,0.5254500000000001,674.08,23.5
2020-06-23 16:00:00+00:00,0.36096,466.72,23.41
2020-06-23 17:00:00+00:00,0.17976,259.43,23.09
2020-06-23 18:00:00+00:00,0.03546,78.38,22.42
2020-06-23 19:00:00+00:00,0.0162399999999999,33.49,21.52
2020-06-23 20:00:00+00:00,0.0,0.0,20.13
2020-06-23 21:00:00+00:00,0.0,0.0,19.19
2020-06-23 22:00:00+00:00,0.0,0.0,18.61
2020-06-23 23:00:00+00:00,0.0,0.0,18.19
2020-06-24 00:00:00+00:00,0.0,0.0,17.83
2020-06-24 01:00:00+00:00,0.0,0.0,17.53
2020-06-24 02:00:00+00:00,0.0,0.0,17.22
2020-06-24 03:00:00+00:00,0.0,0.0,16.9
2020-06-24 04:00:00+00:00,0.01039,24.44,16.71
2020-06-24 05:00:00+00:00,0.0538,84.67,17.37
2020-06-24 06:00:00+00:00,0.15971,231.49,18.99
2020-06-24 07:00:00+00:00,0.33781,432.29,20.99
2020-06-24 08:00:00+00:00,0.50558,640.35,22.92
2020-06-24 09:00:00+00:00,0.60926,784.93,24.76
2020-06-24 10:00:00+00:00,0.74315,975.69,26.25
2020-06-24 11:00:00+00:00,0.7765,1029.9,27.18
2020-06-24 12:00:00+00:00,0.7457699999999999,990.73,27.84
2020-06-24 13:00:00+00:00,0.73787,978.03,28.29
2020-06-24 14:00:00+00:00,0.63532,830.15,28.48
2020-06-24 15:00:00+00:00,0.47531,614.59,28.48
2020-06-24 16:00:00+00:00,0.34414,451.29,28.23
2020-06-24 17:00:00+00:00,0.17773,261.8,27.79
2020-06-24 18:00:00+00:00,0.03538,79.48,26.93
2020-06-24 19:00:00+00:00,0.0152699999999999,32.58,25.46
2020-06-24 20:00:00+00:00,0.0,0.0,23.73
2020-06-24 21:00:00+00:00,0.0,0.0,22.42
2020-06-24 22:00:00+00:00,0.0,0.0,21.46
2020-06-24 23:00:00+00:00,0.0,0.0,20.63
2020-06-25 00:00:00+00:00,0.0,0.0,19.88
2020-06-25 01:00:00+00:00,0.0,0.0,19.3
2020-06-25 02:00:00+00:00,0.0,0.0,18.79
2020-06-25 03:00:00+00:00,0.0,0.0,18.32
2020-06-25 04:00:00+00:00,0.0115299999999999,26.25,17.96
2020-06-25 05:00:00+00:00,0.03701,67.72,18.36
2020-06-25 06:00:00+00:00,0.15932,233.18,19.63
2020-06-25 07:00:00+00:00,0.33854,432.16,21.34
2020-06-25 08:00:00+00:00,0.5082099999999999,640.33,22.97
2020-06-25 09:00:00+00:00,0.64398,824.13,24.52
2020-06-25 10:00:00+00:00,0.73048,948.97,25.84
2020-06-25 11:00:00+00:00,0.7788200000000001,1019.83,26.74
2020-06-25 12:00:00+00:00,0.7851,1030.66,27.47
2020-06-25 13:00:00+00:00,0.7405499999999999,968.43,28.09
2020-06-25 14:00:00+00:00,0.64911,842.21,28.54
2020-06-25 15:00:00+00:00,0.52374,675.75,28.83
2020-06-25 16:00:00+00:00,0.34638,455.1,28.95
2020-06-25 17:00:00+00:00,0.17567,256.74,28.69
2020-06-25 18:00:00+00:00,0.04195,85.66,27.95
2020-06-25 19:00:00+00:00,0.0151899999999999,32.58,26.5
2020-06-25 20:00:00+00:00,0.0,0.0,25.21
2020-06-25 21:00:00+00:00,0.0,0.0,24.27
2020-06-25 22:00:00+00:00,0.0,0.0,23.52
2020-06-25 23:00:00+00:00,0.0,0.0,22.92
2020-06-26 00:00:00+00:00,0.0,0.0,22.06
2020-06-26 01:00:00+00:00,0.0,0.0,21.26
2020-06-26 02:00:00+00:00,0.0,0.0,20.56
2020-06-26 03:00:00+00:00,0.0,0.0,19.94
2020-06-26 04:00:00+00:00,0.01083,25.34,19.42
2020-06-26 05:00:00+00:00,0.0372199999999999,67.71,19.85
2020-06-26 06:00:00+00:00,0.1536,227.25,21.13
2020-06-26 07:00:00+00:00,0.32524,419.6,23.18
2020-06-26 08:00:00+00:00,0.49727,630.03,24.74
2020-06-26 09:00:00+00:00,0.61161,784.18,26.28
2020-06-26 10:00:00+00:00,0.70487,919.76,27.77
2020-06-26 11:00:00+00:00,0.66353,873.31,28.72
2020-06-26 12:00:00+00:00,0.70876,944.89,29.54
2020-06-26 13:00:00+00:00,0.6752400000000001,898.41,29.79
2020-06-26 14:00:00+00:00,0.60629,800.86,30.09
2020-06-26 15:00:00+00:00,0.48224,629.13,29.7
2020-06-26 16:00:00+00:00,0.32579,424.32,26.29
2020-06-26 17:00:00+00:00,0.13891,193.36,24.46
2020-06-26 18:00:00+00:00,0.0163999999999999,34.06,24.07
2020-06-26 19:00:00+00:00,0.0072,19.91,22.37
2020-06-26 20:00:00+00:00,0.0,0.0,21.34
2020-06-26 21:00:00+00:00,0.0,0.0,20.98
2020-06-26 22:00:00+00:00,0.0,0.0,20.59
2020-06-26 23:00:00+00:00,0.0,0.0,20.11
2020-06-27 00:00:00+00:00,0.0,0.0,19.74
2020-06-27 01:00:00+00:00,0.0,0.0,19.15
2020-06-27 02:00:00+00:00,0.0,0.0,18.47
2020-06-27 03:00:00+00:00,0.0,0.0,17.92
2020-06-27 04:00:00+00:00,0.0,3.62,17.63
2020-06-27 05:00:00+00:00,0.00677,18.92,18.01
2020-06-27 06:00:00+00:00,0.1549499999999999,225.32,18.58
2020-06-27 07:00:00+00:00,0.12727,170.19,18.77
2020-06-27 08:00:00+00:00,0.3286,409.64,19.88
2020-06-27 09:00:00+00:00,0.11601,157.98,21.14
2020-06-27 10:00:00+00:00,0.70674,889.12,21.92
2020-06-27 11:00:00+00:00,0.20266,263.26,22.77
2020-06-27 12:00:00+00:00,0.14335,192.03,22.88
2020-06-27 13:00:00+00:00,0.14621,195.82,23.28
2020-06-27 14:00:00+00:00,0.34843,434.88,21.16
2020-06-27 15:00:00+00:00,0.49631,615.01,21.72
2020-06-27 16:00:00+00:00,0.3567099999999999,450.84,22.38
2020-06-27 17:00:00+00:00,0.03644,60.54,21.26
2020-06-27 18:00:00+00:00,0.06318,97.7,20.7
2020-06-27 19:00:00+00:00,0.00312,12.67,19.42
2020-06-27 20:00:00+00:00,0.0,0.0,18.76
2020-06-27 21:00:00+00:00,0.0,0.0,18.28
2020-06-27 22:00:00+00:00,0.0,0.0,17.9
2020-06-27 23:00:00+00:00,0.0,0.0,17.34
2020-06-28 00:00:00+00:00,0.0,0.0,16.99
2020-06-28 01:00:00+00:00,0.0,0.0,16.73
2020-06-28 02:00:00+00:00,0.0,0.0,16.56
2020-06-28 03:00:00+00:00,0.0,0.0,16.38
2020-06-28 04:00:00+00:00,0.0,3.62,16.14
2020-06-28 05:00:00+00:00,0.0541,81.91,15.98
2020-06-28 06:00:00+00:00,0.12536,167.98,15.86
2020-06-28 07:00:00+00:00,0.2202599999999999,275.88,16.28
2020-06-28 08:00:00+00:00,0.25334,314.05,17.12
2020-06-28 09:00:00+00:00,0.45474,551.0,17.82
2020-06-28 10:00:00+00:00,0.61619,748.12,18.33
2020-06-28 11:00:00+00:00,0.4955,602.88,18.46
2020-06-28 12:00:00+00:00,0.80434,986.52,18.95
2020-06-28 13:00:00+00:00,0.78959,966.08,18.91
2020-06-28 14:00:00+00:00,0.64128,780.19,19.07
2020-06-28 15:00:00+00:00,0.5599,680.14,19.46
2020-06-28 16:00:00+00:00,0.38197,472.94,19.21
2020-06-28 17:00:00+00:00,0.1928899999999999,270.16,18.73
2020-06-28 18:00:00+00:00,0.03203,76.55,18.21
2020-06-28 19:00:00+00:00,0.01469,30.77,17.55
2020-06-28 20:00:00+00:00,0.0,0.0,16.69
2020-06-28 21:00:00+00:00,0.0,0.0,15.98
2020-06-28 22:00:00+00:00,0.0,0.0,15.56
2020-06-28 23:00:00+00:00,0.0,0.0,15.21
2020-06-29 00:00:00+00:00,0.0,0.0,14.79
2020-06-29 01:00:00+00:00,0.0,0.0,14.36
2020-06-29 02:00:00+00:00,0.0,0.0,14.17
2020-06-29 03:00:00+00:00,0.0,0.0,14.02
2020-06-29 04:00:00+00:00,0.00758,19.91,13.84
2020-06-29 05:00:00+00:00,0.04718,72.44,14.19
2020-06-29 06:00:00+00:00,0.0697,99.33,14.63
2020-06-29 07:00:00+00:00,0.32379,398.95,15.61
2020-06-29 08:00:00+00:00,0.244,302.09,16.11
2020-06-29 09:00:00+00:00,0.1530399999999999,197.71,16.73
2020-06-29 10:00:00+00:00,0.40066,486.7,17.45
2020-06-29 11:00:00+00:00,0.3323,408.0,18.16
2020-06-29 12:00:00+00:00,0.08923,123.92,18.16
2020-06-29 13:00:00+00:00,0.11164,150.41,18.3
2020-06-29 14:00:00+00:00,0.09168,126.76,18.07
2020-06-29 15:00:00+00:00,0.53527,644.22,18.11
2020-06-29 16:00:00+00:00,0.35584,437.4,17.88
2020-06-29 17:00:00+00:00,0.14652,194.39,17.54
2020-06-29 18:00:00+00:00,0.06467,97.66,17.23
2020-06-29 19:00:00+00:00,0.01163,26.25,16.57
2020-06-29 20:00:00+00:00,0.0,0.0,15.95
2020-06-29 21:00:00+00:00,0.0,0.0,15.48
2020-06-29 22:00:00+00:00,0.0,0.0,15.05
2020-06-29 23:00:00+00:00,0.0,0.0,14.82
2020-06-30 00:00:00+00:00,0.0,0.0,14.8
2020-06-30 01:00:00+00:00,0.0,0.0,14.94
2020-06-30 02:00:00+00:00,0.0,0.0,15.06
2020-06-30 03:00:00+00:00,0.0,0.0,15.08
2020-06-30 04:00:00+00:00,0.0105,24.44,15.0
2020-06-30 05:00:00+00:00,0.00811,20.81,14.98
2020-06-30 06:00:00+00:00,0.02866,49.19,15.05
2020-06-30 07:00:00+00:00,0.32918,405.75,16.04
2020-06-30 08:00:00+00:00,0.49197,590.32,16.49
2020-06-30 09:00:00+00:00,0.20321,256.29,17.11
2020-06-30 10:00:00+00:00,0.32772,402.72,17.84
2020-06-30 11:00:00+00:00,0.4152099999999999,505.87,17.94
2020-06-30 12:00:00+00:00,0.26193,325.93,17.74
2020-06-30 13:00:00+00:00,0.11084,149.46,17.74
2020-06-30 14:00:00+00:00,0.10615,143.79,17.19
2020-06-30 15:00:00+00:00,0.13634,178.79,16.75
2020-06-30 16:00:00+00:00,0.0557,83.25,16.58
2020-06-30 17:00:00+00:00,0.01645,33.11,16.39
2020-06-30 18:00:00+00:00,0.00926,22.7,16.58
2020-06-30 19:00:00+00:00,0.00319,12.67,16.46
2020-06-30 20:00:00+00:00,0.0,0.0,16.3
2020-06-30 21:00:00+00:00,0.0,0.0,16.26
2020-06-30 22:00:00+00:00,0.0,0.0,16.32
2020-06-30 23:00:00+00:00,0.0,0.0,16.45
2020-07-01 00:00:00+00:00,0.0,0.0,16.63
2020-07-01 01:00:00+00:00,0.0,0.0,16.59
2020-07-01 02:00:00+00:00,0.0,0.0,16.38
2020-07-01 03:00:00+00:00,0.0,0.0,16.19
2020-07-01 04:00:00+00:00,0.00806,20.82,16.14
2020-07-01 05:00:00+00:00,0.03436,56.76,16.27
2020-07-01 06:00:00+00:00,0.06897,99.33,16.63
2020-07-01 07:00:00+00:00,0.07503,106.9,17.17
2020-07-01 08:00:00+00:00,0.3718999999999999,456.31,17.36
2020-07-01 09:00:00+00:00,0.42739,524.1,17.61
2020-07-01 10:00:00+00:00,0.35922,443.6,18.13
2020-07-01 11:00:00+00:00,0.38558,476.38,19.19
2020-07-01 12:00:00+00:00,0.48074,592.92,19.9
2020-07-01 13:00:00+00:00,0.53206,655.84,20.05
2020-07-01 14:00:00+00:00,0.59014,726.5,20.15
2020-07-01 15:00:00+00:00,0.50631,620.58,20.09
2020-07-01 16:00:00+00:00,0.28596,358.46,19.6
2020-07-01 17:00:00+00:00,0.18785,261.15,19.03
2020-07-01 18:00:00+00:00,0.03867,81.98,18.44
2020-07-01 19:00:00+00:00,0.01402,29.87,17.98
2020-07-01 20:00:00+00:00,0.0,0.0,17.23
2020-07-01 21:00:00+00:00,0.0,0.0,16.57
2020-07-01 22:00:00+00:00,0.0,0.0,16.19
2020-07-01 23:00:00+00:00,0.0,0.0,15.97
2020-07-02 00:00:00+00:00,0.0,0.0,15.88
2020-07-02 01:00:00+00:00,0.0,0.0,15.42
2020-07-02 02:00:00+00:00,0.0,0.0,15.52
2020-07-02 03:00:00+00:00,0.0,0.0,15.56
2020-07-02 04:00:00+00:00,0.0,3.62,15.48
2020-07-02 05:00:00+00:00,0.01582,32.16,15.75
2020-07-02 06:00:00+00:00,0.07744,109.4,16.35
2020-07-02 07:00:00+00:00,0.22625,285.06,16.84
2020-07-02 08:00:00+00:00,0.31827,392.16,17.43
2020-07-02 09:00:00+00:00,0.50603,618.29,17.82
2020-07-02 10:00:00+00:00,0.62987,775.73,18.47
2020-07-02 11:00:00+00:00,0.37949,468.79,18.76
2020-07-02 12:00:00+00:00,0.77712,966.95,19.07
2020-07-02 13:00:00+00:00,0.72373,893.95,18.95
2020-07-02 14:00:00+00:00,0.69332,852.16,18.99
2020-07-02 15:00:00+00:00,0.50414,616.87,18.93
2020-07-02 16:00:00+00:00,0.35467,441.4,18.92
2020-07-02 17:00:00+00:00,0.11813,159.3,17.74
2020-07-02 18:00:00+00:00,0.05154,91.73,16.99
2020-07-02 19:00:00+00:00,0.0047,15.39,16.83
2020-07-02 20:00:00+00:00,0.0,0.0,16.29
2020-07-02 21:00:00+00:00,0.0,0.0,15.46
2020-07-02 22:00:00+00:00,0.0,0.0,15.19
2020-07-02 23:00:00+00:00,0.0,0.0,15.1
2020-07-03 00:00:00+00:00,0.0,0.0,14.78
2020-07-03 01:00:00+00:00,0.0,0.0,14.63
2020-07-03 02:00:00+00:00,0.0,0.0,14.25
2020-07-03 03:00:00+00:00,0.0,0.0,14.06
2020-07-03 04:00:00+00:00,0.00324,12.67,14.06
2020-07-03 05:00:00+00:00,0.05049,77.06,14.65
2020-07-03 06:00:00+00:00,0.14721,203.12,15.75
2020-07-03 07:00:00+00:00,0.2752699999999999,345.12,16.62
2020-07-03 08:00:00+00:00,0.43987,538.8,17.65
2020-07-03 09:00:00+00:00,0.12722,169.33,18.45
2020-07-03 10:00:00+00:00,0.48854,597.76,18.49
2020-07-03 11:00:00+00:00,0.74214,914.56,18.6
2020-07-03 12:00:00+00:00,0.82466,1019.25,19.01
2020-07-03 13:00:00+00:00,0.78098,959.79,19.45
2020-07-03 14:00:00+00:00,0.56563,689.26,19.52
2020-07-03 15:00:00+00:00,0.49106,596.9,19.17
2020-07-03 16:00:00+00:00,0.29923,372.31,18.92
2020-07-03 17:00:00+00:00,0.17049,229.01,18.62
2020-07-03 18:00:00+00:00,0.04106,83.6,18.05
2020-07-03 19:00:00+00:00,0.01601,32.58,17.11
2020-07-03 20:00:00+00:00,0.0,0.0,16.43
2020-07-03 21:00:00+00:00,0.0,0.0,16.11
2020-07-03 22:00:00+00:00,0.0,0.0,15.86
2020-07-03 23:00:00+00:00,0.0,0.0,15.52
2020-07-04 00:00:00+00:00,0.0,0.0,15.26
2020-07-04 01:00:00+00:00,0.0,0.0,15.19
2020-07-04 02:00:00+00:00,0.0,0.0,15.07
2020-07-04 03:00:00+00:00,0.0,0.0,14.74
2020-07-04 04:00:00+00:00,0.0,2.72,14.91
2020-07-04 05:00:00+00:00,0.0040599999999999,14.19,15.37
2020-07-04 06:00:00+00:00,0.08707,120.69,15.63
2020-07-04 07:00:00+00:00,0.0336,55.81,16.6
2020-07-04 08:00:00+00:00,0.06269,91.76,16.96
2020-07-04 09:00:00+00:00,0.11048,148.52,17.34
2020-07-04 10:00:00+00:00,0.13298,175.01,17.77
2020-07-04 11:00:00+00:00,0.15217,197.71,18.27
2020-07-04 12:00:00+00:00,0.1493199999999999,194.87,18.81
2020-07-04 13:00:00+00:00,0.10479,142.84,19.08
2020-07-04 14:00:00+00:00,0.10382,141.9,19.3
2020-07-04 15:00:00+00:00,0.12222,163.65,19.34
2020-07-04 16:00:00+00:00,0.06044,89.87,19.19
2020-07-04 17:00:00+00:00,0.03175,53.92,18.86
2020-07-04 18:00:00+00:00,0.03548,58.65,18.54
2020-07-04 19:00:00+00:00,0.00056,7.24,18.05
2020-07-04 20:00:00+00:00,0.0,0.0,17.88
2020-07-04 21:00:00+00:00,0.0,0.0,17.75
2020-07-04 22:00:00+00:00,0.0,0.0,17.59
2020-07-04 23:00:00+00:00,0.0,0.0,17.35
2020-07-05 00:00:00+00:00,0.0,0.0,17.17
2020-07-05 01:00:00+00:00,0.0,0.0,17.03
2020-07-05 02:00:00+00:00,0.0,0.0,16.96
2020-07-05 03:00:00+00:00,0.0,0.0,16.88
2020-07-05 04:00:00+00:00,0.0,3.62,16.97
2020-07-05 05:00:00+00:00,0.00985,23.65,17.21
2020-07-05 06:00:00+00:00,0.03564,58.65,17.73
2020-07-05 07:00:00+00:00,0.0712,102.17,17.52
2020-07-05 08:00:00+00:00,0.1503499999999999,195.0,17.52
2020-07-05 09:00:00+00:00,0.2476,307.9,17.88
2020-07-05 10:00:00+00:00,0.31497,387.56,18.46
2020-07-05 11:00:00+00:00,0.29313,363.54,19.32
2020-07-05 12:00:00+00:00,0.57737,702.19,19.5
2020-07-05 13:00:00+00:00,0.53553,652.6,20.31
2020-07-05 14:00:00+00:00,0.48262,588.26,20.32
2020-07-05 15:00:00+00:00,0.28707,356.82,20.07
2020-07-05 16:00:00+00:00,0.3040199999999999,378.69,19.73
2020-07-05 17:00:00+00:00,0.17596,238.21,19.28
2020-07-05 18:00:00+00:00,0.0391899999999999,63.5,18.44
2020-07-05 19:00:00+00:00,0.00177,9.96,17.81
2020-07-05 20:00:00+00:00,0.0,0.0,17.02
2020-07-05 21:00:00+00:00,0.0,0.0,16.65
2020-07-05 22:00:00+00:00,0.0,0.0,16.51
2020-07-05 23:00:00+00:00,0.0,0.0,16.15
2020-07-06 00:00:00+00:00,0.0,0.0,15.5
2020-07-06 01:00:00+00:00,0.0,0.0,14.94
2020-07-06 02:00:00+00:00,0.0,0.0,14.59
2020-07-06 03:00:00+00:00,0.0,0.0,14.36
2020-07-06 04:00:00+00:00,0.00228,10.86,14.33
2020-07-06 05:00:00+00:00,0.05052,76.63,14.21
2020-07-06 06:00:00+00:00,0.11322,152.09,14.53
2020-07-06 07:00:00+00:00,0.15419,197.47,14.74
2020-07-06 08:00:00+00:00,0.22141,275.05,15.34
2020-07-06 09:00:00+00:00,0.34797,421.93,15.67
2020-07-06 10:00:00+00:00,0.4303,520.12,16.15
2020-07-06 11:00:00+00:00,0.46347,561.02,16.56
2020-07-06 12:00:00+00:00,0.80344,981.31,16.86
2020-07-06 13:00:00+00:00,0.16924,216.63,16.71
2020-07-06 14:00:00+00:00,0.08334,116.36,16.69
2020-07-06 15:00:00+00:00,0.22244,278.76,16.97
2020-07-06 16:00:00+00:00,0.34917,430.05,16.74
2020-07-06 17:00:00+00:00,0.1830399999999999,246.67,16.34
2020-07-06 18:00:00+00:00,0.04212,84.47,15.92
2020-07-06 19:00:00+00:00,0.01486,30.77,15.29
2020-07-06 20:00:00+00:00,0.0,0.0,14.42
2020-07-06 21:00:00+00:00,0.0,0.0,13.72
2020-07-06 22:00:00+00:00,0.0,0.0,13.23
2020-07-06 23:00:00+00:00,0.0,0.0,12.7
2020-07-07 00:00:00+00:00,0.0,0.0,12.56
2020-07-07 01:00:00+00:00,0.0,0.0,12.36
2020-07-07 02:00:00+00:00,0.0,0.0,12.32
2020-07-07 03:00:00+00:00,0.0,0.0,12.51
2020-07-07 04:00:00+00:00,0.0,2.72,12.36
2020-07-07 05:00:00+00:00,0.04256,68.22,13.04
2020-07-07 06:00:00+00:00,0.13818,188.14,14.68
2020-07-07 07:00:00+00:00,0.33508,417.24,15.78
2020-07-07 08:00:00+00:00,0.34695,424.27,16.27
2020-07-07 09:00:00+00:00,0.56501,689.74,16.8
2020-07-07 10:00:00+00:00,0.7570399999999999,936.74,17.11
2020-07-07 11:00:00+00:00,0.75424,935.63,17.57
2020-07-07 12:00:00+00:00,0.63342,778.58,17.53
2020-07-07 13:00:00+00:00,0.57653,705.96,17.64
2020-07-07 14:00:00+00:00,0.5023500000000001,612.84,17.04
2020-07-07 15:00:00+00:00,0.334,411.23,16.97
2020-07-07 16:00:00+00:00,0.28252,353.3,16.85
2020-07-07 17:00:00+00:00,0.02692,47.3,16.63
2020-07-07 18:00:00+00:00,0.01987,37.84,16.17
2020-07-07 19:00:00+00:00,0.0135199999999999,28.96,15.87
2020-07-07 20:00:00+00:00,0.0,0.0,15.32
2020-07-07 21:00:00+00:00,0.0,0.0,14.96
2020-07-07 22:00:00+00:00,0.0,0.0,14.58
2020-07-07 23:00:00+00:00,0.0,0.0,14.46
2020-07-08 00:00:00+00:00,0.0,0.0,14.42
2020-07-08 01:00:00+00:00,0.0,0.0,14.4
2020-07-08 02:00:00+00:00,0.0,0.0,14.34
2020-07-08 03:00:00+00:00,0.0,0.0,14.27
2020-07-08 04:00:00+00:00,0.00374,13.58,14.24
2020-07-08 05:00:00+00:00,0.00634,17.97,14.27
2020-07-08 06:00:00+00:00,0.02287,41.62,14.44
2020-07-08 07:00:00+00:00,0.03828,61.49,14.87
2020-07-08 08:00:00+00:00,0.09952,135.28,14.97
2020-07-08 09:00:00+00:00,0.12924,170.28,15.24
2020-07-08 10:00:00+00:00,0.08639,120.14,15.81
2020-07-08 11:00:00+00:00,0.25544,321.91,16.44
2020-07-08 12:00:00+00:00,0.10099,138.11,16.87
2020-07-08 13:00:00+00:00,0.1348,178.79,17.65
2020-07-08 14:00:00+00:00,0.10284,140.95,18.01
2020-07-08 15:00:00+00:00,0.09322,129.6,18.33
2020-07-08 16:00:00+00:00,0.16241,212.2,18.23
2020-07-08 17:00:00+00:00,0.0828199999999999,117.06,18.09
2020-07-08 18:00:00+00:00,0.04742,74.0,17.84
2020-07-08 19:00:00+00:00,0.0140299999999999,29.87,17.37
2020-07-08 20:00:00+00:00,0.0,0.0,16.99
2020-07-08 21:00:00+00:00,0.0,0.0,16.45
2020-07-08 22:00:00+00:00,0.0,0.0,16.21
2020-07-08 23:00:00+00:00,0.0,0.0,16.02
2020-07-09 00:00:00+00:00,0.0,0.0,16.02
2020-07-09 01:00:00+00:00,0.0,0.0,16.2
2020-07-09 02:00:00+00:00,0.0,0.0,16.46
2020-07-09 03:00:00+00:00,0.0,0.0,16.54
2020-07-09 04:00:00+00:00,0.00634,18.1,16.43
2020-07-09 05:00:00+00:00,0.04469,70.59,16.31
2020-07-09 06:00:00+00:00,0.02342,42.57,16.32
2020-07-09 07:00:00+00:00,0.0564799999999999,84.19,16.51
2020-07-09 08:00:00+00:00,0.04789,73.79,16.82
2020-07-09 09:00:00+00:00,0.11515,154.19,17.58
2020-07-09 10:00:00+00:00,0.11073,149.46,18.27
2020-07-09 11:00:00+00:00,0.12361,164.6,18.13
2020-07-09 12:00:00+00:00,0.1454099999999999,190.14,18.19
2020-07-09 13:00:00+00:00,0.10665,144.73,18.3
2020-07-09 14:00:00+00:00,0.0825999999999999,116.36,18.56
2020-07-09 15:00:00+00:00,0.09294,128.65,18.53
2020-07-09 16:00:00+00:00,0.13377,176.97,18.77
2020-07-09 17:00:00+00:00,0.07751,110.44,18.62
2020-07-09 18:00:00+00:00,0.0104,24.6,18.38
2020-07-09 19:00:00+00:00,0.00022,6.34,17.73
2020-07-09 20:00:00+00:00,0.0,0.0,17.4
2020-07-09 21:00:00+00:00,0.0,0.0,17.06
2020-07-09 22:00:00+00:00,0.0,0.0,16.84
2020-07-09 23:00:00+00:00,0.0,0.0,16.63
2020-07-10 00:00:00+00:00,0.0,0.0,16.62
2020-07-10 01:00:00+00:00,0.0,0.0,16.57
2020-07-10 02:00:00+00:00,0.0,0.0,16.46
2020-07-10 03:00:00+00:00,0.0,0.0,16.27
2020-07-10 04:00:00+00:00,0.0,4.53,16.22
2020-07-10 05:00:00+00:00,0.02699,47.3,16.25
2020-07-10 06:00:00+00:00,0.0717199999999999,102.78,16.23
2020-07-10 07:00:00+00:00,0.0871099999999999,120.14,14.96
2020-07-10 08:00:00+00:00,0.08299,115.41,15.28
2020-07-10 09:00:00+00:00,0.26941,330.87,14.94
2020-07-10 10:00:00+00:00,0.41024,496.87,15.51
2020-07-10 11:00:00+00:00,0.37591,458.04,15.66
2020-07-10 12:00:00+00:00,0.54108,661.26,16.43
2020-07-10 13:00:00+00:00,0.38266,469.6,17.02
2020-07-10 14:00:00+00:00,0.47186,576.01,17.09
2020-07-10 15:00:00+00:00,0.48342,588.55,16.85
2020-07-10 16:00:00+00:00,0.33875,419.14,16.51
2020-07-10 17:00:00+00:00,0.17648,237.3,16.19
2020-07-10 18:00:00+00:00,0.06134,97.55,15.75
2020-07-10 19:00:00+00:00,0.0136,28.96,14.93
2020-07-10 20:00:00+00:00,0.0,0.0,13.96
2020-07-10 21:00:00+00:00,0.0,0.0,13.22
2020-07-10 22:00:00+00:00,0.0,0.0,12.22
2020-07-10 23:00:00+00:00,0.0,0.0,11.59
2020-07-11 00:00:00+00:00,0.0,0.0,12.1
2020-07-11 01:00:00+00:00,0.0,0.0,11.5
2020-07-11 02:00:00+00:00,0.0,0.0,10.2
2020-07-11 03:00:00+00:00,0.0,0.0,9.8
2020-07-11 04:00:00+00:00,0.00437,14.48,10.0
2020-07-11 05:00:00+00:00,0.0264499999999999,46.78,10.91
2020-07-11 06:00:00+00:00,0.1454399999999999,204.84,13.85
2020-07-11 07:00:00+00:00,0.17194,221.03,15.16
2020-07-11 08:00:00+00:00,0.4011,495.27,15.96
2020-07-11 09:00:00+00:00,0.6096900000000001,758.96,16.61
2020-07-11 10:00:00+00:00,0.62149,774.56,17.16
2020-07-11 11:00:00+00:00,0.8016,1013.31,17.49
2020-07-11 12:00:00+00:00,0.54513,674.11,17.87
2020-07-11 13:00:00+00:00,0.5638500000000001,693.66,17.3
2020-07-11 14:00:00+00:00,0.50993,624.6,17.36
2020-07-11 15:00:00+00:00,0.44932,548.72,17.19
2020-07-11 16:00:00+00:00,0.32635,404.41,16.94
2020-07-11 17:00:00+00:00,0.1859199999999999,252.98,16.45
2020-07-11 18:00:00+00:00,0.03545,78.27,15.94
2020-07-11 19:00:00+00:00,0.01357,28.96,15.48
2020-07-11 20:00:00+00:00,0.0,0.0,14.54
2020-07-11 21:00:00+00:00,0.0,0.0,13.76
2020-07-11 22:00:00+00:00,0.0,0.0,13.13
2020-07-11 23:00:00+00:00,0.0,0.0,12.4
2020-07-12 00:00:00+00:00,0.0,0.0,11.44
2020-07-12 01:00:00+00:00,0.0,0.0,10.76
2020-07-12 02:00:00+00:00,0.0,0.0,10.33
2020-07-12 03:00:00+00:00,0.0,0.0,9.87
2020-07-12 04:00:00+00:00,0.00438,14.48,9.65
2020-07-12 05:00:00+00:00,0.02092,39.05,10.85
2020-07-12 06:00:00+00:00,0.14524,219.29,14.25
2020-07-12 07:00:00+00:00,0.33796,426.98,15.25
2020-07-12 08:00:00+00:00,0.47898,596.47,16.2
2020-07-12 09:00:00+00:00,0.37372,467.21,17.08
2020-07-12 10:00:00+00:00,0.47755,600.9,18.05
2020-07-12 11:00:00+00:00,0.55153,700.74,18.56
2020-07-12 12:00:00+00:00,0.64946,833.09,19.02
2020-07-12 13:00:00+00:00,0.65654,837.98,19.34
2020-07-12 14:00:00+00:00,0.53938,677.63,19.51
2020-07-12 15:00:00+00:00,0.49226,613.88,19.42
2020-07-12 16:00:00+00:00,0.37743,474.82,19.07
2020-07-12 17:00:00+00:00,0.1759399999999999,239.54,18.46
2020-07-12 18:00:00+00:00,0.05518,93.37,17.81
2020-07-12 19:00:00+00:00,0.01283,28.06,16.96
2020-07-12 20:00:00+00:00,0.0,0.0,15.63
2020-07-12 21:00:00+00:00,0.0,0.0,14.66
2020-07-12 22:00:00+00:00,0.0,0.0,13.94
2020-07-12 23:00:00+00:00,0.0,0.0,13.3
2020-07-13 00:00:00+00:00,0.0,0.0,12.71
2020-07-13 01:00:00+00:00,0.0,0.0,12.12
2020-07-13 02:00:00+00:00,0.0,0.0,11.52
2020-07-13 03:00:00+00:00,0.0,0.0,10.89
2020-07-13 04:00:00+00:00,0.00436,14.48,10.34
2020-07-13 05:00:00+00:00,0.03252,53.4,10.91
2020-07-13 06:00:00+00:00,0.14432,215.5,13.94
2020-07-13 07:00:00+00:00,0.33307,425.48,15.96
2020-07-13 08:00:00+00:00,0.49234,624.69,17.87
2020-07-13 09:00:00+00:00,0.6222000000000001,808.3,19.2
2020-07-13 10:00:00+00:00,0.71297,941.22,20.03
2020-07-13 11:00:00+00:00,0.7702899999999999,1022.98,20.72
2020-07-13 12:00:00+00:00,0.77997,1031.7,21.19
2020-07-13 13:00:00+00:00,0.74999,978.51,21.5
2020-07-13 14:00:00+00:00,0.67277,861.7,21.66
2020-07-13 15:00:00+00:00,0.54328,684.81,21.52
2020-07-13 16:00:00+00:00,0.37445,477.29,21.27
2020-07-13 17:00:00+00:00,0.18721,268.32,20.93
2020-07-13 18:00:00+00:00,0.04539,86.45,20.36
2020-07-13 19:00:00+00:00,0.01082,25.34,19.5
2020-07-13 20:00:00+00:00,0.0,0.0,18.47
2020-07-13 21:00:00+00:00,0.0,0.0,17.29
2020-07-13 22:00:00+00:00,0.0,0.0,16.85
2020-07-13 23:00:00+00:00,0.0,0.0,16.71
2020-07-14 00:00:00+00:00,0.0,0.0,16.54
2020-07-14 01:00:00+00:00,0.0,0.0,16.23
2020-07-14 02:00:00+00:00,0.0,0.0,16.06
2020-07-14 03:00:00+00:00,0.0,0.0,16.05
2020-07-14 04:00:00+00:00,0.0,3.62,15.96
2020-07-14 05:00:00+00:00,0.02068,38.92,16.2
2020-07-14 06:00:00+00:00,0.12888,178.27,16.33
2020-07-14 07:00:00+00:00,0.05621,84.19,16.89
2020-07-14 08:00:00+00:00,0.125,166.49,17.29
2020-07-14 09:00:00+00:00,0.1326,175.01,16.74
2020-07-14 10:00:00+00:00,0.10457,141.9,16.69
2020-07-14 11:00:00+00:00,0.10995,148.52,17.02
2020-07-14 12:00:00+00:00,0.11191,151.36,17.63
2020-07-14 13:00:00+00:00,0.12309,164.6,17.72
2020-07-14 14:00:00+00:00,0.29492,366.58,17.11
2020-07-14 15:00:00+00:00,0.23082,289.85,16.94
2020-07-14 16:00:00+00:00,0.0681,98.38,16.66
2020-07-14 17:00:00+00:00,0.1289199999999999,172.66,16.3
2020-07-14 18:00:00+00:00,0.01183,26.49,15.91
2020-07-14 19:00:00+00:00,0.00226,10.86,15.26
2020-07-14 20:00:00+00:00,0.0,0.0,14.5
2020-07-14 21:00:00+00:00,0.0,0.0,13.89
2020-07-14 22:00:00+00:00,0.0,0.0,13.54
2020-07-14 23:00:00+00:00,0.0,0.0,13.06
2020-07-15 00:00:00+00:00,0.0,0.0,12.56
2020-07-15 01:00:00+00:00,0.0,0.0,12.08
2020-07-15 02:00:00+00:00,0.0,0.0,12.1
2020-07-15 03:00:00+00:00,0.0,0.0,11.96
2020-07-15 04:00:00+00:00,0.0,1.81,12.06
2020-07-15 05:00:00+00:00,0.04307,66.97,12.98
2020-07-15 06:00:00+00:00,0.13659,191.8,14.87
2020-07-15 07:00:00+00:00,0.25758,325.24,16.08
2020-07-15 08:00:00+00:00,0.44827,552.04,16.72
2020-07-15 09:00:00+00:00,0.52047,644.86,17.28
2020-07-15 10:00:00+00:00,0.50608,628.17,17.29
2020-07-15 11:00:00+00:00,0.4827599999999999,599.89,17.61
2020-07-15 12:00:00+00:00,0.6048,757.24,17.84
2020-07-15 13:00:00+00:00,0.24467,309.6,18.35
2020-07-15 14:00:00+00:00,0.33301,415.36,18.5
2020-07-15 15:00:00+00:00,0.47445,586.63,18.48
2020-07-15 16:00:00+00:00,0.30297,380.18,18.01
2020-07-15 17:00:00+00:00,0.11861,160.88,17.81
2020-07-15 18:00:00+00:00,0.04672,73.13,17.3
2020-07-15 19:00:00+00:00,0.0,3.62,16.76
2020-07-15 20:00:00+00:00,0.0,0.0,16.31
2020-07-15 21:00:00+00:00,0.0,0.0,15.95
2020-07-15 22:00:00+00:00,0.0,0.0,15.71
2020-07-15 23:00:00+00:00,0.0,0.0,15.54
2020-07-16 00:00:00+00:00,0.0,0.0,15.42
2020-07-16 01:00:00+00:00,0.0,0.0,15.35
2020-07-16 02:00:00+00:00,0.0,0.0,15.34
2020-07-16 03:00:00+00:00,0.0,0.0,15.27
2020-07-16 04:00:00+00:00,0.00138,9.05,15.25
2020-07-16 05:00:00+00:00,0.02009,38.01,15.37
2020-07-16 06:00:00+00:00,0.0581599999999999,86.08,15.53
2020-07-16 07:00:00+00:00,0.05584,83.25,15.61
2020-07-16 08:00:00+00:00,0.28048,347.25,15.77
2020-07-16 09:00:00+00:00,0.19428,246.68,16.3
2020-07-16 10:00:00+00:00,0.18503,236.49,17.0
2020-07-16 11:00:00+00:00,0.43337,532.74,17.35
2020-07-16 12:00:00+00:00,0.30318,376.75,17.79
2020-07-16 13:00:00+00:00,0.26603,332.36,17.85
2020-07-16 14:00:00+00:00,0.42787,524.95,18.36
2020-07-16 15:00:00+00:00,0.2521,315.52,18.15
2020-07-16 16:00:00+00:00,0.21708,275.08,18.03
2020-07-16 17:00:00+00:00,0.10892,148.62,17.84
2020-07-16 18:00:00+00:00,0.04377,69.37,17.32
2020-07-16 19:00:00+00:00,0.0027,11.77,16.62
2020-07-16 20:00:00+00:00,0.0,0.0,15.82
2020-07-16 21:00:00+00:00,0.0,0.0,15.44
2020-07-16 22:00:00+00:00,0.0,0.0,15.37
2020-07-16 23:00:00+00:00,0.0,0.0,15.24
2020-07-17 00:00:00+00:00,0.0,0.0,15.36
2020-07-17 01:00:00+00:00,0.0,0.0,15.34
2020-07-17 02:00:00+00:00,0.0,0.0,15.22
2020-07-17 03:00:00+00:00,0.0,0.0,15.16
2020-07-17 04:00:00+00:00,0.0,1.81,14.94
2020-07-17 05:00:00+00:00,0.01046,24.44,15.36
2020-07-17 06:00:00+00:00,0.0461899999999999,71.89,16.52
2020-07-17 07:00:00+00:00,0.1027,140.94,17.75
2020-07-17 08:00:00+00:00,0.10227,140.95,18.57
2020-07-17 09:00:00+00:00,0.19125,248.83,19.2
2020-07-17 10:00:00+00:00,0.10953,150.41,19.81
2020-07-17 11:00:00+00:00,0.16576,218.52,20.37
2020-07-17 12:00:00+00:00,0.37945,480.89,20.19
2020-07-17 13:00:00+00:00,0.51327,651.98,20.12
2020-07-17 14:00:00+00:00,0.5671799999999999,722.39,20.74
2020-07-17 15:00:00+00:00,0.5325700000000001,672.84,21.08
2020-07-17 16:00:00+00:00,0.36915,472.35,21.12
2020-07-17 17:00:00+00:00,0.17869,256.2,21.01
2020-07-17 18:00:00+00:00,0.0374699999999999,77.94,20.61
2020-07-17 19:00:00+00:00,0.00899,22.63,20.3
2020-07-17 20:00:00+00:00,0.0,0.0,19.68
2020-07-17 21:00:00+00:00,0.0,0.0,18.05
2020-07-17 22:00:00+00:00,0.0,0.0,16.9
2020-07-17 23:00:00+00:00,0.0,0.0,16.82
2020-07-18 00:00:00+00:00,0.0,0.0,17.01
2020-07-18 01:00:00+00:00,0.0,0.0,16.94
2020-07-18 02:00:00+00:00,0.0,0.0,17.07
2020-07-18 03:00:00+00:00,0.0,0.0,17.09
2020-07-18 04:00:00+00:00,0.0,0.91,17.1
2020-07-18 05:00:00+00:00,0.03288,55.21,17.46
2020-07-18 06:00:00+00:00,0.1296,187.33,18.09
2020-07-18 07:00:00+00:00,0.30066,385.82,19.48
2020-07-18 08:00:00+00:00,0.47896,601.35,20.65
2020-07-18 09:00:00+00:00,0.60965,772.2,21.96
2020-07-18 10:00:00+00:00,0.60851,771.85,22.69
2020-07-18 11:00:00+00:00,0.50719,642.32,22.94
2020-07-18 12:00:00+00:00,0.7490800000000001,966.07,22.79
2020-07-18 13:00:00+00:00,0.6859,877.09,22.26
2020-07-18 14:00:00+00:00,0.60714,768.25,21.88
2020-07-18 15:00:00+00:00,0.47231,591.71,21.29
2020-07-18 16:00:00+00:00,0.11117,152.35,20.77
2020-07-18 17:00:00+00:00,0.10532,146.07,20.05
2020-07-18 18:00:00+00:00,0.0384399999999999,77.75,19.6
2020-07-18 19:00:00+00:00,0.00907,22.63,18.9
2020-07-18 20:00:00+00:00,0.0,0.0,18.44
2020-07-18 21:00:00+00:00,0.0,0.0,17.93
2020-07-18 22:00:00+00:00,0.0,0.0,16.48
2020-07-18 23:00:00+00:00,0.0,0.0,15.52
2020-07-19 00:00:00+00:00,0.0,0.0,14.31
2020-07-19 01:00:00+00:00,0.0,0.0,13.35
2020-07-19 02:00:00+00:00,0.0,0.0,13.13
2020-07-19 03:00:00+00:00,0.0,0.0,13.12
2020-07-19 04:00:00+00:00,0.0,0.91,13.37
2020-07-19 05:00:00+00:00,0.00228,10.86,14.3
2020-07-19 06:00:00+00:00,0.0396,63.38,15.97
2020-07-19 07:00:00+00:00,0.20158,257.5,16.8
2020-07-19 08:00:00+00:00,0.38916,480.43,17.75
2020-07-19 09:00:00+00:00,0.6359199999999999,794.21,18.95
2020-07-19 10:00:00+00:00,0.71548,906.3,20.25
2020-07-19 11:00:00+00:00,0.64478,815.47,21.13
2020-07-19 12:00:00+00:00,0.43037,540.48,21.39
2020-07-19 13:00:00+00:00,0.2695,341.99,21.1
2020-07-19 14:00:00+00:00,0.16388,214.74,20.53
2020-07-19 15:00:00+00:00,0.2194499999999999,280.09,20.08
2020-07-19 16:00:00+00:00,0.20196,258.69,19.04
2020-07-19 17:00:00+00:00,0.09676,133.97,18.35
2020-07-19 18:00:00+00:00,0.05294,82.17,17.45
2020-07-19 19:00:00+00:00,0.0,3.62,16.34
2020-07-19 20:00:00+00:00,0.0,0.0,15.75
2020-07-19 21:00:00+00:00,0.0,0.0,15.55
2020-07-19 22:00:00+00:00,0.0,0.0,15.41
2020-07-19 23:00:00+00:00,0.0,0.0,15.34
2020-07-20 00:00:00+00:00,0.0,0.0,14.85
2020-07-20 01:00:00+00:00,0.0,0.0,14.35
2020-07-20 02:00:00+00:00,0.0,0.0,13.99
2020-07-20 03:00:00+00:00,0.0,0.0,13.48
2020-07-20 04:00:00+00:00,0.0,0.0,13.28
2020-07-20 05:00:00+00:00,0.03211,53.4,13.69
2020-07-20 06:00:00+00:00,0.1363,206.71,14.58
2020-07-20 07:00:00+00:00,0.32662,409.61,15.92
2020-07-20 08:00:00+00:00,0.49744,607.46,16.87
2020-07-20 09:00:00+00:00,0.64067,789.02,17.72
2020-07-20 10:00:00+00:00,0.67049,833.14,18.38
2020-07-20 11:00:00+00:00,0.75861,953.03,18.71
2020-07-20 12:00:00+00:00,0.7854800000000001,992.48,19.04
2020-07-20 13:00:00+00:00,0.7525499999999999,948.43,19.16
2020-07-20 14:00:00+00:00,0.60014,746.95,19.18
2020-07-20 15:00:00+00:00,0.5266900000000001,651.03,18.77
2020-07-20 16:00:00+00:00,0.36772,460.23,18.52
2020-07-20 17:00:00+00:00,0.18661,262.74,17.99
2020-07-20 18:00:00+00:00,0.03283,72.72,16.94
2020-07-20 19:00:00+00:00,0.00984,23.53,15.91
2020-07-20 20:00:00+00:00,0.0,0.0,14.83
2020-07-20 21:00:00+00:00,0.0,0.0,14.14
2020-07-20 22:00:00+00:00,0.0,0.0,13.62
2020-07-20 23:00:00+00:00,0.0,0.0,13.08
2020-07-21 00:00:00+00:00,0.0,0.0,12.64
2020-07-21 01:00:00+00:00,0.0,0.0,12.31
2020-07-21 02:00:00+00:00,0.0,0.0,11.94
2020-07-21 03:00:00+00:00,0.0,0.0,11.58
2020-07-21 04:00:00+00:00,0.0,0.0,11.29
2020-07-21 05:00:00+00:00,0.02954,49.78,11.72
2020-07-21 06:00:00+00:00,0.13375,202.62,14.4
2020-07-21 07:00:00+00:00,0.30207,382.27,16.15
2020-07-21 08:00:00+00:00,0.42893,529.05,17.12
2020-07-21 09:00:00+00:00,0.53107,657.3,17.71
2020-07-21 10:00:00+00:00,0.44974,556.56,17.96
2020-07-21 11:00:00+00:00,0.54799,679.19,18.06
2020-07-21 12:00:00+00:00,0.56874,704.32,18.06
2020-07-21 13:00:00+00:00,0.4447799999999999,549.0,17.96
2020-07-21 14:00:00+00:00,0.51651,637.01,18.01
2020-07-21 15:00:00+00:00,0.52678,648.26,18.12
2020-07-21 16:00:00+00:00,0.38079,474.19,17.64
2020-07-21 17:00:00+00:00,0.18489,260.3,17.17
2020-07-21 18:00:00+00:00,0.03353,72.34,16.51
2020-07-21 19:00:00+00:00,0.00808,20.82,15.58
2020-07-21 20:00:00+00:00,0.0,0.0,14.48
2020-07-21 21:00:00+00:00,0.0,0.0,13.71
2020-07-21 22:00:00+00:00,0.0,0.0,13.18
2020-07-21 23:00:00+00:00,0.0,0.0,12.75
2020-07-22 00:00:00+00:00,0.0,0.0,12.25
2020-07-22 01:00:00+00:00,0.0,0.0,11.7
2020-07-22 02:00:00+00:00,0.0,0.0,11.44
2020-07-22 03:00:00+00:00,0.0,0.0,11.26
2020-07-22 04:00:00+00:00,0.0,0.0,10.77
2020-07-22 05:00:00+00:00,0.03537,57.02,11.23
2020-07-22 06:00:00+00:00,0.13133,195.13,14.3
2020-07-22 07:00:00+00:00,0.30999,392.23,15.76
2020-07-22 08:00:00+00:00,0.47963,594.02,16.52
2020-07-22 09:00:00+00:00,0.47473,592.56,17.31
2020-07-22 10:00:00+00:00,0.61124,777.05,18.04
2020-07-22 11:00:00+00:00,0.67899,872.28,18.63
2020-07-22 12:00:00+00:00,0.38593,485.0,18.92
2020-07-22 13:00:00+00:00,0.66352,843.6,19.15
2020-07-22 14:00:00+00:00,0.40838,509.76,19.26
2020-07-22 15:00:00+00:00,0.5293,658.65,19.25
2020-07-22 16:00:00+00:00,0.36986,465.67,18.88
2020-07-22 17:00:00+00:00,0.17902,253.94,18.52
2020-07-22 18:00:00+00:00,0.03051,69.21,18.0
2020-07-22 19:00:00+00:00,0.008,20.82,17.21
2020-07-22 20:00:00+00:00,0.0,0.0,16.15
2020-07-22 21:00:00+00:00,0.0,0.0,14.7
2020-07-22 22:00:00+00:00,0.0,0.0,14.0
2020-07-22 23:00:00+00:00,0.0,0.0,13.71
2020-07-23 00:00:00+00:00,0.0,0.0,13.31
2020-07-23 01:00:00+00:00,0.0,0.0,12.85
2020-07-23 02:00:00+00:00,0.0,0.0,12.8
2020-07-23 03:00:00+00:00,0.0,0.0,12.86
2020-07-23 04:00:00+00:00,0.0,0.0,12.67
2020-07-23 05:00:00+00:00,0.0365,58.83,13.27
2020-07-23 06:00:00+00:00,0.12915,195.21,14.96
2020-07-23 07:00:00+00:00,0.31798,401.3,16.75
2020-07-23 08:00:00+00:00,0.48762,599.09,18.42
2020-07-23 09:00:00+00:00,0.4657099999999999,577.14,20.05
2020-07-23 10:00:00+00:00,0.51223,640.17,21.25
2020-07-23 11:00:00+00:00,0.66853,845.89,22.14
2020-07-23 12:00:00+00:00,0.79613,1018.89,22.8
2020-07-23 13:00:00+00:00,0.6828099999999999,866.78,23.13
2020-07-23 14:00:00+00:00,0.35862,453.05,23.17
2020-07-23 15:00:00+00:00,0.39685,499.01,22.93
2020-07-23 16:00:00+00:00,0.2536,325.73,22.36
2020-07-23 17:00:00+00:00,0.11869,164.3,21.58
2020-07-23 18:00:00+00:00,0.0509,82.4,20.79
2020-07-23 19:00:00+00:00,0.0,5.43,20.1
2020-07-23 20:00:00+00:00,0.0,0.0,18.84
2020-07-23 21:00:00+00:00,0.0,0.0,18.08
2020-07-23 22:00:00+00:00,0.0,0.0,17.45
2020-07-23 23:00:00+00:00,0.0,0.0,17.06
2020-07-24 00:00:00+00:00,0.0,0.0,16.58
2020-07-24 01:00:00+00:00,0.0,0.0,16.17
2020-07-24 02:00:00+00:00,0.0,0.0,15.84
2020-07-24 03:00:00+00:00,0.0,0.0,15.72
2020-07-24 04:00:00+00:00,0.0,0.0,15.76
2020-07-24 05:00:00+00:00,0.01802,35.3,16.23
2020-07-24 06:00:00+00:00,0.05814,86.71,17.06
2020-07-24 07:00:00+00:00,0.09823,135.28,18.36
2020-07-24 08:00:00+00:00,0.20079,256.73,18.47
2020-07-24 09:00:00+00:00,0.16986,220.67,18.73
2020-07-24 10:00:00+00:00,0.28897,363.89,19.38
2020-07-24 11:00:00+00:00,0.3239599999999999,408.06,20.32
2020-07-24 12:00:00+00:00,0.58524,737.27,21.05
2020-07-24 13:00:00+00:00,0.6019500000000001,752.73,20.71
2020-07-24 14:00:00+00:00,0.6263,780.91,20.44
2020-07-24 15:00:00+00:00,0.53098,660.29,20.69
2020-07-24 16:00:00+00:00,0.31021,393.69,20.45
2020-07-24 17:00:00+00:00,0.12594,173.1,20.32
2020-07-24 18:00:00+00:00,0.0387,63.54,19.88
2020-07-24 19:00:00+00:00,0.00463,15.39,19.14
2020-07-24 20:00:00+00:00,0.0,0.0,18.56
2020-07-24 21:00:00+00:00,0.0,0.0,17.95
2020-07-24 22:00:00+00:00,0.0,0.0,17.52
2020-07-24 23:00:00+00:00,0.0,0.0,17.48
2020-07-25 00:00:00+00:00,0.0,0.0,17.31
2020-07-25 01:00:00+00:00,0.0,0.0,16.89
2020-07-25 02:00:00+00:00,0.0,0.0,16.6
2020-07-25 03:00:00+00:00,0.0,0.0,16.3
2020-07-25 04:00:00+00:00,0.0,0.0,16.19
2020-07-25 05:00:00+00:00,0.00136,9.05,16.45
2020-07-25 06:00:00+00:00,0.01111,25.54,17.15
2020-07-25 07:00:00+00:00,0.06869,99.33,17.58
2020-07-25 08:00:00+00:00,0.07073,102.17,18.53
2020-07-25 09:00:00+00:00,0.06983,101.22,18.88
2020-07-25 10:00:00+00:00,0.07045,102.17,19.42
2020-07-25 11:00:00+00:00,0.22652,287.06,19.74
2020-07-25 12:00:00+00:00,0.39724,491.58,20.48
2020-07-25 13:00:00+00:00,0.17231,225.14,21.69
2020-07-25 14:00:00+00:00,0.30565,384.31,22.02
2020-07-25 15:00:00+00:00,0.1894199999999999,246.25,22.23
2020-07-25 16:00:00+00:00,0.1373899999999999,184.05,21.78
2020-07-25 17:00:00+00:00,0.06948,101.97,21.05
2020-07-25 18:00:00+00:00,0.00905,22.7,20.35
2020-07-25 19:00:00+00:00,0.0,3.62,19.25
2020-07-25 20:00:00+00:00,0.0,0.0,18.31
2020-07-25 21:00:00+00:00,0.0,0.0,18.08
2020-07-25 22:00:00+00:00,0.0,0.0,17.93
2020-07-25 23:00:00+00:00,0.0,0.0,17.52
2020-07-26 00:00:00+00:00,0.0,0.0,17.27
2020-07-26 01:00:00+00:00,0.0,0.0,17.14
2020-07-26 02:00:00+00:00,0.0,0.0,16.63
2020-07-26 03:00:00+00:00,0.0,0.0,16.44
2020-07-26 04:00:00+00:00,0.0,0.0,16.48
2020-07-26 05:00:00+00:00,0.03524,57.92,16.46
2020-07-26 06:00:00+00:00,0.10632,148.9,16.88
2020-07-26 07:00:00+00:00,0.24505,309.55,17.3
2020-07-26 08:00:00+00:00,0.41235,504.42,18.02
2020-07-26 09:00:00+00:00,0.5463300000000001,668.83,18.79
2020-07-26 10:00:00+00:00,0.67976,840.17,19.34
2020-07-26 11:00:00+00:00,0.66327,822.54,19.86
2020-07-26 12:00:00+00:00,0.65896,817.04,20.05
2020-07-26 13:00:00+00:00,0.70912,878.33,19.88
2020-07-26 14:00:00+00:00,0.657,808.7,19.91
2020-07-26 15:00:00+00:00,0.55935,687.75,20.26
2020-07-26 16:00:00+00:00,0.36722,460.98,20.36
2020-07-26 17:00:00+00:00,0.17403,247.17,20.02
2020-07-26 18:00:00+00:00,0.04018,74.9,19.52
2020-07-26 19:00:00+00:00,0.00517,16.29,18.76
2020-07-26 20:00:00+00:00,0.0,0.0,18.04
2020-07-26 21:00:00+00:00,0.0,0.0,17.52
2020-07-26 22:00:00+00:00,0.0,0.0,16.87
2020-07-26 23:00:00+00:00,0.0,0.0,16.46
2020-07-27 00:00:00+00:00,0.0,0.0,16.01
2020-07-27 01:00:00+00:00,0.0,0.0,15.69
2020-07-27 02:00:00+00:00,0.0,0.0,15.52
2020-07-27 03:00:00+00:00,0.0,0.0,15.32
2020-07-27 04:00:00+00:00,0.0,0.0,15.41
2020-07-27 05:00:00+00:00,0.00137,9.05,15.61
2020-07-27 06:00:00+00:00,0.01647,33.11,16.05
2020-07-27 07:00:00+00:00,0.08305,116.36,16.79
2020-07-27 08:00:00+00:00,0.197,251.24,17.84
2020-07-27 09:00:00+00:00,0.28486,357.02,19.28
2020-07-27 10:00:00+00:00,0.06752,99.33,20.89
2020-07-27 11:00:00+00:00,0.0809,116.36,22.65
2020-07-27 12:00:00+00:00,0.12504,170.28,23.23
2020-07-27 13:00:00+00:00,0.20277,264.6,23.78
2020-07-27 14:00:00+00:00,0.26492,340.25,24.54
2020-07-27 15:00:00+00:00,0.41778,526.82,25.01
2020-07-27 16:00:00+00:00,0.34539,442.4,24.39
2020-07-27 17:00:00+00:00,0.1644499999999999,235.81,22.26
2020-07-27 18:00:00+00:00,0.0207399999999999,39.73,21.11
2020-07-27 19:00:00+00:00,0.0045899999999999,15.39,20.42
2020-07-27 20:00:00+00:00,0.0,0.0,20.06
2020-07-27 21:00:00+00:00,0.0,0.0,19.61
2020-07-27 22:00:00+00:00,0.0,0.0,18.66
2020-07-27 23:00:00+00:00,0.0,0.0,17.87
2020-07-28 00:00:00+00:00,0.0,0.0,17.47
2020-07-28 01:00:00+00:00,0.0,0.0,17.74
2020-07-28 02:00:00+00:00,0.0,0.0,17.55
2020-07-28 03:00:00+00:00,0.0,0.0,16.54
2020-07-28 04:00:00+00:00,0.0,0.0,15.93
2020-07-28 05:00:00+00:00,0.0241499999999999,43.44,15.57
2020-07-28 06:00:00+00:00,0.12439,189.33,16.11
2020-07-28 07:00:00+00:00,0.26145,329.2,17.48
2020-07-28 08:00:00+00:00,0.48602,589.66,18.25
2020-07-28 09:00:00+00:00,0.2958199999999999,365.48,18.33
2020-07-28 10:00:00+00:00,0.34855,428.09,18.49
2020-07-28 11:00:00+00:00,0.42993,524.66,18.28
2020-07-28 12:00:00+00:00,0.52916,644.37,18.4
2020-07-28 13:00:00+00:00,0.32422,399.97,18.55
2020-07-28 14:00:00+00:00,0.29787,369.34,18.85
2020-07-28 15:00:00+00:00,0.39387,482.19,18.84
2020-07-28 16:00:00+00:00,0.25072,315.52,18.8
2020-07-28 17:00:00+00:00,0.1611,222.42,18.52
2020-07-28 18:00:00+00:00,0.03379,68.01,18.21
2020-07-28 19:00:00+00:00,0.00056,7.24,17.81
2020-07-28 20:00:00+00:00,0.0,0.0,17.27
2020-07-28 21:00:00+00:00,0.0,0.0,16.89
2020-07-28 22:00:00+00:00,0.0,0.0,16.77
2020-07-28 23:00:00+00:00,0.0,0.0,16.26
2020-07-29 00:00:00+00:00,0.0,0.0,15.96
2020-07-29 01:00:00+00:00,0.0,0.0,15.45
2020-07-29 02:00:00+00:00,0.0,0.0,14.92
2020-07-29 03:00:00+00:00,0.0,0.0,14.54
2020-07-29 04:00:00+00:00,0.0,0.0,14.2
2020-07-29 05:00:00+00:00,0.02778,47.97,14.3
2020-07-29 06:00:00+00:00,0.1221299999999999,177.45,15.21
2020-07-29 07:00:00+00:00,0.2830899999999999,356.08,16.38
2020-07-29 08:00:00+00:00,0.3425299999999999,420.25,17.09
2020-07-29 09:00:00+00:00,0.4986399999999999,608.29,17.79
2020-07-29 10:00:00+00:00,0.4437799999999999,543.64,18.05
2020-07-29 11:00:00+00:00,0.42726,525.45,18.43
2020-07-29 12:00:00+00:00,0.54088,665.57,18.56
2020-07-29 13:00:00+00:00,0.60233,742.7,19.0
2020-07-29 14:00:00+00:00,0.43941,540.31,18.98
2020-07-29 15:00:00+00:00,0.48997,601.87,18.67
2020-07-29 16:00:00+00:00,0.36693,460.02,18.64
2020-07-29 17:00:00+00:00,0.17426,250.49,18.6
2020-07-29 18:00:00+00:00,0.02629,60.68,18.22
2020-07-29 19:00:00+00:00,0.00316,12.67,17.67
2020-07-29 20:00:00+00:00,0.0,0.0,16.94
2020-07-29 21:00:00+00:00,0.0,0.0,16.38
2020-07-29 22:00:00+00:00,0.0,0.0,13.8
2020-07-29 23:00:00+00:00,0.0,0.0,13.14
2020-07-30 00:00:00+00:00,0.0,0.0,13.13
2020-07-30 01:00:00+00:00,0.0,0.0,13.09
2020-07-30 02:00:00+00:00,0.0,0.0,13.13
2020-07-30 03:00:00+00:00,0.0,0.0,13.36
2020-07-30 04:00:00+00:00,0.0,0.0,13.49
2020-07-30 05:00:00+00:00,0.02435,43.44,13.77
2020-07-30 06:00:00+00:00,0.11844,180.38,14.75
2020-07-30 07:00:00+00:00,0.30044,382.09,16.67
2020-07-30 08:00:00+00:00,0.48166,599.16,18.78
2020-07-30 09:00:00+00:00,0.6093,773.21,20.53
2020-07-30 10:00:00+00:00,0.70533,914.62,21.91
2020-07-30 11:00:00+00:00,0.7495299999999999,990.69,22.96
2020-07-30 12:00:00+00:00,0.7677999999999999,1032.19,23.74
2020-07-30 13:00:00+00:00,0.7205199999999999,971.95,24.33
2020-07-30 14:00:00+00:00,0.6051799999999999,811.13,24.63
2020-07-30 15:00:00+00:00,0.5008,661.62,24.77
2020-07-30 16:00:00+00:00,0.33386,442.27,24.8
2020-07-30 17:00:00+00:00,0.15859,236.2,24.61
2020-07-30 18:00:00+00:00,0.03001,63.38,24.14
2020-07-30 19:00:00+00:00,0.00129,9.05,22.77
2020-07-30 20:00:00+00:00,0.0,0.0,21.0
2020-07-30 21:00:00+00:00,0.0,0.0,19.77
2020-07-30 22:00:00+00:00,0.0,0.0,18.91
2020-07-30 23:00:00+00:00,0.0,0.0,18.24
2020-07-31 00:00:00+00:00,0.0,0.0,17.72
2020-07-31 01:00:00+00:00,0.0,0.0,17.27
2020-07-31 02:00:00+00:00,0.0,0.0,16.8
2020-07-31 03:00:00+00:00,0.0,0.0,16.39
2020-07-31 04:00:00+00:00,0.0,0.0,16.1
2020-07-31 05:00:00+00:00,0.02405,43.44,16.34
2020-07-31 06:00:00+00:00,0.11765,185.36,17.9
2020-07-31 07:00:00+00:00,0.30894,398.27,20.59
2020-07-31 08:00:00+00:00,0.49263,619.11,22.9
2020-07-31 09:00:00+00:00,0.62471,794.9,24.95
2020-07-31 10:00:00+00:00,0.7092200000000001,916.42,26.63
2020-07-31 11:00:00+00:00,0.77254,1011.89,28.04
2020-07-31 12:00:00+00:00,0.77535,1021.99,29.21
2020-07-31 13:00:00+00:00,0.74036,974.25,30.15
2020-07-31 14:00:00+00:00,0.64297,839.55,30.82
2020-07-31 15:00:00+00:00,0.50218,652.96,31.23
2020-07-31 16:00:00+00:00,0.34011,451.75,31.29
2020-07-31 17:00:00+00:00,0.15761,238.78,30.76
2020-07-31 18:00:00+00:00,0.02816,61.93,29.46
2020-07-31 19:00:00+00:00,0.0,3.62,27.41
2020-07-31 20:00:00+00:00,0.0,0.0,26.03
2020-07-31 21:00:00+00:00,0.0,0.0,25.4
2020-07-31 22:00:00+00:00,0.0,0.0,25.01
2020-07-31 23:00:00+00:00,0.0,0.0,24.07
2020-08-01 00:00:00+00:00,0.0,0.0,22.73
2020-08-01 01:00:00+00:00,0.0,0.0,21.39
2020-08-01 02:00:00+00:00,0.0,0.0,20.34
2020-08-01 03:00:00+00:00,0.0,0.0,19.69
2020-08-01 04:00:00+00:00,0.0,0.0,19.24
2020-08-01 05:00:00+00:00,0.02234,41.63,19.3
2020-08-01 06:00:00+00:00,0.10868,161.35,20.16
2020-08-01 07:00:00+00:00,0.15919,210.62,21.17
2020-08-01 08:00:00+00:00,0.38,476.24,22.11
2020-08-01 09:00:00+00:00,0.35337,445.66,22.97
2020-08-01 10:00:00+00:00,0.26875,344.27,23.4
2020-08-01 11:00:00+00:00,0.1724,227.98,23.58
2020-08-01 12:00:00+00:00,0.26406,338.8,23.5
2020-08-01 13:00:00+00:00,0.48841,614.92,23.21
2020-08-01 14:00:00+00:00,0.64093,807.56,22.92
2020-08-01 15:00:00+00:00,0.5039100000000001,630.77,22.54
2020-08-01 16:00:00+00:00,0.3463299999999999,442.0,22.31
2020-08-01 17:00:00+00:00,0.15744,228.92,21.88
2020-08-01 18:00:00+00:00,0.02389,55.33,21.33
2020-08-01 19:00:00+00:00,0.0,0.0,20.66
2020-08-01 20:00:00+00:00,0.0,0.0,19.67
2020-08-01 21:00:00+00:00,0.0,0.0,18.89
2020-08-01 22:00:00+00:00,0.0,0.0,18.51
2020-08-01 23:00:00+00:00,0.0,0.0,18.11
2020-08-02 00:00:00+00:00,0.0,0.0,17.75
2020-08-02 01:00:00+00:00,0.0,0.0,17.31
2020-08-02 02:00:00+00:00,0.0,0.0,16.97
2020-08-02 03:00:00+00:00,0.0,0.0,16.58
2020-08-02 04:00:00+00:00,0.0,0.0,16.36
2020-08-02 05:00:00+00:00,0.01797,35.3,16.65
2020-08-02 06:00:00+00:00,0.08924,127.51,17.74
2020-08-02 07:00:00+00:00,0.21051,269.59,18.28
2020-08-02 08:00:00+00:00,0.38576,474.77,18.48
2020-08-02 09:00:00+00:00,0.41639,513.19,18.93
2020-08-02 10:00:00+00:00,0.35802,444.42,19.38
2020-08-02 11:00:00+00:00,0.74381,933.91,19.9
2020-08-02 12:00:00+00:00,0.6724600000000001,842.43,20.19
2020-08-02 13:00:00+00:00,0.72935,917.06,20.41
2020-08-02 14:00:00+00:00,0.64512,804.62,20.4
2020-08-02 15:00:00+00:00,0.53283,661.26,20.28
2020-08-02 16:00:00+00:00,0.35449,448.57,20.0
2020-08-02 17:00:00+00:00,0.16228,234.06,19.66
2020-08-02 18:00:00+00:00,0.02892,59.44,19.17
2020-08-02 19:00:00+00:00,0.0,0.0,18.26
2020-08-02 20:00:00+00:00,0.0,0.0,17.49
2020-08-02 21:00:00+00:00,0.0,0.0,16.57
2020-08-02 22:00:00+00:00,0.0,0.0,15.09
2020-08-02 23:00:00+00:00,0.0,0.0,14.35
2020-08-03 00:00:00+00:00,0.0,0.0,13.88
2020-08-03 01:00:00+00:00,0.0,0.0,13.92
2020-08-03 02:00:00+00:00,0.0,0.0,14.18
2020-08-03 03:00:00+00:00,0.0,0.0,14.41
2020-08-03 04:00:00+00:00,0.0,0.0,14.5
2020-08-03 05:00:00+00:00,0.02081,38.92,14.86
2020-08-03 06:00:00+00:00,0.08084,115.56,15.96
2020-08-03 07:00:00+00:00,0.0837,117.3,16.88
2020-08-03 08:00:00+00:00,0.20524,261.79,18.05
2020-08-03 09:00:00+00:00,0.0907999999999999,126.76,18.69
2020-08-03 10:00:00+00:00,0.14764,194.87,19.01
2020-08-03 11:00:00+00:00,0.04817,74.73,18.36
2020-08-03 12:00:00+00:00,0.1051,143.79,18.46
2020-08-03 13:00:00+00:00,0.09542,132.44,18.96
2020-08-03 14:00:00+00:00,0.1917599999999999,247.25,19.18
2020-08-03 15:00:00+00:00,0.25817,325.28,19.03
2020-08-03 16:00:00+00:00,0.28592,358.77,17.82
2020-08-03 17:00:00+00:00,0.15957,228.68,18.0
2020-08-03 18:00:00+00:00,0.0330499999999999,61.89,17.68
2020-08-03 19:00:00+00:00,0.0,0.0,16.51
2020-08-03 20:00:00+00:00,0.0,0.0,15.66
2020-08-03 21:00:00+00:00,0.0,0.0,15.0
2020-08-03 22:00:00+00:00,0.0,0.0,14.57
2020-08-03 23:00:00+00:00,0.0,0.0,14.31
2020-08-04 00:00:00+00:00,0.0,0.0,13.99
2020-08-04 01:00:00+00:00,0.0,0.0,13.75
2020-08-04 02:00:00+00:00,0.0,0.0,13.28
2020-08-04 03:00:00+00:00,0.0,0.0,12.84
2020-08-04 04:00:00+00:00,0.0,0.0,12.55
2020-08-04 05:00:00+00:00,0.02523,44.35,12.32
2020-08-04 06:00:00+00:00,0.1145699999999999,178.44,14.35
2020-08-04 07:00:00+00:00,0.30809,395.36,16.5
2020-08-04 08:00:00+00:00,0.49501,623.49,17.26
2020-08-04 09:00:00+00:00,0.6121599999999999,784.27,18.04
2020-08-04 10:00:00+00:00,0.70738,922.2,18.89
2020-08-04 11:00:00+00:00,0.77301,1012.53,19.84
2020-08-04 12:00:00+00:00,0.77454,1009.73,20.62
2020-08-04 13:00:00+00:00,0.7418899999999999,955.56,20.95
2020-08-04 14:00:00+00:00,0.65296,827.49,20.98
2020-08-04 15:00:00+00:00,0.49611,624.04,21.05
2020-08-04 16:00:00+00:00,0.33604,430.68,21.12
2020-08-04 17:00:00+00:00,0.14248,201.85,21.12
2020-08-04 18:00:00+00:00,0.02169,50.89,20.67
2020-08-04 19:00:00+00:00,0.0,0.0,19.77
2020-08-04 20:00:00+00:00,0.0,0.0,18.4
2020-08-04 21:00:00+00:00,0.0,0.0,17.52
2020-08-04 22:00:00+00:00,0.0,0.0,16.87
2020-08-04 23:00:00+00:00,0.0,0.0,16.43
2020-08-05 00:00:00+00:00,0.0,0.0,16.13
2020-08-05 01:00:00+00:00,0.0,0.0,15.92
2020-08-05 02:00:00+00:00,0.0,0.0,15.64
2020-08-05 03:00:00+00:00,0.0,0.0,15.38
2020-08-05 04:00:00+00:00,0.0,0.0,15.25
2020-08-05 05:00:00+00:00,0.0241499999999999,43.44,15.59
2020-08-05 06:00:00+00:00,0.11136,174.85,16.58
2020-08-05 07:00:00+00:00,0.3015899999999999,383.36,18.04
2020-08-05 08:00:00+00:00,0.48389,595.33,19.69
2020-08-05 09:00:00+00:00,0.62466,776.39,21.34
2020-08-05 10:00:00+00:00,0.72233,914.32,22.72
2020-08-05 11:00:00+00:00,0.77167,991.75,24.09
2020-08-05 12:00:00+00:00,0.7870900000000001,1020.47,25.06
2020-08-05 13:00:00+00:00,0.73613,953.31,26.03
2020-08-05 14:00:00+00:00,0.64516,829.16,26.67
2020-08-05 15:00:00+00:00,0.50516,645.35,27.01
2020-08-05 16:00:00+00:00,0.34163,446.09,27.04
2020-08-05 17:00:00+00:00,0.14585,216.72,26.66
2020-08-05 18:00:00+00:00,0.01991,48.34,25.36
2020-08-05 19:00:00+00:00,0.0,0.0,23.88
2020-08-05 20:00:00+00:00,0.0,0.0,21.87
2020-08-05 21:00:00+00:00,0.0,0.0,20.25
2020-08-05 22:00:00+00:00,0.0,0.0,19.25
2020-08-05 23:00:00+00:00,0.0,0.0,18.63
2020-08-06 00:00:00+00:00,0.0,0.0,18.21
2020-08-06 01:00:00+00:00,0.0,0.0,17.78
2020-08-06 02:00:00+00:00,0.0,0.0,16.91
2020-08-06 03:00:00+00:00,0.0,0.0,16.07
2020-08-06 04:00:00+00:00,0.0,0.0,15.44
2020-08-06 05:00:00+00:00,0.0221099999999999,40.73,15.24
2020-08-06 06:00:00+00:00,0.0757999999999999,110.34,17.47
2020-08-06 07:00:00+00:00,0.27654,360.22,20.21
2020-08-06 08:00:00+00:00,0.44499,567.49,22.0
2020-08-06 09:00:00+00:00,0.5417799999999999,702.4,23.57
2020-08-06 10:00:00+00:00,0.6608200000000001,883.41,24.68
2020-08-06 11:00:00+00:00,0.70065,958.91,25.66
2020-08-06 12:00:00+00:00,0.6762699999999999,934.51,26.52
2020-08-06 13:00:00+00:00,0.67011,933.99,27.28
2020-08-06 14:00:00+00:00,0.60597,831.88,27.77
2020-08-06 15:00:00+00:00,0.47392,630.8,28.0
2020-08-06 16:00:00+00:00,0.3233399999999999,430.95,27.83
2020-08-06 17:00:00+00:00,0.14397,217.76,27.24
2020-08-06 18:00:00+00:00,0.0281499999999999,55.81,26.12
2020-08-06 19:00:00+00:00,0.0,0.0,24.13
2020-08-06 20:00:00+00:00,0.0,0.0,22.77
2020-08-06 21:00:00+00:00,0.0,0.0,22.08
2020-08-06 22:00:00+00:00,0.0,0.0,21.7
2020-08-06 23:00:00+00:00,0.0,0.0,21.38
2020-08-07 00:00:00+00:00,0.0,0.0,21.15
2020-08-07 01:00:00+00:00,0.0,0.0,20.7
2020-08-07 02:00:00+00:00,0.0,0.0,20.28
2020-08-07 03:00:00+00:00,0.0,0.0,19.77
2020-08-07 04:00:00+00:00,0.0,0.0,19.19
2020-08-07 05:00:00+00:00,0.02105,39.82,18.77
2020-08-07 06:00:00+00:00,0.10711,172.92,20.03
2020-08-07 07:00:00+00:00,0.2915,385.57,22.76
2020-08-07 08:00:00+00:00,0.46692,608.62,25.27
2020-08-07 09:00:00+00:00,0.57168,765.27,27.46
2020-08-07 10:00:00+00:00,0.65058,901.4,29.24
2020-08-07 11:00:00+00:00,0.7007599999999999,997.51,30.52
2020-08-07 12:00:00+00:00,0.7050700000000001,1007.54,31.26
2020-08-07 13:00:00+00:00,0.65964,934.58,31.61
2020-08-07 14:00:00+00:00,0.58624,816.74,31.71
2020-08-07 15:00:00+00:00,0.46569,630.7,31.69
2020-08-07 16:00:00+00:00,0.32355,438.86,31.46
2020-08-07 17:00:00+00:00,0.14418,223.57,30.83
2020-08-07 18:00:00+00:00,0.02648,54.09,29.55
2020-08-07 19:00:00+00:00,0.0,0.0,27.83
2020-08-07 20:00:00+00:00,0.0,0.0,26.04
2020-08-07 21:00:00+00:00,0.0,0.0,24.96
2020-08-07 22:00:00+00:00,0.0,0.0,24.07
2020-08-07 23:00:00+00:00,0.0,0.0,23.22
2020-08-08 00:00:00+00:00,0.0,0.0,22.43
2020-08-08 01:00:00+00:00,0.0,0.0,21.72
2020-08-08 02:00:00+00:00,0.0,0.0,21.08
2020-08-08 03:00:00+00:00,0.0,0.0,20.51
2020-08-08 04:00:00+00:00,0.0,0.0,19.77
2020-08-08 05:00:00+00:00,0.02034,38.92,19.08
2020-08-08 06:00:00+00:00,0.0949899999999999,143.01,20.91
2020-08-08 07:00:00+00:00,0.26868,359.14,24.59
2020-08-08 08:00:00+00:00,0.42775,564.84,27.34
2020-08-08 09:00:00+00:00,0.5511,742.51,29.91
2020-08-08 10:00:00+00:00,0.62026,848.23,31.86
2020-08-08 11:00:00+00:00,0.68733,950.68,32.7
2020-08-08 12:00:00+00:00,0.70705,978.84,33.12
2020-08-08 13:00:00+00:00,0.40268,538.76,33.06
2020-08-08 14:00:00+00:00,0.51194,683.69,32.92
2020-08-08 15:00:00+00:00,0.43261,572.23,32.56
2020-08-08 16:00:00+00:00,0.18927,259.13,32.12
2020-08-08 17:00:00+00:00,0.07769,117.99,31.3
2020-08-08 18:00:00+00:00,0.0301999999999999,56.19,29.86
2020-08-08 19:00:00+00:00,0.0,0.0,27.5
2020-08-08 20:00:00+00:00,0.0,0.0,26.67
2020-08-08 21:00:00+00:00,0.0,0.0,26.05
2020-08-08 22:00:00+00:00,0.0,0.0,25.4
2020-08-08 23:00:00+00:00,0.0,0.0,24.87
2020-08-09 00:00:00+00:00,0.0,0.0,24.18
2020-08-09 01:00:00+00:00,0.0,0.0,23.58
2020-08-09 02:00:00+00:00,0.0,0.0,23.22
2020-08-09 03:00:00+00:00,0.0,0.0,22.7
2020-08-09 04:00:00+00:00,0.0,0.0,22.06
2020-08-09 05:00:00+00:00,0.01685,34.39,21.69
2020-08-09 06:00:00+00:00,0.0649899999999999,98.37,22.44
2020-08-09 07:00:00+00:00,0.15619,210.59,24.36
2020-08-09 08:00:00+00:00,0.45804,587.6,26.16
2020-08-09 09:00:00+00:00,0.5757599999999999,749.51,27.85
2020-08-09 10:00:00+00:00,0.6729400000000001,891.07,29.28
2020-08-09 11:00:00+00:00,0.72662,973.03,30.39
2020-08-09 12:00:00+00:00,0.73495,989.03,31.2
2020-08-09 13:00:00+00:00,0.68639,921.89,31.8
2020-08-09 14:00:00+00:00,0.60492,805.14,32.13
2020-08-09 15:00:00+00:00,0.46902,618.95,32.23
2020-08-09 16:00:00+00:00,0.30666,413.12,32.09
2020-08-09 17:00:00+00:00,0.1343899999999999,208.13,31.61
2020-08-09 18:00:00+00:00,0.02748,53.16,30.34
2020-08-09 19:00:00+00:00,0.0,0.0,28.55
2020-08-09 20:00:00+00:00,0.0,0.0,27.04
2020-08-09 21:00:00+00:00,0.0,0.0,25.97
2020-08-09 22:00:00+00:00,0.0,0.0,25.11
2020-08-09 23:00:00+00:00,0.0,0.0,24.42
2020-08-10 00:00:00+00:00,0.0,0.0,23.88
2020-08-10 01:00:00+00:00,0.0,0.0,23.25
2020-08-10 02:00:00+00:00,0.0,0.0,22.64
2020-08-10 03:00:00+00:00,0.0,0.0,22.05
2020-08-10 04:00:00+00:00,0.0,0.0,21.61
2020-08-10 05:00:00+00:00,0.00216,10.86,21.49
2020-08-10 06:00:00+00:00,0.09725,152.42,22.58
2020-08-10 07:00:00+00:00,0.18703,249.84,24.16
2020-08-10 08:00:00+00:00,0.39674,511.21,26.0
2020-08-10 09:00:00+00:00,0.57021,739.62,27.67
2020-08-10 10:00:00+00:00,0.64524,848.65,29.11
2020-08-10 11:00:00+00:00,0.6955,927.22,30.4
2020-08-10 12:00:00+00:00,0.62588,833.79,31.29
2020-08-10 13:00:00+00:00,0.44551,588.18,31.82
2020-08-10 14:00:00+00:00,0.4986399999999999,658.57,31.96
2020-08-10 15:00:00+00:00,0.43239,569.97,32.03
2020-08-10 16:00:00+00:00,0.29585,397.17,31.52
2020-08-10 17:00:00+00:00,0.13138,203.37,30.85
2020-08-10 18:00:00+00:00,0.02596,50.71,29.84
2020-08-10 19:00:00+00:00,0.0,0.0,28.76
2020-08-10 20:00:00+00:00,0.0,0.0,27.55
2020-08-10 21:00:00+00:00,0.0,0.0,26.58
2020-08-10 22:00:00+00:00,0.0,0.0,25.69
2020-08-10 23:00:00+00:00,0.0,0.0,25.11
2020-08-11 00:00:00+00:00,0.0,0.0,24.55
2020-08-11 01:00:00+00:00,0.0,0.0,23.99
2020-08-11 02:00:00+00:00,0.0,0.0,23.5
2020-08-11 03:00:00+00:00,0.0,0.0,23.06
2020-08-11 04:00:00+00:00,0.0,0.0,22.64
2020-08-11 05:00:00+00:00,0.01491,31.68,22.4
2020-08-11 06:00:00+00:00,0.0918799999999999,142.74,23.15
2020-08-11 07:00:00+00:00,0.2477299999999999,328.1,24.65
2020-08-11 08:00:00+00:00,0.41066,527.63,26.25
2020-08-11 09:00:00+00:00,0.56059,727.79,27.88
2020-08-11 10:00:00+00:00,0.63532,834.87,29.03
2020-08-11 11:00:00+00:00,0.6655800000000001,889.57,30.03
2020-08-11 12:00:00+00:00,0.62202,838.65,30.89
2020-08-11 13:00:00+00:00,0.58085,788.06,31.51
2020-08-11 14:00:00+00:00,0.37133,498.93,31.81
2020-08-11 15:00:00+00:00,0.32429,435.18,31.73
2020-08-11 16:00:00+00:00,0.21127,285.14,29.87
2020-08-11 17:00:00+00:00,0.12686,193.17,28.43
2020-08-11 18:00:00+00:00,0.02556,48.14,27.73
2020-08-11 19:00:00+00:00,0.0,0.0,27.61
2020-08-11 20:00:00+00:00,0.0,0.0,26.09
2020-08-11 21:00:00+00:00,0.0,0.0,24.95
2020-08-11 22:00:00+00:00,0.0,0.0,23.97
2020-08-11 23:00:00+00:00,0.0,0.0,23.68
2020-08-12 00:00:00+00:00,0.0,0.0,23.72
2020-08-12 01:00:00+00:00,0.0,0.0,23.39
2020-08-12 02:00:00+00:00,0.0,0.0,22.81
2020-08-12 03:00:00+00:00,0.0,0.0,22.31
2020-08-12 04:00:00+00:00,0.0,0.0,22.05
2020-08-12 05:00:00+00:00,0.01684,34.39,21.82
2020-08-12 06:00:00+00:00,0.09555,155.91,22.91
2020-08-12 07:00:00+00:00,0.26318,349.16,24.09
2020-08-12 08:00:00+00:00,0.29701,385.96,25.64
2020-08-12 09:00:00+00:00,0.57057,753.76,27.17
2020-08-12 10:00:00+00:00,0.65261,878.86,28.65
2020-08-12 11:00:00+00:00,0.70335,954.76,29.91
2020-08-12 12:00:00+00:00,0.71937,981.75,30.82
2020-08-12 13:00:00+00:00,0.66112,896.18,31.41
2020-08-12 14:00:00+00:00,0.57847,775.54,31.65
2020-08-12 15:00:00+00:00,0.41499,550.72,31.82
2020-08-12 16:00:00+00:00,0.27087,367.15,31.82
2020-08-12 17:00:00+00:00,0.12326,190.45,30.77
2020-08-12 18:00:00+00:00,0.0254,48.52,29.67
2020-08-12 19:00:00+00:00,0.0,0.0,28.66
2020-08-12 20:00:00+00:00,0.0,0.0,27.55
2020-08-12 21:00:00+00:00,0.0,0.0,26.66
2020-08-12 22:00:00+00:00,0.0,0.0,26.07
2020-08-12 23:00:00+00:00,0.0,0.0,25.34
2020-08-13 00:00:00+00:00,0.0,0.0,24.73
2020-08-13 01:00:00+00:00,0.0,0.0,24.23
2020-08-13 02:00:00+00:00,0.0,0.0,23.71
2020-08-13 03:00:00+00:00,0.0,0.0,23.18
2020-08-13 04:00:00+00:00,0.0,0.0,22.77
2020-08-13 05:00:00+00:00,0.00053,7.24,22.55
2020-08-13 06:00:00+00:00,0.08937,140.07,23.38
2020-08-13 07:00:00+00:00,0.23563,314.81,23.68
2020-08-13 08:00:00+00:00,0.39635,514.3,25.3
2020-08-13 09:00:00+00:00,0.49781,649.64,26.54
2020-08-13 10:00:00+00:00,0.5893400000000001,784.27,27.19
2020-08-13 11:00:00+00:00,0.68367,939.94,28.07
2020-08-13 12:00:00+00:00,0.6708099999999999,928.39,28.71
2020-08-13 13:00:00+00:00,0.5983099999999999,811.67,29.28
2020-08-13 14:00:00+00:00,0.58282,778.3,29.36
2020-08-13 15:00:00+00:00,0.16906,229.85,28.35
2020-08-13 16:00:00+00:00,0.01942,38.79,26.96
2020-08-13 17:00:00+00:00,0.01192,27.43,23.91
2020-08-13 18:00:00+00:00,0.0095,23.65,23.08
2020-08-13 19:00:00+00:00,0.0,0.0,23.57
2020-08-13 20:00:00+00:00,0.0,0.0,23.08
2020-08-13 21:00:00+00:00,0.0,0.0,22.48
2020-08-13 22:00:00+00:00,0.0,0.0,22.13
2020-08-13 23:00:00+00:00,0.0,0.0,21.86
2020-08-14 00:00:00+00:00,0.0,0.0,21.59
2020-08-14 01:00:00+00:00,0.0,0.0,21.23
2020-08-14 02:00:00+00:00,0.0,0.0,20.98
2020-08-14 03:00:00+00:00,0.0,0.0,20.79
2020-08-14 04:00:00+00:00,0.0,0.0,20.6
2020-08-14 05:00:00+00:00,0.01443,30.77,20.44
2020-08-14 06:00:00+00:00,0.0931599999999999,151.46,21.42
2020-08-14 07:00:00+00:00,0.25726,338.63,22.41
2020-08-14 08:00:00+00:00,0.43466,552.0,23.64
2020-08-14 09:00:00+00:00,0.5409299999999999,696.31,24.5
2020-08-14 10:00:00+00:00,0.20221,267.37,24.59
2020-08-14 11:00:00+00:00,0.0742,109.73,24.86
2020-08-14 12:00:00+00:00,0.12622,174.06,24.9
2020-08-14 13:00:00+00:00,0.2801,362.82,23.59
2020-08-14 14:00:00+00:00,0.247,320.12,22.91
2020-08-14 15:00:00+00:00,0.25054,325.4,23.44
2020-08-14 16:00:00+00:00,0.14902,201.05,23.21
2020-08-14 17:00:00+00:00,0.06354,96.0,22.54
2020-08-14 18:00:00+00:00,0.02348,43.87,21.97
2020-08-14 19:00:00+00:00,0.0,0.0,21.33
2020-08-14 20:00:00+00:00,0.0,0.0,20.76
2020-08-14 21:00:00+00:00,0.0,0.0,20.29
2020-08-14 22:00:00+00:00,0.0,0.0,19.96
2020-08-14 23:00:00+00:00,0.0,0.0,19.63
2020-08-15 00:00:00+00:00,0.0,0.0,19.46
2020-08-15 01:00:00+00:00,0.0,0.0,19.17
2020-08-15 02:00:00+00:00,0.0,0.0,18.96
2020-08-15 03:00:00+00:00,0.0,0.0,18.58
2020-08-15 04:00:00+00:00,0.0,0.0,18.34
2020-08-15 05:00:00+00:00,0.01273,28.06,18.12
2020-08-15 06:00:00+00:00,0.02371,43.52,19.17
2020-08-15 07:00:00+00:00,0.28213,370.14,20.56
2020-08-15 08:00:00+00:00,0.3997,509.18,21.41
2020-08-15 09:00:00+00:00,0.38771,495.59,22.25
2020-08-15 10:00:00+00:00,0.30548,394.79,23.38
2020-08-15 11:00:00+00:00,0.4988999999999999,652.3,24.28
2020-08-15 12:00:00+00:00,0.28958,378.71,24.56
2020-08-15 13:00:00+00:00,0.38189,499.26,24.95
2020-08-15 14:00:00+00:00,0.5274099999999999,693.06,25.08
2020-08-15 15:00:00+00:00,0.22608,297.17,24.99
2020-08-15 16:00:00+00:00,0.05622,87.03,24.75
2020-08-15 17:00:00+00:00,0.09951,146.62,23.77
2020-08-15 18:00:00+00:00,0.01991,38.92,23.15
2020-08-15 19:00:00+00:00,0.0,0.0,22.02
2020-08-15 20:00:00+00:00,0.0,0.0,21.01
2020-08-15 21:00:00+00:00,0.0,0.0,20.7
2020-08-15 22:00:00+00:00,0.0,0.0,20.29
2020-08-15 23:00:00+00:00,0.0,0.0,20.01
2020-08-16 00:00:00+00:00,0.0,0.0,19.86
2020-08-16 01:00:00+00:00,0.0,0.0,19.72
2020-08-16 02:00:00+00:00,0.0,0.0,19.67
2020-08-16 03:00:00+00:00,0.0,0.0,19.56
2020-08-16 04:00:00+00:00,0.0,0.0,19.38
2020-08-16 05:00:00+00:00,0.01024,24.44,19.18
2020-08-16 06:00:00+00:00,0.09319,156.7,19.73
2020-08-16 07:00:00+00:00,0.2747699999999999,360.23,21.47
2020-08-16 08:00:00+00:00,0.44226,561.53,22.93
2020-08-16 09:00:00+00:00,0.57075,733.85,24.44
2020-08-16 10:00:00+00:00,0.5216799999999999,677.4,25.76
2020-08-16 11:00:00+00:00,0.5383600000000001,707.13,26.62
2020-08-16 12:00:00+00:00,0.57486,758.83,27.3
2020-08-16 13:00:00+00:00,0.43076,561.77,27.65
2020-08-16 14:00:00+00:00,0.4086,532.71,27.57
2020-08-16 15:00:00+00:00,0.13523,185.42,25.06
2020-08-16 16:00:00+00:00,0.02265,42.57,22.13
2020-08-16 17:00:00+00:00,0.0096,23.65,21.33
2020-08-16 18:00:00+00:00,0.00173,9.96,21.06
2020-08-16 19:00:00+00:00,0.0,0.0,21.63
2020-08-16 20:00:00+00:00,0.0,0.0,21.04
2020-08-16 21:00:00+00:00,0.0,0.0,20.5
2020-08-16 22:00:00+00:00,0.0,0.0,19.99
2020-08-16 23:00:00+00:00,0.0,0.0,19.65
2020-08-17 00:00:00+00:00,0.0,0.0,19.4
2020-08-17 01:00:00+00:00,0.0,0.0,19.05
2020-08-17 02:00:00+00:00,0.0,0.0,18.79
2020-08-17 03:00:00+00:00,0.0,0.0,18.41
2020-08-17 04:00:00+00:00,0.0,0.0,18.25
2020-08-17 05:00:00+00:00,0.01211,27.15,18.34
2020-08-17 06:00:00+00:00,0.09089,147.29,19.01
2020-08-17 07:00:00+00:00,0.26679,346.65,19.65
2020-08-17 08:00:00+00:00,0.37771,475.28,20.77
2020-08-17 09:00:00+00:00,0.54526,691.23,21.69
2020-08-17 10:00:00+00:00,0.46697,593.61,22.55
2020-08-17 11:00:00+00:00,0.32769,419.26,23.35
2020-08-17 12:00:00+00:00,0.31705,407.35,23.92
2020-08-17 13:00:00+00:00,0.51807,661.71,23.28
2020-08-17 14:00:00+00:00,0.04822,75.68,21.44
2020-08-17 15:00:00+00:00,0.18905,245.9,21.07
2020-08-17 16:00:00+00:00,0.30869,399.47,21.32
2020-08-17 17:00:00+00:00,0.06711,100.47,21.15
2020-08-17 18:00:00+00:00,0.02088,39.82,20.09
2020-08-17 19:00:00+00:00,0.0,0.0,19.17
2020-08-17 20:00:00+00:00,0.0,0.0,18.67
2020-08-17 21:00:00+00:00,0.0,0.0,17.96
2020-08-17 22:00:00+00:00,0.0,0.0,17.69
2020-08-17 23:00:00+00:00,0.0,0.0,17.81
2020-08-18 00:00:00+00:00,0.0,0.0,17.67
2020-08-18 01:00:00+00:00,0.0,0.0,17.34
2020-08-18 02:00:00+00:00,0.0,0.0,17.17
2020-08-18 03:00:00+00:00,0.0,0.0,16.91
2020-08-18 04:00:00+00:00,0.0,0.0,16.6
2020-08-18 05:00:00+00:00,0.0,3.62,16.53
2020-08-18 06:00:00+00:00,0.07642,114.44,17.22
2020-08-18 07:00:00+00:00,0.0238999999999999,43.52,18.0
2020-08-18 08:00:00+00:00,0.04282,68.11,18.87
2020-08-18 09:00:00+00:00,0.4180899999999999,516.98,19.86
2020-08-18 10:00:00+00:00,0.31798,398.26,20.67
2020-08-18 11:00:00+00:00,0.65818,824.55,21.51
2020-08-18 12:00:00+00:00,0.54577,681.28,21.87
2020-08-18 13:00:00+00:00,0.6698200000000001,841.28,22.11
2020-08-18 14:00:00+00:00,0.63287,793.31,22.05
2020-08-18 15:00:00+00:00,0.48735,609.48,22.1
2020-08-18 16:00:00+00:00,0.30992,398.87,22.03
2020-08-18 17:00:00+00:00,0.12323,189.39,21.55
2020-08-18 18:00:00+00:00,0.01886,37.11,20.82
2020-08-18 19:00:00+00:00,0.0,0.0,20.13
2020-08-18 20:00:00+00:00,0.0,0.0,18.92
2020-08-18 21:00:00+00:00,0.0,0.0,17.75
2020-08-18 22:00:00+00:00,0.0,0.0,17.33
2020-08-18 23:00:00+00:00,0.0,0.0,17.07
2020-08-19 00:00:00+00:00,0.0,0.0,16.91
2020-08-19 01:00:00+00:00,0.0,0.0,16.88
2020-08-19 02:00:00+00:00,0.0,0.0,16.62
2020-08-19 03:00:00+00:00,0.0,0.0,16.43
2020-08-19 04:00:00+00:00,0.0,0.0,16.15
2020-08-19 05:00:00+00:00,0.0032,12.67,16.02
2020-08-19 06:00:00+00:00,0.0910199999999999,148.54,16.94
2020-08-19 07:00:00+00:00,0.2615099999999999,338.07,18.64
2020-08-19 08:00:00+00:00,0.41885,523.73,20.46
2020-08-19 09:00:00+00:00,0.47135,591.94,22.24
2020-08-19 10:00:00+00:00,0.5512699999999999,697.95,23.08
2020-08-19 11:00:00+00:00,0.5375700000000001,682.62,23.57
2020-08-19 12:00:00+00:00,0.6986,897.73,24.28
2020-08-19 13:00:00+00:00,0.33376,426.13,24.68
2020-08-19 14:00:00+00:00,0.30335,389.05,25.14
2020-08-19 15:00:00+00:00,0.28254,364.07,25.15
2020-08-19 16:00:00+00:00,0.10734,150.74,25.28
2020-08-19 17:00:00+00:00,0.01253,28.38,24.3
2020-08-19 18:00:00+00:00,0.0154499999999999,32.58,23.36
2020-08-19 19:00:00+00:00,0.0,0.0,22.16
2020-08-19 20:00:00+00:00,0.0,0.0,21.22
2020-08-19 21:00:00+00:00,0.0,0.0,20.74
2020-08-19 22:00:00+00:00,0.0,0.0,20.4
2020-08-19 23:00:00+00:00,0.0,0.0,20.26
2020-08-20 00:00:00+00:00,0.0,0.0,20.16
2020-08-20 01:00:00+00:00,0.0,0.0,20.22
2020-08-20 02:00:00+00:00,0.0,0.0,20.38
2020-08-20 03:00:00+00:00,0.0,0.0,20.32
2020-08-20 04:00:00+00:00,0.0,0.0,20.29
2020-08-20 05:00:00+00:00,0.0,5.43,20.47
2020-08-20 06:00:00+00:00,0.03497,58.65,20.99
2020-08-20 07:00:00+00:00,0.1655,220.07,21.75
2020-08-20 08:00:00+00:00,0.04058,66.22,22.34
2020-08-20 09:00:00+00:00,0.05553,85.14,22.06
2020-08-20 10:00:00+00:00,0.10028,140.0,21.78
2020-08-20 11:00:00+00:00,0.29055,370.67,22.16
2020-08-20 12:00:00+00:00,0.26113,337.13,24.1
2020-08-20 13:00:00+00:00,0.6283099999999999,809.89,25.48
2020-08-20 14:00:00+00:00,0.59741,768.78,26.33
2020-08-20 15:00:00+00:00,0.35336,455.23,27.08
2020-08-20 16:00:00+00:00,0.16193,220.36,27.44
2020-08-20 17:00:00+00:00,0.1084099999999999,171.27,27.24
2020-08-20 18:00:00+00:00,0.01587,33.49,25.57
2020-08-20 19:00:00+00:00,0.0,0.0,24.24
2020-08-20 20:00:00+00:00,0.0,0.0,23.45
2020-08-20 21:00:00+00:00,0.0,0.0,22.92
2020-08-20 22:00:00+00:00,0.0,0.0,22.62
2020-08-20 23:00:00+00:00,0.0,0.0,21.45
2020-08-21 00:00:00+00:00,0.0,0.0,21.09
2020-08-21 01:00:00+00:00,0.0,0.0,21.08
2020-08-21 02:00:00+00:00,0.0,0.0,21.69
2020-08-21 03:00:00+00:00,0.0,0.0,22.19
2020-08-21 04:00:00+00:00,0.0,0.0,22.41
2020-08-21 05:00:00+00:00,0.0,5.43,22.29
2020-08-21 06:00:00+00:00,0.03605,60.37,21.67
2020-08-21 07:00:00+00:00,0.28693,375.53,23.11
2020-08-21 08:00:00+00:00,0.45065,563.69,23.75
2020-08-21 09:00:00+00:00,0.59872,748.36,24.53
2020-08-21 10:00:00+00:00,0.6607799999999999,831.86,24.99
2020-08-21 11:00:00+00:00,0.75359,955.28,25.0
2020-08-21 12:00:00+00:00,0.75729,961.23,25.01
2020-08-21 13:00:00+00:00,0.7116699999999999,898.13,25.21
2020-08-21 14:00:00+00:00,0.62536,782.07,24.9
2020-08-21 15:00:00+00:00,0.4796499999999999,599.1,24.59
2020-08-21 16:00:00+00:00,0.30562,395.08,24.0
2020-08-21 17:00:00+00:00,0.11642,183.37,23.46
2020-08-21 18:00:00+00:00,0.01427,30.77,22.68
2020-08-21 19:00:00+00:00,0.0,0.0,22.09
2020-08-21 20:00:00+00:00,0.0,0.0,21.4
2020-08-21 21:00:00+00:00,0.0,0.0,20.85
2020-08-21 22:00:00+00:00,0.0,0.0,20.42
2020-08-21 23:00:00+00:00,0.0,0.0,19.97
2020-08-22 00:00:00+00:00,0.0,0.0,19.64
2020-08-22 01:00:00+00:00,0.0,0.0,19.19
2020-08-22 02:00:00+00:00,0.0,0.0,18.81
2020-08-22 03:00:00+00:00,0.0,0.0,18.56
2020-08-22 04:00:00+00:00,0.0,0.0,18.27
2020-08-22 05:00:00+00:00,0.0074,19.91,18.09
2020-08-22 06:00:00+00:00,0.0490499999999999,76.73,18.17
2020-08-22 07:00:00+00:00,0.24094,307.89,18.44
2020-08-22 08:00:00+00:00,0.24828,310.16,19.0
2020-08-22 09:00:00+00:00,0.35236,433.02,19.65
2020-08-22 10:00:00+00:00,0.49916,610.29,20.07
2020-08-22 11:00:00+00:00,0.16531,215.68,20.72
2020-08-22 12:00:00+00:00,0.49307,606.53,21.25
2020-08-22 13:00:00+00:00,0.3267799999999999,406.73,21.43
2020-08-22 14:00:00+00:00,0.38662,476.67,21.45
2020-08-22 15:00:00+00:00,0.35725,440.99,21.36
2020-08-22 16:00:00+00:00,0.31982,405.62,20.85
2020-08-22 17:00:00+00:00,0.08187,121.06,20.46
2020-08-22 18:00:00+00:00,0.0036,13.58,19.77
2020-08-22 19:00:00+00:00,0.0,0.0,18.87
2020-08-22 20:00:00+00:00,0.0,0.0,18.35
2020-08-22 21:00:00+00:00,0.0,0.0,17.92
2020-08-22 22:00:00+00:00,0.0,0.0,17.55
2020-08-22 23:00:00+00:00,0.0,0.0,17.13
2020-08-23 00:00:00+00:00,0.0,0.0,16.76
2020-08-23 01:00:00+00:00,0.0,0.0,16.48
2020-08-23 02:00:00+00:00,0.0,0.0,16.42
2020-08-23 03:00:00+00:00,0.0,0.0,16.48
2020-08-23 04:00:00+00:00,0.0,0.0,16.14
2020-08-23 05:00:00+00:00,0.0009599999999999,8.15,15.99
2020-08-23 06:00:00+00:00,0.06993,105.9,16.41
2020-08-23 07:00:00+00:00,0.19071,244.91,16.8
2020-08-23 08:00:00+00:00,0.15868,205.19,17.61
2020-08-23 09:00:00+00:00,0.21961,276.8,18.19
2020-08-23 10:00:00+00:00,0.4619,565.03,18.67
2020-08-23 11:00:00+00:00,0.2637799999999999,330.81,19.27
2020-08-23 12:00:00+00:00,0.15691,205.28,19.63
2020-08-23 13:00:00+00:00,0.26963,338.46,19.82
2020-08-23 14:00:00+00:00,0.16018,208.98,19.49
2020-08-23 15:00:00+00:00,0.2898199999999999,361.71,19.79
2020-08-23 16:00:00+00:00,0.2252299999999999,289.02,19.68
2020-08-23 17:00:00+00:00,0.10047,151.28,19.36
2020-08-23 18:00:00+00:00,0.01269,28.06,18.98
2020-08-23 19:00:00+00:00,0.0,0.0,18.27
2020-08-23 20:00:00+00:00,0.0,0.0,17.82
2020-08-23 21:00:00+00:00,0.0,0.0,17.09
2020-08-23 22:00:00+00:00,0.0,0.0,16.66
2020-08-23 23:00:00+00:00,0.0,0.0,16.6
2020-08-24 00:00:00+00:00,0.0,0.0,16.12
2020-08-24 01:00:00+00:00,0.0,0.0,16.21
2020-08-24 02:00:00+00:00,0.0,0.0,16.02
2020-08-24 03:00:00+00:00,0.0,0.0,15.89
2020-08-24 04:00:00+00:00,0.0,0.0,15.71
2020-08-24 05:00:00+00:00,0.0,3.62,15.47
2020-08-24 06:00:00+00:00,0.02419,43.52,15.68
2020-08-24 07:00:00+00:00,0.12443,165.75,16.55
2020-08-24 08:00:00+00:00,0.23693,296.39,17.07
2020-08-24 09:00:00+00:00,0.49192,601.66,17.9
2020-08-24 10:00:00+00:00,0.48456,593.54,18.47
2020-08-24 11:00:00+00:00,0.17579,226.57,18.67
2020-08-24 12:00:00+00:00,0.54823,672.04,19.09
2020-08-24 13:00:00+00:00,0.55929,684.67,19.27
2020-08-24 14:00:00+00:00,0.49098,599.02,19.15
2020-08-24 15:00:00+00:00,0.35686,438.22,19.11
2020-08-24 16:00:00+00:00,0.2635,334.45,18.84
2020-08-24 17:00:00+00:00,0.10853,170.63,18.57
2020-08-24 18:00:00+00:00,0.0115199999999999,26.25,18.02
2020-08-24 19:00:00+00:00,0.0,0.0,17.46
2020-08-24 20:00:00+00:00,0.0,0.0,16.92
2020-08-24 21:00:00+00:00,0.0,0.0,16.36
2020-08-24 22:00:00+00:00,0.0,0.0,15.85
2020-08-24 23:00:00+00:00,0.0,0.0,15.69
2020-08-25 00:00:00+00:00,0.0,0.0,15.38
2020-08-25 01:00:00+00:00,0.0,0.0,15.16
2020-08-25 02:00:00+00:00,0.0,0.0,15.15
2020-08-25 03:00:00+00:00,0.0,0.0,15.25
2020-08-25 04:00:00+00:00,0.0,0.0,15.2
2020-08-25 05:00:00+00:00,0.0,2.72,15.34
2020-08-25 06:00:00+00:00,0.0593599999999999,90.81,15.59
2020-08-25 07:00:00+00:00,0.05974,87.98,15.87
2020-08-25 08:00:00+00:00,0.17811,226.97,16.5
2020-08-25 09:00:00+00:00,0.23624,295.62,17.65
2020-08-25 10:00:00+00:00,0.0788799999999999,111.63,17.73
2020-08-25 11:00:00+00:00,0.12082,160.82,17.21
2020-08-25 12:00:00+00:00,0.2004,254.07,17.6
2020-08-25 13:00:00+00:00,0.23458,295.58,19.32
2020-08-25 14:00:00+00:00,0.05253,80.41,19.8
2020-08-25 15:00:00+00:00,0.2226999999999999,281.44,20.14
2020-08-25 16:00:00+00:00,0.14861,196.58,20.88
2020-08-25 17:00:00+00:00,0.10053,158.67,20.99
2020-08-25 18:00:00+00:00,0.00904,22.63,19.91
2020-08-25 19:00:00+00:00,0.0,0.0,19.25
2020-08-25 20:00:00+00:00,0.0,0.0,18.67
2020-08-25 21:00:00+00:00,0.0,0.0,18.3
2020-08-25 22:00:00+00:00,0.0,0.0,17.78
2020-08-25 23:00:00+00:00,0.0,0.0,17.68
2020-08-26 00:00:00+00:00,0.0,0.0,17.38
2020-08-26 01:00:00+00:00,0.0,0.0,17.15
2020-08-26 02:00:00+00:00,0.0,0.0,17.08
2020-08-26 03:00:00+00:00,0.0,0.0,17.12
2020-08-26 04:00:00+00:00,0.0,0.0,17.2
2020-08-26 05:00:00+00:00,0.0,3.62,17.2
2020-08-26 06:00:00+00:00,0.02051,38.79,17.32
2020-08-26 07:00:00+00:00,0.06664,96.49,17.14
2020-08-26 08:00:00+00:00,0.06112,89.87,17.19
2020-08-26 09:00:00+00:00,0.12031,159.87,17.5
2020-08-26 10:00:00+00:00,0.08067,113.52,17.82
2020-08-26 11:00:00+00:00,0.0845,118.25,18.24
2020-08-26 12:00:00+00:00,0.11848,157.98,17.76
2020-08-26 13:00:00+00:00,0.14329,187.3,18.38
2020-08-26 14:00:00+00:00,0.0638,93.65,18.59
2020-08-26 15:00:00+00:00,0.20097,253.98,18.58
2020-08-26 16:00:00+00:00,0.07509,107.15,18.19
2020-08-26 17:00:00+00:00,0.07145,106.88,17.83
2020-08-26 18:00:00+00:00,0.00317,12.67,17.36
2020-08-26 19:00:00+00:00,0.0,0.0,16.74
2020-08-26 20:00:00+00:00,0.0,0.0,16.52
2020-08-26 21:00:00+00:00,0.0,0.0,15.97
2020-08-26 22:00:00+00:00,0.0,0.0,15.51
2020-08-26 23:00:00+00:00,0.0,0.0,14.94
2020-08-27 00:00:00+00:00,0.0,0.0,14.46
2020-08-27 01:00:00+00:00,0.0,0.0,14.05
2020-08-27 02:00:00+00:00,0.0,0.0,13.86
2020-08-27 03:00:00+00:00,0.0,0.0,13.4
2020-08-27 04:00:00+00:00,0.0,0.0,13.24
2020-08-27 05:00:00+00:00,0.0,1.81,13.14
2020-08-27 06:00:00+00:00,0.0119499999999999,26.49,13.89
2020-08-27 07:00:00+00:00,0.03008,51.08,14.82
2020-08-27 08:00:00+00:00,0.06834,98.38,15.38
2020-08-27 09:00:00+00:00,0.1944199999999999,247.42,16.01
2020-08-27 10:00:00+00:00,0.29801,370.74,16.84
2020-08-27 11:00:00+00:00,0.37086,461.56,18.13
2020-08-27 12:00:00+00:00,0.42649,532.31,18.74
2020-08-27 13:00:00+00:00,0.1495399999999999,197.71,19.7
2020-08-27 14:00:00+00:00,0.28984,365.76,20.31
2020-08-27 15:00:00+00:00,0.1299799999999999,174.32,19.9
2020-08-27 16:00:00+00:00,0.0456,71.89,19.58
2020-08-27 17:00:00+00:00,0.02521,45.41,18.68
2020-08-27 18:00:00+00:00,0.0,2.72,17.93
2020-08-27 19:00:00+00:00,0.0,0.0,17.27
2020-08-27 20:00:00+00:00,0.0,0.0,16.28
2020-08-27 21:00:00+00:00,0.0,0.0,15.83
2020-08-27 22:00:00+00:00,0.0,0.0,15.6
2020-08-27 23:00:00+00:00,0.0,0.0,15.54
2020-08-28 00:00:00+00:00,0.0,0.0,15.64
2020-08-28 01:00:00+00:00,0.0,0.0,16.09
2020-08-28 02:00:00+00:00,0.0,0.0,16.4
2020-08-28 03:00:00+00:00,0.0,0.0,16.25
2020-08-28 04:00:00+00:00,0.0,0.0,15.96
2020-08-28 05:00:00+00:00,0.0,2.72,15.6
2020-08-28 06:00:00+00:00,0.07064,110.74,15.59
2020-08-28 07:00:00+00:00,0.22127,282.21,16.3
2020-08-28 08:00:00+00:00,0.36988,448.6,16.94
2020-08-28 09:00:00+00:00,0.24017,299.28,17.47
2020-08-28 10:00:00+00:00,0.07236,104.06,18.3
2020-08-28 11:00:00+00:00,0.35267,435.63,18.9
2020-08-28 12:00:00+00:00,0.03824,62.43,19.45
2020-08-28 13:00:00+00:00,0.14456,190.14,18.65
2020-08-28 14:00:00+00:00,0.36606,446.26,16.77
2020-08-28 15:00:00+00:00,0.03204,53.92,16.79
2020-08-28 16:00:00+00:00,0.0124,27.43,17.1
2020-08-28 17:00:00+00:00,0.06295,95.1,16.18
2020-08-28 18:00:00+00:00,0.0052699999999999,16.29,15.77
2020-08-28 19:00:00+00:00,0.0,0.0,15.08
2020-08-28 20:00:00+00:00,0.0,0.0,14.82
2020-08-28 21:00:00+00:00,0.0,0.0,14.48
2020-08-28 22:00:00+00:00,0.0,0.0,14.11
2020-08-28 23:00:00+00:00,0.0,0.0,14.07
2020-08-29 00:00:00+00:00,0.0,0.0,13.92
2020-08-29 01:00:00+00:00,0.0,0.0,13.82
2020-08-29 02:00:00+00:00,0.0,0.0,13.58
2020-08-29 03:00:00+00:00,0.0,0.0,13.52
2020-08-29 04:00:00+00:00,0.0,0.0,13.34
2020-08-29 05:00:00+00:00,0.0,0.0,13.23
2020-08-29 06:00:00+00:00,0.07757,128.73,13.71
2020-08-29 07:00:00+00:00,0.14621,190.25,14.43
2020-08-29 08:00:00+00:00,0.33784,412.98,15.56
2020-08-29 09:00:00+00:00,0.1489,193.92,16.46
2020-08-29 10:00:00+00:00,0.1751,225.21,16.71
2020-08-29 11:00:00+00:00,0.14708,192.03,16.62
2020-08-29 12:00:00+00:00,0.25892,323.63,17.02
2020-08-29 13:00:00+00:00,0.2552,318.98,17.34
2020-08-29 14:00:00+00:00,0.2190099999999999,276.42,17.82
2020-08-29 15:00:00+00:00,0.27501,339.15,16.61
2020-08-29 16:00:00+00:00,0.18174,233.93,16.72
2020-08-29 17:00:00+00:00,0.0926299999999999,149.41,16.35
2020-08-29 18:00:00+00:00,0.00473,15.39,15.85
2020-08-29 19:00:00+00:00,0.0,0.0,15.5
2020-08-29 20:00:00+00:00,0.0,0.0,15.34
2020-08-29 21:00:00+00:00,0.0,0.0,15.12
2020-08-29 22:00:00+00:00,0.0,0.0,14.87
2020-08-29 23:00:00+00:00,0.0,0.0,14.9
2020-08-30 00:00:00+00:00,0.0,0.0,14.7
2020-08-30 01:00:00+00:00,0.0,0.0,14.8
2020-08-30 02:00:00+00:00,0.0,0.0,14.8
2020-08-30 03:00:00+00:00,0.0,0.0,14.91
2020-08-30 04:00:00+00:00,0.0,0.0,14.96
2020-08-30 05:00:00+00:00,0.0,0.0,15.16
2020-08-30 06:00:00+00:00,0.07098,114.88,15.55
2020-08-30 07:00:00+00:00,0.0925199999999999,127.59,16.33
2020-08-30 08:00:00+00:00,0.02762,48.24,17.07
2020-08-30 09:00:00+00:00,0.07171,103.11,17.78
2020-08-30 10:00:00+00:00,0.13792,181.63,18.19
2020-08-30 11:00:00+00:00,0.25886,322.83,18.31
2020-08-30 12:00:00+00:00,0.16636,214.74,18.28
2020-08-30 13:00:00+00:00,0.26647,330.93,18.55
2020-08-30 14:00:00+00:00,0.0523,79.46,17.88
2020-08-30 15:00:00+00:00,0.10473,141.9,17.57
2020-08-30 16:00:00+00:00,0.12287,163.49,17.25
2020-08-30 17:00:00+00:00,0.03187,53.9,16.88
2020-08-30 18:00:00+00:00,0.0,4.53,16.26
2020-08-30 19:00:00+00:00,0.0,0.0,15.62
2020-08-30 20:00:00+00:00,0.0,0.0,15.25
2020-08-30 21:00:00+00:00,0.0,0.0,15.02
2020-08-30 22:00:00+00:00,0.0,0.0,14.77
2020-08-30 23:00:00+00:00,0.0,0.0,14.71
2020-08-31 00:00:00+00:00,0.0,0.0,14.41
2020-08-31 01:00:00+00:00,0.0,0.0,14.23
2020-08-31 02:00:00+00:00,0.0,0.0,13.84
2020-08-31 03:00:00+00:00,0.0,0.0,13.58
2020-08-31 04:00:00+00:00,0.0,0.0,13.38
2020-08-31 05:00:00+00:00,0.0,0.0,13.59
2020-08-31 06:00:00+00:00,0.04516,71.55,13.57
2020-08-31 07:00:00+00:00,0.10707,144.45,15.01
2020-08-31 08:00:00+00:00,0.20457,257.57,15.99
2020-08-31 09:00:00+00:00,0.30637,377.52,16.63
2020-08-31 10:00:00+00:00,0.17273,222.4,17.17
2020-08-31 11:00:00+00:00,0.31714,394.0,17.63
2020-08-31 12:00:00+00:00,0.20025,255.7,17.9
2020-08-31 13:00:00+00:00,0.0762699999999999,108.79,17.91
2020-08-31 14:00:00+00:00,0.11622,156.09,17.63
2020-08-31 15:00:00+00:00,0.24741,308.74,17.3
2020-08-31 16:00:00+00:00,0.26223,333.91,17.0
2020-08-31 17:00:00+00:00,0.08499,137.43,16.47
2020-08-31 18:00:00+00:00,0.00181,9.96,15.53
2020-08-31 19:00:00+00:00,0.0,0.0,14.63
2020-08-31 20:00:00+00:00,0.0,0.0,14.05
2020-08-31 21:00:00+00:00,0.0,0.0,13.44
2020-08-31 22:00:00+00:00,0.0,0.0,12.87
2020-08-31 23:00:00+00:00,0.0,0.0,12.36
2020-09-01 00:00:00+00:00,0.0,0.0,11.82
2020-09-01 01:00:00+00:00,0.0,0.0,11.84
2020-09-01 02:00:00+00:00,0.0,0.0,12.02
2020-09-01 03:00:00+00:00,0.0,0.0,11.5
2020-09-01 04:00:00+00:00,0.0,0.0,10.93
2020-09-01 05:00:00+00:00,0.0,0.0,10.52
2020-09-01 06:00:00+00:00,0.07772,133.47,11.22
2020-09-01 07:00:00+00:00,0.26052,334.28,13.59
2020-09-01 08:00:00+00:00,0.44317,549.39,15.57
2020-09-01 09:00:00+00:00,0.3596499999999999,443.53,16.44
2020-09-01 10:00:00+00:00,0.06562,95.54,16.64
2020-09-01 11:00:00+00:00,0.07013,101.22,17.17
2020-09-01 12:00:00+00:00,0.12397,165.55,17.26
2020-09-01 13:00:00+00:00,0.13265,175.95,17.51
2020-09-01 14:00:00+00:00,0.0615099999999999,90.81,17.35
2020-09-01 15:00:00+00:00,0.11798,157.92,16.97
2020-09-01 16:00:00+00:00,0.15315,200.57,16.71
2020-09-01 17:00:00+00:00,0.07276,114.74,16.27
2020-09-01 18:00:00+00:00,0.0,0.0,15.51
2020-09-01 19:00:00+00:00,0.0,0.0,14.64
2020-09-01 20:00:00+00:00,0.0,0.0,14.38
2020-09-01 21:00:00+00:00,0.0,0.0,13.69
2020-09-01 22:00:00+00:00,0.0,0.0,12.98
2020-09-01 23:00:00+00:00,0.0,0.0,12.55
2020-09-02 00:00:00+00:00,0.0,0.0,12.41
2020-09-02 01:00:00+00:00,0.0,0.0,11.81
2020-09-02 02:00:00+00:00,0.0,0.0,11.66
2020-09-02 03:00:00+00:00,0.0,0.0,11.27
2020-09-02 04:00:00+00:00,0.0,0.0,10.84
2020-09-02 05:00:00+00:00,0.0,0.0,10.59
2020-09-02 06:00:00+00:00,0.07237,119.09,11.23
2020-09-02 07:00:00+00:00,0.25706,331.7,14.19
2020-09-02 08:00:00+00:00,0.43687,545.49,16.13
2020-09-02 09:00:00+00:00,0.56828,714.98,17.11
2020-09-02 10:00:00+00:00,0.50062,630.8,17.93
2020-09-02 11:00:00+00:00,0.08818,123.92,18.39
2020-09-02 12:00:00+00:00,0.27951,357.15,18.91
2020-09-02 13:00:00+00:00,0.16499,217.17,19.4
2020-09-02 14:00:00+00:00,0.27526,349.06,19.21
2020-09-02 15:00:00+00:00,0.41419,516.93,19.05
2020-09-02 16:00:00+00:00,0.26813,345.74,18.27
2020-09-02 17:00:00+00:00,0.07002,112.36,17.5
2020-09-02 18:00:00+00:00,0.0,0.0,16.73
2020-09-02 19:00:00+00:00,0.0,0.0,15.67
2020-09-02 20:00:00+00:00,0.0,0.0,14.94
2020-09-02 21:00:00+00:00,0.0,0.0,13.29
2020-09-02 22:00:00+00:00,0.0,0.0,12.79
2020-09-02 23:00:00+00:00,0.0,0.0,13.15
2020-09-03 00:00:00+00:00,0.0,0.0,13.66
2020-09-03 01:00:00+00:00,0.0,0.0,13.99
2020-09-03 02:00:00+00:00,0.0,0.0,14.17
2020-09-03 03:00:00+00:00,0.0,0.0,14.25
2020-09-03 04:00:00+00:00,0.0,0.0,13.97
2020-09-03 05:00:00+00:00,0.0,0.0,13.86
2020-09-03 06:00:00+00:00,0.00254,11.35,14.15
2020-09-03 07:00:00+00:00,0.03092,52.03,14.67
2020-09-03 08:00:00+00:00,0.07518,105.95,14.87
2020-09-03 09:00:00+00:00,0.0782,109.73,15.39
2020-09-03 10:00:00+00:00,0.21572,269.8,16.17
2020-09-03 11:00:00+00:00,0.27507,340.86,17.37
2020-09-03 12:00:00+00:00,0.17275,222.86,18.59
2020-09-03 13:00:00+00:00,0.15616,203.92,19.66
2020-09-03 14:00:00+00:00,0.0734399999999999,105.95,19.84
2020-09-03 15:00:00+00:00,0.0924099999999999,128.65,19.65
2020-09-03 16:00:00+00:00,0.09042,126.43,19.4
2020-09-03 17:00:00+00:00,0.05121,82.74,19.25
2020-09-03 18:00:00+00:00,0.0,0.0,19.03
2020-09-03 19:00:00+00:00,0.0,0.0,19.16
2020-09-03 20:00:00+00:00,0.0,0.0,18.93
2020-09-03 21:00:00+00:00,0.0,0.0,18.61
2020-09-03 22:00:00+00:00,0.0,0.0,18.4
2020-09-03 23:00:00+00:00,0.0,0.0,18.28
2020-09-04 00:00:00+00:00,0.0,0.0,18.18
2020-09-04 01:00:00+00:00,0.0,0.0,17.92
2020-09-04 02:00:00+00:00,0.0,0.0,17.42
2020-09-04 03:00:00+00:00,0.0,0.0,16.99
2020-09-04 04:00:00+00:00,0.0,0.0,16.64
2020-09-04 05:00:00+00:00,0.0,0.0,16.32
2020-09-04 06:00:00+00:00,0.04851,78.91,16.28
2020-09-04 07:00:00+00:00,0.1097699999999999,148.9,16.99
2020-09-04 08:00:00+00:00,0.18552,236.56,17.57
2020-09-04 09:00:00+00:00,0.31191,383.98,17.93
2020-09-04 10:00:00+00:00,0.39568,484.73,18.32
2020-09-04 11:00:00+00:00,0.27432,342.47,18.67
2020-09-04 12:00:00+00:00,0.5156900000000001,632.04,18.69
2020-09-04 13:00:00+00:00,0.38761,475.88,18.81
2020-09-04 14:00:00+00:00,0.30248,373.79,18.52
2020-09-04 15:00:00+00:00,0.36341,445.44,18.39
2020-09-04 16:00:00+00:00,0.21034,271.73,18.2
2020-09-04 17:00:00+00:00,0.06043,98.79,18.04
2020-09-04 18:00:00+00:00,0.0,0.0,17.41
2020-09-04 19:00:00+00:00,0.0,0.0,16.78
2020-09-04 20:00:00+00:00,0.0,0.0,16.68
2020-09-04 21:00:00+00:00,0.0,0.0,16.24
2020-09-04 22:00:00+00:00,0.0,0.0,15.73
2020-09-04 23:00:00+00:00,0.0,0.0,15.45
2020-09-05 00:00:00+00:00,0.0,0.0,15.25
2020-09-05 01:00:00+00:00,0.0,0.0,15.19
2020-09-05 02:00:00+00:00,0.0,0.0,15.04
2020-09-05 03:00:00+00:00,0.0,0.0,14.21
2020-09-05 04:00:00+00:00,0.0,0.0,13.65
2020-09-05 05:00:00+00:00,0.0,0.0,13.54
2020-09-05 06:00:00+00:00,0.06652,112.07,13.72
2020-09-05 07:00:00+00:00,0.2216999999999999,283.46,14.82
2020-09-05 08:00:00+00:00,0.27552,339.55,15.97
2020-09-05 09:00:00+00:00,0.535,647.32,16.42
2020-09-05 10:00:00+00:00,0.32997,403.97,16.89
2020-09-05 11:00:00+00:00,0.5289299999999999,642.97,17.1
2020-09-05 12:00:00+00:00,0.40795,496.99,17.15
2020-09-05 13:00:00+00:00,0.39303,478.5,17.14
2020-09-05 14:00:00+00:00,0.1965,248.6,17.0
2020-09-05 15:00:00+00:00,0.27794,342.08,16.58
2020-09-05 16:00:00+00:00,0.0329,54.87,16.12
2020-09-05 17:00:00+00:00,0.01514,31.22,15.75
2020-09-05 18:00:00+00:00,0.0,0.0,14.84
2020-09-05 19:00:00+00:00,0.0,0.0,14.59
2020-09-05 20:00:00+00:00,0.0,0.0,14.19
2020-09-05 21:00:00+00:00,0.0,0.0,13.83
2020-09-05 22:00:00+00:00,0.0,0.0,13.81
2020-09-05 23:00:00+00:00,0.0,0.0,13.32
2020-09-06 00:00:00+00:00,0.0,0.0,13.24
2020-09-06 01:00:00+00:00,0.0,0.0,13.21
2020-09-06 02:00:00+00:00,0.0,0.0,13.18
2020-09-06 03:00:00+00:00,0.0,0.0,12.77
2020-09-06 04:00:00+00:00,0.0,0.0,12.75
2020-09-06 05:00:00+00:00,0.0,0.0,12.71
2020-09-06 06:00:00+00:00,0.0442,71.71,12.94
2020-09-06 07:00:00+00:00,0.26388,337.91,14.36
2020-09-06 08:00:00+00:00,0.43444,531.25,15.61
2020-09-06 09:00:00+00:00,0.57788,704.98,16.25
2020-09-06 10:00:00+00:00,0.5974299999999999,731.23,16.31
2020-09-06 11:00:00+00:00,0.5445399999999999,666.57,16.85
2020-09-06 12:00:00+00:00,0.64919,799.72,17.1
2020-09-06 13:00:00+00:00,0.52973,647.66,17.19
2020-09-06 14:00:00+00:00,0.5231699999999999,637.96,17.19
2020-09-06 15:00:00+00:00,0.26076,323.94,17.05
2020-09-06 16:00:00+00:00,0.19604,253.28,16.28
2020-09-06 17:00:00+00:00,0.04412,72.73,16.02
2020-09-06 18:00:00+00:00,0.0,0.0,15.08
2020-09-06 19:00:00+00:00,0.0,0.0,14.69
2020-09-06 20:00:00+00:00,0.0,0.0,13.7
2020-09-06 21:00:00+00:00,0.0,0.0,12.76
2020-09-06 22:00:00+00:00,0.0,0.0,12.25
2020-09-06 23:00:00+00:00,0.0,0.0,11.79
2020-09-07 00:00:00+00:00,0.0,0.0,11.41
2020-09-07 01:00:00+00:00,0.0,0.0,11.69
2020-09-07 02:00:00+00:00,0.0,0.0,11.99
2020-09-07 03:00:00+00:00,0.0,0.0,12.28
2020-09-07 04:00:00+00:00,0.0,0.0,12.4
2020-09-07 05:00:00+00:00,0.0,0.0,12.58
2020-09-07 06:00:00+00:00,0.0604699999999999,102.36,13.09
2020-09-07 07:00:00+00:00,0.21735,278.74,14.49
2020-09-07 08:00:00+00:00,0.42936,524.98,15.99
2020-09-07 09:00:00+00:00,0.5788300000000001,709.71,17.41
2020-09-07 10:00:00+00:00,0.4375799999999999,536.75,18.08
2020-09-07 11:00:00+00:00,0.5151699999999999,632.88,18.66
2020-09-07 12:00:00+00:00,0.65264,805.26,18.83
2020-09-07 13:00:00+00:00,0.50274,615.84,18.83
2020-09-07 14:00:00+00:00,0.50562,618.9,19.03
2020-09-07 15:00:00+00:00,0.41663,512.63,19.05
2020-09-07 16:00:00+00:00,0.20625,269.28,18.9
2020-09-07 17:00:00+00:00,0.0613699999999999,108.33,18.25
2020-09-07 18:00:00+00:00,0.0,0.0,17.52
2020-09-07 19:00:00+00:00,0.0,0.0,16.94
2020-09-07 20:00:00+00:00,0.0,0.0,16.42
2020-09-07 21:00:00+00:00,0.0,0.0,16.14
2020-09-07 22:00:00+00:00,0.0,0.0,15.98
2020-09-07 23:00:00+00:00,0.0,0.0,15.84
2020-09-08 00:00:00+00:00,0.0,0.0,15.72
2020-09-08 01:00:00+00:00,0.0,0.0,15.96
2020-09-08 02:00:00+00:00,0.0,0.0,16.27
2020-09-08 03:00:00+00:00,0.0,0.0,16.6
2020-09-08 04:00:00+00:00,0.0,0.0,16.89
2020-09-08 05:00:00+00:00,0.0,0.0,17.08
2020-09-08 06:00:00+00:00,0.03389,58.38,17.25
2020-09-08 07:00:00+00:00,0.0626,92.17,17.51
2020-09-08 08:00:00+00:00,0.07148,103.11,18.13
2020-09-08 09:00:00+00:00,0.12569,167.99,18.98
2020-09-08 10:00:00+00:00,0.06964,101.22,19.15
2020-09-08 11:00:00+00:00,0.13293,176.9,19.29
2020-09-08 12:00:00+00:00,0.10962,149.46,19.68
2020-09-08 13:00:00+00:00,0.12142,163.65,19.9
2020-09-08 14:00:00+00:00,0.06856,100.27,20.02
2020-09-08 15:00:00+00:00,0.07561,108.79,19.82
2020-09-08 16:00:00+00:00,0.05502,83.65,19.74
2020-09-08 17:00:00+00:00,0.0181799999999999,35.95,19.48
2020-09-08 18:00:00+00:00,0.0,0.0,19.07
2020-09-08 19:00:00+00:00,0.0,0.0,18.41
2020-09-08 20:00:00+00:00,0.0,0.0,18.19
2020-09-08 21:00:00+00:00,0.0,0.0,17.86
2020-09-08 22:00:00+00:00,0.0,0.0,17.67
2020-09-08 23:00:00+00:00,0.0,0.0,17.49
2020-09-09 00:00:00+00:00,0.0,0.0,17.38
2020-09-09 01:00:00+00:00,0.0,0.0,17.34
2020-09-09 02:00:00+00:00,0.0,0.0,17.43
2020-09-09 03:00:00+00:00,0.0,0.0,17.56
2020-09-09 04:00:00+00:00,0.0,0.0,17.52
2020-09-09 05:00:00+00:00,0.0,0.0,17.47
2020-09-09 06:00:00+00:00,0.02577,46.62,17.7
2020-09-09 07:00:00+00:00,0.08983,125.61,18.52
2020-09-09 08:00:00+00:00,0.13788,182.04,19.24
2020-09-09 09:00:00+00:00,0.16607,215.71,19.61
2020-09-09 10:00:00+00:00,0.48701,597.62,19.61
2020-09-09 11:00:00+00:00,0.26598,333.6,19.86
2020-09-09 12:00:00+00:00,0.24766,312.18,19.93
2020-09-09 13:00:00+00:00,0.08133,115.41,19.44
2020-09-09 14:00:00+00:00,0.06418,94.6,19.22
2020-09-09 15:00:00+00:00,0.14752,193.78,19.06
2020-09-09 16:00:00+00:00,0.08404,118.97,18.83
2020-09-09 17:00:00+00:00,0.03067,54.61,18.47
2020-09-09 18:00:00+00:00,0.0,0.0,17.58
2020-09-09 19:00:00+00:00,0.0,0.0,16.49
2020-09-09 20:00:00+00:00,0.0,0.0,15.55
2020-09-09 21:00:00+00:00,0.0,0.0,14.65
2020-09-09 22:00:00+00:00,0.0,0.0,13.94
2020-09-09 23:00:00+00:00,0.0,0.0,12.7
2020-09-10 00:00:00+00:00,0.0,0.0,11.81
2020-09-10 01:00:00+00:00,0.0,0.0,11.87
2020-09-10 02:00:00+00:00,0.0,0.0,12.29
2020-09-10 03:00:00+00:00,0.0,0.0,13.72
2020-09-10 04:00:00+00:00,0.0,0.0,13.82
2020-09-10 05:00:00+00:00,0.0,0.0,13.41
2020-09-10 06:00:00+00:00,0.0367199999999999,61.89,12.92
2020-09-10 07:00:00+00:00,0.2187599999999999,280.64,13.04
2020-09-10 08:00:00+00:00,0.4161499999999999,514.41,15.58
2020-09-10 09:00:00+00:00,0.23645,297.94,16.66
2020-09-10 10:00:00+00:00,0.11717,157.98,17.31
2020-09-10 11:00:00+00:00,0.18472,239.32,17.85
2020-09-10 12:00:00+00:00,0.3753,472.61,18.14
2020-09-10 13:00:00+00:00,0.3107799999999999,391.49,18.19
2020-09-10 14:00:00+00:00,0.32503,408.48,18.12
2020-09-10 15:00:00+00:00,0.31444,397.56,18.08
2020-09-10 16:00:00+00:00,0.17733,236.16,18.04
2020-09-10 17:00:00+00:00,0.0429,75.8,17.7
2020-09-10 18:00:00+00:00,0.0,0.0,16.96
2020-09-10 19:00:00+00:00,0.0,0.0,14.68
2020-09-10 20:00:00+00:00,0.0,0.0,13.68
2020-09-10 21:00:00+00:00,0.0,0.0,12.87
2020-09-10 22:00:00+00:00,0.0,0.0,12.8
2020-09-10 23:00:00+00:00,0.0,0.0,12.79
2020-09-11 00:00:00+00:00,0.0,0.0,12.52
2020-09-11 01:00:00+00:00,0.0,0.0,13.71
2020-09-11 02:00:00+00:00,0.0,0.0,13.55
2020-09-11 03:00:00+00:00,0.0,0.0,12.67
2020-09-11 04:00:00+00:00,0.0,0.0,11.79
2020-09-11 05:00:00+00:00,0.0,0.0,11.18
2020-09-11 06:00:00+00:00,0.03218,55.08,10.84
2020-09-11 07:00:00+00:00,0.16031,209.65,13.77
2020-09-11 08:00:00+00:00,0.35377,439.24,15.71
2020-09-11 09:00:00+00:00,0.54957,685.11,16.9
2020-09-11 10:00:00+00:00,0.67998,855.01,17.68
2020-09-11 11:00:00+00:00,0.69889,878.83,18.3
2020-09-11 12:00:00+00:00,0.7227100000000001,910.4,18.78
2020-09-11 13:00:00+00:00,0.6934400000000001,869.34,19.15
2020-09-11 14:00:00+00:00,0.5276000000000001,652.42,19.27
2020-09-11 15:00:00+00:00,0.29286,365.68,19.15
2020-09-11 16:00:00+00:00,0.19086,252.01,18.78
2020-09-11 17:00:00+00:00,0.03847,68.97,18.01
2020-09-11 18:00:00+00:00,0.0,0.0,16.97
2020-09-11 19:00:00+00:00,0.0,0.0,15.67
2020-09-11 20:00:00+00:00,0.0,0.0,14.52
2020-09-11 21:00:00+00:00,0.0,0.0,13.52
2020-09-11 22:00:00+00:00,0.0,0.0,13.3
2020-09-11 23:00:00+00:00,0.0,0.0,13.51
2020-09-12 00:00:00+00:00,0.0,0.0,13.83
2020-09-12 01:00:00+00:00,0.0,0.0,13.84
2020-09-12 02:00:00+00:00,0.0,0.0,13.96
2020-09-12 03:00:00+00:00,0.0,0.0,13.73
2020-09-12 04:00:00+00:00,0.0,0.0,13.61
2020-09-12 05:00:00+00:00,0.0,0.0,13.84
2020-09-12 06:00:00+00:00,0.03027,53.37,14.4
2020-09-12 07:00:00+00:00,0.19623,253.14,15.42
2020-09-12 08:00:00+00:00,0.34992,426.48,16.47
2020-09-12 09:00:00+00:00,0.14351,187.26,17.06
2020-09-12 10:00:00+00:00,0.14608,190.76,17.84
2020-09-12 11:00:00+00:00,0.0945999999999999,130.55,18.2
2020-09-12 12:00:00+00:00,0.18209,233.39,18.36
2020-09-12 13:00:00+00:00,0.31476,387.99,18.46
2020-09-12 14:00:00+00:00,0.3668,448.29,18.47
2020-09-12 15:00:00+00:00,0.15737,204.16,18.22
2020-09-12 16:00:00+00:00,0.11911,161.66,18.01
2020-09-12 17:00:00+00:00,0.0265,49.32,17.64
2020-09-12 18:00:00+00:00,0.0,0.0,17.14
2020-09-12 19:00:00+00:00,0.0,0.0,16.42
2020-09-12 20:00:00+00:00,0.0,0.0,15.91
2020-09-12 21:00:00+00:00,0.0,0.0,15.27
2020-09-12 22:00:00+00:00,0.0,0.0,14.9
2020-09-12 23:00:00+00:00,0.0,0.0,14.74
2020-09-13 00:00:00+00:00,0.0,0.0,14.68
2020-09-13 01:00:00+00:00,0.0,0.0,14.65
2020-09-13 02:00:00+00:00,0.0,0.0,14.56
2020-09-13 03:00:00+00:00,0.0,0.0,14.36
2020-09-13 04:00:00+00:00,0.0,0.0,14.16
2020-09-13 05:00:00+00:00,0.0,0.0,14.02
2020-09-13 06:00:00+00:00,0.0392999999999999,68.53,14.18
2020-09-13 07:00:00+00:00,0.22432,288.11,15.36
2020-09-13 08:00:00+00:00,0.32543,397.89,16.78
2020-09-13 09:00:00+00:00,0.44032,534.81,17.53
2020-09-13 10:00:00+00:00,0.60338,738.91,18.27
2020-09-13 11:00:00+00:00,0.72568,903.28,19.31
2020-09-13 12:00:00+00:00,0.70813,886.35,20.0
2020-09-13 13:00:00+00:00,0.67903,851.92,20.55
2020-09-13 14:00:00+00:00,0.54253,676.48,20.94
2020-09-13 15:00:00+00:00,0.40829,511.21,21.07
2020-09-13 16:00:00+00:00,0.19538,261.86,20.92
2020-09-13 17:00:00+00:00,0.03754,72.36,20.27
2020-09-13 18:00:00+00:00,0.0,0.0,19.14
2020-09-13 19:00:00+00:00,0.0,0.0,17.77
2020-09-13 20:00:00+00:00,0.0,0.0,16.28
2020-09-13 21:00:00+00:00,0.0,0.0,15.07
2020-09-13 22:00:00+00:00,0.0,0.0,13.96
2020-09-13 23:00:00+00:00,0.0,0.0,13.33
2020-09-14 00:00:00+00:00,0.0,0.0,13.05
2020-09-14 01:00:00+00:00,0.0,0.0,12.87
2020-09-14 02:00:00+00:00,0.0,0.0,12.47
2020-09-14 03:00:00+00:00,0.0,0.0,11.94
2020-09-14 04:00:00+00:00,0.0,0.0,11.68
2020-09-14 05:00:00+00:00,0.0,0.0,11.62
2020-09-14 06:00:00+00:00,0.0448,78.12,12.01
2020-09-14 07:00:00+00:00,0.21788,281.91,14.8
2020-09-14 08:00:00+00:00,0.42042,524.98,18.02
2020-09-14 09:00:00+00:00,0.57059,725.05,20.57
2020-09-14 10:00:00+00:00,0.6831799999999999,888.26,22.62
2020-09-14 11:00:00+00:00,0.71428,940.25,24.27
2020-09-14 12:00:00+00:00,0.709,937.2,25.56
2020-09-14 13:00:00+00:00,0.65791,864.7,26.52
2020-09-14 14:00:00+00:00,0.53324,693.13,27.11
2020-09-14 15:00:00+00:00,0.3962,514.93,27.29
2020-09-14 16:00:00+00:00,0.1875099999999999,260.01,26.8
2020-09-14 17:00:00+00:00,0.031,61.53,25.41
2020-09-14 18:00:00+00:00,0.0,0.0,23.26
2020-09-14 19:00:00+00:00,0.0,0.0,21.61
2020-09-14 20:00:00+00:00,0.0,0.0,20.48
2020-09-14 21:00:00+00:00,0.0,0.0,19.56
2020-09-14 22:00:00+00:00,0.0,0.0,18.87
2020-09-14 23:00:00+00:00,0.0,0.0,18.4
2020-09-15 00:00:00+00:00,0.0,0.0,17.99
2020-09-15 01:00:00+00:00,0.0,0.0,17.45
2020-09-15 02:00:00+00:00,0.0,0.0,16.91
2020-09-15 03:00:00+00:00,0.0,0.0,16.32
2020-09-15 04:00:00+00:00,0.0,0.0,15.76
2020-09-15 05:00:00+00:00,0.0,0.0,15.33
2020-09-15 06:00:00+00:00,0.04011,72.28,15.19
2020-09-15 07:00:00+00:00,0.22062,289.78,17.43
2020-09-15 08:00:00+00:00,0.39811,504.5,20.58
2020-09-15 09:00:00+00:00,0.54734,704.88,22.9
2020-09-15 10:00:00+00:00,0.6406799999999999,846.19,24.92
2020-09-15 11:00:00+00:00,0.6706,902.34,26.59
2020-09-15 12:00:00+00:00,0.66173,899.03,27.83
2020-09-15 13:00:00+00:00,0.61346,829.67,28.63
2020-09-15 14:00:00+00:00,0.5003299999999999,666.61,29.17
2020-09-15 15:00:00+00:00,0.37055,491.64,29.31
2020-09-15 16:00:00+00:00,0.1779099999999999,251.94,28.98
2020-09-15 17:00:00+00:00,0.03057,64.26,27.95
2020-09-15 18:00:00+00:00,0.0,0.0,25.8
2020-09-15 19:00:00+00:00,0.0,0.0,22.73
2020-09-15 20:00:00+00:00,0.0,0.0,21.46
2020-09-15 21:00:00+00:00,0.0,0.0,20.5
2020-09-15 22:00:00+00:00,0.0,0.0,19.6
2020-09-15 23:00:00+00:00,0.0,0.0,19.01
2020-09-16 00:00:00+00:00,0.0,0.0,18.58
2020-09-16 01:00:00+00:00,0.0,0.0,18.25
2020-09-16 02:00:00+00:00,0.0,0.0,17.84
2020-09-16 03:00:00+00:00,0.0,0.0,17.56
2020-09-16 04:00:00+00:00,0.0,0.0,17.49
2020-09-16 05:00:00+00:00,0.0,0.0,17.53
2020-09-16 06:00:00+00:00,0.03938,72.2,17.7
2020-09-16 07:00:00+00:00,0.2233899999999999,292.83,18.53
2020-09-16 08:00:00+00:00,0.36519,453.19,19.65
2020-09-16 09:00:00+00:00,0.47618,588.29,20.4
2020-09-16 10:00:00+00:00,0.41718,517.52,21.24
2020-09-16 11:00:00+00:00,0.09439,132.44,21.84
2020-09-16 12:00:00+00:00,0.3393,424.82,22.09
2020-09-16 13:00:00+00:00,0.23322,297.4,22.07
2020-09-16 14:00:00+00:00,0.47199,581.36,21.65
2020-09-16 15:00:00+00:00,0.39012,483.77,21.16
2020-09-16 16:00:00+00:00,0.1906,255.41,20.28
2020-09-16 17:00:00+00:00,0.0230599999999999,47.45,19.15
2020-09-16 18:00:00+00:00,0.0,0.0,17.87
2020-09-16 19:00:00+00:00,0.0,0.0,16.8
2020-09-16 20:00:00+00:00,0.0,0.0,16.06
2020-09-16 21:00:00+00:00,0.0,0.0,15.54
2020-09-16 22:00:00+00:00,0.0,0.0,15.08
2020-09-16 23:00:00+00:00,0.0,0.0,14.73
2020-09-17 00:00:00+00:00,0.0,0.0,14.4
2020-09-17 01:00:00+00:00,0.0,0.0,14.21
2020-09-17 02:00:00+00:00,0.0,0.0,13.92
2020-09-17 03:00:00+00:00,0.0,0.0,13.75
2020-09-17 04:00:00+00:00,0.0,0.0,13.64
2020-09-17 05:00:00+00:00,0.0,0.0,13.57
2020-09-17 06:00:00+00:00,0.03694,66.73,13.59
2020-09-17 07:00:00+00:00,0.22816,292.02,14.47
2020-09-17 08:00:00+00:00,0.38039,458.16,14.78
2020-09-17 09:00:00+00:00,0.51506,617.38,15.19
2020-09-17 10:00:00+00:00,0.71939,876.09,16.02
2020-09-17 11:00:00+00:00,0.7629400000000001,939.53,16.87
2020-09-17 12:00:00+00:00,0.7553799999999999,934.93,17.67
2020-09-17 13:00:00+00:00,0.69797,862.3,18.3
2020-09-17 14:00:00+00:00,0.56517,692.56,18.65
2020-09-17 15:00:00+00:00,0.41258,507.2,18.63
2020-09-17 16:00:00+00:00,0.19605,260.16,18.22
2020-09-17 17:00:00+00:00,0.02911,61.09,17.3
2020-09-17 18:00:00+00:00,0.0,0.0,16.04
2020-09-17 19:00:00+00:00,0.0,0.0,14.82
2020-09-17 20:00:00+00:00,0.0,0.0,14.14
2020-09-17 21:00:00+00:00,0.0,0.0,13.55
2020-09-17 22:00:00+00:00,0.0,0.0,13.09
2020-09-17 23:00:00+00:00,0.0,0.0,12.66
2020-09-18 00:00:00+00:00,0.0,0.0,12.27
2020-09-18 01:00:00+00:00,0.0,0.0,11.84
2020-09-18 02:00:00+00:00,0.0,0.0,11.45
2020-09-18 03:00:00+00:00,0.0,0.0,11.04
2020-09-18 04:00:00+00:00,0.0,0.0,10.68
2020-09-18 05:00:00+00:00,0.0,0.0,10.34
2020-09-18 06:00:00+00:00,0.04271,77.26,10.23
2020-09-18 07:00:00+00:00,0.23226,292.63,10.86
2020-09-18 08:00:00+00:00,0.42104,501.82,12.52
2020-09-18 09:00:00+00:00,0.62564,750.13,14.3
2020-09-18 10:00:00+00:00,0.70604,859.44,15.97
2020-09-18 11:00:00+00:00,0.75283,928.88,17.47
2020-09-18 12:00:00+00:00,0.73924,916.7,18.69
2020-09-18 13:00:00+00:00,0.68287,844.33,19.54
2020-09-18 14:00:00+00:00,0.56336,692.2,20.0
2020-09-18 15:00:00+00:00,0.40119,496.34,20.09
2020-09-18 16:00:00+00:00,0.19571,262.57,19.76
2020-09-18 17:00:00+00:00,0.02255,52.23,18.72
2020-09-18 18:00:00+00:00,0.0,0.0,17.3
2020-09-18 19:00:00+00:00,0.0,0.0,16.47
2020-09-18 20:00:00+00:00,0.0,0.0,15.78
2020-09-18 21:00:00+00:00,0.0,0.0,15.17
2020-09-18 22:00:00+00:00,0.0,0.0,14.59
2020-09-18 23:00:00+00:00,0.0,0.0,14.12
2020-09-19 00:00:00+00:00,0.0,0.0,13.71
2020-09-19 01:00:00+00:00,0.0,0.0,13.29
2020-09-19 02:00:00+00:00,0.0,0.0,12.94
2020-09-19 03:00:00+00:00,0.0,0.0,12.56
2020-09-19 04:00:00+00:00,0.0,0.0,12.25
2020-09-19 05:00:00+00:00,0.0,0.0,11.96
2020-09-19 06:00:00+00:00,0.03506,64.99,11.81
2020-09-19 07:00:00+00:00,0.2246399999999999,285.92,12.22
2020-09-19 08:00:00+00:00,0.4221399999999999,507.69,13.99
2020-09-19 09:00:00+00:00,0.57792,699.6,15.95
2020-09-19 10:00:00+00:00,0.69198,854.14,17.79
2020-09-19 11:00:00+00:00,0.7216,902.47,19.36
2020-09-19 12:00:00+00:00,0.70337,883.75,20.58
2020-09-19 13:00:00+00:00,0.65273,817.86,21.38
2020-09-19 14:00:00+00:00,0.54111,673.98,21.77
2020-09-19 15:00:00+00:00,0.3818399999999999,478.85,21.81
2020-09-19 16:00:00+00:00,0.17914,244.35,21.38
2020-09-19 17:00:00+00:00,0.01744,40.83,20.12
2020-09-19 18:00:00+00:00,0.0,0.0,18.51
2020-09-19 19:00:00+00:00,0.0,0.0,17.58
2020-09-19 20:00:00+00:00,0.0,0.0,16.76
2020-09-19 21:00:00+00:00,0.0,0.0,16.15
2020-09-19 22:00:00+00:00,0.0,0.0,15.57
2020-09-19 23:00:00+00:00,0.0,0.0,15.07
2020-09-20 00:00:00+00:00,0.0,0.0,14.58
2020-09-20 01:00:00+00:00,0.0,0.0,13.95
2020-09-20 02:00:00+00:00,0.0,0.0,13.41
2020-09-20 03:00:00+00:00,0.0,0.0,12.92
2020-09-20 04:00:00+00:00,0.0,0.0,12.42
2020-09-20 05:00:00+00:00,0.0,0.0,11.96
2020-09-20 06:00:00+00:00,0.0365,68.06,11.66
2020-09-20 07:00:00+00:00,0.23334,296.88,12.34
2020-09-20 08:00:00+00:00,0.44129,532.09,13.86
2020-09-20 09:00:00+00:00,0.60034,730.88,15.78
2020-09-20 10:00:00+00:00,0.70053,870.08,17.63
2020-09-20 11:00:00+00:00,0.73542,925.67,19.17
2020-09-20 12:00:00+00:00,0.72072,911.74,20.31
2020-09-20 13:00:00+00:00,0.65885,831.78,21.07
2020-09-20 14:00:00+00:00,0.55603,697.49,21.4
2020-09-20 15:00:00+00:00,0.3923999999999999,493.26,21.3
2020-09-20 16:00:00+00:00,0.1916399999999999,260.78,20.67
2020-09-20 17:00:00+00:00,0.01644,40.94,19.19
2020-09-20 18:00:00+00:00,0.0,0.0,17.32
2020-09-20 19:00:00+00:00,0.0,0.0,15.94
2020-09-20 20:00:00+00:00,0.0,0.0,15.09
2020-09-20 21:00:00+00:00,0.0,0.0,14.34
2020-09-20 22:00:00+00:00,0.0,0.0,13.69
2020-09-20 23:00:00+00:00,0.0,0.0,13.1
2020-09-21 00:00:00+00:00,0.0,0.0,12.64
2020-09-21 01:00:00+00:00,0.0,0.0,12.25
2020-09-21 02:00:00+00:00,0.0,0.0,11.81
2020-09-21 03:00:00+00:00,0.0,0.0,11.35
2020-09-21 04:00:00+00:00,0.0,0.0,10.92
2020-09-21 05:00:00+00:00,0.0,0.0,10.54
2020-09-21 06:00:00+00:00,0.0332299999999999,63.14,10.34
2020-09-21 07:00:00+00:00,0.2202299999999999,282.04,11.52
2020-09-21 08:00:00+00:00,0.41924,513.39,13.87
2020-09-21 09:00:00+00:00,0.5652699999999999,703.5,15.89
2020-09-21 10:00:00+00:00,0.65271,832.33,17.87
2020-09-21 11:00:00+00:00,0.68609,892.4,19.53
2020-09-21 12:00:00+00:00,0.6711,878.6,20.7
2020-09-21 13:00:00+00:00,0.62117,806.17,21.38
2020-09-21 14:00:00+00:00,0.53354,677.91,21.52
2020-09-21 15:00:00+00:00,0.3797,479.85,21.18
2020-09-21 16:00:00+00:00,0.178,244.3,20.54
2020-09-21 17:00:00+00:00,0.01253,32.52,19.21
2020-09-21 18:00:00+00:00,0.0,0.0,17.32
2020-09-21 19:00:00+00:00,0.0,0.0,16.15
2020-09-21 20:00:00+00:00,0.0,0.0,15.12
2020-09-21 21:00:00+00:00,0.0,0.0,14.15
2020-09-21 22:00:00+00:00,0.0,0.0,13.37
2020-09-21 23:00:00+00:00,0.0,0.0,12.71
2020-09-22 00:00:00+00:00,0.0,0.0,12.18
2020-09-22 01:00:00+00:00,0.0,0.0,11.56
2020-09-22 02:00:00+00:00,0.0,0.0,11.41
2020-09-22 03:00:00+00:00,0.0,0.0,11.27
2020-09-22 04:00:00+00:00,0.0,0.0,11.79
2020-09-22 05:00:00+00:00,0.0,0.0,12.61
2020-09-22 06:00:00+00:00,0.0195,39.29,11.28
2020-09-22 07:00:00+00:00,0.15663,204.58,11.59
2020-09-22 08:00:00+00:00,0.33624,414.78,13.68
2020-09-22 09:00:00+00:00,0.55262,692.36,15.13
2020-09-22 10:00:00+00:00,0.6422100000000001,819.78,17.06
2020-09-22 11:00:00+00:00,0.6929299999999999,894.42,18.74
2020-09-22 12:00:00+00:00,0.68079,880.37,19.9
2020-09-22 13:00:00+00:00,0.6272300000000001,806.33,20.6
2020-09-22 14:00:00+00:00,0.5235,665.27,20.98
2020-09-22 15:00:00+00:00,0.36863,468.25,21.05
2020-09-22 16:00:00+00:00,0.17663,244.47,20.72
2020-09-22 17:00:00+00:00,0.01088,29.77,19.78
2020-09-22 18:00:00+00:00,0.0,0.0,18.05
2020-09-22 19:00:00+00:00,0.0,0.0,15.9
2020-09-22 20:00:00+00:00,0.0,0.0,14.82
2020-09-22 21:00:00+00:00,0.0,0.0,14.61
2020-09-22 22:00:00+00:00,0.0,0.0,14.9
2020-09-22 23:00:00+00:00,0.0,0.0,15.27
2020-09-23 00:00:00+00:00,0.0,0.0,15.27
2020-09-23 01:00:00+00:00,0.0,0.0,14.91
2020-09-23 02:00:00+00:00,0.0,0.0,14.88
2020-09-23 03:00:00+00:00,0.0,0.0,15.09
2020-09-23 04:00:00+00:00,0.0,0.0,15.1
2020-09-23 05:00:00+00:00,0.0,0.0,15.01
2020-09-23 06:00:00+00:00,0.01787,37.63,14.81
2020-09-23 07:00:00+00:00,0.08101,114.27,15.63
2020-09-23 08:00:00+00:00,0.13907,181.7,16.84
2020-09-23 09:00:00+00:00,0.15631,202.6,17.96
2020-09-23 10:00:00+00:00,0.24508,307.35,19.34
2020-09-23 11:00:00+00:00,0.1508,198.25,20.23
2020-09-23 12:00:00+00:00,0.11259,153.25,20.54
2020-09-23 13:00:00+00:00,0.14565,191.45,19.4
2020-09-23 14:00:00+00:00,0.04129,66.22,19.22
2020-09-23 15:00:00+00:00,0.0794599999999999,113.1,19.32
2020-09-23 16:00:00+00:00,0.06064,91.23,19.11
2020-09-23 17:00:00+00:00,0.00346,13.24,18.15
2020-09-23 18:00:00+00:00,0.0,0.0,16.97
2020-09-23 19:00:00+00:00,0.0,0.0,17.11
2020-09-23 20:00:00+00:00,0.0,0.0,16.69
2020-09-23 21:00:00+00:00,0.0,0.0,15.89
2020-09-23 22:00:00+00:00,0.0,0.0,15.63
2020-09-23 23:00:00+00:00,0.0,0.0,15.22
2020-09-24 00:00:00+00:00,0.0,0.0,14.93
2020-09-24 01:00:00+00:00,0.0,0.0,14.51
2020-09-24 02:00:00+00:00,0.0,0.0,13.94
2020-09-24 03:00:00+00:00,0.0,0.0,13.45
2020-09-24 04:00:00+00:00,0.0,0.0,13.07
2020-09-24 05:00:00+00:00,0.0,0.0,12.64
2020-09-24 06:00:00+00:00,0.0233099999999999,48.7,12.54
2020-09-24 07:00:00+00:00,0.1938,248.26,12.42
2020-09-24 08:00:00+00:00,0.3645899999999999,434.11,13.16
2020-09-24 09:00:00+00:00,0.49448,583.64,13.98
2020-09-24 10:00:00+00:00,0.49559,589.9,15.34
2020-09-24 11:00:00+00:00,0.2125399999999999,265.64,16.71
2020-09-24 12:00:00+00:00,0.2231999999999999,277.45,16.16
2020-09-24 13:00:00+00:00,0.05615,83.25,15.08
2020-09-24 14:00:00+00:00,0.08067,112.57,15.27
2020-09-24 15:00:00+00:00,0.17263,219.29,15.8
2020-09-24 16:00:00+00:00,0.01583,32.16,15.64
2020-09-24 17:00:00+00:00,0.00289,12.9,14.91
2020-09-24 18:00:00+00:00,0.0,0.0,14.17
2020-09-24 19:00:00+00:00,0.0,0.0,13.53
2020-09-24 20:00:00+00:00,0.0,0.0,13.03
2020-09-24 21:00:00+00:00,0.0,0.0,12.93
2020-09-24 22:00:00+00:00,0.0,0.0,12.82
2020-09-24 23:00:00+00:00,0.0,0.0,12.34
2020-09-25 00:00:00+00:00,0.0,0.0,11.92
2020-09-25 01:00:00+00:00,0.0,0.0,11.02
2020-09-25 02:00:00+00:00,0.0,0.0,10.33
2020-09-25 03:00:00+00:00,0.0,0.0,9.9
2020-09-25 04:00:00+00:00,0.0,0.0,9.71
2020-09-25 05:00:00+00:00,0.0,0.0,9.44
2020-09-25 06:00:00+00:00,0.01812,38.7,9.28
2020-09-25 07:00:00+00:00,0.1062999999999999,141.27,9.76
2020-09-25 08:00:00+00:00,0.34547,407.95,10.7
2020-09-25 09:00:00+00:00,0.1560399999999999,196.56,11.53
2020-09-25 10:00:00+00:00,0.06006,87.03,12.42
2020-09-25 11:00:00+00:00,0.2120399999999999,261.21,12.87
2020-09-25 12:00:00+00:00,0.14896,189.96,13.03
2020-09-25 13:00:00+00:00,0.10699,141.9,12.94
2020-09-25 14:00:00+00:00,0.23272,283.09,12.37
2020-09-25 15:00:00+00:00,0.0114,25.54,12.52
2020-09-25 16:00:00+00:00,0.0305,51.08,12.48
2020-09-25 17:00:00+00:00,0.00539,19.14,12.43
2020-09-25 18:00:00+00:00,0.0,0.0,11.99
2020-09-25 19:00:00+00:00,0.0,0.0,11.83
2020-09-25 20:00:00+00:00,0.0,0.0,11.93
2020-09-25 21:00:00+00:00,0.0,0.0,11.84
2020-09-25 22:00:00+00:00,0.0,0.0,11.98
2020-09-25 23:00:00+00:00,0.0,0.0,11.5
2020-09-26 00:00:00+00:00,0.0,0.0,11.45
2020-09-26 01:00:00+00:00,0.0,0.0,11.13
2020-09-26 02:00:00+00:00,0.0,0.0,11.25
2020-09-26 03:00:00+00:00,0.0,0.0,11.47
2020-09-26 04:00:00+00:00,0.0,0.0,11.54
2020-09-26 05:00:00+00:00,0.0,0.0,11.32
2020-09-26 06:00:00+00:00,0.0,3.78,11.17
2020-09-26 07:00:00+00:00,0.01016,23.65,11.65
2020-09-26 08:00:00+00:00,0.13661,176.32,12.63
2020-09-26 09:00:00+00:00,0.5515,669.72,13.36
2020-09-26 10:00:00+00:00,0.52516,638.69,13.9
2020-09-26 11:00:00+00:00,0.54253,662.25,14.56
2020-09-26 12:00:00+00:00,0.3843,469.24,15.22
2020-09-26 13:00:00+00:00,0.12036,159.87,15.61
2020-09-26 14:00:00+00:00,0.16571,212.14,15.66
2020-09-26 15:00:00+00:00,0.16865,215.47,15.57
2020-09-26 16:00:00+00:00,0.05765,86.41,15.22
2020-09-26 17:00:00+00:00,0.00034,6.62,14.8
2020-09-26 18:00:00+00:00,0.0,0.0,14.11
2020-09-26 19:00:00+00:00,0.0,0.0,13.68
2020-09-26 20:00:00+00:00,0.0,0.0,13.44
2020-09-26 21:00:00+00:00,0.0,0.0,13.61
2020-09-26 22:00:00+00:00,0.0,0.0,13.36
2020-09-26 23:00:00+00:00,0.0,0.0,13.07
2020-09-27 00:00:00+00:00,0.0,0.0,13.38
2020-09-27 01:00:00+00:00,0.0,0.0,13.68
2020-09-27 02:00:00+00:00,0.0,0.0,14.32
2020-09-27 03:00:00+00:00,0.0,0.0,14.98
2020-09-27 04:00:00+00:00,0.0,0.0,15.69
2020-09-27 05:00:00+00:00,0.0,0.0,15.92
2020-09-27 06:00:00+00:00,0.003,12.3,15.88
2020-09-27 07:00:00+00:00,0.03222,53.92,15.92
2020-09-27 08:00:00+00:00,0.12818,168.09,15.99
2020-09-27 09:00:00+00:00,0.41469,498.12,15.88
2020-09-27 10:00:00+00:00,0.36201,437.22,15.62
2020-09-27 11:00:00+00:00,0.27612,338.73,15.83
2020-09-27 12:00:00+00:00,0.47235,570.67,15.98
2020-09-27 13:00:00+00:00,0.2278,283.93,16.25
2020-09-27 14:00:00+00:00,0.10242,138.91,16.32
2020-09-27 15:00:00+00:00,0.06737,97.29,16.07
2020-09-27 16:00:00+00:00,0.00869,21.76,15.53
2020-09-27 17:00:00+00:00,0.0,0.0,15.16
2020-09-27 18:00:00+00:00,0.0,0.0,14.61
2020-09-27 19:00:00+00:00,0.0,0.0,14.3
2020-09-27 20:00:00+00:00,0.0,0.0,13.99
2020-09-27 21:00:00+00:00,0.0,0.0,13.73
2020-09-27 22:00:00+00:00,0.0,0.0,13.57
2020-09-27 23:00:00+00:00,0.0,0.0,13.51
2020-09-28 00:00:00+00:00,0.0,0.0,13.55
2020-09-28 01:00:00+00:00,0.0,0.0,13.67
2020-09-28 02:00:00+00:00,0.0,0.0,13.77
2020-09-28 03:00:00+00:00,0.0,0.0,13.84
2020-09-28 04:00:00+00:00,0.0,0.0,13.92
2020-09-28 05:00:00+00:00,0.0,0.0,14.06
2020-09-28 06:00:00+00:00,0.00159,9.46,14.02
2020-09-28 07:00:00+00:00,0.033,54.87,15.03
2020-09-28 08:00:00+00:00,0.10524,142.24,15.56
2020-09-28 09:00:00+00:00,0.05182,78.52,15.78
2020-09-28 10:00:00+00:00,0.04792,73.79,16.12
2020-09-28 11:00:00+00:00,0.03425,56.76,16.59
2020-09-28 12:00:00+00:00,0.05379,81.35,17.21
2020-09-28 13:00:00+00:00,0.05139,78.52,17.54
2020-09-28 14:00:00+00:00,0.02391,43.52,17.75
2020-09-28 15:00:00+00:00,0.05682,85.14,17.5
2020-09-28 16:00:00+00:00,0.03382,56.67,17.25
2020-09-28 17:00:00+00:00,0.0,0.0,16.66
2020-09-28 18:00:00+00:00,0.0,0.0,16.23
2020-09-28 19:00:00+00:00,0.0,0.0,15.9
2020-09-28 20:00:00+00:00,0.0,0.0,15.77
2020-09-28 21:00:00+00:00,0.0,0.0,15.57
2020-09-28 22:00:00+00:00,0.0,0.0,15.41
2020-09-28 23:00:00+00:00,0.0,0.0,15.28
2020-09-29 00:00:00+00:00,0.0,0.0,15.2
2020-09-29 01:00:00+00:00,0.0,0.0,15.11
2020-09-29 02:00:00+00:00,0.0,0.0,15.01
2020-09-29 03:00:00+00:00,0.0,0.0,14.59
2020-09-29 04:00:00+00:00,0.0,0.0,14.28
2020-09-29 05:00:00+00:00,0.0,0.0,13.81
2020-09-29 06:00:00+00:00,0.01165,29.76,13.46
2020-09-29 07:00:00+00:00,0.18635,244.23,13.83
2020-09-29 08:00:00+00:00,0.39668,487.9,15.07
2020-09-29 09:00:00+00:00,0.52852,650.53,16.13
2020-09-29 10:00:00+00:00,0.48923,603.26,16.78
2020-09-29 11:00:00+00:00,0.64332,802.11,17.1
2020-09-29 12:00:00+00:00,0.38201,469.68,17.04
2020-09-29 13:00:00+00:00,0.46758,575.48,17.25
2020-09-29 14:00:00+00:00,0.24965,311.71,17.02
2020-09-29 15:00:00+00:00,0.10704,145.22,17.13
2020-09-29 16:00:00+00:00,0.05738,87.61,17.06
2020-09-29 17:00:00+00:00,0.0,0.0,16.63
2020-09-29 18:00:00+00:00,0.0,0.0,15.75
2020-09-29 19:00:00+00:00,0.0,0.0,15.57
2020-09-29 20:00:00+00:00,0.0,0.0,15.53
2020-09-29 21:00:00+00:00,0.0,0.0,15.44
2020-09-29 22:00:00+00:00,0.0,0.0,15.05
2020-09-29 23:00:00+00:00,0.0,0.0,14.49
2020-09-30 00:00:00+00:00,0.0,0.0,14.12
2020-09-30 01:00:00+00:00,0.0,0.0,13.65
2020-09-30 02:00:00+00:00,0.0,0.0,13.29
2020-09-30 03:00:00+00:00,0.0,0.0,12.95
2020-09-30 04:00:00+00:00,0.0,0.0,12.74
2020-09-30 05:00:00+00:00,0.0,0.0,12.63
2020-09-30 06:00:00+00:00,0.00208,10.41,12.67
2020-09-30 07:00:00+00:00,0.03775,60.52,13.65
2020-09-30 08:00:00+00:00,0.1237699999999999,162.4,14.48
2020-09-30 09:00:00+00:00,0.0709,101.22,15.39
2020-09-30 10:00:00+00:00,0.10258,139.06,16.16
2020-09-30 11:00:00+00:00,0.02694,47.3,16.78
2020-09-30 12:00:00+00:00,0.0447199999999999,70.0,17.22
2020-09-30 13:00:00+00:00,0.11316,152.3,17.58
2020-09-30 14:00:00+00:00,0.2778299999999999,343.45,17.72
2020-09-30 15:00:00+00:00,0.06999,101.1,17.87
2020-09-30 16:00:00+00:00,0.07898,116.25,17.53
2020-09-30 17:00:00+00:00,0.0,0.0,16.94
2020-09-30 18:00:00+00:00,0.0,0.0,16.18
2020-09-30 19:00:00+00:00,0.0,0.0,15.6
2020-09-30 20:00:00+00:00,0.0,0.0,15.49
2020-09-30 21:00:00+00:00,0.0,0.0,15.34
2020-09-30 22:00:00+00:00,0.0,0.0,15.37
2020-09-30 23:00:00+00:00,0.0,0.0,15.46
2020-10-01 00:00:00+00:00,0.0,0.0,15.5
2020-10-01 01:00:00+00:00,0.0,0.0,15.42
2020-10-01 02:00:00+00:00,0.0,0.0,15.25
2020-10-01 03:00:00+00:00,0.0,0.0,15.1
2020-10-01 04:00:00+00:00,0.0,0.0,14.83
2020-10-01 05:00:00+00:00,0.0,0.0,14.42
2020-10-01 06:00:00+00:00,0.0,2.84,14.17
2020-10-01 07:00:00+00:00,0.00408,14.19,14.45
2020-10-01 08:00:00+00:00,0.03317,54.87,14.5
2020-10-01 09:00:00+00:00,0.14606,187.8,14.42
2020-10-01 10:00:00+00:00,0.06258,90.81,14.42
2020-10-01 11:00:00+00:00,0.09783,132.44,14.63
2020-10-01 12:00:00+00:00,0.06087,88.92,14.92
2020-10-01 13:00:00+00:00,0.0391599999999999,62.43,14.77
2020-10-01 14:00:00+00:00,0.09215,125.72,14.39
2020-10-01 15:00:00+00:00,0.04464,69.06,14.11
2020-10-01 16:00:00+00:00,0.03539,58.04,13.71
2020-10-01 17:00:00+00:00,0.0,0.0,13.42
2020-10-01 18:00:00+00:00,0.0,0.0,12.73
2020-10-01 19:00:00+00:00,0.0,0.0,12.01
2020-10-01 20:00:00+00:00,0.0,0.0,11.48
2020-10-01 21:00:00+00:00,0.0,0.0,11.05
2020-10-01 22:00:00+00:00,0.0,0.0,10.63
2020-10-01 23:00:00+00:00,0.0,0.0,10.16
2020-10-02 00:00:00+00:00,0.0,0.0,9.8
2020-10-02 01:00:00+00:00,0.0,0.0,9.56
2020-10-02 02:00:00+00:00,0.0,0.0,9.42
2020-10-02 03:00:00+00:00,0.0,0.0,9.48
2020-10-02 04:00:00+00:00,0.0,0.0,9.57
2020-10-02 05:00:00+00:00,0.0,0.0,9.67
2020-10-02 06:00:00+00:00,0.00038,6.62,9.72
2020-10-02 07:00:00+00:00,0.02343,41.62,10.33
2020-10-02 08:00:00+00:00,0.1224,158.23,10.98
2020-10-02 09:00:00+00:00,0.1871699999999999,231.59,11.53
2020-10-02 10:00:00+00:00,0.11935,155.98,12.58
2020-10-02 11:00:00+00:00,0.1589,202.13,13.78
2020-10-02 12:00:00+00:00,0.18036,227.48,14.7
2020-10-02 13:00:00+00:00,0.16523,210.49,15.3
2020-10-02 14:00:00+00:00,0.01647,33.11,16.08
2020-10-02 15:00:00+00:00,0.01851,35.95,16.21
2020-10-02 16:00:00+00:00,0.003,12.3,15.96
2020-10-02 17:00:00+00:00,0.0,0.0,15.59
2020-10-02 18:00:00+00:00,0.0,0.0,15.19
2020-10-02 19:00:00+00:00,0.0,0.0,14.65
2020-10-02 20:00:00+00:00,0.0,0.0,14.64
2020-10-02 21:00:00+00:00,0.0,0.0,14.8
2020-10-02 22:00:00+00:00,0.0,0.0,14.78
2020-10-02 23:00:00+00:00,0.0,0.0,14.94
2020-10-03 00:00:00+00:00,0.0,0.0,14.83
2020-10-03 01:00:00+00:00,0.0,0.0,14.67
2020-10-03 02:00:00+00:00,0.0,0.0,14.48
2020-10-03 03:00:00+00:00,0.0,0.0,14.23
2020-10-03 04:00:00+00:00,0.0,0.0,14.0
2020-10-03 05:00:00+00:00,0.0,0.0,13.61
2020-10-03 06:00:00+00:00,0.0,1.89,13.46
2020-10-03 07:00:00+00:00,0.01202,26.49,12.99
2020-10-03 08:00:00+00:00,0.0167,33.11,13.23
2020-10-03 09:00:00+00:00,0.02666,46.35,13.35
2020-10-03 10:00:00+00:00,0.02377,42.57,13.27
2020-10-03 11:00:00+00:00,0.10731,142.84,12.97
2020-10-03 12:00:00+00:00,0.04486,69.06,12.92
2020-10-03 13:00:00+00:00,0.0334,54.87,12.99
2020-10-03 14:00:00+00:00,0.01605,32.16,12.97
2020-10-03 15:00:00+00:00,0.02022,37.84,13.08
2020-10-03 16:00:00+00:00,0.06958,103.1,12.62
2020-10-03 17:00:00+00:00,0.0,0.0,12.36
2020-10-03 18:00:00+00:00,0.0,0.0,11.9
2020-10-03 19:00:00+00:00,0.0,0.0,11.19
2020-10-03 20:00:00+00:00,0.0,0.0,10.54
2020-10-03 21:00:00+00:00,0.0,0.0,10.45
2020-10-03 22:00:00+00:00,0.0,0.0,10.35
2020-10-03 23:00:00+00:00,0.0,0.0,10.25
2020-10-04 00:00:00+00:00,0.0,0.0,10.19
2020-10-04 01:00:00+00:00,0.0,0.0,10.09
2020-10-04 02:00:00+00:00,0.0,0.0,10.03
2020-10-04 03:00:00+00:00,0.0,0.0,10.21
2020-10-04 04:00:00+00:00,0.0,0.0,10.27
2020-10-04 05:00:00+00:00,0.0,0.0,10.31
2020-10-04 06:00:00+00:00,0.00451,16.94,10.32
2020-10-04 07:00:00+00:00,0.00896,21.76,10.47
2020-10-04 08:00:00+00:00,0.13747,174.66,10.7
2020-10-04 09:00:00+00:00,0.1007,133.34,10.84
2020-10-04 10:00:00+00:00,0.32587,384.46,11.46
2020-10-04 11:00:00+00:00,0.13306,171.15,12.64
2020-10-04 12:00:00+00:00,0.22516,275.3,13.29
2020-10-04 13:00:00+00:00,0.33663,401.23,14.12
2020-10-04 14:00:00+00:00,0.43124,511.35,14.65
2020-10-04 15:00:00+00:00,0.21552,267.55,14.5
2020-10-04 16:00:00+00:00,0.13748,194.32,14.08
2020-10-04 17:00:00+00:00,0.0,0.0,13.54
2020-10-04 18:00:00+00:00,0.0,0.0,12.81
2020-10-04 19:00:00+00:00,0.0,0.0,12.25
2020-10-04 20:00:00+00:00,0.0,0.0,11.91
2020-10-04 21:00:00+00:00,0.0,0.0,11.73
2020-10-04 22:00:00+00:00,0.0,0.0,11.69
2020-10-04 23:00:00+00:00,0.0,0.0,11.67
2020-10-05 00:00:00+00:00,0.0,0.0,11.53
2020-10-05 01:00:00+00:00,0.0,0.0,11.37
2020-10-05 02:00:00+00:00,0.0,0.0,11.08
2020-10-05 03:00:00+00:00,0.0,0.0,10.61
2020-10-05 04:00:00+00:00,0.0,0.0,10.48
2020-10-05 05:00:00+00:00,0.0,0.0,10.41
2020-10-05 06:00:00+00:00,0.00208,11.57,10.56
2020-10-05 07:00:00+00:00,0.00312,12.3,10.33
2020-10-05 08:00:00+00:00,0.02482,43.52,10.9
2020-10-05 09:00:00+00:00,0.05859,85.14,11.87
2020-10-05 10:00:00+00:00,0.06307,90.81,12.89
2020-10-05 11:00:00+00:00,0.06759,96.49,13.74
2020-10-05 12:00:00+00:00,0.19387,242.17,14.15
2020-10-05 13:00:00+00:00,0.05154,77.57,14.59
2020-10-05 14:00:00+00:00,0.32444,389.1,13.71
2020-10-05 15:00:00+00:00,0.12462,163.18,14.05
2020-10-05 16:00:00+00:00,0.05692,87.39,13.71
2020-10-05 17:00:00+00:00,0.0,0.0,13.02
2020-10-05 18:00:00+00:00,0.0,0.0,12.76
2020-10-05 19:00:00+00:00,0.0,0.0,12.61
2020-10-05 20:00:00+00:00,0.0,0.0,12.49
2020-10-05 21:00:00+00:00,0.0,0.0,12.51
2020-10-05 22:00:00+00:00,0.0,0.0,12.64
2020-10-05 23:00:00+00:00,0.0,0.0,12.87
2020-10-06 00:00:00+00:00,0.0,0.0,13.02
2020-10-06 01:00:00+00:00,0.0,0.0,12.86
2020-10-06 02:00:00+00:00,0.0,0.0,12.73
2020-10-06 03:00:00+00:00,0.0,0.0,12.53
2020-10-06 04:00:00+00:00,0.0,0.0,12.4
2020-10-06 05:00:00+00:00,0.0,0.0,12.15
2020-10-06 06:00:00+00:00,0.0,0.0,11.8
2020-10-06 07:00:00+00:00,0.06536,94.11,11.35
2020-10-06 08:00:00+00:00,0.13085,167.86,11.63
2020-10-06 09:00:00+00:00,0.06,87.03,12.64
2020-10-06 10:00:00+00:00,0.06592,94.6,14.09
2020-10-06 11:00:00+00:00,0.03943,62.43,13.54
2020-10-06 12:00:00+00:00,0.28435,343.08,13.61
2020-10-06 13:00:00+00:00,0.20904,258.62,14.11
2020-10-06 14:00:00+00:00,0.11815,155.42,14.23
2020-10-06 15:00:00+00:00,0.16221,206.57,14.21
2020-10-06 16:00:00+00:00,0.0517899999999999,80.9,13.65
2020-10-06 17:00:00+00:00,0.0,0.0,12.5
2020-10-06 18:00:00+00:00,0.0,0.0,12.18
2020-10-06 19:00:00+00:00,0.0,0.0,12.62
2020-10-06 20:00:00+00:00,0.0,0.0,12.52
2020-10-06 21:00:00+00:00,0.0,0.0,12.03
2020-10-06 22:00:00+00:00,0.0,0.0,12.15
2020-10-06 23:00:00+00:00,0.0,0.0,12.02
2020-10-07 00:00:00+00:00,0.0,0.0,12.02
2020-10-07 01:00:00+00:00,0.0,0.0,11.55
2020-10-07 02:00:00+00:00,0.0,0.0,11.61
2020-10-07 03:00:00+00:00,0.0,0.0,11.48
2020-10-07 04:00:00+00:00,0.0,0.0,11.54
2020-10-07 05:00:00+00:00,0.0,0.0,11.56
2020-10-07 06:00:00+00:00,0.0,0.0,11.68
2020-10-07 07:00:00+00:00,0.07911,111.49,12.14
2020-10-07 08:00:00+00:00,0.14103,180.66,12.91
2020-10-07 09:00:00+00:00,0.07256,102.17,13.27
2020-10-07 10:00:00+00:00,0.1105699999999999,146.63,13.73
2020-10-07 11:00:00+00:00,0.05717,84.19,14.19
2020-10-07 12:00:00+00:00,0.19249,239.78,13.94
2020-10-07 13:00:00+00:00,0.33585,402.2,14.4
2020-10-07 14:00:00+00:00,0.1286699999999999,167.23,14.13
2020-10-07 15:00:00+00:00,0.04243,66.22,13.86
2020-10-07 16:00:00+00:00,0.01199,26.49,13.62
2020-10-07 17:00:00+00:00,0.0,0.0,13.17
2020-10-07 18:00:00+00:00,0.0,0.0,13.08
2020-10-07 19:00:00+00:00,0.0,0.0,12.88
2020-10-07 20:00:00+00:00,0.0,0.0,12.84
2020-10-07 21:00:00+00:00,0.0,0.0,12.52
2020-10-07 22:00:00+00:00,0.0,0.0,12.39
2020-10-07 23:00:00+00:00,0.0,0.0,12.09
2020-10-08 00:00:00+00:00,0.0,0.0,12.0
2020-10-08 01:00:00+00:00,0.0,0.0,11.98
2020-10-08 02:00:00+00:00,0.0,0.0,11.9
2020-10-08 03:00:00+00:00,0.0,0.0,11.96
2020-10-08 04:00:00+00:00,0.0,0.0,11.99
2020-10-08 05:00:00+00:00,0.0,0.0,12.36
2020-10-08 06:00:00+00:00,0.0,0.0,13.07
2020-10-08 07:00:00+00:00,0.00519,16.08,14.33
2020-10-08 08:00:00+00:00,0.05381,80.41,15.14
2020-10-08 09:00:00+00:00,0.03003,51.08,15.87
2020-10-08 10:00:00+00:00,0.04806,73.79,16.48
2020-10-08 11:00:00+00:00,0.0233799999999999,42.57,16.8
2020-10-08 12:00:00+00:00,0.0627,91.76,17.05
2020-10-08 13:00:00+00:00,0.03504,57.7,16.98
2020-10-08 14:00:00+00:00,0.03516,57.7,16.27
2020-10-08 15:00:00+00:00,0.06261,91.34,16.09
2020-10-08 16:00:00+00:00,0.0435,71.23,15.69
2020-10-08 17:00:00+00:00,0.0,0.0,14.59
2020-10-08 18:00:00+00:00,0.0,0.0,13.79
2020-10-08 19:00:00+00:00,0.0,0.0,13.2
2020-10-08 20:00:00+00:00,0.0,0.0,12.72
2020-10-08 21:00:00+00:00,0.0,0.0,12.27
2020-10-08 22:00:00+00:00,0.0,0.0,11.87
2020-10-08 23:00:00+00:00,0.0,0.0,11.44
2020-10-09 00:00:00+00:00,0.0,0.0,11.02
2020-10-09 01:00:00+00:00,0.0,0.0,10.36
2020-10-09 02:00:00+00:00,0.0,0.0,9.69
2020-10-09 03:00:00+00:00,0.0,0.0,8.75
2020-10-09 04:00:00+00:00,0.0,0.0,8.62
2020-10-09 05:00:00+00:00,0.0,0.0,8.92
2020-10-09 06:00:00+00:00,0.0,0.0,8.96
2020-10-09 07:00:00+00:00,0.0407,63.67,10.17
2020-10-09 08:00:00+00:00,0.11822,154.41,11.58
2020-10-09 09:00:00+00:00,0.31233,376.45,12.61
2020-10-09 10:00:00+00:00,0.17765,223.31,13.33
2020-10-09 11:00:00+00:00,0.35228,423.23,13.52
2020-10-09 12:00:00+00:00,0.29979,362.94,13.89
2020-10-09 13:00:00+00:00,0.37872,453.15,14.02
2020-10-09 14:00:00+00:00,0.24236,296.15,13.85
2020-10-09 15:00:00+00:00,0.15668,200.23,13.8
2020-10-09 16:00:00+00:00,0.02714,48.17,13.33
2020-10-09 17:00:00+00:00,0.0,0.0,12.75
2020-10-09 18:00:00+00:00,0.0,0.0,11.75
2020-10-09 19:00:00+00:00,0.0,0.0,11.26
2020-10-09 20:00:00+00:00,0.0,0.0,10.57
2020-10-09 21:00:00+00:00,0.0,0.0,10.38
2020-10-09 22:00:00+00:00,0.0,0.0,10.15
2020-10-09 23:00:00+00:00,0.0,0.0,9.96
2020-10-10 00:00:00+00:00,0.0,0.0,9.63
2020-10-10 01:00:00+00:00,0.0,0.0,9.43
2020-10-10 02:00:00+00:00,0.0,0.0,9.24
2020-10-10 03:00:00+00:00,0.0,0.0,9.3
2020-10-10 04:00:00+00:00,0.0,0.0,9.24
2020-10-10 05:00:00+00:00,0.0,0.0,9.3
2020-10-10 06:00:00+00:00,0.0,0.0,9.26
2020-10-10 07:00:00+00:00,0.1054399999999999,142.55,9.56
2020-10-10 08:00:00+00:00,0.30925,368.88,10.35
2020-10-10 09:00:00+00:00,0.21296,259.65,11.23
2020-10-10 10:00:00+00:00,0.10658,140.95,11.9
2020-10-10 11:00:00+00:00,0.3342699999999999,397.78,12.18
2020-10-10 12:00:00+00:00,0.0928,124.87,11.52
2020-10-10 13:00:00+00:00,0.05153,76.62,11.59
2020-10-10 14:00:00+00:00,0.03073,51.08,11.2
2020-10-10 15:00:00+00:00,0.00649,17.97,10.57
2020-10-10 16:00:00+00:00,0.02118,39.39,10.53
2020-10-10 17:00:00+00:00,0.0,0.0,10.1
2020-10-10 18:00:00+00:00,0.0,0.0,9.79
2020-10-10 19:00:00+00:00,0.0,0.0,9.12
2020-10-10 20:00:00+00:00,0.0,0.0,8.57
2020-10-10 21:00:00+00:00,0.0,0.0,8.52
2020-10-10 22:00:00+00:00,0.0,0.0,8.26
2020-10-10 23:00:00+00:00,0.0,0.0,8.43
2020-10-11 00:00:00+00:00,0.0,0.0,8.36
2020-10-11 01:00:00+00:00,0.0,0.0,8.75
2020-10-11 02:00:00+00:00,0.0,0.0,8.87
2020-10-11 03:00:00+00:00,0.0,0.0,9.21
2020-10-11 04:00:00+00:00,0.0,0.0,9.02
2020-10-11 05:00:00+00:00,0.0,0.0,8.67
2020-10-11 06:00:00+00:00,0.0,0.0,8.65
2020-10-11 07:00:00+00:00,0.11435,153.79,9.19
2020-10-11 08:00:00+00:00,0.04222,65.27,10.68
2020-10-11 09:00:00+00:00,0.32067,384.73,12.16
2020-10-11 10:00:00+00:00,0.59393,708.83,12.63
2020-10-11 11:00:00+00:00,0.2867099999999999,344.68,11.96
2020-10-11 12:00:00+00:00,0.0,0.0,12.5
2020-10-11 13:00:00+00:00,0.20825,256.76,12.92
2020-10-11 14:00:00+00:00,0.1431,182.78,12.93
2020-10-11 15:00:00+00:00,0.17201,216.82,12.66
2020-10-11 16:00:00+00:00,0.0302899999999999,52.89,12.3
2020-10-11 17:00:00+00:00,0.0,0.0,11.79
2020-10-11 18:00:00+00:00,0.0,0.0,11.57
2020-10-11 19:00:00+00:00,0.0,0.0,11.57
2020-10-11 20:00:00+00:00,0.0,0.0,11.26
2020-10-11 21:00:00+00:00,0.0,0.0,10.83
2020-10-11 22:00:00+00:00,0.0,0.0,10.71
2020-10-11 23:00:00+00:00,0.0,0.0,10.38
2020-10-12 00:00:00+00:00,0.0,0.0,10.27
2020-10-12 01:00:00+00:00,0.0,0.0,9.84
2020-10-12 02:00:00+00:00,0.0,0.0,9.56
2020-10-12 03:00:00+00:00,0.0,0.0,9.72
2020-10-12 04:00:00+00:00,0.0,0.0,9.82
2020-10-12 05:00:00+00:00,0.0,0.0,9.88
2020-10-12 06:00:00+00:00,0.0,0.0,9.53
2020-10-12 07:00:00+00:00,0.04089,63.89,9.26
2020-10-12 08:00:00+00:00,0.04913,73.79,10.96
2020-10-12 09:00:00+00:00,0.31488,380.89,12.02
2020-10-12 10:00:00+00:00,0.46151,555.38,12.65
2020-10-12 11:00:00+00:00,0.37792,454.55,12.96
2020-10-12 12:00:00+00:00,0.11812,155.19,12.81
2020-10-12 13:00:00+00:00,0.3455899999999999,413.97,12.61
2020-10-12 14:00:00+00:00,0.2642799999999999,320.79,12.64
2020-10-12 15:00:00+00:00,0.1152,151.95,12.49
2020-10-12 16:00:00+00:00,0.0284899999999999,50.77,12.05
2020-10-12 17:00:00+00:00,0.0,0.0,11.29
2020-10-12 18:00:00+00:00,0.0,0.0,10.78
2020-10-12 19:00:00+00:00,0.0,0.0,10.3
2020-10-12 20:00:00+00:00,0.0,0.0,10.23
2020-10-12 21:00:00+00:00,0.0,0.0,10.1
2020-10-12 22:00:00+00:00,0.0,0.0,9.91
2020-10-12 23:00:00+00:00,0.0,0.0,9.81
2020-10-13 00:00:00+00:00,0.0,0.0,9.77
2020-10-13 01:00:00+00:00,0.0,0.0,9.7
2020-10-13 02:00:00+00:00,0.0,0.0,9.74
2020-10-13 03:00:00+00:00,0.0,0.0,9.73
2020-10-13 04:00:00+00:00,0.0,0.0,9.63
2020-10-13 05:00:00+00:00,0.0,0.0,9.55
2020-10-13 06:00:00+00:00,0.0,0.0,9.41
2020-10-13 07:00:00+00:00,0.06087,88.83,9.37
2020-10-13 08:00:00+00:00,0.16522,205.74,9.77
2020-10-13 09:00:00+00:00,0.4177,493.1,10.34
2020-10-13 10:00:00+00:00,0.42241,499.73,11.07
2020-10-13 11:00:00+00:00,0.28439,341.82,11.85
2020-10-13 12:00:00+00:00,0.35932,427.74,12.12
2020-10-13 13:00:00+00:00,0.2122,260.4,12.12
2020-10-13 14:00:00+00:00,0.23272,283.31,12.21
2020-10-13 15:00:00+00:00,0.06287,90.45,12.12
2020-10-13 16:00:00+00:00,0.0213,40.73,11.76
2020-10-13 17:00:00+00:00,0.0,0.0,11.0
2020-10-13 18:00:00+00:00,0.0,0.0,10.56
2020-10-13 19:00:00+00:00,0.0,0.0,9.88
2020-10-13 20:00:00+00:00,0.0,0.0,9.51
2020-10-13 21:00:00+00:00,0.0,0.0,9.0
2020-10-13 22:00:00+00:00,0.0,0.0,8.51
2020-10-13 23:00:00+00:00,0.0,0.0,8.18
2020-10-14 00:00:00+00:00,0.0,0.0,7.7
2020-10-14 01:00:00+00:00,0.0,0.0,7.34
2020-10-14 02:00:00+00:00,0.0,0.0,7.07
2020-10-14 03:00:00+00:00,0.0,0.0,6.9
2020-10-14 04:00:00+00:00,0.0,0.0,6.79
2020-10-14 05:00:00+00:00,0.0,0.0,6.73
2020-10-14 06:00:00+00:00,0.0,0.0,6.71
2020-10-14 07:00:00+00:00,0.05015,75.12,7.61
2020-10-14 08:00:00+00:00,0.1194699999999999,153.72,8.73
2020-10-14 09:00:00+00:00,0.15347,192.76,9.98
2020-10-14 10:00:00+00:00,0.25786,311.37,11.15
2020-10-14 11:00:00+00:00,0.28036,337.85,11.89
2020-10-14 12:00:00+00:00,0.26985,326.08,12.38
2020-10-14 13:00:00+00:00,0.2818299999999999,338.91,12.39
2020-10-14 14:00:00+00:00,0.14547,184.86,12.23
2020-10-14 15:00:00+00:00,0.04237,65.63,11.74
2020-10-14 16:00:00+00:00,0.02643,48.3,11.11
2020-10-14 17:00:00+00:00,0.0,0.0,10.47
2020-10-14 18:00:00+00:00,0.0,0.0,10.2
2020-10-14 19:00:00+00:00,0.0,0.0,9.61
2020-10-14 20:00:00+00:00,0.0,0.0,9.52
2020-10-14 21:00:00+00:00,0.0,0.0,9.55
2020-10-14 22:00:00+00:00,0.0,0.0,9.46
2020-10-14 23:00:00+00:00,0.0,0.0,9.25
2020-10-15 00:00:00+00:00,0.0,0.0,8.73
2020-10-15 01:00:00+00:00,0.0,0.0,8.48
2020-10-15 02:00:00+00:00,0.0,0.0,8.5
2020-10-15 03:00:00+00:00,0.0,0.0,8.58
2020-10-15 04:00:00+00:00,0.0,0.0,8.58
2020-10-15 05:00:00+00:00,0.0,0.0,8.44
2020-10-15 06:00:00+00:00,0.0,0.0,8.21
2020-10-15 07:00:00+00:00,0.0900499999999999,124.61,8.65
2020-10-15 08:00:00+00:00,0.27708,332.17,9.22
2020-10-15 09:00:00+00:00,0.5019,590.18,10.21
2020-10-15 10:00:00+00:00,0.20517,251.02,10.78
2020-10-15 11:00:00+00:00,0.1201899999999999,156.18,11.26
2020-10-15 12:00:00+00:00,0.05463,80.41,11.68
2020-10-15 13:00:00+00:00,0.13502,173.24,11.71
2020-10-15 14:00:00+00:00,0.12295,159.2,11.53
2020-10-15 15:00:00+00:00,0.09848,131.88,11.32
2020-10-15 16:00:00+00:00,0.0198999999999999,39.04,10.9
2020-10-15 17:00:00+00:00,0.0,0.0,9.95
2020-10-15 18:00:00+00:00,0.0,0.0,9.38
2020-10-15 19:00:00+00:00,0.0,0.0,9.19
2020-10-15 20:00:00+00:00,0.0,0.0,8.78
2020-10-15 21:00:00+00:00,0.0,0.0,8.21
2020-10-15 22:00:00+00:00,0.0,0.0,7.77
2020-10-15 23:00:00+00:00,0.0,0.0,7.3
2020-10-16 00:00:00+00:00,0.0,0.0,6.89
2020-10-16 01:00:00+00:00,0.0,0.0,6.67
2020-10-16 02:00:00+00:00,0.0,0.0,6.22
2020-10-16 03:00:00+00:00,0.0,0.0,6.13
2020-10-16 04:00:00+00:00,0.0,0.0,5.96
2020-10-16 05:00:00+00:00,0.0,0.0,5.88
2020-10-16 06:00:00+00:00,0.0,0.0,5.91
2020-10-16 07:00:00+00:00,0.05027,75.35,6.55
2020-10-16 08:00:00+00:00,0.12641,161.4,8.04
2020-10-16 09:00:00+00:00,0.1547899999999999,193.84,9.18
2020-10-16 10:00:00+00:00,0.28175,337.21,10.13
2020-10-16 11:00:00+00:00,0.52987,628.56,10.61
2020-10-16 12:00:00+00:00,0.41884,498.21,10.91
2020-10-16 13:00:00+00:00,0.50769,608.87,11.11
2020-10-16 14:00:00+00:00,0.21458,263.85,11.27
2020-10-16 15:00:00+00:00,0.21076,263.6,11.26
2020-10-16 16:00:00+00:00,0.0281499999999999,52.04,10.79
2020-10-16 17:00:00+00:00,0.0,0.0,10.05
2020-10-16 18:00:00+00:00,0.0,0.0,9.32
2020-10-16 19:00:00+00:00,0.0,0.0,9.21
2020-10-16 20:00:00+00:00,0.0,0.0,9.05
2020-10-16 21:00:00+00:00,0.0,0.0,8.69
2020-10-16 22:00:00+00:00,0.0,0.0,8.42
2020-10-16 23:00:00+00:00,0.0,0.0,7.96
2020-10-17 00:00:00+00:00,0.0,0.0,8.08
2020-10-17 01:00:00+00:00,0.0,0.0,7.91
2020-10-17 02:00:00+00:00,0.0,0.0,7.62
2020-10-17 03:00:00+00:00,0.0,0.0,7.6
2020-10-17 04:00:00+00:00,0.0,0.0,7.2
2020-10-17 05:00:00+00:00,0.0,0.0,7.18
2020-10-17 06:00:00+00:00,0.0,0.0,7.23
2020-10-17 07:00:00+00:00,0.02555,44.38,7.95
2020-10-17 08:00:00+00:00,0.04487,68.11,9.1
2020-10-17 09:00:00+00:00,0.14535,184.08,9.86
2020-10-17 10:00:00+00:00,0.1482,187.98,10.39
2020-10-17 11:00:00+00:00,0.18615,231.18,10.63
2020-10-17 12:00:00+00:00,0.15621,197.31,10.75
2020-10-17 13:00:00+00:00,0.02407,42.57,10.76
2020-10-17 14:00:00+00:00,0.01485,30.27,10.81
2020-10-17 15:00:00+00:00,0.02924,49.19,10.69
2020-10-17 16:00:00+00:00,0.00419,14.19,10.35
2020-10-17 17:00:00+00:00,0.0,0.0,9.65
2020-10-17 18:00:00+00:00,0.0,0.0,9.21
2020-10-17 19:00:00+00:00,0.0,0.0,9.25
2020-10-17 20:00:00+00:00,0.0,0.0,8.8
2020-10-17 21:00:00+00:00,0.0,0.0,8.54
2020-10-17 22:00:00+00:00,0.0,0.0,8.04
2020-10-17 23:00:00+00:00,0.0,0.0,7.77
2020-10-18 00:00:00+00:00,0.0,0.0,7.59
2020-10-18 01:00:00+00:00,0.0,0.0,7.55
2020-10-18 02:00:00+00:00,0.0,0.0,7.35
2020-10-18 03:00:00+00:00,0.0,0.0,7.36
2020-10-18 04:00:00+00:00,0.0,0.0,6.97
2020-10-18 05:00:00+00:00,0.0,0.0,6.82
2020-10-18 06:00:00+00:00,0.0,0.0,7.61
2020-10-18 07:00:00+00:00,0.01651,32.16,7.53
2020-10-18 08:00:00+00:00,0.10276,136.02,9.59
2020-10-18 09:00:00+00:00,0.08664,118.49,11.61
2020-10-18 10:00:00+00:00,0.03872,61.49,12.61
2020-10-18 11:00:00+00:00,0.1827899999999999,229.59,13.09
2020-10-18 12:00:00+00:00,0.16382,207.63,13.26
2020-10-18 13:00:00+00:00,0.04405,68.11,13.16
2020-10-18 14:00:00+00:00,0.09597,129.41,12.98
2020-10-18 15:00:00+00:00,0.09108,124.27,12.62
2020-10-18 16:00:00+00:00,0.00777,20.7,11.82
2020-10-18 17:00:00+00:00,0.0,0.0,11.05
2020-10-18 18:00:00+00:00,0.0,0.0,10.39
2020-10-18 19:00:00+00:00,0.0,0.0,9.83
2020-10-18 20:00:00+00:00,0.0,0.0,9.38
2020-10-18 21:00:00+00:00,0.0,0.0,8.8
2020-10-18 22:00:00+00:00,0.0,0.0,8.59
2020-10-18 23:00:00+00:00,0.0,0.0,8.37
2020-10-19 00:00:00+00:00,0.0,0.0,8.45
2020-10-19 01:00:00+00:00,0.0,0.0,8.74
2020-10-19 02:00:00+00:00,0.0,0.0,8.76
2020-10-19 03:00:00+00:00,0.0,0.0,8.7
2020-10-19 04:00:00+00:00,0.0,0.0,8.11
2020-10-19 05:00:00+00:00,0.0,0.0,7.97
2020-10-19 06:00:00+00:00,0.0,0.0,7.47
2020-10-19 07:00:00+00:00,0.0199699999999999,37.01,8.03
2020-10-19 08:00:00+00:00,0.0163999999999999,32.16,8.94
2020-10-19 09:00:00+00:00,0.04081,63.38,10.13
2020-10-19 10:00:00+00:00,0.06185,88.92,11.27
2020-10-19 11:00:00+00:00,0.1540399999999999,195.63,12.34
2020-10-19 12:00:00+00:00,0.23777,290.79,12.81
2020-10-19 13:00:00+00:00,0.24631,300.83,13.42
2020-10-19 14:00:00+00:00,0.24774,302.84,13.74
2020-10-19 15:00:00+00:00,0.14673,190.26,13.65
2020-10-19 16:00:00+00:00,0.01001,24.92,12.8
2020-10-19 17:00:00+00:00,0.0,0.0,11.62
2020-10-19 18:00:00+00:00,0.0,0.0,11.08
2020-10-19 19:00:00+00:00,0.0,0.0,10.24
2020-10-19 20:00:00+00:00,0.0,0.0,10.06
2020-10-19 21:00:00+00:00,0.0,0.0,9.81
2020-10-19 22:00:00+00:00,0.0,0.0,9.47
2020-10-19 23:00:00+00:00,0.0,0.0,9.16
2020-10-20 00:00:00+00:00,0.0,0.0,9.29
2020-10-20 01:00:00+00:00,0.0,0.0,9.24
2020-10-20 02:00:00+00:00,0.0,0.0,8.82
2020-10-20 03:00:00+00:00,0.0,0.0,8.73
2020-10-20 04:00:00+00:00,0.0,0.0,8.77
2020-10-20 05:00:00+00:00,0.0,0.0,9.11
2020-10-20 06:00:00+00:00,0.0,0.0,9.4
2020-10-20 07:00:00+00:00,0.01419,29.33,10.77
2020-10-20 08:00:00+00:00,0.02325,41.62,11.77
2020-10-20 09:00:00+00:00,0.06637,94.6,12.5
2020-10-20 10:00:00+00:00,0.0837,115.41,13.5
2020-10-20 11:00:00+00:00,0.12221,160.45,14.41
2020-10-20 12:00:00+00:00,0.05432,81.35,15.84
2020-10-20 13:00:00+00:00,0.0419099999999999,66.22,16.15
2020-10-20 14:00:00+00:00,0.03071,52.03,16.03
2020-10-20 15:00:00+00:00,0.0063,17.97,15.4
2020-10-20 16:00:00+00:00,0.00114,8.51,14.9
2020-10-20 17:00:00+00:00,0.0,0.0,14.37
2020-10-20 18:00:00+00:00,0.0,0.0,13.83
2020-10-20 19:00:00+00:00,0.0,0.0,14.2
2020-10-20 20:00:00+00:00,0.0,0.0,14.08
2020-10-20 21:00:00+00:00,0.0,0.0,13.91
2020-10-20 22:00:00+00:00,0.0,0.0,13.86
2020-10-20 23:00:00+00:00,0.0,0.0,13.77
2020-10-21 00:00:00+00:00,0.0,0.0,13.63
2020-10-21 01:00:00+00:00,0.0,0.0,13.54
2020-10-21 02:00:00+00:00,0.0,0.0,13.35
2020-10-21 03:00:00+00:00,0.0,0.0,13.17
2020-10-21 04:00:00+00:00,0.0,0.0,13.07
2020-10-21 05:00:00+00:00,0.0,0.0,12.98
2020-10-21 06:00:00+00:00,0.0,0.0,12.85
2020-10-21 07:00:00+00:00,0.0120399999999999,26.49,12.78
2020-10-21 08:00:00+00:00,0.01072,24.6,13.07
2020-10-21 09:00:00+00:00,0.02889,49.19,13.51
2020-10-21 10:00:00+00:00,0.05252,78.52,13.99
2020-10-21 11:00:00+00:00,0.0799599999999999,111.63,15.25
2020-10-21 12:00:00+00:00,0.08537,119.19,17.84
2020-10-21 13:00:00+00:00,0.24913,307.91,19.28
2020-10-21 14:00:00+00:00,0.02311,42.57,19.06
2020-10-21 15:00:00+00:00,0.02533,45.41,18.36
2020-10-21 16:00:00+00:00,0.0,4.73,17.77
2020-10-21 17:00:00+00:00,0.0,0.0,17.22
2020-10-21 18:00:00+00:00,0.0,0.0,16.65
2020-10-21 19:00:00+00:00,0.0,0.0,16.22
2020-10-21 20:00:00+00:00,0.0,0.0,15.72
2020-10-21 21:00:00+00:00,0.0,0.0,15.4
2020-10-21 22:00:00+00:00,0.0,0.0,14.98
2020-10-21 23:00:00+00:00,0.0,0.0,14.33
2020-10-22 00:00:00+00:00,0.0,0.0,14.15
2020-10-22 01:00:00+00:00,0.0,0.0,14.32
2020-10-22 02:00:00+00:00,0.0,0.0,14.42
2020-10-22 03:00:00+00:00,0.0,0.0,14.03
2020-10-22 04:00:00+00:00,0.0,0.0,13.7
2020-10-22 05:00:00+00:00,0.0,0.0,13.34
2020-10-22 06:00:00+00:00,0.0,0.0,12.71
2020-10-22 07:00:00+00:00,0.08066,116.81,12.68
2020-10-22 08:00:00+00:00,0.32105,388.3,13.22
2020-10-22 09:00:00+00:00,0.32804,393.28,14.04
2020-10-22 10:00:00+00:00,0.5443600000000001,648.96,14.91
2020-10-22 11:00:00+00:00,0.23071,284.74,15.73
2020-10-22 12:00:00+00:00,0.02847,49.19,16.32
2020-10-22 13:00:00+00:00,0.08518,118.51,16.58
2020-10-22 14:00:00+00:00,0.37066,448.94,16.58
2020-10-22 15:00:00+00:00,0.16176,210.45,16.34
2020-10-22 16:00:00+00:00,0.00366,14.46,15.58
2020-10-22 17:00:00+00:00,0.0,0.0,14.57
2020-10-22 18:00:00+00:00,0.0,0.0,13.79
2020-10-22 19:00:00+00:00,0.0,0.0,13.48
2020-10-22 20:00:00+00:00,0.0,0.0,13.11
2020-10-22 21:00:00+00:00,0.0,0.0,12.77
2020-10-22 22:00:00+00:00,0.0,0.0,12.47
2020-10-22 23:00:00+00:00,0.0,0.0,12.13
2020-10-23 00:00:00+00:00,0.0,0.0,11.73
2020-10-23 01:00:00+00:00,0.0,0.0,11.34
2020-10-23 02:00:00+00:00,0.0,0.0,10.87
2020-10-23 03:00:00+00:00,0.0,0.0,10.63
2020-10-23 04:00:00+00:00,0.0,0.0,10.47
2020-10-23 05:00:00+00:00,0.0,0.0,10.34
2020-10-23 06:00:00+00:00,0.0,0.0,10.07
2020-10-23 07:00:00+00:00,0.07473,108.49,9.77
2020-10-23 08:00:00+00:00,0.31189,376.68,10.51
2020-10-23 09:00:00+00:00,0.45876,546.18,12.05
2020-10-23 10:00:00+00:00,0.06668,95.54,13.67
2020-10-23 11:00:00+00:00,0.3525299999999999,426.18,15.19
2020-10-23 12:00:00+00:00,0.61023,737.89,16.23
2020-10-23 13:00:00+00:00,0.13218,172.99,16.37
2020-10-23 14:00:00+00:00,0.33343,404.11,16.18
2020-10-23 15:00:00+00:00,0.22184,280.3,15.09
2020-10-23 16:00:00+00:00,0.0007199999999999,7.57,14.81
2020-10-23 17:00:00+00:00,0.0,0.0,14.43
2020-10-23 18:00:00+00:00,0.0,0.0,14.27
2020-10-23 19:00:00+00:00,0.0,0.0,13.57
2020-10-23 20:00:00+00:00,0.0,0.0,13.28
2020-10-23 21:00:00+00:00,0.0,0.0,13.05
2020-10-23 22:00:00+00:00,0.0,0.0,12.57
2020-10-23 23:00:00+00:00,0.0,0.0,12.42
2020-10-24 00:00:00+00:00,0.0,0.0,12.36
2020-10-24 01:00:00+00:00,0.0,0.0,12.3
2020-10-24 02:00:00+00:00,0.0,0.0,12.29
2020-10-24 03:00:00+00:00,0.0,0.0,12.27
2020-10-24 04:00:00+00:00,0.0,0.0,12.28
2020-10-24 05:00:00+00:00,0.0,0.0,12.19
2020-10-24 06:00:00+00:00,0.0,0.0,12.2
2020-10-24 07:00:00+00:00,0.00257,11.35,12.38
2020-10-24 08:00:00+00:00,0.10423,138.44,12.85
2020-10-24 09:00:00+00:00,0.22994,280.35,13.44
2020-10-24 10:00:00+00:00,0.29247,350.93,14.23
2020-10-24 11:00:00+00:00,0.40848,485.33,14.67
2020-10-24 12:00:00+00:00,0.44954,533.78,15.34
2020-10-24 13:00:00+00:00,0.2353,288.34,15.58
2020-10-24 14:00:00+00:00,0.25571,312.4,15.97
2020-10-24 15:00:00+00:00,0.04498,70.08,15.85
2020-10-24 16:00:00+00:00,0.0,0.0,15.69
2020-10-24 17:00:00+00:00,0.0,0.0,15.39
2020-10-24 18:00:00+00:00,0.0,0.0,15.45
2020-10-24 19:00:00+00:00,0.0,0.0,15.31
2020-10-24 20:00:00+00:00,0.0,0.0,15.49
2020-10-24 21:00:00+00:00,0.0,0.0,15.56
2020-10-24 22:00:00+00:00,0.0,0.0,15.57
2020-10-24 23:00:00+00:00,0.0,0.0,15.62
2020-10-25 00:00:00+00:00,0.0,0.0,15.55
2020-10-25 01:00:00+00:00,0.0,0.0,15.15
2020-10-25 02:00:00+00:00,0.0,0.0,14.9
2020-10-25 03:00:00+00:00,0.0,0.0,14.3
2020-10-25 04:00:00+00:00,0.0,0.0,13.65
2020-10-25 05:00:00+00:00,0.0,0.0,13.25
2020-10-25 06:00:00+00:00,0.0,0.0,12.98
2020-10-25 07:00:00+00:00,0.00361,13.24,12.15
2020-10-25 08:00:00+00:00,0.30815,370.65,11.9
2020-10-25 09:00:00+00:00,0.0428,66.22,12.06
2020-10-25 10:00:00+00:00,0.04738,71.89,12.43
2020-10-25 11:00:00+00:00,0.05988,87.03,12.82
2020-10-25 12:00:00+00:00,0.16337,205.94,13.06
2020-10-25 13:00:00+00:00,0.0598,87.03,13.06
2020-10-25 14:00:00+00:00,0.03493,56.76,13.09
2020-10-25 15:00:00+00:00,0.01742,34.06,13.15
2020-10-25 16:00:00+00:00,0.0,0.0,12.72
2020-10-25 17:00:00+00:00,0.0,0.0,12.02
2020-10-25 18:00:00+00:00,0.0,0.0,11.34
2020-10-25 19:00:00+00:00,0.0,0.0,10.12
2020-10-25 20:00:00+00:00,0.0,0.0,10.11
2020-10-25 21:00:00+00:00,0.0,0.0,10.16
2020-10-25 22:00:00+00:00,0.0,0.0,10.2
2020-10-25 23:00:00+00:00,0.0,0.0,10.26
2020-10-26 00:00:00+00:00,0.0,0.0,9.94
2020-10-26 01:00:00+00:00,0.0,0.0,9.65
2020-10-26 02:00:00+00:00,0.0,0.0,9.44
2020-10-26 03:00:00+00:00,0.0,0.0,9.09
2020-10-26 04:00:00+00:00,0.0,0.0,8.78
2020-10-26 05:00:00+00:00,0.0,0.0,8.56
2020-10-26 06:00:00+00:00,0.0,0.0,8.23
2020-10-26 07:00:00+00:00,0.03735,61.05,8.36
2020-10-26 08:00:00+00:00,0.03882,60.54,8.73
2020-10-26 09:00:00+00:00,0.13121,166.31,9.41
2020-10-26 10:00:00+00:00,0.44391,514.87,10.45
2020-10-26 11:00:00+00:00,0.48212,561.2,11.31
2020-10-26 12:00:00+00:00,0.5850700000000001,683.05,11.67
2020-10-26 13:00:00+00:00,0.17267,214.74,12.18
2020-10-26 14:00:00+00:00,0.21215,259.03,12.18
2020-10-26 15:00:00+00:00,0.12547,164.63,12.11
2020-10-26 16:00:00+00:00,0.0,0.0,11.61
2020-10-26 17:00:00+00:00,0.0,0.0,10.97
2020-10-26 18:00:00+00:00,0.0,0.0,10.67
2020-10-26 19:00:00+00:00,0.0,0.0,9.92
2020-10-26 20:00:00+00:00,0.0,0.0,9.84
2020-10-26 21:00:00+00:00,0.0,0.0,9.61
2020-10-26 22:00:00+00:00,0.0,0.0,9.32
2020-10-26 23:00:00+00:00,0.0,0.0,8.92
2020-10-27 00:00:00+00:00,0.0,0.0,8.85
2020-10-27 01:00:00+00:00,0.0,0.0,8.85
2020-10-27 02:00:00+00:00,0.0,0.0,8.84
2020-10-27 03:00:00+00:00,0.0,0.0,8.62
2020-10-27 04:00:00+00:00,0.0,0.0,8.52
2020-10-27 05:00:00+00:00,0.0,0.0,8.39
2020-10-27 06:00:00+00:00,0.0,0.0,8.28
2020-10-27 07:00:00+00:00,0.04338,69.16,8.32
2020-10-27 08:00:00+00:00,0.23372,281.85,8.86
2020-10-27 09:00:00+00:00,0.19241,234.12,9.71
2020-10-27 10:00:00+00:00,0.08337,113.52,10.51
2020-10-27 11:00:00+00:00,0.05088,75.68,11.11
2020-10-27 12:00:00+00:00,0.25053,300.88,11.47
2020-10-27 13:00:00+00:00,0.11494,149.74,11.54
2020-10-27 14:00:00+00:00,0.0445399999999999,68.11,11.34
2020-10-27 15:00:00+00:00,0.0197399999999999,36.89,11.18
2020-10-27 16:00:00+00:00,0.0,0.0,11.04
2020-10-27 17:00:00+00:00,0.0,0.0,11.04
2020-10-27 18:00:00+00:00,0.0,0.0,11.16
2020-10-27 19:00:00+00:00,0.0,0.0,11.21
2020-10-27 20:00:00+00:00,0.0,0.0,11.31
2020-10-27 21:00:00+00:00,0.0,0.0,11.78
2020-10-27 22:00:00+00:00,0.0,0.0,12.37
2020-10-27 23:00:00+00:00,0.0,0.0,12.45
2020-10-28 00:00:00+00:00,0.0,0.0,11.87
2020-10-28 01:00:00+00:00,0.0,0.0,11.05
2020-10-28 02:00:00+00:00,0.0,0.0,10.68
2020-10-28 03:00:00+00:00,0.0,0.0,10.39
2020-10-28 04:00:00+00:00,0.0,0.0,10.15
2020-10-28 05:00:00+00:00,0.0,0.0,10.3
2020-10-28 06:00:00+00:00,0.0,0.0,10.12
2020-10-28 07:00:00+00:00,0.01213,26.67,9.87
2020-10-28 08:00:00+00:00,0.02417,42.57,10.26
2020-10-28 09:00:00+00:00,0.02336,41.62,11.01
2020-10-28 10:00:00+00:00,0.29452,349.64,11.74
2020-10-28 11:00:00+00:00,0.03283,53.92,12.34
2020-10-28 12:00:00+00:00,0.03357,54.87,12.44
2020-10-28 13:00:00+00:00,0.03131,52.03,12.41
2020-10-28 14:00:00+00:00,0.04202,65.27,12.25
2020-10-28 15:00:00+00:00,0.00764,19.87,12.01
2020-10-28 16:00:00+00:00,0.0,0.0,11.54
2020-10-28 17:00:00+00:00,0.0,0.0,11.19
2020-10-28 18:00:00+00:00,0.0,0.0,10.92
2020-10-28 19:00:00+00:00,0.0,0.0,10.54
2020-10-28 20:00:00+00:00,0.0,0.0,10.52
2020-10-28 21:00:00+00:00,0.0,0.0,10.18
2020-10-28 22:00:00+00:00,0.0,0.0,9.97
2020-10-28 23:00:00+00:00,0.0,0.0,10.03
2020-10-29 00:00:00+00:00,0.0,0.0,9.73
2020-10-29 01:00:00+00:00,0.0,0.0,9.34
2020-10-29 02:00:00+00:00,0.0,0.0,9.39
2020-10-29 03:00:00+00:00,0.0,0.0,9.36
2020-10-29 04:00:00+00:00,0.0,0.0,9.39
2020-10-29 05:00:00+00:00,0.0,0.0,9.56
2020-10-29 06:00:00+00:00,0.0,0.0,9.57
2020-10-29 07:00:00+00:00,0.0042,14.19,10.04
2020-10-29 08:00:00+00:00,0.02196,39.73,10.42
2020-10-29 09:00:00+00:00,0.09231,123.95,11.25
2020-10-29 10:00:00+00:00,0.07467,104.06,11.82
2020-10-29 11:00:00+00:00,0.09355,126.16,12.42
2020-10-29 12:00:00+00:00,0.15369,194.45,12.42
2020-10-29 13:00:00+00:00,0.11289,148.24,12.5
2020-10-29 14:00:00+00:00,0.0466599999999999,70.95,12.09
2020-10-29 15:00:00+00:00,0.00704,18.92,11.7
2020-10-29 16:00:00+00:00,0.0,0.0,11.67
2020-10-29 17:00:00+00:00,0.0,0.0,11.79
2020-10-29 18:00:00+00:00,0.0,0.0,12.13
2020-10-29 19:00:00+00:00,0.0,0.0,12.64
2020-10-29 20:00:00+00:00,0.0,0.0,13.17
2020-10-29 21:00:00+00:00,0.0,0.0,13.52
2020-10-29 22:00:00+00:00,0.0,0.0,13.74
2020-10-29 23:00:00+00:00,0.0,0.0,13.85
2020-10-30 00:00:00+00:00,0.0,0.0,13.86
2020-10-30 01:00:00+00:00,0.0,0.0,13.94
2020-10-30 02:00:00+00:00,0.0,0.0,14.07
2020-10-30 03:00:00+00:00,0.0,0.0,14.2
2020-10-30 04:00:00+00:00,0.0,0.0,14.28
2020-10-30 05:00:00+00:00,0.0,0.0,14.34
2020-10-30 06:00:00+00:00,0.0,0.0,14.34
2020-10-30 07:00:00+00:00,0.00409,14.19,14.42
2020-10-30 08:00:00+00:00,0.0173,34.06,14.58
2020-10-30 09:00:00+00:00,0.05388,80.41,14.79
2020-10-30 10:00:00+00:00,0.1542299999999999,196.39,15.07
2020-10-30 11:00:00+00:00,0.20604,255.14,15.23
2020-10-30 12:00:00+00:00,0.3862799999999999,460.29,15.48
2020-10-30 13:00:00+00:00,0.03008,51.08,15.49
2020-10-30 14:00:00+00:00,0.02,37.84,15.42
2020-10-30 15:00:00+00:00,0.01123,25.54,15.32
2020-10-30 16:00:00+00:00,0.0,0.0,15.19
2020-10-30 17:00:00+00:00,0.0,0.0,15.13
2020-10-30 18:00:00+00:00,0.0,0.0,15.09
2020-10-30 19:00:00+00:00,0.0,0.0,14.68
2020-10-30 20:00:00+00:00,0.0,0.0,14.65
2020-10-30 21:00:00+00:00,0.0,0.0,14.66
2020-10-30 22:00:00+00:00,0.0,0.0,14.67
2020-10-30 23:00:00+00:00,0.0,0.0,14.65
2020-10-31 00:00:00+00:00,0.0,0.0,14.57
2020-10-31 01:00:00+00:00,0.0,0.0,14.53
2020-10-31 02:00:00+00:00,0.0,0.0,14.39
2020-10-31 03:00:00+00:00,0.0,0.0,14.09
2020-10-31 04:00:00+00:00,0.0,0.0,13.85
2020-10-31 05:00:00+00:00,0.0,0.0,13.36
2020-10-31 06:00:00+00:00,0.0,0.0,12.57
2020-10-31 07:00:00+00:00,0.02818,50.63,12.13
2020-10-31 08:00:00+00:00,0.0945199999999999,127.41,12.58
2020-10-31 09:00:00+00:00,0.05493,81.35,13.52
2020-10-31 10:00:00+00:00,0.08134,113.0,14.6
2020-10-31 11:00:00+00:00,0.40279,481.06,15.46
2020-10-31 12:00:00+00:00,0.13016,170.29,16.19
2020-10-31 13:00:00+00:00,0.10415,140.46,16.66
2020-10-31 14:00:00+00:00,0.17239,218.68,16.79
2020-10-31 15:00:00+00:00,0.01442,30.27,16.48
2020-10-31 16:00:00+00:00,0.0,0.0,15.42
2020-10-31 17:00:00+00:00,0.0,0.0,14.28
2020-10-31 18:00:00+00:00,0.0,0.0,14.23
2020-10-31 19:00:00+00:00,0.0,0.0,14.8
2020-10-31 20:00:00+00:00,0.0,0.0,14.56
2020-10-31 21:00:00+00:00,0.0,0.0,13.49
2020-10-31 22:00:00+00:00,0.0,0.0,12.46
2020-10-31 23:00:00+00:00,0.0,0.0,11.63
2020-11-01 00:00:00+00:00,0.0,0.0,11.46
2020-11-01 01:00:00+00:00,0.0,0.0,11.54
2020-11-01 02:00:00+00:00,0.0,0.0,11.36
2020-11-01 03:00:00+00:00,0.0,0.0,11.16
2020-11-01 04:00:00+00:00,0.0,0.0,11.0
2020-11-01 05:00:00+00:00,0.0,0.0,10.93
2020-11-01 06:00:00+00:00,0.0,0.0,10.71
2020-11-01 07:00:00+00:00,0.03404,58.97,11.25
2020-11-01 08:00:00+00:00,0.13055,168.15,11.85
2020-11-01 09:00:00+00:00,0.06454,92.37,12.62
2020-11-01 10:00:00+00:00,0.05338,79.46,13.68
2020-11-01 11:00:00+00:00,0.12866,167.42,14.85
2020-11-01 12:00:00+00:00,0.07498,105.95,15.76
2020-11-01 13:00:00+00:00,0.13273,172.8,16.54
2020-11-01 14:00:00+00:00,0.06167,90.34,16.86
2020-11-01 15:00:00+00:00,0.16399,214.83,16.6
2020-11-01 16:00:00+00:00,0.0,0.0,16.22
2020-11-01 17:00:00+00:00,0.0,0.0,15.84
2020-11-01 18:00:00+00:00,0.0,0.0,15.66
2020-11-01 19:00:00+00:00,0.0,0.0,16.95
2020-11-01 20:00:00+00:00,0.0,0.0,17.09
2020-11-01 21:00:00+00:00,0.0,0.0,17.18
2020-11-01 22:00:00+00:00,0.0,0.0,17.18
2020-11-01 23:00:00+00:00,0.0,0.0,17.11
2020-11-02 00:00:00+00:00,0.0,0.0,17.22
2020-11-02 01:00:00+00:00,0.0,0.0,17.29
2020-11-02 02:00:00+00:00,0.0,0.0,17.31
2020-11-02 03:00:00+00:00,0.0,0.0,17.2
2020-11-02 04:00:00+00:00,0.0,0.0,17.05
2020-11-02 05:00:00+00:00,0.0,0.0,16.9
2020-11-02 06:00:00+00:00,0.0,0.0,16.74
2020-11-02 07:00:00+00:00,0.00154,9.46,17.71
2020-11-02 08:00:00+00:00,0.05988,88.59,17.72
2020-11-02 09:00:00+00:00,0.01769,35.0,17.78
2020-11-02 10:00:00+00:00,0.05155,78.52,17.91
2020-11-02 11:00:00+00:00,0.02466,44.46,17.94
2020-11-02 12:00:00+00:00,0.03046,52.03,17.86
2020-11-02 13:00:00+00:00,0.04478,70.0,17.39
2020-11-02 14:00:00+00:00,0.081,112.97,16.46
2020-11-02 15:00:00+00:00,0.1039,142.06,15.11
2020-11-02 16:00:00+00:00,0.0,0.0,14.14
2020-11-02 17:00:00+00:00,0.0,0.0,13.45
2020-11-02 18:00:00+00:00,0.0,0.0,12.89
2020-11-02 19:00:00+00:00,0.0,0.0,12.74
2020-11-02 20:00:00+00:00,0.0,0.0,12.54
2020-11-02 21:00:00+00:00,0.0,0.0,12.3
2020-11-02 22:00:00+00:00,0.0,0.0,11.87
2020-11-02 23:00:00+00:00,0.0,0.0,11.52
2020-11-03 00:00:00+00:00,0.0,0.0,11.16
2020-11-03 01:00:00+00:00,0.0,0.0,10.88
2020-11-03 02:00:00+00:00,0.0,0.0,10.46
2020-11-03 03:00:00+00:00,0.0,0.0,9.99
2020-11-03 04:00:00+00:00,0.0,0.0,9.6
2020-11-03 05:00:00+00:00,0.0,0.0,9.02
2020-11-03 06:00:00+00:00,0.0,0.0,8.3
2020-11-03 07:00:00+00:00,0.03577,61.22,8.2
2020-11-03 08:00:00+00:00,0.23065,279.24,8.36
2020-11-03 09:00:00+00:00,0.4271999999999999,498.92,9.4
2020-11-03 10:00:00+00:00,0.54069,630.23,10.69
2020-11-03 11:00:00+00:00,0.31817,375.82,11.67
2020-11-03 12:00:00+00:00,0.33335,391.53,11.95
2020-11-03 13:00:00+00:00,0.1049399999999999,138.18,11.75
2020-11-03 14:00:00+00:00,0.03309,53.92,10.88
2020-11-03 15:00:00+00:00,0.0268799999999999,46.21,10.21
2020-11-03 16:00:00+00:00,0.0,0.0,9.9
2020-11-03 17:00:00+00:00,0.0,0.0,9.39
2020-11-03 18:00:00+00:00,0.0,0.0,8.9
2020-11-03 19:00:00+00:00,0.0,0.0,9.14
2020-11-03 20:00:00+00:00,0.0,0.0,9.1
2020-11-03 21:00:00+00:00,0.0,0.0,9.07
2020-11-03 22:00:00+00:00,0.0,0.0,9.05
2020-11-03 23:00:00+00:00,0.0,0.0,8.65
2020-11-04 00:00:00+00:00,0.0,0.0,8.52
2020-11-04 01:00:00+00:00,0.0,0.0,8.43
2020-11-04 02:00:00+00:00,0.0,0.0,8.07
2020-11-04 03:00:00+00:00,0.0,0.0,7.8
2020-11-04 04:00:00+00:00,0.0,0.0,7.38
2020-11-04 05:00:00+00:00,0.0,0.0,7.23
2020-11-04 06:00:00+00:00,0.0,0.0,7.12
2020-11-04 07:00:00+00:00,0.01497,31.85,7.0
2020-11-04 08:00:00+00:00,0.27591,332.39,7.71
2020-11-04 09:00:00+00:00,0.37535,446.5,9.41
2020-11-04 10:00:00+00:00,0.51735,617.87,10.59
2020-11-04 11:00:00+00:00,0.6465,780.47,11.25
2020-11-04 12:00:00+00:00,0.59502,715.78,11.49
2020-11-04 13:00:00+00:00,0.50424,602.4,11.46
2020-11-04 14:00:00+00:00,0.35767,427.98,11.36
2020-11-04 15:00:00+00:00,0.09376,128.37,10.79
2020-11-04 16:00:00+00:00,0.0,0.0,9.74
2020-11-04 17:00:00+00:00,0.0,0.0,8.86
2020-11-04 18:00:00+00:00,0.0,0.0,8.2
2020-11-04 19:00:00+00:00,0.0,0.0,7.3
2020-11-04 20:00:00+00:00,0.0,0.0,6.36
2020-11-04 21:00:00+00:00,0.0,0.0,5.73
2020-11-04 22:00:00+00:00,0.0,0.0,5.28
2020-11-04 23:00:00+00:00,0.0,0.0,5.26
2020-11-05 00:00:00+00:00,0.0,0.0,5.32
2020-11-05 01:00:00+00:00,0.0,0.0,5.44
2020-11-05 02:00:00+00:00,0.0,0.0,4.95
2020-11-05 03:00:00+00:00,0.0,0.0,4.78
2020-11-05 04:00:00+00:00,0.0,0.0,4.63
2020-11-05 05:00:00+00:00,0.0,0.0,4.55
2020-11-05 06:00:00+00:00,0.0,0.0,4.74
2020-11-05 07:00:00+00:00,0.00172,9.46,4.47
2020-11-05 08:00:00+00:00,0.22633,273.66,5.69
2020-11-05 09:00:00+00:00,0.25726,307.43,7.47
2020-11-05 10:00:00+00:00,0.54598,653.58,8.98
2020-11-05 11:00:00+00:00,0.32693,390.73,10.25
2020-11-05 12:00:00+00:00,0.3376499999999999,403.02,10.54
2020-11-05 13:00:00+00:00,0.37024,441.4,10.67
2020-11-05 14:00:00+00:00,0.07961,109.32,10.69
2020-11-05 15:00:00+00:00,0.03169,52.77,10.71
2020-11-05 16:00:00+00:00,0.0,0.0,9.63
2020-11-05 17:00:00+00:00,0.0,0.0,8.45
2020-11-05 18:00:00+00:00,0.0,0.0,7.17
2020-11-05 19:00:00+00:00,0.0,0.0,8.28
2020-11-05 20:00:00+00:00,0.0,0.0,6.92
2020-11-05 21:00:00+00:00,0.0,0.0,6.51
2020-11-05 22:00:00+00:00,0.0,0.0,6.52
2020-11-05 23:00:00+00:00,0.0,0.0,6.41
2020-11-06 00:00:00+00:00,0.0,0.0,5.9
2020-11-06 01:00:00+00:00,0.0,0.0,5.62
2020-11-06 02:00:00+00:00,0.0,0.0,5.23
2020-11-06 03:00:00+00:00,0.0,0.0,4.67
2020-11-06 04:00:00+00:00,0.0,0.0,3.77
2020-11-06 05:00:00+00:00,0.0,0.0,3.89
2020-11-06 06:00:00+00:00,0.0,0.0,4.25
2020-11-06 07:00:00+00:00,0.00519,16.31,4.17
2020-11-06 08:00:00+00:00,0.20702,250.53,5.05
2020-11-06 09:00:00+00:00,0.37088,434.01,6.94
2020-11-06 10:00:00+00:00,0.52286,615.05,8.82
2020-11-06 11:00:00+00:00,0.6010700000000001,712.78,10.03
2020-11-06 12:00:00+00:00,0.5686,674.15,10.89
2020-11-06 13:00:00+00:00,0.49205,582.1,11.31
2020-11-06 14:00:00+00:00,0.34616,413.34,11.32
2020-11-06 15:00:00+00:00,0.08331,116.11,10.7
2020-11-06 16:00:00+00:00,0.0,0.0,9.69
2020-11-06 17:00:00+00:00,0.0,0.0,8.81
2020-11-06 18:00:00+00:00,0.0,0.0,8.13
2020-11-06 19:00:00+00:00,0.0,0.0,7.35
2020-11-06 20:00:00+00:00,0.0,0.0,6.98
2020-11-06 21:00:00+00:00,0.0,0.0,6.49
2020-11-06 22:00:00+00:00,0.0,0.0,5.98
2020-11-06 23:00:00+00:00,0.0,0.0,5.5
2020-11-07 00:00:00+00:00,0.0,0.0,5.14
2020-11-07 01:00:00+00:00,0.0,0.0,4.92
2020-11-07 02:00:00+00:00,0.0,0.0,4.83
2020-11-07 03:00:00+00:00,0.0,0.0,4.85
2020-11-07 04:00:00+00:00,0.0,0.0,4.94
2020-11-07 05:00:00+00:00,0.0,0.0,5.06
2020-11-07 06:00:00+00:00,0.0,0.0,5.18
2020-11-07 07:00:00+00:00,0.0,0.0,4.81
2020-11-07 08:00:00+00:00,0.22876,276.16,5.75
2020-11-07 09:00:00+00:00,0.40149,473.47,7.89
2020-11-07 10:00:00+00:00,0.4958999999999999,591.88,10.12
2020-11-07 11:00:00+00:00,0.6073999999999999,737.54,11.81
2020-11-07 12:00:00+00:00,0.55759,677.24,13.13
2020-11-07 13:00:00+00:00,0.4718299999999999,572.16,14.05
2020-11-07 14:00:00+00:00,0.3285099999999999,402.17,14.5
2020-11-07 15:00:00+00:00,0.06802,99.36,14.03
2020-11-07 16:00:00+00:00,0.0,0.0,12.52
2020-11-07 17:00:00+00:00,0.0,0.0,11.35
2020-11-07 18:00:00+00:00,0.0,0.0,10.63
2020-11-07 19:00:00+00:00,0.0,0.0,8.83
2020-11-07 20:00:00+00:00,0.0,0.0,8.2
2020-11-07 21:00:00+00:00,0.0,0.0,7.74
2020-11-07 22:00:00+00:00,0.0,0.0,7.38
2020-11-07 23:00:00+00:00,0.0,0.0,7.09
2020-11-08 00:00:00+00:00,0.0,0.0,6.74
2020-11-08 01:00:00+00:00,0.0,0.0,6.4
2020-11-08 02:00:00+00:00,0.0,0.0,6.16
2020-11-08 03:00:00+00:00,0.0,0.0,6.02
2020-11-08 04:00:00+00:00,0.0,0.0,5.91
2020-11-08 05:00:00+00:00,0.0,0.0,5.97
2020-11-08 06:00:00+00:00,0.0,0.0,6.11
2020-11-08 07:00:00+00:00,0.0,0.0,5.71
2020-11-08 08:00:00+00:00,0.18489,227.46,6.72
2020-11-08 09:00:00+00:00,0.33824,400.57,8.78
2020-11-08 10:00:00+00:00,0.4991,595.47,11.34
2020-11-08 11:00:00+00:00,0.21261,262.51,13.4
2020-11-08 12:00:00+00:00,0.05525,82.3,14.85
2020-11-08 13:00:00+00:00,0.05659,84.19,15.6
2020-11-08 14:00:00+00:00,0.03217,53.92,15.77
2020-11-08 15:00:00+00:00,0.04982,77.12,15.19
2020-11-08 16:00:00+00:00,0.0,0.0,13.99
2020-11-08 17:00:00+00:00,0.0,0.0,13.07
2020-11-08 18:00:00+00:00,0.0,0.0,12.46
2020-11-08 19:00:00+00:00,0.0,0.0,11.96
2020-11-08 20:00:00+00:00,0.0,0.0,11.5
2020-11-08 21:00:00+00:00,0.0,0.0,11.11
2020-11-08 22:00:00+00:00,0.0,0.0,10.86
2020-11-08 23:00:00+00:00,0.0,0.0,10.67
2020-11-09 00:00:00+00:00,0.0,0.0,10.34
2020-11-09 01:00:00+00:00,0.0,0.0,9.92
2020-11-09 02:00:00+00:00,0.0,0.0,9.44
2020-11-09 03:00:00+00:00,0.0,0.0,8.98
2020-11-09 04:00:00+00:00,0.0,0.0,8.67
2020-11-09 05:00:00+00:00,0.0,0.0,8.4
2020-11-09 06:00:00+00:00,0.0,0.0,8.16
2020-11-09 07:00:00+00:00,0.0,0.0,8.69
2020-11-09 08:00:00+00:00,0.2455399999999999,300.19,9.2
2020-11-09 09:00:00+00:00,0.31395,375.94,10.74
2020-11-09 10:00:00+00:00,0.42299,506.4,12.4
2020-11-09 11:00:00+00:00,0.56441,683.54,13.63
2020-11-09 12:00:00+00:00,0.53715,652.58,14.54
2020-11-09 13:00:00+00:00,0.4521,549.07,15.05
2020-11-09 14:00:00+00:00,0.10359,139.41,15.24
2020-11-09 15:00:00+00:00,0.03251,54.94,14.75
2020-11-09 16:00:00+00:00,0.0,0.0,13.45
2020-11-09 17:00:00+00:00,0.0,0.0,12.19
2020-11-09 18:00:00+00:00,0.0,0.0,11.51
2020-11-09 19:00:00+00:00,0.0,0.0,11.55
2020-11-09 20:00:00+00:00,0.0,0.0,11.25
2020-11-09 21:00:00+00:00,0.0,0.0,10.83
2020-11-09 22:00:00+00:00,0.0,0.0,10.38
2020-11-09 23:00:00+00:00,0.0,0.0,9.94
2020-11-10 00:00:00+00:00,0.0,0.0,9.58
2020-11-10 01:00:00+00:00,0.0,0.0,9.17
2020-11-10 02:00:00+00:00,0.0,0.0,8.94
2020-11-10 03:00:00+00:00,0.0,0.0,8.6
2020-11-10 04:00:00+00:00,0.0,0.0,8.23
2020-11-10 05:00:00+00:00,0.0,0.0,8.01
2020-11-10 06:00:00+00:00,0.0,0.0,7.76
2020-11-10 07:00:00+00:00,0.0,0.0,8.13
2020-11-10 08:00:00+00:00,0.06545,92.6,8.76
2020-11-10 09:00:00+00:00,0.05734,83.22,10.06
2020-11-10 10:00:00+00:00,0.42198,505.72,11.79
2020-11-10 11:00:00+00:00,0.41601,500.26,12.95
2020-11-10 12:00:00+00:00,0.27825,338.34,13.69
2020-11-10 13:00:00+00:00,0.25415,311.06,14.02
2020-11-10 14:00:00+00:00,0.07361,103.72,13.97
2020-11-10 15:00:00+00:00,0.0194899999999999,37.3,13.6
2020-11-10 16:00:00+00:00,0.0,0.0,13.2
2020-11-10 17:00:00+00:00,0.0,0.0,12.75
2020-11-10 18:00:00+00:00,0.0,0.0,12.36
2020-11-10 19:00:00+00:00,0.0,0.0,12.31
2020-11-10 20:00:00+00:00,0.0,0.0,12.14
2020-11-10 21:00:00+00:00,0.0,0.0,11.89
2020-11-10 22:00:00+00:00,0.0,0.0,11.63
2020-11-10 23:00:00+00:00,0.0,0.0,11.34
2020-11-11 00:00:00+00:00,0.0,0.0,11.02
2020-11-11 01:00:00+00:00,0.0,0.0,10.88
2020-11-11 02:00:00+00:00,0.0,0.0,10.56
2020-11-11 03:00:00+00:00,0.0,0.0,10.4
2020-11-11 04:00:00+00:00,0.0,0.0,10.2
2020-11-11 05:00:00+00:00,0.0,0.0,10.23
2020-11-11 06:00:00+00:00,0.0,0.0,10.09
2020-11-11 07:00:00+00:00,0.0,0.0,10.11
2020-11-11 08:00:00+00:00,0.05701,83.03,10.2
2020-11-11 09:00:00+00:00,0.07152,99.66,10.28
2020-11-11 10:00:00+00:00,0.11001,143.59,10.36
2020-11-11 11:00:00+00:00,0.11405,148.75,11.09
2020-11-11 12:00:00+00:00,0.02693,46.35,11.57
2020-11-11 13:00:00+00:00,0.14294,181.38,11.93
2020-11-11 14:00:00+00:00,0.16275,204.43,12.24
2020-11-11 15:00:00+00:00,0.01916,36.65,12.2
2020-11-11 16:00:00+00:00,0.0,0.0,11.88
2020-11-11 17:00:00+00:00,0.0,0.0,11.95
2020-11-11 18:00:00+00:00,0.0,0.0,11.97
2020-11-11 19:00:00+00:00,0.0,0.0,12.18
2020-11-11 20:00:00+00:00,0.0,0.0,12.07
2020-11-11 21:00:00+00:00,0.0,0.0,12.0
2020-11-11 22:00:00+00:00,0.0,0.0,11.87
2020-11-11 23:00:00+00:00,0.0,0.0,12.03
2020-11-12 00:00:00+00:00,0.0,0.0,12.28
2020-11-12 01:00:00+00:00,0.0,0.0,12.52
2020-11-12 02:00:00+00:00,0.0,0.0,12.65
2020-11-12 03:00:00+00:00,0.0,0.0,12.76
2020-11-12 04:00:00+00:00,0.0,0.0,12.6
2020-11-12 05:00:00+00:00,0.0,0.0,11.96
2020-11-12 06:00:00+00:00,0.0,0.0,11.62
2020-11-12 07:00:00+00:00,0.0,0.0,11.3
2020-11-12 08:00:00+00:00,0.06412,91.69,11.21
2020-11-12 09:00:00+00:00,0.00646,17.97,11.4
2020-11-12 10:00:00+00:00,0.01082,24.6,11.55
2020-11-12 11:00:00+00:00,0.01277,27.43,11.96
2020-11-12 12:00:00+00:00,0.04595,70.0,12.06
2020-11-12 13:00:00+00:00,0.33223,392.46,11.96
2020-11-12 14:00:00+00:00,0.03215,52.97,11.76
2020-11-12 15:00:00+00:00,0.06341,93.13,11.41
2020-11-12 16:00:00+00:00,0.0,0.0,10.83
2020-11-12 17:00:00+00:00,0.0,0.0,10.5
2020-11-12 18:00:00+00:00,0.0,0.0,9.98
2020-11-12 19:00:00+00:00,0.0,0.0,9.82
2020-11-12 20:00:00+00:00,0.0,0.0,9.55
2020-11-12 21:00:00+00:00,0.0,0.0,9.17
2020-11-12 22:00:00+00:00,0.0,0.0,8.87
2020-11-12 23:00:00+00:00,0.0,0.0,8.58
2020-11-13 00:00:00+00:00,0.0,0.0,8.53
2020-11-13 01:00:00+00:00,0.0,0.0,8.3
2020-11-13 02:00:00+00:00,0.0,0.0,7.75
2020-11-13 03:00:00+00:00,0.0,0.0,7.36
2020-11-13 04:00:00+00:00,0.0,0.0,7.18
2020-11-13 05:00:00+00:00,0.0,0.0,7.24
2020-11-13 06:00:00+00:00,0.0,0.0,7.46
2020-11-13 07:00:00+00:00,0.0,0.0,7.27
2020-11-13 08:00:00+00:00,0.04815,71.83,8.33
2020-11-13 09:00:00+00:00,0.03324,53.92,9.64
2020-11-13 10:00:00+00:00,0.0101999999999999,23.65,11.03
2020-11-13 11:00:00+00:00,0.02983,50.14,12.14
2020-11-13 12:00:00+00:00,0.06466,92.71,12.88
2020-11-13 13:00:00+00:00,0.1777,221.57,13.61
2020-11-13 14:00:00+00:00,0.04884,74.04,14.04
2020-11-13 15:00:00+00:00,0.01805,35.4,13.8
2020-11-13 16:00:00+00:00,0.0,0.0,13.42
2020-11-13 17:00:00+00:00,0.0,0.0,13.1
2020-11-13 18:00:00+00:00,0.0,0.0,12.78
2020-11-13 19:00:00+00:00,0.0,0.0,11.85
2020-11-13 20:00:00+00:00,0.0,0.0,11.38
2020-11-13 21:00:00+00:00,0.0,0.0,11.1
2020-11-13 22:00:00+00:00,0.0,0.0,10.91
2020-11-13 23:00:00+00:00,0.0,0.0,10.63
2020-11-14 00:00:00+00:00,0.0,0.0,10.5
2020-11-14 01:00:00+00:00,0.0,0.0,10.21
2020-11-14 02:00:00+00:00,0.0,0.0,10.03
2020-11-14 03:00:00+00:00,0.0,0.0,9.73
2020-11-14 04:00:00+00:00,0.0,0.0,9.46
2020-11-14 05:00:00+00:00,0.0,0.0,9.74
2020-11-14 06:00:00+00:00,0.0,0.0,10.18
2020-11-14 07:00:00+00:00,0.0,0.0,10.13
2020-11-14 08:00:00+00:00,0.02796,47.6,10.84
2020-11-14 09:00:00+00:00,0.0351,56.76,12.02
2020-11-14 10:00:00+00:00,0.05747,84.19,13.0
2020-11-14 11:00:00+00:00,0.11251,148.2,13.75
2020-11-14 12:00:00+00:00,0.17967,223.9,14.05
2020-11-14 13:00:00+00:00,0.4497799999999999,533.91,14.27
2020-11-14 14:00:00+00:00,0.06213,90.05,14.4
2020-11-14 15:00:00+00:00,0.02948,51.15,14.12
2020-11-14 16:00:00+00:00,0.0,0.0,13.56
2020-11-14 17:00:00+00:00,0.0,0.0,13.3
2020-11-14 18:00:00+00:00,0.0,0.0,13.47
2020-11-14 19:00:00+00:00,0.0,0.0,12.79
2020-11-14 20:00:00+00:00,0.0,0.0,13.03
2020-11-14 21:00:00+00:00,0.0,0.0,13.14
2020-11-14 22:00:00+00:00,0.0,0.0,13.02
2020-11-14 23:00:00+00:00,0.0,0.0,12.95
2020-11-15 00:00:00+00:00,0.0,0.0,12.98
2020-11-15 01:00:00+00:00,0.0,0.0,12.95
2020-11-15 02:00:00+00:00,0.0,0.0,13.07
2020-11-15 03:00:00+00:00,0.0,0.0,12.88
2020-11-15 04:00:00+00:00,0.0,0.0,12.61
2020-11-15 05:00:00+00:00,0.0,0.0,12.53
2020-11-15 06:00:00+00:00,0.0,0.0,12.51
2020-11-15 07:00:00+00:00,0.0,0.0,13.53
2020-11-15 08:00:00+00:00,0.09733,132.02,14.08
2020-11-15 09:00:00+00:00,0.1009,134.84,14.69
2020-11-15 10:00:00+00:00,0.04296,67.16,15.22
2020-11-15 11:00:00+00:00,0.02647,46.35,15.17
2020-11-15 12:00:00+00:00,0.06193,89.87,14.36
2020-11-15 13:00:00+00:00,0.0243999999999999,43.52,14.36
2020-11-15 14:00:00+00:00,0.01131,25.54,14.15
2020-11-15 15:00:00+00:00,0.00035,6.62,13.7
2020-11-15 16:00:00+00:00,0.0,0.0,11.9
2020-11-15 17:00:00+00:00,0.0,0.0,10.0
2020-11-15 18:00:00+00:00,0.0,0.0,9.82
2020-11-15 19:00:00+00:00,0.0,0.0,10.09
2020-11-15 20:00:00+00:00,0.0,0.0,9.96
2020-11-15 21:00:00+00:00,0.0,0.0,9.98
2020-11-15 22:00:00+00:00,0.0,0.0,10.02
2020-11-15 23:00:00+00:00,0.0,0.0,9.86
2020-11-16 00:00:00+00:00,0.0,0.0,9.91
2020-11-16 01:00:00+00:00,0.0,0.0,10.0
2020-11-16 02:00:00+00:00,0.0,0.0,10.09
2020-11-16 03:00:00+00:00,0.0,0.0,10.27
2020-11-16 04:00:00+00:00,0.0,0.0,10.24
2020-11-16 05:00:00+00:00,0.0,0.0,10.25
2020-11-16 06:00:00+00:00,0.0,0.0,10.24
2020-11-16 07:00:00+00:00,0.0,0.0,10.54
2020-11-16 08:00:00+00:00,0.0083,20.81,11.05
2020-11-16 09:00:00+00:00,0.04786,72.13,11.54
2020-11-16 10:00:00+00:00,0.06664,94.52,11.9
2020-11-16 11:00:00+00:00,0.11323,147.73,11.88
2020-11-16 12:00:00+00:00,0.0121,26.49,12.05
2020-11-16 13:00:00+00:00,0.0475,71.89,12.04
2020-11-16 14:00:00+00:00,0.00528,16.08,11.78
2020-11-16 15:00:00+00:00,0.0021,10.41,11.37
2020-11-16 16:00:00+00:00,0.0,0.0,10.93
2020-11-16 17:00:00+00:00,0.0,0.0,10.93
2020-11-16 18:00:00+00:00,0.0,0.0,10.94
2020-11-16 19:00:00+00:00,0.0,0.0,10.38
2020-11-16 20:00:00+00:00,0.0,0.0,10.51
2020-11-16 21:00:00+00:00,0.0,0.0,10.67
2020-11-16 22:00:00+00:00,0.0,0.0,11.0
2020-11-16 23:00:00+00:00,0.0,0.0,11.21
2020-11-17 00:00:00+00:00,0.0,0.0,11.42
2020-11-17 01:00:00+00:00,0.0,0.0,11.67
2020-11-17 02:00:00+00:00,0.0,0.0,11.97
2020-11-17 03:00:00+00:00,0.0,0.0,12.31
2020-11-17 04:00:00+00:00,0.0,0.0,12.56
2020-11-17 05:00:00+00:00,0.0,0.0,12.58
2020-11-17 06:00:00+00:00,0.0,0.0,12.47
2020-11-17 07:00:00+00:00,0.0,0.0,12.51
2020-11-17 08:00:00+00:00,0.02936,49.75,12.57
2020-11-17 09:00:00+00:00,0.04372,67.42,12.7
2020-11-17 10:00:00+00:00,0.06389,91.7,12.97
2020-11-17 11:00:00+00:00,0.06227,89.87,12.98
2020-11-17 12:00:00+00:00,0.03271,53.92,12.98
2020-11-17 13:00:00+00:00,0.03645,58.65,13.22
2020-11-17 14:00:00+00:00,0.11562,151.24,13.21
2020-11-17 15:00:00+00:00,0.01565,32.13,13.21
2020-11-17 16:00:00+00:00,0.0,0.0,12.81
2020-11-17 17:00:00+00:00,0.0,0.0,12.6
2020-11-17 18:00:00+00:00,0.0,0.0,12.34
2020-11-17 19:00:00+00:00,0.0,0.0,12.22
2020-11-17 20:00:00+00:00,0.0,0.0,12.11
2020-11-17 21:00:00+00:00,0.0,0.0,12.01
2020-11-17 22:00:00+00:00,0.0,0.0,11.9
2020-11-17 23:00:00+00:00,0.0,0.0,11.54
2020-11-18 00:00:00+00:00,0.0,0.0,11.4
2020-11-18 01:00:00+00:00,0.0,0.0,11.02
2020-11-18 02:00:00+00:00,0.0,0.0,10.84
2020-11-18 03:00:00+00:00,0.0,0.0,10.42
2020-11-18 04:00:00+00:00,0.0,0.0,10.11
2020-11-18 05:00:00+00:00,0.0,0.0,9.82
2020-11-18 06:00:00+00:00,0.0,0.0,9.85
2020-11-18 07:00:00+00:00,0.0,0.0,9.95
2020-11-18 08:00:00+00:00,0.14462,184.7,9.88
2020-11-18 09:00:00+00:00,0.36465,430.0,10.64
2020-11-18 10:00:00+00:00,0.47748,560.56,11.62
2020-11-18 11:00:00+00:00,0.5270499999999999,621.2,12.72
2020-11-18 12:00:00+00:00,0.5124299999999999,606.18,13.6
2020-11-18 13:00:00+00:00,0.43263,514.86,14.18
2020-11-18 14:00:00+00:00,0.28238,342.87,14.32
2020-11-18 15:00:00+00:00,0.0339099999999999,57.28,13.96
2020-11-18 16:00:00+00:00,0.0,0.0,13.4
2020-11-18 17:00:00+00:00,0.0,0.0,13.15
2020-11-18 18:00:00+00:00,0.0,0.0,13.19
2020-11-18 19:00:00+00:00,0.0,0.0,13.64
2020-11-18 20:00:00+00:00,0.0,0.0,14.39
2020-11-18 21:00:00+00:00,0.0,0.0,14.74
2020-11-18 22:00:00+00:00,0.0,0.0,14.64
2020-11-18 23:00:00+00:00,0.0,0.0,13.77
2020-11-19 00:00:00+00:00,0.0,0.0,12.44
2020-11-19 01:00:00+00:00,0.0,0.0,11.53
2020-11-19 02:00:00+00:00,0.0,0.0,10.93
2020-11-19 03:00:00+00:00,0.0,0.0,10.19
2020-11-19 04:00:00+00:00,0.0,0.0,9.73
2020-11-19 05:00:00+00:00,0.0,0.0,9.85
2020-11-19 06:00:00+00:00,0.0,0.0,9.77
2020-11-19 07:00:00+00:00,0.0,0.0,9.73
2020-11-19 08:00:00+00:00,0.02612,45.09,9.77
2020-11-19 09:00:00+00:00,0.0156199999999999,31.22,10.12
2020-11-19 10:00:00+00:00,0.0206,37.84,9.78
2020-11-19 11:00:00+00:00,0.0242,42.57,10.07
2020-11-19 12:00:00+00:00,0.11248,145.83,9.88
2020-11-19 13:00:00+00:00,0.39438,462.31,10.03
2020-11-19 14:00:00+00:00,0.05942,85.08,9.41
2020-11-19 15:00:00+00:00,0.00264,11.35,8.84
2020-11-19 16:00:00+00:00,0.0,0.0,8.32
2020-11-19 17:00:00+00:00,0.0,0.0,7.86
2020-11-19 18:00:00+00:00,0.0,0.0,7.52
2020-11-19 19:00:00+00:00,0.0,0.0,7.29
2020-11-19 20:00:00+00:00,0.0,0.0,6.94
2020-11-19 21:00:00+00:00,0.0,0.0,6.77
2020-11-19 22:00:00+00:00,0.0,0.0,6.68
2020-11-19 23:00:00+00:00,0.0,0.0,6.61
2020-11-20 00:00:00+00:00,0.0,0.0,6.44
2020-11-20 01:00:00+00:00,0.0,0.0,6.79
2020-11-20 02:00:00+00:00,0.0,0.0,6.73
2020-11-20 03:00:00+00:00,0.0,0.0,6.62
2020-11-20 04:00:00+00:00,0.0,0.0,6.53
2020-11-20 05:00:00+00:00,0.0,0.0,6.44
2020-11-20 06:00:00+00:00,0.0,0.0,6.11
2020-11-20 07:00:00+00:00,0.0,0.0,5.82
2020-11-20 08:00:00+00:00,0.0105,23.65,5.76
2020-11-20 09:00:00+00:00,0.06182,87.07,6.63
2020-11-20 10:00:00+00:00,0.07042,97.56,7.71
2020-11-20 11:00:00+00:00,0.04903,72.84,8.39
2020-11-20 12:00:00+00:00,0.01573,31.22,8.57
2020-11-20 13:00:00+00:00,0.01998,36.89,8.57
2020-11-20 14:00:00+00:00,0.05031,74.19,8.36
2020-11-20 15:00:00+00:00,0.04049,64.58,8.0
2020-11-20 16:00:00+00:00,0.0,0.0,7.28
2020-11-20 17:00:00+00:00,0.0,0.0,6.81
2020-11-20 18:00:00+00:00,0.0,0.0,6.05
2020-11-20 19:00:00+00:00,0.0,0.0,5.55
2020-11-20 20:00:00+00:00,0.0,0.0,5.28
2020-11-20 21:00:00+00:00,0.0,0.0,5.19
2020-11-20 22:00:00+00:00,0.0,0.0,5.55
2020-11-20 23:00:00+00:00,0.0,0.0,6.04
2020-11-21 00:00:00+00:00,0.0,0.0,6.44
2020-11-21 01:00:00+00:00,0.0,0.0,6.85
2020-11-21 02:00:00+00:00,0.0,0.0,7.24
2020-11-21 03:00:00+00:00,0.0,0.0,7.64
2020-11-21 04:00:00+00:00,0.0,0.0,8.05
2020-11-21 05:00:00+00:00,0.0,0.0,8.43
2020-11-21 06:00:00+00:00,0.0,0.0,8.79
2020-11-21 07:00:00+00:00,0.0,0.0,9.73
2020-11-21 08:00:00+00:00,0.01696,33.12,10.23
2020-11-21 09:00:00+00:00,0.02633,45.41,10.73
2020-11-21 10:00:00+00:00,0.027,46.35,11.21
2020-11-21 11:00:00+00:00,0.03221,52.97,11.4
2020-11-21 12:00:00+00:00,0.03445,55.81,11.59
2020-11-21 13:00:00+00:00,0.03214,52.97,11.78
2020-11-21 14:00:00+00:00,0.01277,27.43,11.9
2020-11-21 15:00:00+00:00,1e-05,5.68,11.88
2020-11-21 16:00:00+00:00,0.0,0.0,11.58
2020-11-21 17:00:00+00:00,0.0,0.0,11.27
2020-11-21 18:00:00+00:00,0.0,0.0,11.18
2020-11-21 19:00:00+00:00,0.0,0.0,11.0
2020-11-21 20:00:00+00:00,0.0,0.0,11.03
2020-11-21 21:00:00+00:00,0.0,0.0,10.94
2020-11-21 22:00:00+00:00,0.0,0.0,10.93
2020-11-21 23:00:00+00:00,0.0,0.0,11.11
2020-11-22 00:00:00+00:00,0.0,0.0,11.27
2020-11-22 01:00:00+00:00,0.0,0.0,11.45
2020-11-22 02:00:00+00:00,0.0,0.0,11.55
2020-11-22 03:00:00+00:00,0.0,0.0,11.67
2020-11-22 04:00:00+00:00,0.0,0.0,11.72
2020-11-22 05:00:00+00:00,0.0,0.0,11.76
2020-11-22 06:00:00+00:00,0.0,0.0,11.65
2020-11-22 07:00:00+00:00,0.0,0.0,11.39
2020-11-22 08:00:00+00:00,0.02744,47.17,11.14
2020-11-22 09:00:00+00:00,0.0576599999999999,83.64,11.07
2020-11-22 10:00:00+00:00,0.12222,157.59,11.03
2020-11-22 11:00:00+00:00,0.27096,324.61,11.18
2020-11-22 12:00:00+00:00,0.22925,277.21,11.11
2020-11-22 13:00:00+00:00,0.17851,220.18,10.82
2020-11-22 14:00:00+00:00,0.13097,167.53,10.52
2020-11-22 15:00:00+00:00,0.0,4.73,9.94
2020-11-22 16:00:00+00:00,0.0,0.0,9.24
2020-11-22 17:00:00+00:00,0.0,0.0,8.74
2020-11-22 18:00:00+00:00,0.0,0.0,8.36
2020-11-22 19:00:00+00:00,0.0,0.0,8.28
2020-11-22 20:00:00+00:00,0.0,0.0,7.93
2020-11-22 21:00:00+00:00,0.0,0.0,7.88
2020-11-22 22:00:00+00:00,0.0,0.0,7.98
2020-11-22 23:00:00+00:00,0.0,0.0,7.58
2020-11-23 00:00:00+00:00,0.0,0.0,7.56
2020-11-23 01:00:00+00:00,0.0,0.0,7.21
2020-11-23 02:00:00+00:00,0.0,0.0,7.23
2020-11-23 03:00:00+00:00,0.0,0.0,7.03
2020-11-23 04:00:00+00:00,0.0,0.0,6.88
2020-11-23 05:00:00+00:00,0.0,0.0,6.73
2020-11-23 06:00:00+00:00,0.0,0.0,6.6
2020-11-23 07:00:00+00:00,0.0,0.0,6.42
2020-11-23 08:00:00+00:00,0.07611,104.79,6.32
2020-11-23 09:00:00+00:00,0.32363,382.61,7.37
2020-11-23 10:00:00+00:00,0.41646,491.04,8.61
2020-11-23 11:00:00+00:00,0.30149,357.13,9.32
2020-11-23 12:00:00+00:00,0.48036,565.6,9.56
2020-11-23 13:00:00+00:00,0.41457,488.32,9.59
2020-11-23 14:00:00+00:00,0.25782,310.88,9.38
2020-11-23 15:00:00+00:00,0.00719,19.32,8.77
2020-11-23 16:00:00+00:00,0.0,0.0,7.49
2020-11-23 17:00:00+00:00,0.0,0.0,6.81
2020-11-23 18:00:00+00:00,0.0,0.0,6.46
2020-11-23 19:00:00+00:00,0.0,0.0,6.89
2020-11-23 20:00:00+00:00,0.0,0.0,7.16
2020-11-23 21:00:00+00:00,0.0,0.0,7.58
2020-11-23 22:00:00+00:00,0.0,0.0,7.65
2020-11-23 23:00:00+00:00,0.0,0.0,7.65
2020-11-24 00:00:00+00:00,0.0,0.0,7.61
2020-11-24 01:00:00+00:00,0.0,0.0,7.52
2020-11-24 02:00:00+00:00,0.0,0.0,7.3
2020-11-24 03:00:00+00:00,0.0,0.0,7.21
2020-11-24 04:00:00+00:00,0.0,0.0,7.38
2020-11-24 05:00:00+00:00,0.0,0.0,7.66
2020-11-24 06:00:00+00:00,0.0,0.0,7.62
2020-11-24 07:00:00+00:00,0.0,0.0,7.9
2020-11-24 08:00:00+00:00,0.02115,38.54,8.17
2020-11-24 09:00:00+00:00,0.02436,42.57,8.64
2020-11-24 10:00:00+00:00,0.02726,46.35,9.27
2020-11-24 11:00:00+00:00,0.24494,292.19,9.78
2020-11-24 12:00:00+00:00,0.36021,422.51,10.32
2020-11-24 13:00:00+00:00,0.2042,247.93,10.36
2020-11-24 14:00:00+00:00,0.14778,186.14,10.29
2020-11-24 15:00:00+00:00,0.0011899999999999,8.51,10.02
2020-11-24 16:00:00+00:00,0.0,0.0,9.25
2020-11-24 17:00:00+00:00,0.0,0.0,8.63
2020-11-24 18:00:00+00:00,0.0,0.0,8.02
2020-11-24 19:00:00+00:00,0.0,0.0,7.75
2020-11-24 20:00:00+00:00,0.0,0.0,7.28
2020-11-24 21:00:00+00:00,0.0,0.0,7.06
2020-11-24 22:00:00+00:00,0.0,0.0,6.95
2020-11-24 23:00:00+00:00,0.0,0.0,6.86
2020-11-25 00:00:00+00:00,0.0,0.0,6.82
2020-11-25 01:00:00+00:00,0.0,0.0,6.87
2020-11-25 02:00:00+00:00,0.0,0.0,6.96
2020-11-25 03:00:00+00:00,0.0,0.0,6.94
2020-11-25 04:00:00+00:00,0.0,0.0,6.86
2020-11-25 05:00:00+00:00,0.0,0.0,6.67
2020-11-25 06:00:00+00:00,0.0,0.0,6.55
2020-11-25 07:00:00+00:00,0.0,0.0,5.44
2020-11-25 08:00:00+00:00,0.09083,121.49,5.45
2020-11-25 09:00:00+00:00,0.2546899999999999,299.89,6.25
2020-11-25 10:00:00+00:00,0.26197,308.34,7.37
2020-11-25 11:00:00+00:00,0.4446,515.43,8.28
2020-11-25 12:00:00+00:00,0.39675,462.35,9.15
2020-11-25 13:00:00+00:00,0.3158399999999999,372.27,9.66
2020-11-25 14:00:00+00:00,0.1878,230.96,9.87
2020-11-25 15:00:00+00:00,0.00262,11.35,9.69
2020-11-25 16:00:00+00:00,0.0,0.0,9.62
2020-11-25 17:00:00+00:00,0.0,0.0,9.81
2020-11-25 18:00:00+00:00,0.0,0.0,10.04
2020-11-25 19:00:00+00:00,0.0,0.0,9.56
2020-11-25 20:00:00+00:00,0.0,0.0,9.78
2020-11-25 21:00:00+00:00,0.0,0.0,10.0
2020-11-25 22:00:00+00:00,0.0,0.0,10.18
2020-11-25 23:00:00+00:00,0.0,0.0,10.21
2020-11-26 00:00:00+00:00,0.0,0.0,10.21
2020-11-26 01:00:00+00:00,0.0,0.0,10.1
2020-11-26 02:00:00+00:00,0.0,0.0,10.07
2020-11-26 03:00:00+00:00,0.0,0.0,10.05
2020-11-26 04:00:00+00:00,0.0,0.0,9.79
2020-11-26 05:00:00+00:00,0.0,0.0,9.79
2020-11-26 06:00:00+00:00,0.0,0.0,9.55
2020-11-26 07:00:00+00:00,0.0,0.0,9.69
2020-11-26 08:00:00+00:00,0.0059299999999999,17.03,9.46
2020-11-26 09:00:00+00:00,0.00421,14.19,9.56
2020-11-26 10:00:00+00:00,0.0184,35.0,9.81
2020-11-26 11:00:00+00:00,0.01911,35.95,9.78
2020-11-26 12:00:00+00:00,0.01982,36.89,9.82
2020-11-26 13:00:00+00:00,0.03161,52.03,9.82
2020-11-26 14:00:00+00:00,0.00773,19.87,9.66
2020-11-26 15:00:00+00:00,0.0,3.78,9.48
2020-11-26 16:00:00+00:00,0.0,0.0,9.18
2020-11-26 17:00:00+00:00,0.0,0.0,9.0
2020-11-26 18:00:00+00:00,0.0,0.0,8.85
2020-11-26 19:00:00+00:00,0.0,0.0,8.9
2020-11-26 20:00:00+00:00,0.0,0.0,8.75
2020-11-26 21:00:00+00:00,0.0,0.0,8.59
2020-11-26 22:00:00+00:00,0.0,0.0,8.48
2020-11-26 23:00:00+00:00,0.0,0.0,8.23
2020-11-27 00:00:00+00:00,0.0,0.0,7.83
2020-11-27 01:00:00+00:00,0.0,0.0,7.4
2020-11-27 02:00:00+00:00,0.0,0.0,7.07
2020-11-27 03:00:00+00:00,0.0,0.0,6.82
2020-11-27 04:00:00+00:00,0.0,0.0,6.54
2020-11-27 05:00:00+00:00,0.0,0.0,6.44
2020-11-27 06:00:00+00:00,0.0,0.0,6.2
2020-11-27 07:00:00+00:00,0.0,0.0,5.9
2020-11-27 08:00:00+00:00,0.00219,10.41,5.88
2020-11-27 09:00:00+00:00,0.0118,25.54,6.25
2020-11-27 10:00:00+00:00,0.0130999999999999,27.43,6.98
2020-11-27 11:00:00+00:00,0.06475,90.9,7.42
2020-11-27 12:00:00+00:00,0.0229699999999999,40.68,7.8
2020-11-27 13:00:00+00:00,0.00598,17.03,8.11
2020-11-27 14:00:00+00:00,0.00265,11.35,8.28
2020-11-27 15:00:00+00:00,2e-05,5.68,8.17
2020-11-27 16:00:00+00:00,0.0,0.0,8.09
2020-11-27 17:00:00+00:00,0.0,0.0,7.95
2020-11-27 18:00:00+00:00,0.0,0.0,7.63
2020-11-27 19:00:00+00:00,0.0,0.0,7.3
2020-11-27 20:00:00+00:00,0.0,0.0,7.2
2020-11-27 21:00:00+00:00,0.0,0.0,7.02
2020-11-27 22:00:00+00:00,0.0,0.0,6.81
2020-11-27 23:00:00+00:00,0.0,0.0,6.54
2020-11-28 00:00:00+00:00,0.0,0.0,6.31
2020-11-28 01:00:00+00:00,0.0,0.0,5.94
2020-11-28 02:00:00+00:00,0.0,0.0,5.58
2020-11-28 03:00:00+00:00,0.0,0.0,5.32
2020-11-28 04:00:00+00:00,0.0,0.0,5.24
2020-11-28 05:00:00+00:00,0.0,0.0,4.92
2020-11-28 06:00:00+00:00,0.0,0.0,4.94
2020-11-28 07:00:00+00:00,0.0,0.0,4.74
2020-11-28 08:00:00+00:00,0.01799,34.06,4.8
2020-11-28 09:00:00+00:00,0.08068,107.88,5.3
2020-11-28 10:00:00+00:00,0.32489,378.17,6.03
2020-11-28 11:00:00+00:00,0.40329,468.31,6.79
2020-11-28 12:00:00+00:00,0.44406,517.7,7.66
2020-11-28 13:00:00+00:00,0.3763399999999999,440.96,8.19
2020-11-28 14:00:00+00:00,0.21639,262.23,8.21
2020-11-28 15:00:00+00:00,0.00039,6.62,7.63
2020-11-28 16:00:00+00:00,0.0,0.0,6.49
2020-11-28 17:00:00+00:00,0.0,0.0,5.93
2020-11-28 18:00:00+00:00,0.0,0.0,5.28
2020-11-28 19:00:00+00:00,0.0,0.0,4.65
2020-11-28 20:00:00+00:00,0.0,0.0,4.15
2020-11-28 21:00:00+00:00,0.0,0.0,3.89
2020-11-28 22:00:00+00:00,0.0,0.0,3.67
2020-11-28 23:00:00+00:00,0.0,0.0,3.75
2020-11-29 00:00:00+00:00,0.0,0.0,3.69
2020-11-29 01:00:00+00:00,0.0,0.0,3.57
2020-11-29 02:00:00+00:00,0.0,0.0,3.4
2020-11-29 03:00:00+00:00,0.0,0.0,3.21
2020-11-29 04:00:00+00:00,0.0,0.0,3.1
2020-11-29 05:00:00+00:00,0.0,0.0,2.85
2020-11-29 06:00:00+00:00,0.0,0.0,2.55
2020-11-29 07:00:00+00:00,0.0,0.0,3.01
2020-11-29 08:00:00+00:00,0.00383,13.24,2.94
2020-11-29 09:00:00+00:00,0.02967,48.24,2.94
2020-11-29 10:00:00+00:00,0.05887,82.62,3.2
2020-11-29 11:00:00+00:00,0.14584,178.55,3.53
2020-11-29 12:00:00+00:00,0.43705,502.53,3.78
2020-11-29 13:00:00+00:00,0.40318,465.78,3.94
2020-11-29 14:00:00+00:00,0.23249,276.33,3.94
2020-11-29 15:00:00+00:00,0.00173,9.46,3.59
2020-11-29 16:00:00+00:00,0.0,0.0,2.98
2020-11-29 17:00:00+00:00,0.0,0.0,2.32
2020-11-29 18:00:00+00:00,0.0,0.0,1.75
2020-11-29 19:00:00+00:00,0.0,0.0,1.94
2020-11-29 20:00:00+00:00,0.0,0.0,1.7
2020-11-29 21:00:00+00:00,0.0,0.0,1.87
2020-11-29 22:00:00+00:00,0.0,0.0,1.72
2020-11-29 23:00:00+00:00,0.0,0.0,1.54
2020-11-30 00:00:00+00:00,0.0,0.0,1.5
2020-11-30 01:00:00+00:00,0.0,0.0,1.43
2020-11-30 02:00:00+00:00,0.0,0.0,1.46
2020-11-30 03:00:00+00:00,0.0,0.0,1.7
2020-11-30 04:00:00+00:00,0.0,0.0,2.14
2020-11-30 05:00:00+00:00,0.0,0.0,2.56
2020-11-30 06:00:00+00:00,0.0,0.0,2.83
2020-11-30 07:00:00+00:00,0.0,0.0,2.86
2020-11-30 08:00:00+00:00,0.00275,11.35,3.2
2020-11-30 09:00:00+00:00,0.00865,20.81,3.84
2020-11-30 10:00:00+00:00,0.02259,39.73,4.9
2020-11-30 11:00:00+00:00,0.0085399999999999,20.81,6.06
2020-11-30 12:00:00+00:00,0.0137799999999999,28.38,7.23
2020-11-30 13:00:00+00:00,0.02007,36.89,7.86
2020-11-30 14:00:00+00:00,0.00844,20.81,8.11
2020-11-30 15:00:00+00:00,0.0,2.84,8.22
2020-11-30 16:00:00+00:00,0.0,0.0,8.2
2020-11-30 17:00:00+00:00,0.0,0.0,8.56
2020-11-30 18:00:00+00:00,0.0,0.0,8.94
2020-11-30 19:00:00+00:00,0.0,0.0,8.98
2020-11-30 20:00:00+00:00,0.0,0.0,9.19
2020-11-30 21:00:00+00:00,0.0,0.0,9.2
2020-11-30 22:00:00+00:00,0.0,0.0,8.81
2020-11-30 23:00:00+00:00,0.0,0.0,8.28
2020-12-01 00:00:00+00:00,0.0,0.0,8.2
2020-12-01 01:00:00+00:00,0.0,0.0,8.07
2020-12-01 02:00:00+00:00,0.0,0.0,7.88
2020-12-01 03:00:00+00:00,0.0,0.0,7.88
2020-12-01 04:00:00+00:00,0.0,0.0,8.32
2020-12-01 05:00:00+00:00,0.0,0.0,8.6
2020-12-01 06:00:00+00:00,0.0,0.0,8.68
2020-12-01 07:00:00+00:00,0.0,0.0,8.73
2020-12-01 08:00:00+00:00,0.00539,16.08,8.55
2020-12-01 09:00:00+00:00,0.02072,37.84,8.72
2020-12-01 10:00:00+00:00,0.18303,222.21,9.11
2020-12-01 11:00:00+00:00,0.22928,273.17,9.44
2020-12-01 12:00:00+00:00,0.1216,155.24,9.56
2020-12-01 13:00:00+00:00,0.08817,117.86,9.68
2020-12-01 14:00:00+00:00,0.05037,74.43,9.5
2020-12-01 15:00:00+00:00,0.0,0.0,9.21
2020-12-01 16:00:00+00:00,0.0,0.0,8.85
2020-12-01 17:00:00+00:00,0.0,0.0,8.41
2020-12-01 18:00:00+00:00,0.0,0.0,8.02
2020-12-01 19:00:00+00:00,0.0,0.0,8.23
2020-12-01 20:00:00+00:00,0.0,0.0,8.01
2020-12-01 21:00:00+00:00,0.0,0.0,7.68
2020-12-01 22:00:00+00:00,0.0,0.0,7.03
2020-12-01 23:00:00+00:00,0.0,0.0,6.4
2020-12-02 00:00:00+00:00,0.0,0.0,6.19
2020-12-02 01:00:00+00:00,0.0,0.0,5.98
2020-12-02 02:00:00+00:00,0.0,0.0,5.73
2020-12-02 03:00:00+00:00,0.0,0.0,5.78
2020-12-02 04:00:00+00:00,0.0,0.0,5.69
2020-12-02 05:00:00+00:00,0.0,0.0,5.64
2020-12-02 06:00:00+00:00,0.0,0.0,5.56
2020-12-02 07:00:00+00:00,0.0,0.0,5.76
2020-12-02 08:00:00+00:00,0.00269,11.35,5.75
2020-12-02 09:00:00+00:00,0.01523,30.27,6.04
2020-12-02 10:00:00+00:00,0.02761,46.35,6.15
2020-12-02 11:00:00+00:00,0.08236,110.83,6.32
2020-12-02 12:00:00+00:00,0.08619,115.09,6.48
2020-12-02 13:00:00+00:00,0.15099,186.97,6.71
2020-12-02 14:00:00+00:00,0.09308,122.81,6.68
2020-12-02 15:00:00+00:00,0.0,0.0,6.67
2020-12-02 16:00:00+00:00,0.0,0.0,6.52
2020-12-02 17:00:00+00:00,0.0,0.0,6.41
2020-12-02 18:00:00+00:00,0.0,0.0,6.44
2020-12-02 19:00:00+00:00,0.0,0.0,6.39
2020-12-02 20:00:00+00:00,0.0,0.0,6.32
2020-12-02 21:00:00+00:00,0.0,0.0,6.22
2020-12-02 22:00:00+00:00,0.0,0.0,5.96
2020-12-02 23:00:00+00:00,0.0,0.0,6.02
2020-12-03 00:00:00+00:00,0.0,0.0,5.93
2020-12-03 01:00:00+00:00,0.0,0.0,5.82
2020-12-03 02:00:00+00:00,0.0,0.0,5.79
2020-12-03 03:00:00+00:00,0.0,0.0,6.04
2020-12-03 04:00:00+00:00,0.0,0.0,6.12
2020-12-03 05:00:00+00:00,0.0,0.0,6.21
2020-12-03 06:00:00+00:00,0.0,0.0,6.13
2020-12-03 07:00:00+00:00,0.0,0.0,5.78
2020-12-03 08:00:00+00:00,0.00081,7.57,5.54
2020-12-03 09:00:00+00:00,0.01117,24.6,5.7
2020-12-03 10:00:00+00:00,0.02174,38.79,5.97
2020-12-03 11:00:00+00:00,0.02693,45.41,6.18
2020-12-03 12:00:00+00:00,0.03845,59.6,6.5
2020-12-03 13:00:00+00:00,0.03455,54.87,6.52
2020-12-03 14:00:00+00:00,0.03394,54.0,6.3
2020-12-03 15:00:00+00:00,0.0,0.0,5.82
2020-12-03 16:00:00+00:00,0.0,0.0,5.55
2020-12-03 17:00:00+00:00,0.0,0.0,5.49
2020-12-03 18:00:00+00:00,0.0,0.0,5.48
2020-12-03 19:00:00+00:00,0.0,0.0,5.69
2020-12-03 20:00:00+00:00,0.0,0.0,5.79
2020-12-03 21:00:00+00:00,0.0,0.0,5.99
2020-12-03 22:00:00+00:00,0.0,0.0,6.22
2020-12-03 23:00:00+00:00,0.0,0.0,6.29
2020-12-04 00:00:00+00:00,0.0,0.0,6.24
2020-12-04 01:00:00+00:00,0.0,0.0,6.15
2020-12-04 02:00:00+00:00,0.0,0.0,6.13
2020-12-04 03:00:00+00:00,0.0,0.0,6.3
2020-12-04 04:00:00+00:00,0.0,0.0,6.86
2020-12-04 05:00:00+00:00,0.0,0.0,7.18
2020-12-04 06:00:00+00:00,0.0,0.0,6.38
2020-12-04 07:00:00+00:00,0.0,0.0,6.3
2020-12-04 08:00:00+00:00,0.00124,8.51,6.13
2020-12-04 09:00:00+00:00,0.0125,26.49,6.19
2020-12-04 10:00:00+00:00,0.02096,37.84,6.46
2020-12-04 11:00:00+00:00,0.03456,54.87,6.66
2020-12-04 12:00:00+00:00,0.1304,162.89,6.66
2020-12-04 13:00:00+00:00,0.06756,93.33,6.61
2020-12-04 14:00:00+00:00,0.01385,28.38,6.41
2020-12-04 15:00:00+00:00,0.0,0.0,6.15
2020-12-04 16:00:00+00:00,0.0,0.0,5.5
2020-12-04 17:00:00+00:00,0.0,0.0,4.87
2020-12-04 18:00:00+00:00,0.0,0.0,4.29
2020-12-04 19:00:00+00:00,0.0,0.0,4.37
2020-12-04 20:00:00+00:00,0.0,0.0,4.05
2020-12-04 21:00:00+00:00,0.0,0.0,3.58
2020-12-04 22:00:00+00:00,0.0,0.0,2.91
2020-12-04 23:00:00+00:00,0.0,0.0,2.34
2020-12-05 00:00:00+00:00,0.0,0.0,2.0
2020-12-05 01:00:00+00:00,0.0,0.0,1.72
2020-12-05 02:00:00+00:00,0.0,0.0,1.42
2020-12-05 03:00:00+00:00,0.0,0.0,1.25
2020-12-05 04:00:00+00:00,0.0,0.0,1.12
2020-12-05 05:00:00+00:00,0.0,0.0,0.96
2020-12-05 06:00:00+00:00,0.0,0.0,0.8
2020-12-05 07:00:00+00:00,0.0,0.0,1.37
2020-12-05 08:00:00+00:00,0.0,4.73,1.51
2020-12-05 09:00:00+00:00,0.31297,360.0,2.1
2020-12-05 10:00:00+00:00,0.42749,487.11,3.23
2020-12-05 11:00:00+00:00,0.14923,182.12,4.09
2020-12-05 12:00:00+00:00,0.23425,274.43,4.63
2020-12-05 13:00:00+00:00,0.1899199999999999,226.76,4.94
2020-12-05 14:00:00+00:00,0.01121,24.6,5.06
2020-12-05 15:00:00+00:00,0.0,0.0,4.54
2020-12-05 16:00:00+00:00,0.0,0.0,3.62
2020-12-05 17:00:00+00:00,0.0,0.0,2.79
2020-12-05 18:00:00+00:00,0.0,0.0,2.39
2020-12-05 19:00:00+00:00,0.0,0.0,1.87
2020-12-05 20:00:00+00:00,0.0,0.0,1.64
2020-12-05 21:00:00+00:00,0.0,0.0,1.37
2020-12-05 22:00:00+00:00,0.0,0.0,1.11
2020-12-05 23:00:00+00:00,0.0,0.0,0.81
2020-12-06 00:00:00+00:00,0.0,0.0,0.46
2020-12-06 01:00:00+00:00,0.0,0.0,0.15
2020-12-06 02:00:00+00:00,0.0,0.0,-0.1
2020-12-06 03:00:00+00:00,0.0,0.0,-0.23
2020-12-06 04:00:00+00:00,0.0,0.0,-0.35
2020-12-06 05:00:00+00:00,0.0,0.0,-0.26
2020-12-06 06:00:00+00:00,0.0,0.0,-0.14
2020-12-06 07:00:00+00:00,0.0,0.0,-0.07
2020-12-06 08:00:00+00:00,0.00229,10.41,0.1
2020-12-06 09:00:00+00:00,0.08621,112.17,0.94
2020-12-06 10:00:00+00:00,0.09469,122.05,2.07
2020-12-06 11:00:00+00:00,0.09175,119.61,3.13
2020-12-06 12:00:00+00:00,0.10227,131.56,3.81
2020-12-06 13:00:00+00:00,0.08112,108.1,4.35
2020-12-06 14:00:00+00:00,0.04355,65.2,4.54
2020-12-06 15:00:00+00:00,0.0,0.0,4.03
2020-12-06 16:00:00+00:00,0.0,0.0,3.09
2020-12-06 17:00:00+00:00,0.0,0.0,2.25
2020-12-06 18:00:00+00:00,0.0,0.0,1.69
2020-12-06 19:00:00+00:00,0.0,0.0,3.2
2020-12-06 20:00:00+00:00,0.0,0.0,3.27
2020-12-06 21:00:00+00:00,0.0,0.0,2.79
2020-12-06 22:00:00+00:00,0.0,0.0,2.98
2020-12-06 23:00:00+00:00,0.0,0.0,1.66
2020-12-07 00:00:00+00:00,0.0,0.0,0.78
2020-12-07 01:00:00+00:00,0.0,0.0,0.81
2020-12-07 02:00:00+00:00,0.0,0.0,1.03
2020-12-07 03:00:00+00:00,0.0,0.0,1.8
2020-12-07 04:00:00+00:00,0.0,0.0,2.97
2020-12-07 05:00:00+00:00,0.0,0.0,3.69
2020-12-07 06:00:00+00:00,0.0,0.0,4.03
2020-12-07 07:00:00+00:00,0.0,0.0,5.04
2020-12-07 08:00:00+00:00,0.0,2.84,5.16
2020-12-07 09:00:00+00:00,0.00922,21.76,5.28
2020-12-07 10:00:00+00:00,0.04858,71.46,5.67
2020-12-07 11:00:00+00:00,0.04487,67.16,5.77
2020-12-07 12:00:00+00:00,0.10399,134.05,5.89
2020-12-07 13:00:00+00:00,0.04468,66.81,5.75
2020-12-07 14:00:00+00:00,0.13878,172.81,5.43
2020-12-07 15:00:00+00:00,0.0,0.0,4.82
2020-12-07 16:00:00+00:00,0.0,0.0,4.0
2020-12-07 17:00:00+00:00,0.0,0.0,3.37
2020-12-07 18:00:00+00:00,0.0,0.0,3.01
2020-12-07 19:00:00+00:00,0.0,0.0,3.1
2020-12-07 20:00:00+00:00,0.0,0.0,3.02
2020-12-07 21:00:00+00:00,0.0,0.0,3.01
2020-12-07 22:00:00+00:00,0.0,0.0,2.92
2020-12-07 23:00:00+00:00,0.0,0.0,2.88
2020-12-08 00:00:00+00:00,0.0,0.0,2.8
2020-12-08 01:00:00+00:00,0.0,0.0,2.65
2020-12-08 02:00:00+00:00,0.0,0.0,2.74
2020-12-08 03:00:00+00:00,0.0,0.0,2.46
2020-12-08 04:00:00+00:00,0.0,0.0,2.22
2020-12-08 05:00:00+00:00,0.0,0.0,2.12
2020-12-08 06:00:00+00:00,0.0,0.0,1.95
2020-12-08 07:00:00+00:00,0.0,0.0,0.68
2020-12-08 08:00:00+00:00,0.04906,72.62,0.32
2020-12-08 09:00:00+00:00,0.25518,297.06,1.07
2020-12-08 10:00:00+00:00,0.48725,560.04,2.3
2020-12-08 11:00:00+00:00,0.19747,234.91,3.41
2020-12-08 12:00:00+00:00,0.13645,169.02,3.99
2020-12-08 13:00:00+00:00,0.16268,198.04,4.54
2020-12-08 14:00:00+00:00,0.07629,103.04,4.75
2020-12-08 15:00:00+00:00,0.0,0.0,4.3
2020-12-08 16:00:00+00:00,0.0,0.0,3.2
2020-12-08 17:00:00+00:00,0.0,0.0,2.61
2020-12-08 18:00:00+00:00,0.0,0.0,1.71
2020-12-08 19:00:00+00:00,0.0,0.0,1.41
2020-12-08 20:00:00+00:00,0.0,0.0,1.29
2020-12-08 21:00:00+00:00,0.0,0.0,1.42
2020-12-08 22:00:00+00:00,0.0,0.0,1.51
2020-12-08 23:00:00+00:00,0.0,0.0,1.66
2020-12-09 00:00:00+00:00,0.0,0.0,1.51
2020-12-09 01:00:00+00:00,0.0,0.0,1.35
2020-12-09 02:00:00+00:00,0.0,0.0,1.03
2020-12-09 03:00:00+00:00,0.0,0.0,0.96
2020-12-09 04:00:00+00:00,0.0,0.0,0.62
2020-12-09 05:00:00+00:00,0.0,0.0,0.18
2020-12-09 06:00:00+00:00,0.0,0.0,-0.03
2020-12-09 07:00:00+00:00,0.0,0.0,-0.37
2020-12-09 08:00:00+00:00,0.0,1.89,-0.25
2020-12-09 09:00:00+00:00,0.0062699999999999,17.03,0.5
2020-12-09 10:00:00+00:00,0.00876,20.81,1.5
2020-12-09 11:00:00+00:00,0.00807,19.87,2.56
2020-12-09 12:00:00+00:00,0.02277,39.73,3.36
2020-12-09 13:00:00+00:00,0.01197,25.54,3.82
2020-12-09 14:00:00+00:00,0.00613,17.03,4.15
2020-12-09 15:00:00+00:00,0.0,0.0,4.26
2020-12-09 16:00:00+00:00,0.0,0.0,4.4
2020-12-09 17:00:00+00:00,0.0,0.0,4.53
2020-12-09 18:00:00+00:00,0.0,0.0,4.39
2020-12-09 19:00:00+00:00,0.0,0.0,2.96
2020-12-09 20:00:00+00:00,0.0,0.0,3.06
2020-12-09 21:00:00+00:00,0.0,0.0,3.21
2020-12-09 22:00:00+00:00,0.0,0.0,3.23
2020-12-09 23:00:00+00:00,0.0,0.0,3.16
2020-12-10 00:00:00+00:00,0.0,0.0,3.17
2020-12-10 01:00:00+00:00,0.0,0.0,3.05
2020-12-10 02:00:00+00:00,0.0,0.0,3.0
2020-12-10 03:00:00+00:00,0.0,0.0,3.08
2020-12-10 04:00:00+00:00,0.0,0.0,3.26
2020-12-10 05:00:00+00:00,0.0,0.0,3.18
2020-12-10 06:00:00+00:00,0.0,0.0,3.21
2020-12-10 07:00:00+00:00,0.0,0.0,2.64
2020-12-10 08:00:00+00:00,0.0,1.89,2.43
2020-12-10 09:00:00+00:00,0.0093499999999999,21.76,2.84
2020-12-10 10:00:00+00:00,0.10337,131.89,3.28
2020-12-10 11:00:00+00:00,0.38198,437.06,3.86
2020-12-10 12:00:00+00:00,0.51312,587.79,4.27
2020-12-10 13:00:00+00:00,0.3919499999999999,450.65,4.55
2020-12-10 14:00:00+00:00,0.26711,314.46,4.46
2020-12-10 15:00:00+00:00,0.0,0.0,3.87
2020-12-10 16:00:00+00:00,0.0,0.0,2.9
2020-12-10 17:00:00+00:00,0.0,0.0,2.19
2020-12-10 18:00:00+00:00,0.0,0.0,1.99
2020-12-10 19:00:00+00:00,0.0,0.0,2.28
2020-12-10 20:00:00+00:00,0.0,0.0,2.11
2020-12-10 21:00:00+00:00,0.0,0.0,1.98
2020-12-10 22:00:00+00:00,0.0,0.0,1.81
2020-12-10 23:00:00+00:00,0.0,0.0,1.6
2020-12-11 00:00:00+00:00,0.0,0.0,1.37
2020-12-11 01:00:00+00:00,0.0,0.0,1.09
2020-12-11 02:00:00+00:00,0.0,0.0,1.22
2020-12-11 03:00:00+00:00,0.0,0.0,1.73
2020-12-11 04:00:00+00:00,0.0,0.0,2.15
2020-12-11 05:00:00+00:00,0.0,0.0,2.75
2020-12-11 06:00:00+00:00,0.0,0.0,3.25
2020-12-11 07:00:00+00:00,0.0,0.0,2.74
2020-12-11 08:00:00+00:00,5e-05,5.68,3.19
2020-12-11 09:00:00+00:00,0.01334,27.43,3.72
2020-12-11 10:00:00+00:00,0.02949,48.24,4.23
2020-12-11 11:00:00+00:00,0.07561,101.98,4.99
2020-12-11 12:00:00+00:00,0.09752,126.48,5.56
2020-12-11 13:00:00+00:00,0.03232,52.03,5.96
2020-12-11 14:00:00+00:00,0.00321,12.3,6.13
2020-12-11 15:00:00+00:00,0.0,0.0,6.17
2020-12-11 16:00:00+00:00,0.0,0.0,6.08
2020-12-11 17:00:00+00:00,0.0,0.0,5.93
2020-12-11 18:00:00+00:00,0.0,0.0,5.8
2020-12-11 19:00:00+00:00,0.0,0.0,5.43
2020-12-11 20:00:00+00:00,0.0,0.0,5.42
2020-12-11 21:00:00+00:00,0.0,0.0,5.31
2020-12-11 22:00:00+00:00,0.0,0.0,5.34
2020-12-11 23:00:00+00:00,0.0,0.0,5.44
2020-12-12 00:00:00+00:00,0.0,0.0,5.65
2020-12-12 01:00:00+00:00,0.0,0.0,5.84
2020-12-12 02:00:00+00:00,0.0,0.0,5.96
2020-12-12 03:00:00+00:00,0.0,0.0,6.08
2020-12-12 04:00:00+00:00,0.0,0.0,5.85
2020-12-12 05:00:00+00:00,0.0,0.0,5.81
2020-12-12 06:00:00+00:00,0.0,0.0,5.88
2020-12-12 07:00:00+00:00,0.0,0.0,6.22
2020-12-12 08:00:00+00:00,0.0,1.89,6.24
2020-12-12 09:00:00+00:00,0.02956,48.8,6.8
2020-12-12 10:00:00+00:00,0.03276,52.97,7.61
2020-12-12 11:00:00+00:00,0.04818,71.89,8.65
2020-12-12 12:00:00+00:00,0.05162,76.05,9.25
2020-12-12 13:00:00+00:00,0.02205,39.73,9.44
2020-12-12 14:00:00+00:00,0.0219299999999999,39.48,9.0
2020-12-12 15:00:00+00:00,0.0,0.0,8.67
2020-12-12 16:00:00+00:00,0.0,0.0,8.23
2020-12-12 17:00:00+00:00,0.0,0.0,8.0
2020-12-12 18:00:00+00:00,0.0,0.0,7.75
2020-12-12 19:00:00+00:00,0.0,0.0,7.7
2020-12-12 20:00:00+00:00,0.0,0.0,7.34
2020-12-12 21:00:00+00:00,0.0,0.0,6.79
2020-12-12 22:00:00+00:00,0.0,0.0,6.13
2020-12-12 23:00:00+00:00,0.0,0.0,5.7
2020-12-13 00:00:00+00:00,0.0,0.0,5.93
2020-12-13 01:00:00+00:00,0.0,0.0,6.21
2020-12-13 02:00:00+00:00,0.0,0.0,6.63
2020-12-13 03:00:00+00:00,0.0,0.0,6.58
2020-12-13 04:00:00+00:00,0.0,0.0,6.84
2020-12-13 05:00:00+00:00,0.0,0.0,7.02
2020-12-13 06:00:00+00:00,0.0,0.0,6.8
2020-12-13 07:00:00+00:00,0.0,0.0,6.88
2020-12-13 08:00:00+00:00,0.00711,19.06,6.12
2020-12-13 09:00:00+00:00,0.17893,217.11,5.96
2020-12-13 10:00:00+00:00,0.13824,171.61,6.19
2020-12-13 11:00:00+00:00,0.20041,239.62,6.55
2020-12-13 12:00:00+00:00,0.26195,307.5,6.92
2020-12-13 13:00:00+00:00,0.06296,88.27,6.84
2020-12-13 14:00:00+00:00,0.00726,18.92,6.49
2020-12-13 15:00:00+00:00,0.0,0.0,5.87
2020-12-13 16:00:00+00:00,0.0,0.0,5.53
2020-12-13 17:00:00+00:00,0.0,0.0,5.63
2020-12-13 18:00:00+00:00,0.0,0.0,5.86
2020-12-13 19:00:00+00:00,0.0,0.0,6.63
2020-12-13 20:00:00+00:00,0.0,0.0,7.12
2020-12-13 21:00:00+00:00,0.0,0.0,7.54
2020-12-13 22:00:00+00:00,0.0,0.0,7.88
2020-12-13 23:00:00+00:00,0.0,0.0,8.11
2020-12-14 00:00:00+00:00,0.0,0.0,8.4
2020-12-14 01:00:00+00:00,0.0,0.0,8.29
2020-12-14 02:00:00+00:00,0.0,0.0,8.48
2020-12-14 03:00:00+00:00,0.0,0.0,8.69
2020-12-14 04:00:00+00:00,0.0,0.0,9.07
2020-12-14 05:00:00+00:00,0.0,0.0,9.59
2020-12-14 06:00:00+00:00,0.0,0.0,9.91
2020-12-14 07:00:00+00:00,0.0,0.0,10.13
2020-12-14 08:00:00+00:00,0.00164,9.46,10.59
2020-12-14 09:00:00+00:00,0.1485999999999999,186.86,10.93
2020-12-14 10:00:00+00:00,0.2632,313.77,11.24
2020-12-14 11:00:00+00:00,0.08654,117.03,11.49
2020-12-14 12:00:00+00:00,0.13272,169.01,11.61
2020-12-14 13:00:00+00:00,0.14065,177.89,11.59
2020-12-14 14:00:00+00:00,0.0047199999999999,15.14,11.36
2020-12-14 15:00:00+00:00,0.0,0.0,10.78
2020-12-14 16:00:00+00:00,0.0,0.0,9.99
2020-12-14 17:00:00+00:00,0.0,0.0,9.66
2020-12-14 18:00:00+00:00,0.0,0.0,9.53
2020-12-14 19:00:00+00:00,0.0,0.0,10.29
2020-12-14 20:00:00+00:00,0.0,0.0,10.01
2020-12-14 21:00:00+00:00,0.0,0.0,9.69
2020-12-14 22:00:00+00:00,0.0,0.0,9.58
2020-12-14 23:00:00+00:00,0.0,0.0,9.53
2020-12-15 00:00:00+00:00,0.0,0.0,9.57
2020-12-15 01:00:00+00:00,0.0,0.0,9.63
2020-12-15 02:00:00+00:00,0.0,0.0,9.65
2020-12-15 03:00:00+00:00,0.0,0.0,9.63
2020-12-15 04:00:00+00:00,0.0,0.0,9.6
2020-12-15 05:00:00+00:00,0.0,0.0,9.64
2020-12-15 06:00:00+00:00,0.0,0.0,9.71
2020-12-15 07:00:00+00:00,0.0,0.0,9.1
2020-12-15 08:00:00+00:00,0.0,0.0,9.22
2020-12-15 09:00:00+00:00,0.03823,59.9,9.29
2020-12-15 10:00:00+00:00,0.06845,95.65,9.64
2020-12-15 11:00:00+00:00,0.2311399999999999,278.41,9.82
2020-12-15 12:00:00+00:00,0.0323699999999999,52.97,10.2
2020-12-15 13:00:00+00:00,0.35279,417.13,10.48
2020-12-15 14:00:00+00:00,0.20568,252.48,10.38
2020-12-15 15:00:00+00:00,0.0,0.0,9.87
2020-12-15 16:00:00+00:00,0.0,0.0,8.71
2020-12-15 17:00:00+00:00,0.0,0.0,7.96
2020-12-15 18:00:00+00:00,0.0,0.0,7.62
2020-12-15 19:00:00+00:00,0.0,0.0,7.23
2020-12-15 20:00:00+00:00,0.0,0.0,6.88
2020-12-15 21:00:00+00:00,0.0,0.0,6.56
2020-12-15 22:00:00+00:00,0.0,0.0,6.18
2020-12-15 23:00:00+00:00,0.0,0.0,5.91
2020-12-16 00:00:00+00:00,0.0,0.0,5.64
2020-12-16 01:00:00+00:00,0.0,0.0,5.39
2020-12-16 02:00:00+00:00,0.0,0.0,5.1
2020-12-16 03:00:00+00:00,0.0,0.0,4.8
2020-12-16 04:00:00+00:00,0.0,0.0,4.66
2020-12-16 05:00:00+00:00,0.0,0.0,4.65
2020-12-16 06:00:00+00:00,0.0,0.0,4.58
2020-12-16 07:00:00+00:00,0.0,0.0,4.91
2020-12-16 08:00:00+00:00,0.0,0.0,5.05
2020-12-16 09:00:00+00:00,0.0209899999999999,37.84,5.96
2020-12-16 10:00:00+00:00,0.14474,179.36,7.02
2020-12-16 11:00:00+00:00,0.45755,530.71,8.11
2020-12-16 12:00:00+00:00,0.44239,514.75,8.97
2020-12-16 13:00:00+00:00,0.2276699999999999,273.59,9.6
2020-12-16 14:00:00+00:00,0.27404,329.07,9.84
2020-12-16 15:00:00+00:00,0.0,0.0,9.46
2020-12-16 16:00:00+00:00,0.0,0.0,8.84
2020-12-16 17:00:00+00:00,0.0,0.0,8.88
2020-12-16 18:00:00+00:00,0.0,0.0,8.89
2020-12-16 19:00:00+00:00,0.0,0.0,9.18
2020-12-16 20:00:00+00:00,0.0,0.0,9.18
2020-12-16 21:00:00+00:00,0.0,0.0,9.26
2020-12-16 22:00:00+00:00,0.0,0.0,9.32
2020-12-16 23:00:00+00:00,0.0,0.0,9.32
2020-12-17 00:00:00+00:00,0.0,0.0,9.43
2020-12-17 01:00:00+00:00,0.0,0.0,9.55
2020-12-17 02:00:00+00:00,0.0,0.0,9.52
2020-12-17 03:00:00+00:00,0.0,0.0,9.42
2020-12-17 04:00:00+00:00,0.0,0.0,9.27
2020-12-17 05:00:00+00:00,0.0,0.0,9.02
2020-12-17 06:00:00+00:00,0.0,0.0,8.82
2020-12-17 07:00:00+00:00,0.0,0.0,8.5
2020-12-17 08:00:00+00:00,0.0,0.0,8.27
2020-12-17 09:00:00+00:00,0.23964,286.35,8.32
2020-12-17 10:00:00+00:00,0.10914,140.78,8.81
2020-12-17 11:00:00+00:00,0.33415,389.94,9.33
2020-12-17 12:00:00+00:00,0.4323,501.08,9.64
2020-12-17 13:00:00+00:00,0.20206,243.87,9.71
2020-12-17 14:00:00+00:00,0.27829,331.86,9.61
2020-12-17 15:00:00+00:00,0.0,0.0,9.22
2020-12-17 16:00:00+00:00,0.0,0.0,8.81
2020-12-17 17:00:00+00:00,0.0,0.0,8.53
2020-12-17 18:00:00+00:00,0.0,0.0,8.49
2020-12-17 19:00:00+00:00,0.0,0.0,8.32
2020-12-17 20:00:00+00:00,0.0,0.0,8.26
2020-12-17 21:00:00+00:00,0.0,0.0,8.29
2020-12-17 22:00:00+00:00,0.0,0.0,7.85
2020-12-17 23:00:00+00:00,0.0,0.0,7.27
2020-12-18 00:00:00+00:00,0.0,0.0,6.97
2020-12-18 01:00:00+00:00,0.0,0.0,6.8
2020-12-18 02:00:00+00:00,0.0,0.0,6.75
2020-12-18 03:00:00+00:00,0.0,0.0,6.81
2020-12-18 04:00:00+00:00,0.0,0.0,6.94
2020-12-18 05:00:00+00:00,0.0,0.0,7.07
2020-12-18 06:00:00+00:00,0.0,0.0,7.05
2020-12-18 07:00:00+00:00,0.0,0.0,7.2
2020-12-18 08:00:00+00:00,0.0,0.0,7.32
2020-12-18 09:00:00+00:00,0.2767699999999999,327.13,7.71
2020-12-18 10:00:00+00:00,0.28654,335.43,8.14
2020-12-18 11:00:00+00:00,0.4715299999999999,543.3,8.99
2020-12-18 12:00:00+00:00,0.4955799999999999,572.28,9.22
2020-12-18 13:00:00+00:00,0.27424,324.09,9.85
2020-12-18 14:00:00+00:00,0.13526,171.51,9.96
2020-12-18 15:00:00+00:00,0.0,0.0,9.73
2020-12-18 16:00:00+00:00,0.0,0.0,9.52
2020-12-18 17:00:00+00:00,0.0,0.0,9.25
2020-12-18 18:00:00+00:00,0.0,0.0,9.27
2020-12-18 19:00:00+00:00,0.0,0.0,8.94
2020-12-18 20:00:00+00:00,0.0,0.0,8.74
2020-12-18 21:00:00+00:00,0.0,0.0,8.6
2020-12-18 22:00:00+00:00,0.0,0.0,8.53
2020-12-18 23:00:00+00:00,0.0,0.0,8.25
2020-12-19 00:00:00+00:00,0.0,0.0,8.03
2020-12-19 01:00:00+00:00,0.0,0.0,7.79
2020-12-19 02:00:00+00:00,0.0,0.0,7.62
2020-12-19 03:00:00+00:00,0.0,0.0,7.68
2020-12-19 04:00:00+00:00,0.0,0.0,7.91
2020-12-19 05:00:00+00:00,0.0,0.0,8.13
2020-12-19 06:00:00+00:00,0.0,0.0,8.63
2020-12-19 07:00:00+00:00,0.0,0.0,9.45
2020-12-19 08:00:00+00:00,0.0,0.0,10.03
2020-12-19 09:00:00+00:00,0.01559,31.22,10.54
2020-12-19 10:00:00+00:00,0.2251399999999999,270.63,11.04
2020-12-19 11:00:00+00:00,0.0497,74.2,11.22
2020-12-19 12:00:00+00:00,0.03076,51.08,11.07
2020-12-19 13:00:00+00:00,0.03301,53.92,11.16
2020-12-19 14:00:00+00:00,0.21878,266.38,11.01
2020-12-19 15:00:00+00:00,0.0,0.0,10.63
2020-12-19 16:00:00+00:00,0.0,0.0,9.9
2020-12-19 17:00:00+00:00,0.0,0.0,9.48
2020-12-19 18:00:00+00:00,0.0,0.0,9.24
2020-12-19 19:00:00+00:00,0.0,0.0,9.17
2020-12-19 20:00:00+00:00,0.0,0.0,9.04
2020-12-19 21:00:00+00:00,0.0,0.0,8.67
2020-12-19 22:00:00+00:00,0.0,0.0,8.47
2020-12-19 23:00:00+00:00,0.0,0.0,8.41
2020-12-20 00:00:00+00:00,0.0,0.0,8.31
2020-12-20 01:00:00+00:00,0.0,0.0,8.19
2020-12-20 02:00:00+00:00,0.0,0.0,8.05
2020-12-20 03:00:00+00:00,0.0,0.0,7.94
2020-12-20 04:00:00+00:00,0.0,0.0,7.75
2020-12-20 05:00:00+00:00,0.0,0.0,7.64
2020-12-20 06:00:00+00:00,0.0,0.0,7.57
2020-12-20 07:00:00+00:00,0.0,0.0,7.96
2020-12-20 08:00:00+00:00,0.0,0.0,7.8
2020-12-20 09:00:00+00:00,0.25557,304.56,7.94
2020-12-20 10:00:00+00:00,0.3720799999999999,432.85,8.32
2020-12-20 11:00:00+00:00,0.08226,111.08,8.95
2020-12-20 12:00:00+00:00,0.11238,144.96,9.38
2020-12-20 13:00:00+00:00,0.13832,173.74,9.59
2020-12-20 14:00:00+00:00,0.01094,24.6,9.44
2020-12-20 15:00:00+00:00,0.0,0.0,8.99
2020-12-20 16:00:00+00:00,0.0,0.0,8.43
2020-12-20 17:00:00+00:00,0.0,0.0,8.06
2020-12-20 18:00:00+00:00,0.0,0.0,7.77
2020-12-20 19:00:00+00:00,0.0,0.0,7.7
2020-12-20 20:00:00+00:00,0.0,0.0,7.69
2020-12-20 21:00:00+00:00,0.0,0.0,7.63
2020-12-20 22:00:00+00:00,0.0,0.0,7.53
2020-12-20 23:00:00+00:00,0.0,0.0,7.15
2020-12-21 00:00:00+00:00,0.0,0.0,6.93
2020-12-21 01:00:00+00:00,0.0,0.0,6.55
2020-12-21 02:00:00+00:00,0.0,0.0,6.28
2020-12-21 03:00:00+00:00,0.0,0.0,5.97
2020-12-21 04:00:00+00:00,0.0,0.0,5.77
2020-12-21 05:00:00+00:00,0.0,0.0,5.75
2020-12-21 06:00:00+00:00,0.0,0.0,5.85
2020-12-21 07:00:00+00:00,0.0,0.0,6.13
2020-12-21 08:00:00+00:00,0.0,0.0,6.72
2020-12-21 09:00:00+00:00,0.00848,20.81,7.39
2020-12-21 10:00:00+00:00,0.00908,21.76,8.14
2020-12-21 11:00:00+00:00,0.04959,73.26,8.43
2020-12-21 12:00:00+00:00,0.00657,17.97,8.45
2020-12-21 13:00:00+00:00,0.00425,14.19,8.5
2020-12-21 14:00:00+00:00,0.00316,12.3,8.59
2020-12-21 15:00:00+00:00,0.0,0.0,8.73
2020-12-21 16:00:00+00:00,0.0,0.0,8.75
2020-12-21 17:00:00+00:00,0.0,0.0,9.11
2020-12-21 18:00:00+00:00,0.0,0.0,9.88
2020-12-21 19:00:00+00:00,0.0,0.0,10.97
2020-12-21 20:00:00+00:00,0.0,0.0,11.55
2020-12-21 21:00:00+00:00,0.0,0.0,12.13
2020-12-21 22:00:00+00:00,0.0,0.0,12.45
2020-12-21 23:00:00+00:00,0.0,0.0,12.34
2020-12-22 00:00:00+00:00,0.0,0.0,12.13
2020-12-22 01:00:00+00:00,0.0,0.0,12.1
2020-12-22 02:00:00+00:00,0.0,0.0,12.18
2020-12-22 03:00:00+00:00,0.0,0.0,12.38
2020-12-22 04:00:00+00:00,0.0,0.0,12.45
2020-12-22 05:00:00+00:00,0.0,0.0,12.29
2020-12-22 06:00:00+00:00,0.0,0.0,12.09
2020-12-22 07:00:00+00:00,0.0,0.0,12.23
2020-12-22 08:00:00+00:00,0.0,0.0,12.07
2020-12-22 09:00:00+00:00,0.01345,28.38,11.72
2020-12-22 10:00:00+00:00,0.0089199999999999,21.76,11.07
2020-12-22 11:00:00+00:00,0.13177,167.76,10.66
2020-12-22 12:00:00+00:00,0.49807,590.13,10.51
2020-12-22 13:00:00+00:00,0.29336,350.86,10.25
2020-12-22 14:00:00+00:00,0.0518599999999999,76.56,10.07
2020-12-22 15:00:00+00:00,0.0,0.0,9.82
2020-12-22 16:00:00+00:00,0.0,0.0,9.57
2020-12-22 17:00:00+00:00,0.0,0.0,9.38
2020-12-22 18:00:00+00:00,0.0,0.0,9.14
2020-12-22 19:00:00+00:00,0.0,0.0,9.26
2020-12-22 20:00:00+00:00,0.0,0.0,9.36
2020-12-22 21:00:00+00:00,0.0,0.0,9.52
2020-12-22 22:00:00+00:00,0.0,0.0,9.72
2020-12-22 23:00:00+00:00,0.0,0.0,9.73
2020-12-23 00:00:00+00:00,0.0,0.0,9.55
2020-12-23 01:00:00+00:00,0.0,0.0,9.6
2020-12-23 02:00:00+00:00,0.0,0.0,9.91
2020-12-23 03:00:00+00:00,0.0,0.0,10.25
2020-12-23 04:00:00+00:00,0.0,0.0,10.46
2020-12-23 05:00:00+00:00,0.0,0.0,10.33
2020-12-23 06:00:00+00:00,0.0,0.0,10.19
2020-12-23 07:00:00+00:00,0.0,0.0,11.05
2020-12-23 08:00:00+00:00,0.0,0.0,11.19
2020-12-23 09:00:00+00:00,0.00954,22.7,11.21
2020-12-23 10:00:00+00:00,0.0233,41.62,11.13
2020-12-23 11:00:00+00:00,0.03071,51.08,11.02
2020-12-23 12:00:00+00:00,0.0728299999999999,101.41,10.97
2020-12-23 13:00:00+00:00,0.22641,274.47,10.96
2020-12-23 14:00:00+00:00,0.0224499999999999,40.44,10.94
2020-12-23 15:00:00+00:00,0.0,0.0,11.05
2020-12-23 16:00:00+00:00,0.0,0.0,11.19
2020-12-23 17:00:00+00:00,0.0,0.0,10.91
2020-12-23 18:00:00+00:00,0.0,0.0,10.64
2020-12-23 19:00:00+00:00,0.0,0.0,10.25
2020-12-23 20:00:00+00:00,0.0,0.0,9.98
2020-12-23 21:00:00+00:00,0.0,0.0,9.53
2020-12-23 22:00:00+00:00,0.0,0.0,8.85
2020-12-23 23:00:00+00:00,0.0,0.0,8.38
2020-12-24 00:00:00+00:00,0.0,0.0,8.17
2020-12-24 01:00:00+00:00,0.0,0.0,7.79
2020-12-24 02:00:00+00:00,0.0,0.0,7.43
2020-12-24 03:00:00+00:00,0.0,0.0,7.17
2020-12-24 04:00:00+00:00,0.0,0.0,6.16
2020-12-24 05:00:00+00:00,0.0,0.0,4.63
2020-12-24 06:00:00+00:00,0.0,0.0,4.47
2020-12-24 07:00:00+00:00,0.0,0.0,5.03
2020-12-24 08:00:00+00:00,0.0,0.0,5.34
2020-12-24 09:00:00+00:00,0.01884,35.0,5.77
2020-12-24 10:00:00+00:00,0.11131,141.67,6.11
2020-12-24 11:00:00+00:00,0.50954,583.58,6.42
2020-12-24 12:00:00+00:00,0.10673,136.99,6.54
2020-12-24 13:00:00+00:00,0.00603,17.03,6.81
2020-12-24 14:00:00+00:00,0.1839799999999999,222.33,6.45
2020-12-24 15:00:00+00:00,0.0,0.0,5.75
2020-12-24 16:00:00+00:00,0.0,0.0,5.41
2020-12-24 17:00:00+00:00,0.0,0.0,5.48
2020-12-24 18:00:00+00:00,0.0,0.0,5.6
2020-12-24 19:00:00+00:00,0.0,0.0,5.73
2020-12-24 20:00:00+00:00,0.0,0.0,5.57
2020-12-24 21:00:00+00:00,0.0,0.0,5.49
2020-12-24 22:00:00+00:00,0.0,0.0,5.44
2020-12-24 23:00:00+00:00,0.0,0.0,5.27
2020-12-25 00:00:00+00:00,0.0,0.0,5.08
2020-12-25 01:00:00+00:00,0.0,0.0,4.92
2020-12-25 02:00:00+00:00,0.0,0.0,4.5
2020-12-25 03:00:00+00:00,0.0,0.0,4.22
2020-12-25 04:00:00+00:00,0.0,0.0,4.23
2020-12-25 05:00:00+00:00,0.0,0.0,4.13
2020-12-25 06:00:00+00:00,0.0,0.0,4.02
2020-12-25 07:00:00+00:00,0.0,0.0,4.2
2020-12-25 08:00:00+00:00,0.0,0.0,4.23
2020-12-25 09:00:00+00:00,0.20126,240.73,4.42
2020-12-25 10:00:00+00:00,0.41052,472.17,5.25
2020-12-25 11:00:00+00:00,0.50649,583.68,5.94
2020-12-25 12:00:00+00:00,0.28307,329.28,6.0
2020-12-25 13:00:00+00:00,0.4215899999999999,486.31,6.07
2020-12-25 14:00:00+00:00,0.1551699999999999,191.09,6.11
2020-12-25 15:00:00+00:00,0.0,0.0,5.4
2020-12-25 16:00:00+00:00,0.0,0.0,4.74
2020-12-25 17:00:00+00:00,0.0,0.0,4.14
2020-12-25 18:00:00+00:00,0.0,0.0,4.07
2020-12-25 19:00:00+00:00,0.0,0.0,4.64
2020-12-25 20:00:00+00:00,0.0,0.0,4.36
2020-12-25 21:00:00+00:00,0.0,0.0,4.32
2020-12-25 22:00:00+00:00,0.0,0.0,4.03
2020-12-25 23:00:00+00:00,0.0,0.0,4.28
2020-12-26 00:00:00+00:00,0.0,0.0,4.92
2020-12-26 01:00:00+00:00,0.0,0.0,4.88
2020-12-26 02:00:00+00:00,0.0,0.0,4.67
2020-12-26 03:00:00+00:00,0.0,0.0,4.77
2020-12-26 04:00:00+00:00,0.0,0.0,5.02
2020-12-26 05:00:00+00:00,0.0,0.0,4.77
2020-12-26 06:00:00+00:00,0.0,0.0,5.05
2020-12-26 07:00:00+00:00,0.0,0.0,5.03
2020-12-26 08:00:00+00:00,0.0,0.0,5.02
2020-12-26 09:00:00+00:00,0.0867,114.36,5.0
2020-12-26 10:00:00+00:00,0.00491,15.14,5.09
2020-12-26 11:00:00+00:00,0.08073,107.68,5.18
2020-12-26 12:00:00+00:00,0.01462,29.33,5.33
2020-12-26 13:00:00+00:00,0.01531,30.27,5.49
2020-12-26 14:00:00+00:00,0.01885,35.0,5.78
2020-12-26 15:00:00+00:00,0.0,0.0,6.42
2020-12-26 16:00:00+00:00,0.0,0.0,6.83
2020-12-26 17:00:00+00:00,0.0,0.0,7.0
2020-12-26 18:00:00+00:00,0.0,0.0,7.13
2020-12-26 19:00:00+00:00,0.0,0.0,6.36
2020-12-26 20:00:00+00:00,0.0,0.0,6.49
2020-12-26 21:00:00+00:00,0.0,0.0,6.67
2020-12-26 22:00:00+00:00,0.0,0.0,6.86
2020-12-26 23:00:00+00:00,0.0,0.0,6.92
2020-12-27 00:00:00+00:00,0.0,0.0,6.7
2020-12-27 01:00:00+00:00,0.0,0.0,6.4
2020-12-27 02:00:00+00:00,0.0,0.0,6.28
2020-12-27 03:00:00+00:00,0.0,0.0,6.15
2020-12-27 04:00:00+00:00,0.0,0.0,6.07
2020-12-27 05:00:00+00:00,0.0,0.0,5.99
2020-12-27 06:00:00+00:00,0.0,0.0,5.91
2020-12-27 07:00:00+00:00,0.0,0.0,5.6
2020-12-27 08:00:00+00:00,0.0,0.0,5.88
2020-12-27 09:00:00+00:00,0.01596,31.22,6.29
2020-12-27 10:00:00+00:00,0.03615,56.76,6.65
2020-12-27 11:00:00+00:00,0.07476,101.37,6.67
2020-12-27 12:00:00+00:00,0.02393,41.62,6.48
2020-12-27 13:00:00+00:00,0.04391,65.95,6.42
2020-12-27 14:00:00+00:00,0.01385,28.38,6.32
2020-12-27 15:00:00+00:00,0.0,0.0,6.03
2020-12-27 16:00:00+00:00,0.0,0.0,5.78
2020-12-27 17:00:00+00:00,0.0,0.0,5.49
2020-12-27 18:00:00+00:00,0.0,0.0,5.25
2020-12-27 19:00:00+00:00,0.0,0.0,4.86
2020-12-27 20:00:00+00:00,0.0,0.0,4.75
2020-12-27 21:00:00+00:00,0.0,0.0,4.5
2020-12-27 22:00:00+00:00,0.0,0.0,4.19
2020-12-27 23:00:00+00:00,0.0,0.0,3.7
2020-12-28 00:00:00+00:00,0.0,0.0,3.3
2020-12-28 01:00:00+00:00,0.0,0.0,3.23
2020-12-28 02:00:00+00:00,0.0,0.0,2.94
2020-12-28 03:00:00+00:00,0.0,0.0,2.57
2020-12-28 04:00:00+00:00,0.0,0.0,2.17
2020-12-28 05:00:00+00:00,0.0,0.0,2.02
2020-12-28 06:00:00+00:00,0.0,0.0,2.06
2020-12-28 07:00:00+00:00,0.0,0.0,1.8
2020-12-28 08:00:00+00:00,0.0,0.0,2.06
2020-12-28 09:00:00+00:00,0.06366,87.8,3.03
2020-12-28 10:00:00+00:00,0.06809,93.08,4.06
2020-12-28 11:00:00+00:00,0.11237,142.27,4.49
2020-12-28 12:00:00+00:00,0.16708,201.79,4.88
2020-12-28 13:00:00+00:00,0.10884,138.62,5.0
2020-12-28 14:00:00+00:00,0.051,73.92,5.06
2020-12-28 15:00:00+00:00,0.0022,10.41,4.92
2020-12-28 16:00:00+00:00,0.0,0.0,4.32
2020-12-28 17:00:00+00:00,0.0,0.0,4.04
2020-12-28 18:00:00+00:00,0.0,0.0,3.53
2020-12-28 19:00:00+00:00,0.0,0.0,3.8
2020-12-28 20:00:00+00:00,0.0,0.0,3.72
2020-12-28 21:00:00+00:00,0.0,0.0,3.6
2020-12-28 22:00:00+00:00,0.0,0.0,3.09
2020-12-28 23:00:00+00:00,0.0,0.0,3.02
2020-12-29 00:00:00+00:00,0.0,0.0,3.02
2020-12-29 01:00:00+00:00,0.0,0.0,3.29
2020-12-29 02:00:00+00:00,0.0,0.0,3.37
2020-12-29 03:00:00+00:00,0.0,0.0,3.63
2020-12-29 04:00:00+00:00,0.0,0.0,3.29
2020-12-29 05:00:00+00:00,0.0,0.0,2.89
2020-12-29 06:00:00+00:00,0.0,0.0,2.61
2020-12-29 07:00:00+00:00,0.0,0.0,2.84
2020-12-29 08:00:00+00:00,0.0,0.0,2.08
2020-12-29 09:00:00+00:00,0.0312,50.01,2.5
2020-12-29 10:00:00+00:00,0.06299,87.42,3.86
2020-12-29 11:00:00+00:00,0.08041,107.56,5.05
2020-12-29 12:00:00+00:00,0.04814,70.95,5.61
2020-12-29 13:00:00+00:00,0.0369699999999999,57.7,5.91
2020-12-29 14:00:00+00:00,0.06533,90.45,5.44
2020-12-29 15:00:00+00:00,0.0,2.84,4.84
2020-12-29 16:00:00+00:00,0.0,0.0,4.25
2020-12-29 17:00:00+00:00,0.0,0.0,3.84
2020-12-29 18:00:00+00:00,0.0,0.0,3.7
2020-12-29 19:00:00+00:00,0.0,0.0,4.1
2020-12-29 20:00:00+00:00,0.0,0.0,4.07
2020-12-29 21:00:00+00:00,0.0,0.0,3.78
2020-12-29 22:00:00+00:00,0.0,0.0,3.34
2020-12-29 23:00:00+00:00,0.0,0.0,2.97
2020-12-30 00:00:00+00:00,0.0,0.0,3.01
2020-12-30 01:00:00+00:00,0.0,0.0,3.07
2020-12-30 02:00:00+00:00,0.0,0.0,3.16
2020-12-30 03:00:00+00:00,0.0,0.0,3.73
2020-12-30 04:00:00+00:00,0.0,0.0,3.94
2020-12-30 05:00:00+00:00,0.0,0.0,4.33
2020-12-30 06:00:00+00:00,0.0,0.0,4.51
2020-12-30 07:00:00+00:00,0.0,0.0,4.68
2020-12-30 08:00:00+00:00,0.0,0.0,4.46
2020-12-30 09:00:00+00:00,0.00272,11.35,4.63
2020-12-30 10:00:00+00:00,0.0308999999999999,50.14,5.14
2020-12-30 11:00:00+00:00,0.07562,102.22,5.55
2020-12-30 12:00:00+00:00,0.0232,40.68,6.1
2020-12-30 13:00:00+00:00,0.10226,131.78,6.02
2020-12-30 14:00:00+00:00,0.00856,20.81,5.73
2020-12-30 15:00:00+00:00,0.00125,8.51,5.35
2020-12-30 16:00:00+00:00,0.0,0.0,4.81
2020-12-30 17:00:00+00:00,0.0,0.0,4.45
2020-12-30 18:00:00+00:00,0.0,0.0,4.08
2020-12-30 19:00:00+00:00,0.0,0.0,3.52
2020-12-30 20:00:00+00:00,0.0,0.0,3.24
2020-12-30 21:00:00+00:00,0.0,0.0,3.04
2020-12-30 22:00:00+00:00,0.0,0.0,2.84
2020-12-30 23:00:00+00:00,0.0,0.0,2.58
2020-12-31 00:00:00+00:00,0.0,0.0,2.48
2020-12-31 01:00:00+00:00,0.0,0.0,2.22
2020-12-31 02:00:00+00:00,0.0,0.0,2.04
2020-12-31 03:00:00+00:00,0.0,0.0,1.74
2020-12-31 04:00:00+00:00,0.0,0.0,1.73
2020-12-31 05:00:00+00:00,0.0,0.0,1.8
2020-12-31 06:00:00+00:00,0.0,0.0,1.84
2020-12-31 07:00:00+00:00,0.0,0.0,1.03
2020-12-31 08:00:00+00:00,0.0,0.0,1.17
2020-12-31 09:00:00+00:00,0.28698,338.01,1.59
2020-12-31 10:00:00+00:00,0.27243,320.01,2.63
2020-12-31 11:00:00+00:00,0.40448,472.92,3.56
2020-12-31 12:00:00+00:00,0.23412,276.81,4.09
2020-12-31 13:00:00+00:00,0.19888,237.91,4.51
2020-12-31 14:00:00+00:00,0.23124,275.55,4.65
2020-12-31 15:00:00+00:00,0.1099599999999999,146.62,4.31
2020-12-31 16:00:00+00:00,0.0,0.0,3.63
2020-12-31 17:00:00+00:00,0.0,0.0,2.85
2020-12-31 18:00:00+00:00,0.0,0.0,2.25
2020-12-31 19:00:00+00:00,0.0,0.0,1.8
2020-12-31 20:00:00+00:00,0.0,0.0,0.75
2020-12-31 21:00:00+00:00,0.0,0.0,0.32
2020-12-31 22:00:00+00:00,0.0,0.0,0.62
2020-12-31 23:00:00+00:00,0.0,0.0,0.86
