timestamp,SOC_bat_kWh,SOC_h2_kg,SOC_tes_kWh,T_in_C,u_P_bat_ch,u_P_bat_dis,u_P_elz,u_P_fc,u_P_hp,u_P_eboiler,u_Q_tes_ch,u_Q_tes_dis,u_vent,u_P_grid,P_pv_kW,P_load_kW,price_EUR_kWh,T_out_C,G_Wm2,grid_cost_EUR,elec_residual_kW,Q_air_kW,T_violation_C
2023-01-01 00:00:00+00:00,500.0,60.0,1600.0,19.0,8.112780161976511e-05,4.218272985976521e-05,249.9999930203635,8.944900814250571e-07,174.99979279607388,599.9997971615187,0.05091198762396148,0.0002986512605585346,0.1522689922282757,1144.9996210285378,0.0,120.0,-0.00146,2.28,0.0,-1.6716994467016653,0.0,1206.4484612659417,0.0
2023-01-01 01:00:00+00:00,500.0000339423459,64.87548735896358,1592.0506133363633,19.371561211893184,8.262144381013432e-05,4.1748581399126584e-05,249.99999303801818,8.928419879657183e-07,174.99980120135106,599.9998054509384,0.08701851508013088,0.0002978741377067938,0.14346802396269748,1144.999639670328,0.0,120.0,-0.00152,2.05,0.0,-1.7403994522988986,0.0,1206.4123915852044,0.0
2023-01-01 02:00:00+00:00,500.0000697708263,69.75097471837036,1584.177080910624,19.64531674921834,416.6640093604493,2.3136719385801658e-05,249.9999939604452,8.003608149575584e-07,174.99994078311693,599.9999450330604,0.30556687938230515,0.00029704484293142735,0.05815490932754166,1561.6638651999915,0.0,120.0,-0.005,1.78,0.0,-7.808319325999958,0.0,1206.1944690493524,0.0
2023-01-01 03:00:00+00:00,899.9974946561083,74.62646210131568,1576.5614653406103,23.990090824684277,0.0015372245031716801,2.6734768863006446e-05,249.99999386367102,8.107160861314928e-07,174.9999355569913,599.9999397529191,511.7410855857554,0.00017791137975178335,5.267797159461613e-05,1145.0013788525996,0.0,120.0,-0.0046,1.69,0.0,-5.267006342721958,0.0,694.758807697985,0.0
2023-01-01 04:00:00+00:00,899.9989425429138,79.50194948175235,2080.419565688283,21.01788780466787,0.0002511272967834271,2.972993325631516e-05,249.9999937269683,8.25091592944058e-07,174.99992675278529,599.9999308088431,721.5885095198018,0.00015227146354670012,2.1853321616084027e-05,1145.0000718608687,0.0,120.0,-0.00405,1.45,0.0,-4.637250291036518,0.0,484.911318464729,0.0
2023-01-01 05:00:00+00:00,899.9991526564382,84.37743685866043,2791.60582510818,16.00245451644548,0.0001968261051598915,2.1333780282019275e-05,249.99999361185948,8.369503571948815e-07,174.99991753738496,599.999921450857,600.4791922531138,0.00016613720030241318,1.7306986699578305e-05,1145.0000072554758,0.0,120.0,-0.0036,0.98,0.0,-4.1220000261197125,0.0,606.0206080871476,0.0
2023-01-01 06:00:00+00:00,899.9993193868114,89.25292423261206,3378.1268220985526,16.00572657617482,6.578959357296917e-05,4.543205659057609e-05,249.99999256472674,9.358876533030086e-07,174.99168708626868,254.98762259206953,0.05073920938581634,0.0002986676977527105,5.229707362718684e-06,1999.9793216647142,0.0,1320.0,0.0,0.58,0.0,0.0,0.0,864.8582112815225,0.0
2023-01-01 07:00:00+00:00,899.9993352197623,94.12841158020574,3361.286628529748,20.392658962450287,7.292616872596914e-05,4.093636535764654e-05,249.99999255687501,9.370614329694511e-07,174.9969153687786,254.99525591970584,0.010647414948668046,0.00030589448436217837,1.8264067463008455e-06,1999.9921948981014,0.0,1320.0,0.0,1.54,0.0,0.0,0.0,864.9241662867124,0.0
2023-01-01 08:00:00+00:00,899.999362586837,99.00389892757585,3344.490536907564,22.632779520097866,8.06705209710345e-05,3.706057288336723e-05,249.99999253564735,9.40222726985494e-07,174.9988490232862,254.99821221084338,0.00324944588979281,0.0003283343374056646,6.485902669464634e-07,1999.9970964395022,0.0,1320.0,0.0,1.5,0.0,0.0,0.0,864.9412812168401,0.0
2023-01-01 09:00:00+00:00,899.9994014257737,103.87938627434228,3327.771005334578,23.443964322815706,7.093943140696293e-05,4.921647957557689e-05,249.9999922385521,9.691409361035377e-07,111.96346571842781,0.0004233344240349558,0.0011278752977641824,0.0004085562188537828,3.7187546854064916e-07,1590.979902045215,9.24,1238.256,0.00099,1.88,34.06,1.575070103024763,0.0,419.11983047489684,0.0
2023-01-01 10:00:00+00:00,899.9994182604617,108.75487361357952,3311.1328696269843,16.00002454367896,9.355429845033281e-05,4.101969294583623e-05,249.999992378248,9.549845166287622e-07,150.12804541262494,0.0007269232173356451,0.0020205689332173597,0.0003504891832581097,6.612447907959036e-07,1605.3858162937115,12.575,1217.832,0.00058,2.3,42.57,0.9311237734503527,0.0,559.5032091869117,0.0
2023-01-01 11:00:00+00:00,899.9994653437413,113.63036095639056,3294.5788753585994,16.000034185641354,0.0001498066989567442,3.521330453366415e-05,249.9999925565363,9.366407359862021e-07,174.9910682914411,0.02343997212055636,132.92891378393338,0.00025340000087973485,5.927126493841876e-06,1561.0906144768517,22.74,1158.816,4e-05,3.05,67.16,0.06244362457907407,0.0,533.2912848641593,0.0
2023-01-01 12:00:00+00:00,899.9995724776468,118.50584830377932,3411.0346413657385,16.000477228209256,0.00020450176807042746,5.322122819594997e-05,249.99999256355594,9.360739216575095e-07,174.99466721347744,482.749452630608,206.02043879859323,0.00023440855341766128,3.3236122090802267e-06,1999.9862627521075,29.35,1121.592,0.0,3.89,82.67,0.0,0.0,950.5190896166849,0.0
2023-01-01 13:00:00+00:00,899.9997133605648,123.38133565133897,3599.9996725489495,23.999982047426975,0.0003234522223513964,2.918166675980603e-05,249.9999922866851,9.767678001721992e-07,174.99986023228533,129.01547657373922,18.000603640067915,0.0002901311817693928,8.077082933605276e-08,1730.2376223864976,16.64999999999995,1192.872,0.00085,4.44,52.97,1.470701979028523,0.0,764.6005197958517,0.0
2023-01-01 14:00:00+00:00,899.9999934771288,128.25682299105725,3599.9999876950906,23.99999695179364,4.3993517790912086e-05,4.727891243838829e-05,249.99997503468887,1.4751485793960123e-06,88.06213515040875,1.2064764633791347e-05,18.00025914878864,0.00029013106660049764,9.783915801203038e-09,1577.729117489319,7.685,1247.352,0.02353,4.54,30.27,37.12396613452367,0.0,314.4335169854296,0.0
2023-01-01 15:00:00+00:00,899.9999864620388,133.1323099644221,3599.999956774337,16.000001750263735,3.919107926733943e-05,4.3292443778903726e-05,0.0013277210507603027,2.0093232547560136e-06,136.05542131131506,5.632985317206462e-06,18.000257823405033,0.0002901312125997747,2.258009159166076e-09,1325.8537485546633,14.235,1204.032,0.0365399999999999,4.09,48.32,48.446695972187264,0.0,496.850013880592,0.0
2023-01-01 16:00:00+00:00,899.9999789891793,133.13233573700043,3599.9999246826574,16.000000805358358,3.726141366934735e-05,3.6903386236497946e-05,3.709530877733218e-05,2.3019288412884798e-06,155.3000518408693,3.2346374229321093e-06,18.00038368116241,0.0002901311015152197,-8.960883448320545e-10,1475.3000902269139,0.0,1320.0,0.04603,3.27,0.0,67.90806315314485,0.0,525.5500927066229,0.0
2023-01-01 17:00:00+00:00,899.9999763191091,133.13233632230174,3600.0000186093052,16.000002001785614,7.11811350677572e-07,499.99999695678724,2.6070420910984884e-06,2.34031784137013e-05,94.10221984944333,-1.7450765902711584e-06,0.00023483748407459066,204.24240023358243,-5.8796310580650244e-09,914.1022010632544,0.0,1320.0,0.0999,3.04,0.0,91.31880988621911,0.0,533.599949523749,0.0
2023-01-01 18:00:00+00:00,379.166646839128,133.132334968813,3377.7578531201602,16.00000011583797,3.6087306626006224e-05,3.8245369177783345e-05,2.5751593166534958e-05,2.3757698160247147e-06,174.99999451899942,5.088376808065927e-06,72.60026937161747,0.0002714731836844723,-5.818690726775886e-09,1495.0000208251372,0.0,1320.0,0.05495,2.86,0.0,82.15025114434128,0.0,539.8999896185961,0.0
2023-01-01 19:00:00+00:00,379.1666416440162,133.13233532845885,3433.469061752993,16.000000131165493,1.551280733894951e-05,195.80792739314876,2.3073400183668085e-05,1.7806879499551736e-06,174.9999933419596,2.8963858447856826e-06,61.400267568683645,0.00027510713123478055,-5.962095540494833e-09,1299.1921056507165,0.0,1320.0,0.062,2.54,0.0,80.54991055034442,0.0,551.0999883492098,0.0
2023-01-01 20:00:00+00:00,175.20006550178127,133.13233567158318,3477.701708905781,16.000000127733472,5.437334095600403e-05,2.7131306870533516e-05,0.0004148842915699444,1.1778919064782071e-06,174.99999526392267,6.286466400989502e-06,60.35027802741402,0.00027545266608632794,-6.036714707926114e-09,1495.0004424988228,0.0,1320.0,0.05293,2.51,0.0,79.13037342146269,0.0,552.1499878971075,0.0
2023-01-01 21:00:00+00:00,175.2000894384106,133.13234369195538,3520.6632029359994,16.000000122601993,254.9999486531419,1.5325647578718012e-05,249.99995260673415,9.034521562247233e-07,174.99999625977316,9.758168566685713e-06,58.95028612879324,0.000275914697033874,-6.18054355872463e-09,1999.9998910487177,0.0,1320.0,0.04596,2.47,0.0,91.91999499259907,0.0,553.5499869881132,0.0
2023-01-01 22:00:00+00:00,420.0000241812106,138.0078302622366,3562.009897135416,16.00000011224249,499.99998373290055,5.74234859830691e-06,249.9999858027314,6.309661159293124e-07,174.99999751919117,4.6740689706397514e-05,55.800328332066876,0.0002769597948741047,-6.550430329946227e-09,1045.0000074221982,0.0,120.0,0.035,2.38,0.0,36.57500025977694,0.0,556.6999866598562,0.0
2023-01-01 23:00:00+00:00,900.000002583182,142.8833174962553,3599.9998990220106,16.000000122536367,4.2240601563958336e-06,499.9999846769277,2.8816433096273363e-06,5.594209328193862e-06,89.49008794861422,-2.1322411033989112e-06,0.00022523561977389397,245.5849003577149,-6.451676663072259e-09,-290.5098973490604,0.0,120.0,0.1099,2.32,0.0,-31.927037718661737,0.0,558.7999847472727,0.0
2023-01-02 00:00:00+00:00,379.16668926648003,142.88331721676684,3336.4152244048055,16.000000088690765,1.2335732738563851e-05,268.0000319844808,4.820115635082062e-06,3.489084483291688e-06,174.99998475869825,-1.2676162716706756e-06,53.35023985518307,0.00027777801716669445,-6.4494590356658065e-09,26.999965173365048,0.0,120.0,0.0949,2.31,0.0,2.562296694952343,0.0,559.149985765697,0.0
2023-01-02 01:00:00+00:00,100.00000112494928,142.8833171014025,3373.083110359947,16.0000000944246,0.00021545535102512228,1.7703052842839245e-05,249.99906904349305,1.0832986682249185e-06,174.9999963442122,7.235291724639698e-06,55.10028630582301,0.0002771930944994194,-6.399063700256396e-09,544.9992692919965,0.0,120.0,0.05293,2.36,0.0,28.846811323625374,0.0,557.399986013262,0.0
2023-01-02 02:00:00+00:00,100.00018952140621,147.75878642968553,3411.317703920876,16.000000097380664,499.99995350417043,9.108951509878257e-06,249.99996898902583,8.337547060089906e-07,174.99999706713356,1.5131189971751884e-05,58.250295351777424,0.00027614627532864883,-6.380553091278354e-09,1044.9999247488136,0.0,120.0,0.04416,2.45,0.0,46.147196676907605,0.0,554.2499860929718,0.0
2023-01-02 03:00:00+00:00,580.0001353969186,152.63427332363565,3452.511134606774,16.000000096949872,333.3332032457266,1.4855789586331613e-05,249.99990653637113,1.0003949389532647e-06,174.9999966362238,9.210055361876856e-06,60.70028721508896,0.000275337391122843,-6.37231613790729e-09,878.3330997721924,0.0,120.0,0.05008,2.52,0.0,43.9869216365914,0.0,551.7999861673169,0.0
2023-01-02 04:00:00+00:00,899.9999950380353,157.5097589896378,3495.9485908114375,16.000000096123053,3.591574910160058e-05,2.926149588432734e-05,1.029021485209226e-05,2.159239788300912e-06,174.99999270713613,5.408868982564202e-07,65.2502639963029,0.0002738473451468547,-6.3472015166595865e-09,295.0000080332513,0.0,120.0,0.07709,2.65,0.0,22.74155061928334,0.0,547.2499863729646,0.0
2023-01-02 05:00:00+00:00,899.9999990364296,157.5097590607497,3543.718838006338,16.00000009532937,2.959367994062507e-05,2.557070700290113e-05,3.382179851669064e-06,4.3625196488212335e-06,174.99992283221158,-2.098265563114433e-06,74.00000697380148,0.0002710255997509771,-5.856896974950535e-09,294.9999237765792,0.0,120.0,0.1050799999999999,2.9,0.0,30.99859199044291,0.0,538.4999949410197,0.0
2023-01-02 06:00:00+00:00,900.0000008102091,157.50975886493146,3599.999979764508,16.00000021979914,1.9279657503673404e-05,2.9191746730873105e-05,9.884731395070284e-07,9.173668591915343e-05,151.15575048412103,-2.977606593795429e-06,0.0003161486573894487,0.005107327457288062,-7.043591486248571e-09,1471.0667503716822,0.0,1319.9111035254698,0.14064,3.17,0.0,206.89082777227338,0.0,529.0499791410731,0.0
2023-01-02 07:00:00+00:00,899.9999889106108,157.50975337945698,3581.995188686886,16.000000032132732,9.888433497197857e-06,0.00014526020002919747,2.666116044341198e-07,199.9999857243444,1.2841988768944606e-05,-3.5095606909410864e-06,0.00019347664565563197,410.4001436882483,-7.19586985954842e-09,1119.9109920283984,0.0,1319.9111035254698,0.16244,2.56,0.0,181.91834154509303,0.0,550.3999816911394,0.0
2023-01-02 08:00:00+00:00,899.9998470907987,145.5085541212694,3153.6852625318493,16.00000003050274,3.1856920297607813e-06,499.99998255963544,-1.107046555950638e-07,199.99999351775293,6.325244222085399e-06,-3.818922305163387e-06,0.00019512121408268312,400.6001634879026,-7.150345207735309e-09,619.9111330293907,0.0,1319.9111035254698,0.18,2.84,0.0,111.58400394529032,0.0,540.5999821867372,0.0
2023-01-02 09:00:00+00:00,379.16653498277606,133.50735438807217,2737.316867852501,16.000000029407513,0.00015981546910239468,9.652288580882045e-06,7.794920580715062e-07,199.99967958094777,0.00011318479635784931,-3.101604224144384e-06,0.00020326569291499556,354.3160174182864,-7.070941730942419e-09,1013.8667042360153,11.299999999999999,1225.1661227910984,0.14561,3.26,39.48,147.62913080380616,0.0,525.8999829354559,0.0
2023-01-02 10:00:00+00:00,379.16667835115913,121.50617351032763,2369.3144693606455,16.00000002802756,499.9992601335709,7.667152164407396e-06,9.555686929653577e-07,5.0755637863670043e-05,131.10072632406334,-3.03474385554764e-06,0.0010164073520617196,0.0004259708842012209,-6.924492948668336e-09,1799.191952105626,17.885,1185.9770261499568,0.14335,3.9,55.81,257.9141663343415,0.0,503.49998422230396,0.0
2023-01-02 11:00:00+00:00,859.1659600927702,121.50617048332025,2357.4684874503096,16.000000028002706,0.0004870564834728454,8.834122453720865e-06,9.88001945142637e-07,2.7781692827989865e-05,123.36864761275153,-3.055908134875503e-06,0.0007848514996997906,0.0004872446535423144,-6.75035327202292e-09,1286.2054581641444,18.605,1181.4413621786305,0.14438,4.63,57.7,185.70234404973917,0.0,477.94998545962017,0.0
2023-01-02 12:00:00+00:00,859.1664184647834,121.50616883551993,2345.6814426199044,16.00000002495486,42.53477009369674,8.405183278444579e-06,1.0345740405118115e-06,2.2243957449437093e-05,174.99852094081487,-3.0415271540588498e-06,194.65908610350132,0.00023717722828263724,-6.575382499286503e-09,1399.0314435677258,15.83,1197.3281851893078,0.14376,5.18,51.08,201.12476032729626,0.0,458.69998692623733,0.0
2023-01-02 13:00:00+00:00,899.9997889993331,121.50616752092522,2528.611884333078,16.000000030004625,0.00010260123957344895,1.1239583330254926e-05,8.643686636675322e-07,3.851662965694039e-05,55.94530807733142,-3.1317953002893707e-06,0.00023845596986448887,189.49762374470615,-6.453585138965898e-09,1205.5705617942115,20.465,1170.0902031392798,0.1482,5.85,62.43,178.66555725790215,0.0,435.24998742055965,0.0
2023-01-02 14:00:00+00:00,899.9998757886239,121.5061652265532,2326.471439622676,16.000000020533143,3.2576254349395225e-05,2.9519608247606983e-06,6.608912330735588e-07,8.352352726363764e-05,0.00010140821262388805,-3.2837321050631542e-06,0.00011337655105817906,391.0376915995121,-6.318090783604761e-09,1221.2617071934988,10.11999999999995,1231.3816623073608,0.15534,6.27,36.89,189.7107935954381,0.0,420.5499883672795,0.0
2023-01-02 15:00:00+00:00,899.9999039868688,121.50616022752904,1923.8015042016013,16.000000019523426,1.6708736752413848e-05,4.092537674363617e-05,3.95990773836962e-07,199.9998492992702,1.9435950024834316e-05,-3.494124476639596e-06,0.00022001100506986184,269.542249456712,-6.29302875651556e-09,1098.8737593653723,0.615,1299.4886165434662,0.164,6.39,8.51,180.21529653592106,0.0,416.34998852183793,0.0
2023-01-02 16:00:00+00:00,899.9998773966554,109.5049691581877,1644.6404672348865,16.00000001833631,3.6483733206449464e-06,499.9999771343434,-9.14852285782493e-08,199.99998854575017,6.892991638328177e-06,-3.870064060915545e-06,0.00021849517531730947,276.7001946526868,-6.315112913178619e-09,619.911144425192,0.0,1319.9111035254698,0.18568,6.38,0.0,115.10510129686966,0.0,416.69998843364385,0.0
2023-01-02 17:00:00+00:00,379.1665713841527,97.50376972371528,1359.7172887412005,16.000000017300195,7.784739912573702e-06,267.99978750299476,1.6418746093788373e-07,199.9999778091305,1.806155052641813e-05,-3.6220176377588083e-06,0.00021901166081108957,274.2501616905991,-6.647781098298651e-09,851.9113606018045,0.0,1319.9111035254698,0.17474,6.45,0.0,148.86299115155933,0.0,414.249986774959,0.0
2023-01-02 18:00:00+00:00,100.00013354188343,85.50257093849058,1078.6687596185564,15.999999997002536,1.415527399373601e-05,0.00010469324113617815,2.959592690388994e-07,199.99982917880766,1.5106397296681838e-05,-3.5985908562282635e-06,0.0002206506383684151,266.55028020033444,-6.235645338553012e-09,1119.9111956124607,0.0,1319.9111035254698,0.1699,6.67,0.0,190.27291213455706,0.0,406.54998928464704,2.9974636106544494e-09
2023-01-02 19:00:00+00:00,100.00003807548694,73.50138107454693,806.7253562707675,16.000000015365625,2.255328467737261e-05,2.7644001807345484e-05,8.693077758409955e-07,1.5966423492696954e-05,0.0024344381642319762,-3.222672176316396e-06,0.0001866342125601432,402.6916468167791,-6.21241403571067e-09,1319.913514553129,0.0,1319.9111035254698,0.153,6.78,0.0,201.94676772662874,0.0,402.69998870219234,0.0
2023-01-02 20:00:00+00:00,100.00003093080501,73.5013801334189,400.00026930684714,16.000000008561212,2.801475914093078e-05,1.9220493709585095e-05,1.3516469722647518e-06,8.300261331236888e-06,174.99993705934014,-2.9596917451323483e-06,219.25002334506152,0.00023126191030967954,-5.928186354236215e-09,1494.9110394707695,0.0,1319.9111035254698,0.14167,7.05,0.0,211.78404696182392,0.0,393.2499905046274,0.0
2023-01-02 21:00:00+00:00,100.00003780362617,73.50137966171317,617.250060043464,16.000000023183993,2.9696000176668875e-05,1.911130207178429e-05,1.7113553473757762e-06,6.419458947989895e-06,174.99997679977812,-2.732531778925153e-06,231.85015810548305,0.00022834021512619737,-5.779004380376907e-09,1494.9110834693106,0.0,1319.9111035254698,0.13491,7.41,0.0,201.6784542708447,0.0,380.64999082237034,0.0
2023-01-02 22:00:00+00:00,100.00004640418001,73.50137930988188,846.0137395085146,16.000000022096117,0.00010169796040942878,1.198434384431898e-05,2.441076001337388e-06,4.521038164318887e-06,174.99998886376537,-2.3002014253151683e-06,244.45019593184577,0.00022548903707713216,-5.616656654660275e-09,295.00007419721834,0.0,120.0,0.12422,7.77,0.0,36.64490921677846,0.0,368.0499914678974,0.0
2023-01-02 23:00:00+00:00,100.0001315505305,73.50137908619821,1086.2336412537807,16.000000021013435,2.6900953241711192e-05,2.4661355935616846e-05,2.0171410303562304e-06,5.470345842831222e-06,174.99998537664368,-2.534770823386248e-06,256.00018101951946,0.00022293524000849125,-5.456655992854852e-09,294.99998162826535,0.0,120.0,0.13001,8.1,0.0,38.35294761149078,0.0,356.4999920537924,0.0
2023-01-03 00:00:00+00:00,100.00013168653318,73.50137879728283,1336.802431131791,16.00000001993592,0.00010140618600111041,1.2429204485049118e-05,2.8038720147454655e-06,4.016692072672918e-06,174.9999913756122,-2.0790857164094506e-06,264.40019922071747,0.0002211127386011276,-5.338008687113021e-09,295.00007706068794,0.0,120.0,0.12,8.34,0.0,35.400009247282554,0.0,348.0999924600535,0.0
2023-01-03 01:00:00+00:00,100.00021608938373,73.50137861093818,1594.5183970841108,16.000000018863542,0.00010617288221429909,1.2831340566098173e-05,2.9208261769583747e-06,3.89019097209631e-06,174.99999203658484,-2.0043164497645623e-06,271.4001996960492,0.00021961582095900996,-5.237236171255515e-09,295.00008240444527,0.0,120.0,0.11876,8.54,0.0,35.03420978635192,0.0,341.09999278667914,0.0
2023-01-03 02:00:00+00:00,100.0003046493709,73.50137843446518,1857.9457851789184,16.000000017796282,333.3327799715486,9.6027618153781e-06,3.3092528913814673e-06,3.506379019630513e-06,174.99999326023342,-1.7846329969446519e-06,274.20020324734577,0.00021902251583925893,-5.209958405303035e-09,628.3327616472611,0.0,120.0,0.115,8.62,0.0,72.25826758943504,0.0,338.2999928736657,0.0
2023-01-03 03:00:00+00:00,419.9997634191806,73.50137828859829,2122.8560404778536,16.00000001673409,499.9997851612152,8.470751815849595e-06,3.4649878582735773e-06,3.3879752334274775e-06,174.99999373715687,-1.690049148642937e-06,270.70020594220017,0.00021976472844918702,-5.297899469360787e-09,794.9997688145837,0.0,120.0,0.11363,8.52,0.0,90.33582373040115,0.0,341.79999260101135,0.0
2023-01-03 04:00:00+00:00,899.9995483502474,73.50137815287347,2382.941746452936,16.00000001567694,0.0004691407862109128,1.0537279312320927e-05,3.1719770961252345e-06,3.667898708759001e-06,174.99999332315133,-1.8327475361418506e-06,265.45020604236595,0.00022088694558186468,-5.413651700744609e-09,295.0004495979891,0.0,120.0,0.11627,8.37,0.0,34.29970227475819,0.0,347.0499922287183,0.0
2023-01-03 05:00:00+00:00,899.9999877490695,73.50137799463728,2636.4770228760917,16.000000014624842,2.4799434838939593e-05,2.181742425102708e-05,1.490296998803408e-06,7.840456095733075e-06,174.9999804298117,-2.810714181059471e-06,265.1001628764992,0.00022096221060199196,-5.442818262924994e-09,294.99997425094904,0.0,120.0,0.13892,8.36,0.0,40.981396422941835,0.0,347.3999922957646,0.0
2023-01-03 06:00:00+00:00,899.9999888300433,73.50137755322656,2888.394579676,16.000000016425226,1.2585846766449287e-05,5.308776482792906e-05,6.299130494905884e-07,3.24068617537616e-05,0.0002729291691400137,-3.349256380748189e-06,0.00016096940944948653,343.5491781647581,-5.501859207343504e-09,1319.6446377448688,0.0,1319.6444404438228,0.1599199999999999,8.47,0.0,211.0375704681593,0.0,343.54999181648003,0.0
2023-01-03 07:00:00+00:00,899.9999456127013,73.50137562090492,2530.4035895822717,16.000000007960693,8.818102408652434e-06,0.0003416681049044469,3.318788731347761e-07,199.99893080208818,2.6243381379130658e-05,-3.5495447055840236e-06,0.0002425185423430066,173.45089624316094,-4.946998774875948e-09,1119.6451998174477,0.0,1319.6444404438228,0.16917,9.33,0.0,189.41037845311763,0.0,313.4499936238659,0.0
2023-01-03 08:00:00+00:00,899.9995981738036,61.50023966565575,2344.300917909742,16.000000006967344,7.5133942835580885e-06,499.9991573545147,2.799693266523604e-07,199.99987767359485,2.341603338380664e-05,-3.5842568284272686e-06,0.0002441505968727328,167.1502452873925,-4.8325339691230415e-09,619.6454330408536,0.0,1319.6444404438228,0.17118,9.51,0.0,106.07090522793332,0.0,307.1499939160146,0.0
2023-01-03 09:00:00+00:00,379.1671498090426,49.49904689142203,2165.4294121833977,16.00000000597845,9.690350362261519e-06,0.0001305318023794441,3.622469428935032e-07,91.58110965033673,3.323862518576432e-05,-3.5287634745623565e-06,0.0002332810591389078,210.71733795259223,-4.6861456014879025e-09,1145.3274411628306,7.83,1244.7386415825104,0.16857,9.72,31.22,193.06784675681834,0.0,299.7999942684811,0.0
2023-01-03 10:00:00+00:00,379.1670231411515,44.00363077785428,1943.8851604509475,16.00000000499399,9.066690623839546e-06,0.00022427238498790616,3.231214725045553e-07,199.99970915524597,3.274177111837399e-05,-3.542614341872702e-06,0.00025553402572496136,125.37434277760748,-4.4748803815486846e-09,1036.9187467438483,7.82,1244.7386415825104,0.16949,9.99,31.22,175.74735838561483,0.0,290.34999474126465,0.0
2023-01-03 11:00:00+00:00,379.1667982281068,32.002448116574264,1808.7916474051108,16.000000004013952,1.327471922075027e-05,4.323659938673475e-05,4.881775416900941e-07,8.659250999600293e-05,0.00021755512390066894,-3.424583492612012e-06,0.0001755968925348316,149.077351709753,-4.428037352750934e-09,835.4516261153079,68.9,904.3515280509802,0.1645,10.07,173.09,137.43179249596815,0.0,287.54999478021347,0.0
2023-01-03 12:00:00+00:00,379.1667659337129,32.00244293002447,1650.6705130552248,16.000000002068475,1.8286393043663047e-05,2.576164393528698e-05,5.972460382547944e-07,3.920298707735555e-05,82.15133408828197,-3.358340677175118e-06,0.0004864394819280795,0.0007869222710828092,-4.8759581621871365e-09,1339.9075430597795,5.14499999999995,1262.90125841083,0.16091,9.53,23.65,215.6045227537491,0.0,306.4499939091098,0.0
2023-01-03 13:00:00+00:00,379.1667566536044,32.00244058925747,1642.4168600071594,16.00000000468704,1.5001385693083023e-05,3.428499274888108e-05,5.24457865133994e-07,6.811960060137353e-05,17.917539044664238,-3.393179935331888e-06,0.00023266255866677386,213.31479460867143,-5.181784379837153e-09,1196.8218887439727,15.905,1194.8094399712384,0.16306,9.21,52.03,195.1537771785922,0.0,317.64999292690993,0.0
2023-01-03 14:00:00+00:00,379.16673534140057,32.002436511900626,1420.8902137610107,16.000000001100055,1.1068729280935505e-05,7.064940575183546e-05,4.219231610207183e-07,0.000449356637226838,0.0002454305705614643,-3.4549498888019258e-06,0.00019431612793414682,273.21901600004264,-5.552443042816589e-09,1115.9820456100565,25.275,1141.2573121498262,0.16679,8.78,74.35,186.1346453873013,0.0,332.6999918201574,0.0
2023-01-03 15:00:00+00:00,379.1666723742497,32.00240955603431,1140.566941008291,15.999999997506919,1.1257261787345402e-05,6.673667016674995e-05,4.303744781231221e-07,0.0003249390171251242,0.0002799561883316208,-3.453897782253798e-06,0.00018287862201249273,263.5109698757112,-5.847792728882663e-09,1011.3248827419704,39.934999999999995,1051.259986227731,0.16657,8.2,111.86,168.45638571833,0.0,352.99999088170154,2.4930812969614635e-09
2023-01-03 16:00:00+00:00,379.16661366385625,32.00239006613659,871.3533193061603,15.999999999146013,7.95147539605289e-06,267.9996037508169,2.904583294926779e-07,199.99990711850822,5.212066746642968e-05,-3.5436860582395723e-06,0.00022929435291357172,227.70010535793196,-6.07067089732771e-09,851.6449863934129,0.0,1319.6444404438228,0.17082,7.78,0.0,145.47799657572278,0.0,367.69998996062174,8.539871032553492e-10
2023-01-03 17:00:00+00:00,100.00036739017168,20.001195525235943,639.2966766460504,15.999999998621131,9.791864367769158e-06,0.000315934351832262,3.377030074081149e-07,199.99981365996055,9.899148660078243e-05,-3.5014752972835522e-06,0.0002273705484383832,236.10000399455072,-6.200595746399946e-09,1119.644416469089,0.0,1319.6444404438228,0.16895,7.54,0.0,189.1639241624526,0.0,376.09998918971723,1.378868574875014e-09
2023-01-03 18:00:00+00:00,100.00004769207831,8.000006593330328,400.00041663881797,15.999999993774308,6.608202850552177e-06,3.099442137639778e-05,4.4865136344661194e-07,2.8258682595349045e-05,110.62845885903262,-3.3596550189263143e-06,1.999929539569962,0.000296120262734341,-6.1999852988639935e-09,1430.2728437469507,0.0,1319.6444404438228,0.16099,7.28,0.0,230.25962511482157,0.0,385.1999890423263,6.225691961958546e-09
2023-01-03 19:00:00+00:00,100.00002175009745,8.00000490638938,400.0000479749311,15.99999999508177,1.4711756754835278e-05,2.6581757846941687e-05,7.268972976093029e-07,1.8763269063530756e-05,113.82855596443713,-3.1590135686104688e-06,2.0002626761900677,0.0002961201368017473,-6.055930859519443e-09,1433.4729633428733,0.0,1319.6444404438228,0.14962,6.96,0.0,214.47622477536072,0.0,396.3999893263416,4.918229379313743e-09
2023-01-03 20:00:00+00:00,100.00000818405285,8.00000379465656,400.00001429110966,16.000000003098535,2.4133128308333594e-05,2.2439537812088334e-05,1.264620810822953e-06,1.0089439724418765e-05,119.52857018250093,-2.746012205294261e-06,2.000305441529484,0.00029611989956338734,-5.7505160708376624e-09,1439.1730007490833,0.0,1319.6444404438228,0.13063,6.39,0.0,187.99916908785275,0.0,416.3499906611791,0.0
2023-01-03 21:00:00+00:00,100.00000797733748,8.000003213892207,400.000023541284,16.000000031848785,2.485195294507811e-05,2.5976930858325835e-05,2.320083903871376e-06,6.745576876082233e-06,123.22856384325172,-2.285018302895961e-06,2.0002803043428026,0.00029611980596740313,-5.3283468740934795e-09,1442.8729964515853,0.0,1319.6444404438228,0.11442,6.02,0.0,165.09352825399037,0.0,429.29999172657983,0.0
2023-01-03 22:00:00+00:00,100.00000477590932,8.000002854363277,400.00000760811446,16.000000054187637,3.513260351339114e-05,2.474058164179055e-05,5.462291038560059e-06,2.7529830535218786e-06,148.22093836499076,-1.4036721326358254e-06,74.42355790710941,0.0002708903873488314,-4.458797543191444e-09,268.2209500626485,0.0,120.0,0.09248,5.59,0.0,24.805073461793736,0.0,444.3499977981984,0.0
2023-01-03 23:00:00+00:00,100.00001273176947,8.000002795693103,472.4232945867959,16.000000147050578,3.31934750612471e-05,2.9905805656036235e-05,1.0115974485080788e-05,1.5369373374452175e-06,174.9999761453629,-6.454843651867687e-07,172.35016152278638,0.0002428024493784192,-4.001152424306776e-09,294.99998736658506,0.0,120.0,0.0800699999999999,5.71,0.0,23.620648988442436,0.0,440.1499982252599,0.0
2023-01-04 00:00:00+00:00,100.00001344562465,8.000002900748871,642.4110968341989,16.000000170564515,2.9951439536548598e-05,4.011802940765436e-05,2.0963967624340143e-05,1.2361870358479084e-06,174.99998797459168,8.642759680312158e-07,169.90020604607855,0.00024343597694052442,-4.147087479441395e-09,294.9999984000584,0.0,120.0,0.06844,5.64,0.0,20.189799890499998,0.0,442.5999970219333,0.0
2023-01-04 01:00:00+00:00,100.00000040939264,8.000003235408483,809.0990039601296,16.000000164205243,4.239547952255708e-05,4.0155828861531965e-05,249.99998315214697,5.988827211577454e-07,174.9999966183182,2.1835942901230503e-05,171.65025892438848,0.00024298310838966053,-4.6732070214836404e-09,545.000003247176,0.0,120.0,0.03792,5.69,0.0,20.666400123132913,0.0,440.84999425963497,0.0
2023-01-04 02:00:00+00:00,99.99999928006459,12.875490419660812,976.703524881609,16.000000131045923,416.66666651256173,2.2076293429163356e-05,249.99999682078175,-3.382499147260794e-08,174.99999863907382,599.9999950016489,769.5001427230887,0.00014737842936485054,-4.662627179551151e-09,1561.6666349315979,0.0,120.0,0.0,5.8,0.0,0.0,0.0,436.99999492005406,0.0
2023-01-04 03:00:00+00:00,499.99997613598487,17.750977908444433,1741.3200026018606,16.000000128273502,416.6666434674594,2.2074680933380427e-05,249.99999682078175,-3.5898743530251284e-08,174.99999861314038,599.9999949100945,774.400141484094,0.00014689775109251923,-4.5432364592091215e-09,1561.6666117726938,0.0,120.0,0.0,5.94,0.0,0.0,0.0,432.09999549551304,0.0
2023-01-04 04:00:00+00:00,899.9999308702866,22.626465397352494,2507.013397175194,16.00000013090513,0.00010314507950507157,2.5584235696155526e-05,249.9999960614811,4.721164150150949e-08,174.99999838742394,599.9999915660309,776.5001371047031,0.00014668828452307282,-4.498521910010861e-09,1145.0000635285678,0.0,120.0,0.00633,6.0,0.0,7.247850402135834,0.0,429.999995622984,0.0
2023-01-04 05:00:00+00:00,900.0000032393174,27.501952866465587,3270.978320605737,16.000000131591964,3.699570404288011e-05,3.7006155204994755e-05,0.00024644193271976993,1.0759274847799843e-06,174.999994491989,5.029856812967137e-06,180.05023174463778,0.00024083192085255306,-4.522860974571538e-09,295.00024487739995,0.0,120.0,0.0549,5.93,0.0,16.195513443769258,0.0,432.4499955419521,0.0
2023-01-04 06:00:00+00:00,900.0000002071149,27.501957608001778,3434.673419915425,16.000000132402867,3.3861964172512826e-05,2.773030068569426e-05,7.133097630759334e-06,2.4436343718493064e-06,174.99997643920227,-7.353664764704359e-07,182.5001608182029,0.00024021143697109548,-4.501849673832689e-09,1494.200076298048,0.0,1319.2000897730857,0.08532,6.0,0.0,127.48515050974946,0.0,429.99999791297336,0.0
2023-01-04 07:00:00+00:00,900.0000038288706,27.501957600478367,3599.9999734226135,16.00000017328476,6.699922538227084e-06,499.99992878070003,6.442627707382534e-07,124.99999637599133,7.362324869970494e-06,-3.3953354437112864e-06,0.00020703140312359678,334.10017753190607,-5.3101818878108205e-09,694.2001759275691,0.0,1319.2000897730857,0.15,6.24,0.0,104.13002638913537,0.0,421.5999903704518,0.0
2023-01-04 08:00:00+00:00,379.16675111423365,20.00120775549751,3247.9000030549973,16.000000077839275,9.118978306816633e-06,267.99992384070185,8.024253298740992e-07,0.00016140306016417227,1.4793695931903704e-05,-3.226555625400165e-06,5.974875106227689e-05,405.8498913233831,-5.1077142739900105e-09,1051.2000260178675,0.0,1319.2000897730857,0.146,6.69,0.0,153.47520379860865,0.0,405.8499931404198,0.0
2023-01-04 09:00:00+00:00,100.00017253438835,20.001198085994243,2825.8106714650903,16.000000076524817,4.1885040810714606e-05,2.0665707488377178e-05,1.432309887423516e-06,1.602219583284692e-05,5.6215759762523744e-05,-2.810328935132018e-06,7.555369592754365e-05,237.68386391511075,-4.997480043095831e-09,760.165946029798,81.10499999999999,841.2708859949198,0.13119,6.94,199.27,99.7261704596492,0.0,397.0999935498854,0.0
2023-01-04 10:00:00+00:00,100.0001912172489,20.001197152499188,2573.99782974635,16.000000075216473,6.15878566473739e-05,2.6995287081807343e-05,1.4667169047084154e-06,1.528238056474401e-05,6.271951184708678e-05,-2.7893891082600643e-06,8.553465174985596e-05,89.05984813677017,-4.839865847299526e-09,269.22878385950736,160.045,429.27370315247873,0.13053,7.26,371.05,35.1424331571815,0.0,385.89999005658103,0.0
2023-01-04 11:00:00+00:00,100.00022222150058,20.00119626406849,2472.0680779954996,16.00000000149868,3.862651273748378e-05,1.7853788282427004e-05,1.6313827728975309e-06,1.1638557504935967e-05,4.7972871653280486e-05,-2.73747763568212e-06,0.0001595506408567007,6.332997532881024e-06,2.2366588385249254e-09,112.5600739555608,247.28,359.8400179546171,0.12787,7.6,566.01,14.39305665669756,0.0,452.80802012429484,0.0
2023-01-04 12:00:00+00:00,100.00024070525669,20.001195597500345,2459.7078908231656,17.411486849549746,42.53496672248682,9.76755445005617e-06,2.190073528056309e-06,7.625756879297196e-06,78.00443906900811,-2.4303798989491857e-06,0.00033455702432051704,0.002815214795747747,-4.536780155372344e-09,1218.085615437996,28.055,1125.6012272801188,0.1190799999999999,7.8,80.72,145.04963508635643,0.0,337.59402033125366,0.0
2023-01-04 13:00:00+00:00,140.83379858430817,20.001195182619877,2447.4068707112783,16.000000068128827,499.99988322264915,9.794000698051974e-06,2.3800758565222076e-06,6.782715147338006e-06,124.58162629070843,-2.3528956467978814e-06,109.3459580021354,0.00026017951391767657,-4.184174540318899e-09,1847.8890962822227,9.67,1232.9776033184007,0.11655,8.13,35.95,215.37147417169305,0.0,355.44999661339193,0.0
2023-01-04 14:00:00+00:00,620.8336762759673,20.00119482203239,2544.5155341803434,16.00000008272179,4.259859735488731e-05,2.5160011102483685e-05,1.6236600401661372e-06,1.214566599384543e-05,9.575183660553479e-05,-2.710562949998369e-06,0.00010423995952201687,343.7017582827899,-4.467094472965685e-09,1265.0644819945835,4.225,1269.2893820367296,0.12799,7.99,20.81,161.91560305048674,0.0,360.3499949927674,0.0
2023-01-04 15:00:00+00:00,620.8336909622758,20.001194124884083,2188.0913024666115,16.000000069356837,9.53670878101697e-06,4.1172179299755346e-05,1.4488941814687315e-06,1.5109332027105214e-05,7.067790589703396e-05,-2.8017193088569152e-06,8.589493579708749e-05,360.58782580932706,-4.520600436740643e-09,1314.6671360140217,0.0,1314.6671134337437,0.13125,7.94,1.89,172.55006160184035,0.0,362.0999950898922,0.0
2023-01-04 16:00:00+00:00,620.8336572298294,20.00119324648976,1816.5631060398869,16.000000068454348,6.04588768646029e-07,499.99993058251664,7.292306271785052e-07,0.00011920399222361113,1.9240179321267506e-05,-3.273933754119735e-06,5.583665151013587e-05,361.39990283287716,-4.651221220445439e-09,819.2000572866419,0.0,1319.2000897730857,0.1502,7.96,0.0,123.04384860445361,0.0,361.3999945384534,0.0
2023-01-04 17:00:00+00:00,100.00039678677979,20.00118610775635,1446.0804435134617,16.000000061679096,1.020549910163184e-05,0.00025166658667267214,1.4505628857300758e-06,8.227323009162108e-06,5.934508839490746e-05,-2.9522106936809146e-06,7.460868915860898e-05,358.24985881245146,-4.617335974032892e-09,1319.199897928116,0.0,1319.2000897730857,0.1375,8.05,0.0,181.38998596511595,0.0,358.2499947480092,0.0
2023-01-04 18:00:00+00:00,100.00014443136448,20.001185642356408,1080.6002570921319,16.00000006043979,2.0518900991452127e-05,4.016000653206335e-05,2.029127496620792e-06,4.855342864048777e-06,0.00016595974942673486,-2.735446902290384e-06,0.00013529074525513586,355.44954833556676,-4.589427295141988e-09,1319.200230530067,0.0,1319.2000897730857,0.12949,8.13,0.0,170.82323785133838,0.0,355.44999459459206,0.0
2023-01-04 19:00:00+00:00,100.0001222961693,20.001185390578645,719.7478427618496,16.00000005511964,3.249571762599651e-05,2.3204205264465686e-05,2.6463821876888123e-06,3.479282982029352e-06,121.29499971856859,-2.5272011504704665e-06,60.33277919808163,0.00027545835960055535,-4.632655409256581e-09,1440.4950954230649,0.0,1319.2000897730857,0.1224,7.88,0.0,176.31659967978314,0.0,364.199995208837,0.0
2023-01-04 20:00:00+00:00,100.00012932101107,20.0011852334104,776.4816072877624,16.000000069503198,1.848269136079156e-05,0.00011162197387659451,2.2380125415028323e-06,3.837720840124807e-06,0.00026140050268633685,-2.6724598868648204e-06,0.00022940234209856242,372.5993029454708,-5.651203344273892e-09,1319.2002537621374,0.0,1319.2000897730857,0.1293899999999999,7.64,0.0,170.69132083428283,0.0,372.5999884855574,0.0
2023-01-04 21:00:00+00:00,100.00003079150532,20.00118504676973,400.00012570819484,15.999999988937658,2.9792387393344307e-05,2.608755416876668e-05,4.4429679217299455e-06,1.929839057338011e-06,107.92861105771541,-2.0988485737851238e-06,2.0004358901883617,0.00029612012717530303,-4.206032949717143e-09,1427.1287049499144,0.0,1319.2000897730857,0.1089599999999999,7.55,0.0,155.49994369134254,0.0,375.74999820497,1.1062342153422833e-08
2023-01-04 22:00:00+00:00,100.00003221766163,20.001185017614347,400.00026484971505,16.00000009103344,1.5651481217992493e-05,5.173054257225844e-05,4.944883000739472e-06,1.7577560005669327e-06,111.12848585701121,-1.989912675744892e-06,2.000004854876812,0.00029611852151462624,-4.261495587773353e-09,231.1284509751642,0.0,120.0,0.106,7.23,0.0,24.499615803367405,0.0,386.9499910235996,0.0
2023-01-04 23:00:00+00:00,99.99999335710176,20.0011850085733,399.99997226182177,16.000000007070916,0.0003548557228670364,2.558970518275151e-05,249.99999738999182,-4.785122291695423e-07,174.99997948498682,474.4756428874783,682.3308689023454,0.00015651614448885257,2.0571281597751008e-08,1019.4759495069869,0.0,120.0,0.0054,6.86,0.0,5.505170127337729,0.0,399.90010193489803,0.0
2023-01-05 00:00:00+00:00,100.0003073626528,24.876672535141534,1080.3306847867136,16.00000115482808,333.33274487838753,2.1736620238123333e-05,249.9999975372412,-5.01117323364074e-07,174.9999686290875,592.2728430024428,799.9998554042944,6.912171494231401e-05,3.5628106698205864e-08,1470.6055328116558,0.0,120.0,0.00363,6.89,0.0,5.33829808410631,0.0,398.850218140863,0.0
2023-01-05 01:00:00+00:00,419.9997198035921,29.752160065937858,1874.9288176453595,16.00000317525997,0.00018512447577495768,2.4044700153292394e-05,249.99999743246588,-4.818517206102214e-07,174.9999810452227,599.999616215273,795.3996516793454,0.00014485209935124083,1.8808954810443756e-08,1144.9997562545886,0.0,120.0,0.0049,6.54,0.0,5.6104988056474845,0.0,411.10004654685764,0.0
2023-01-05 02:00:00+00:00,419.99987247652615,34.6276475935348,2660.953680384379,16.000001381102557,499.9999531433752,1.381575546165103e-05,249.99999781416017,-5.200740115600388e-07,174.9999849031271,599.9999464366173,782.0999451383921,0.00014614047105876015,1.9961413454372738e-08,1644.9998690015984,0.0,120.0,0.0,6.16,0.0,0.0,0.0,424.4000947712231,0.0
2023-01-05 03:00:00+00:00,899.9998131027544,39.503135130869104,3429.748710980378,16.00000150913657,0.00020092998123622685,4.46160672995301e-05,249.99999726089007,-4.6952626446620185e-07,174.99997340464822,0.00015569673268365342,187.4001700768118,0.0002389796675415328,2.0698892541563675e-08,545.0002831457113,0.0,120.0,0.00687,6.14,0.0,3.7441519452110366,0.0,425.1001296302213,0.0
2023-01-05 04:00:00+00:00,899.9999595204663,44.378622654380386,3599.99989852262,16.00000215377328,7.4912664276002e-05,2.651849324458136e-05,249.9999962449849,-3.8019051793098894e-07,174.9999677962228,2.7263690432257834e-05,18.00040579069476,0.0002901311420986556,6.1945964454369655e-09,545.0000400792597,0.0,120.0,0.01632,5.8,0.0,8.89440065409352,0.0,594.4997983521473,0.0
2023-01-05 05:00:00+00:00,900.0000038131935,49.25411015271886,3600.0000146895595,18.82089242550309,3.5599746164071505e-05,3.251801815126403e-05,0.00010852277969220638,4.0104857992532017e-07,115.50898369160396,2.69418787444259e-07,18.000293203179297,0.0002885394971412419,-2.4559456070748045e-09,235.50909516448192,0.0,120.0,0.0678,5.57,0.0,15.967516652151874,0.0,386.28143880439035,0.0
2023-01-05 06:00:00+00:00,900.0000041160143,49.25411224505938,3600.0000192797943,16.00000064702342,2.5798170243411537e-05,2.5521526854937337e-05,3.0580590347619695e-06,2.7304324158250293e-06,134.4999868820342,-2.4547972169142715e-06,18.00026349057638,0.00029013115383291543,-5.8223686356334916e-09,1453.0781682154586,0.0,1318.5781831839515,0.1199,5.35,0.0,174.2240723690335,0.0,452.7499802087506,0.0
2023-01-05 07:00:00+00:00,900.0000022973339,49.25411214085517,3599.999992542818,16.000000109075533,4.532770714582537e-06,499.999966701496,1.650346244908195e-07,87.49997120924124,7.660776110312522e-06,-3.7835220611358668e-06,0.0001993521516249278,376.10018229893984,-6.436128169080225e-09,731.0782538482736,0.0,1318.5781831839515,0.179,5.79,0.0,130.86300743884095,0.0,437.3499858602866,0.0
2023-01-05 08:00:00+00:00,379.16670800140207,44.0035888191867,3205.9000096333157,16.00000002284061,7.942194066224112e-06,267.9994380585974,3.7638408078535504e-07,5.650711503276138e-05,2.7066346140998617e-05,-3.573971516725983e-06,4.949990252027714e-05,440.1499061526141,-6.481306479507412e-09,1050.578720429192,0.0,1318.5781831839515,0.17104,5.71,0.0,179.690984342209,0.0,440.1499874016718,0.0
2023-01-05 09:00:00+00:00,100.00063431486939,44.00358543576095,2749.7206529324376,16.000000021779936,8.607670742575975e-06,0.0002818725581725928,4.200560445246329e-07,4.2615593258997474e-05,3.203377427396393e-05,-3.5433523996629024e-06,5.230683405286092e-05,413.0079015346663,-6.439875570182018e-09,1248.8272240688627,6.25,1255.0775110388656,0.16947,5.88,26.49,211.63874966295018,0.0,434.19998766903865,0.0
2023-01-05 10:00:00+00:00,100.0003489609852,44.00358288676154,2322.9642004399434,16.000000020724094,3.939162783159673e-05,1.4195872320702516e-05,9.292613449892064e-07,1.0634190100614502e-05,0.00013606335445582918,-3.2553723844217678e-06,0.00012304223726737737,378.6676314323684,-6.194221285945594e-09,1214.7676360313492,10.825,1225.5924877325406,0.154,6.58,38.79,187.07421594882777,0.0,409.69998883298615,0.0
2023-01-05 11:00:00+00:00,100.00037198958091,44.00358226676873,1932.6818710476125,16.000000016740017,333.33315748627297,7.964907241198622e-06,1.2740720792138894e-06,7.05871963589913e-06,174.99230198835926,-3.0882521825391235e-06,244.37729382876222,0.00022550526158287226,-5.88646124337958e-09,1751.9823281432557,6.88999999999995,1250.5468855064305,0.146,7.12,28.38,255.7894199089153,0.0,390.79999051949085,0.0
2023-01-05 12:00:00+00:00,420.0001948796246,44.003581868050084,2167.395530015875,16.000000023688294,499.99966733960065,7.398410633911143e-06,1.3171049023885216e-06,6.85246540150522e-06,174.99982059424295,-3.0570473704850807e-06,266.149603197177,0.00022073679428879397,-5.678548665321946e-09,1900.3521823040996,9.325,1234.6777103610748,0.1451,7.59,35.0,275.74110165232486,0.0,374.34999138971654,0.0
2023-01-05 13:00:00+00:00,899.9998678189635,44.003581482547155,2422.707934826178,16.00000002569328,0.00011173808096406425,1.340673339263106e-05,1.0532587634436707e-06,9.022475164179016e-06,71.61034605433147,-3.1855381442237807e-06,0.00026664040931160247,87.95404332119291,-5.697738692368323e-09,1294.33584504395,9.674999999999999,1232.4004118130254,0.15103,7.79,35.95,195.48354267698778,0.0,367.3499910329936,0.0
2023-01-05 14:00:00+00:00,899.9999611221739,44.0035809616851,2322.6406184712637,16.000000016548487,3.377368729239997e-05,1.5256603149140427e-05,7.34893624981984e-07,1.4871357147904753e-05,0.00010325412820270195,-3.3517914920627587e-06,9.085622411586894e-05,331.9397138707071,-5.6212041954259105e-09,1222.7355160959828,9.665,1232.4004118130254,0.1594799999999999,7.98,35.95,195.0018601069872,0.0,360.6999914956081,0.0
2023-01-05 15:00:00+00:00,899.9999776526187,44.0035800836463,1979.0877923644243,16.00000001534531,2.0408675471833562e-05,1.846768567165232e-05,3.3778677616758024e-07,8.226777504623214e-05,3.1213630219953915e-05,-3.588060572876322e-06,6.129477720591769e-05,358.7918890369076,-5.746156127832069e-09,1297.5683301427316,0.61,1298.1783825061605,0.17273,7.84,8.51,224.12897766555403,0.0,365.59999102509875,0.0
2023-01-05 16:00:00+00:00,899.9999780077746,44.00357515367364,1610.4005256604719,16.00000001294065,7.192099053474443e-07,499.9999938865855,-5.67900512429728e-07,199.99999505253905,2.7638830327028e-06,-4.290822553304794e-06,0.00022649913199725572,239.95021467012228,-5.976446338789343e-09,618.5781928691969,0.0,1318.5781831839515,0.2221,7.43,0.0,137.38621663624863,0.0,379.94999013344386,0.0
2023-01-05 17:00:00+00:00,379.16665173302295,32.00237531946381,1362.3985348611793,16.000000011582145,6.998461399582812e-06,267.99996082677524,-1.5608197033214227e-07,199.99998358795418,6.9349688882576804e-06,-3.961018805326366e-06,0.00022307723916806067,255.3502029230282,-6.292772296117522e-09,850.5782485855518,0.0,1318.5781831839515,0.1946699999999999,6.99,0.0,165.58206765214928,0.0,395.3499887083394,0.0
2023-01-05 18:00:00+00:00,100.00003259032172,20.001176181229134,1100.2365623410842,16.000000005179878,1.753732168483501e-05,2.8299785548352547e-05,1.9011323732269225e-07,199.99037198446598,1.6299885685227942e-05,-3.697298714835332e-06,0.00022019986104377187,268.6568943365519,-6.476173310647492e-09,1118.5878132297216,0.0,1318.5781831839515,0.17798,6.61,0.0,199.08625899862585,0.0,408.6499879150912,0.0
2023-01-05 19:00:00+00:00,100.00001994720726,8.000553803630622,826.0787053926881,16.000000003318068,1.8272017170221178e-05,1.9763111012964138e-05,5.97524360450948e-07,2.377836940168028e-05,0.0005284497834913254,-3.398574459912474e-06,0.0002322854715948527,421.9483552580782,-6.7566541762626076e-09,1318.5786835632216,0.0,1318.5781831839515,0.16399,6.23,0.0,216.23371831753272,0.0,421.9499858271187,0.0
2023-01-05 20:00:00+00:00,100.00001690176978,8.000552388438663,400.0001888931181,15.999999983858164,2.1420478796859932e-05,1.8036026305087918e-05,8.085724090471757e-07,1.640893812429758e-05,122.42853817529678,-3.203491832885338e-06,2.000198156207829,0.000294274414555144,-6.454952471846587e-09,1441.0067059398432,0.0,1318.5781831839515,0.152,6.1,0.0,219.03301930285616,0.0,426.49998804654524,1.614183631204469e-08
2023-01-05 21:00:00+00:00,100.00001867790203,8.000551419572652,400.0000918304458,16.00000000879516,1.4941183223830974e-05,2.3738954717914516e-05,1.1225723700158895e-06,1.0359293131005909e-05,127.12854817637196,-3.0611999694962713e-06,2.000229988191137,0.0002942901150450722,-6.443385425888788e-09,1445.706710264631,0.0,1318.5781831839515,0.14464,5.63,0.0,209.10701857267622,0.0,442.94998714014304,0.0
2023-01-05 22:00:00+00:00,100.0000082933601,8.000550819845252,400.00002706936965,16.000000012303705,2.390865592567535e-05,2.267162777005563e-05,2.1154285517248264e-06,4.850183931457749e-06,174.99987515321095,-2.627781610360477e-06,161.14981992113823,0.00024572260055621725,-6.114694868469631e-09,294.9998710277021,0.0,120.0,0.127,5.39,0.0,37.46498362051817,0.0,451.34998963132557,0.0
2023-01-05 23:00:00+00:00,100.00000762939086,8.000550570060094,559.1496011325605,16.000000051278246,4.285772647458233e-05,1.9053623875600664e-05,4.876051997607072e-06,1.9262366546402528e-06,174.9999884142925,-1.6711403495334193e-06,159.40021672272627,0.00024618780364987216,-6.152548955975356e-09,295.0000134970701,0.0,120.0,0.10721,5.34,0.0,31.626951447020883,0.0,453.0999886090378,0.0
2023-01-06 00:00:00+00:00,100.00002892528342,8.00055054956686,715.7538236618202,16.00000005005198,3.422364707945849e-05,2.3587505945342696e-05,6.153101813607435e-06,1.6472101498462776e-06,174.99999146228106,-1.2460056821633838e-06,166.0502255704843,0.0002444380299153645,-6.102577371481674e-09,295.00000535830816,0.0,120.0,0.1011,5.53,0.0,29.824500541724955,0.0,446.4499889050309,0.0
2023-01-06 01:00:00+00:00,100.00003720966593,8.000550570721852,878.2250356759655,16.000000048834227,2.7400193691040063e-05,3.215322371272231e-05,7.3750722993222015e-06,1.4724540260879186e-06,174.99999295669025,-8.821895863131217e-07,165.00023145707925,0.00024471270468516353,-6.1334030432120844e-09,294.999993224089,0.0,120.0,0.09673,5.5,0.0,28.53534934456613,0.0,447.4999887613915,0.0
2023-01-06 02:00:00+00:00,100.0000300209105,8.000550626194068,1038.8338972419601,16.000000047622407,0.00018162644758566482,1.4566048258350301e-05,1.7079264210766093e-05,9.616226021003205e-07,174.99999573103918,9.179595329292017e-07,162.20024357048592,0.0002454481026222635,-6.1820810811117995e-09,295.00017982703963,0.0,120.0,0.08142,5.42,0.0,24.01891464151757,0.0,450.2999885181696,0.0
2023-01-06 03:00:00+00:00,100.00018920933324,8.000550901569902,1195.8397258781338,16.000000046416478,499.9999262232066,8.882545859873267e-06,3.290296499618635e-05,7.777701274991224e-07,174.99999652021359,2.26019690610984e-06,164.6502468318092,0.00024480439230957176,-6.176122564238671e-09,794.9999482462661,0.0,120.0,0.07445,5.49,0.0,59.18774614693451,0.0,447.8499885753646,0.0
2023-01-06 04:00:00+00:00,580.0001091309597,8.000551496571012,1354.51052927616,16.00000004521643,333.333213134303,1.2169148361279672e-05,2.189724287244582e-05,8.851611390131271e-07,174.99999621700655,1.5114099722808054e-06,169.2002437400314,0.00024361757342234244,-6.147844707781528e-09,628.3332197056528,0.0,120.0,0.0783199999999999,5.62,0.0,49.21105776734667,0.0,443.29998875297366,0.0
2023-01-06 05:00:00+00:00,899.9999810636943,8.000551870494972,1516.937976752237,16.00000004402224,2.9005396285327854e-05,2.452533470678786e-05,7.280314403338768e-06,1.6653017980491371e-06,174.9999935561593,-8.298775400881813e-07,167.8002331824491,0.0002439828007126869,-6.182061396524786e-09,295.00000282135596,0.0,120.0,0.09689,5.58,0.0,28.582550273361182,0.0,444.6999885910417,0.0
2023-01-06 06:00:00+00:00,899.9999833616511,8.0005519125472,1677.1532760681243,16.000000042834404,3.288247782802975e-05,2.2866399983450465e-05,4.896106088393489e-06,1.980286769988424e-06,174.99999076727644,-1.575544379063624e-06,166.05022354052224,0.0002444380548600296,-6.219547225691979e-09,1492.7789070843935,0.0,1317.7789049607643,0.1070199999999999,5.53,0.0,159.75719863617167,0.0,446.449988409412,0.0
2023-01-06 07:00:00+00:00,899.999991109663,8.000551889201729,1834.8174887902512,16.000000041651237,3.14756124626117e-05,2.0549457779907957e-05,2.8342750202162e-06,3.0362672551921176e-06,174.9999774036562,-2.397758396041083e-06,172.3501745764278,0.00024280246787103182,-6.172898240731401e-09,1492.7788906908245,0.0,1317.7789049607643,0.12294,5.71,0.0,183.52223682152996,0.0,440.149988890443,0.0
2023-01-06 08:00:00+00:00,899.9999999205659,8.000551762281365,1997.9933331202599,16.000000044095554,8.145216785489527e-06,267.99975203627275,5.296944781684876e-07,2.158429011688179e-05,2.7211467873875498e-05,-3.507622735857923e-06,4.11992042475251e-05,444.69992207508363,-6.334024837098846e-09,1049.7791637189575,0.0,1317.7789049607643,0.1664,5.58,0.0,174.68325284283452,0.0,444.69998775247353,0.0
2023-01-06 09:00:00+00:00,620.8335993688565,8.000550477424515,1543.3034855787794,16.000000033514723,1.2788769147891372e-06,499.99997216646784,1.1415622470040882e-07,0.008895835500873124,5.529311135593008e-06,-3.862191054069387e-06,0.00016301556690139846,422.3459079949451,-6.4004871948265966e-09,727.1023410130217,9.075,1236.1862059548373,0.1824,5.44,34.06,132.62346700077518,0.0,449.5999875932486,0.0
2023-01-06 10:00:00+00:00,100.00029625650768,8.00001667614038,1113.2412231715073,16.000000032405392,9.55317175411966e-06,0.0001859554851332551,6.940264674435506e-07,9.1240020949213e-06,3.4151905667742027e-05,-3.4549677893437072e-06,4.7047024983959094e-05,398.4739079771386,-6.33141141071534e-09,1174.32605363387,16.56,1190.886207769221,0.1636699999999999,5.69,52.97,192.2019451982554,0.0,440.84998342816675,0.0
2023-01-06 11:00:00+00:00,100.00011172392222,8.000016142180375,709.201156125536,15.99999994911014,85.07222185312725,8.535014611033121e-06,1.6124304336411165e-06,4.47803973277424e-06,0.00031047510036840326,-2.9764428243204956e-06,0.0010787626437592903,-5.3729296048075664e-08,5.7415513536573485e-08,191.37329894331378,253.255,359.5557809921529,0.1402,6.15,582.42,26.830536511852593,0.0,465.9360080344276,5.088985943757507e-08
2023-01-06 12:00:00+00:00,181.66943581228412,8.000015904916658,705.6562291612814,16.737657648866783,499.9999463653949,5.676556585184261e-06,1.854549101036372e-06,4.613928181333194e-06,174.99992441940861,-2.8146379410946606e-06,612.4997269490109,5.289489559023025e-07,1.3915038306498096e-08,769.5906405263828,264.965,359.5557809921529,0.135,6.48,610.12,103.89473647106169,0.0,488.0960094911264,0.0
2023-01-06 13:00:00+00:00,661.6693784099834,8.000015664220605,1314.6276744355368,17.616665901774773,1.2124861777499155e-05,6.204391910131433e-05,8.263019408526938e-07,7.933718742625976e-06,3.251479596797644e-05,-3.3681405530232197e-06,0.00010485012292359416,3.924714843015671e-06,-8.139291182642071e-11,134.11075311233418,225.445,359.5557809921529,0.158,6.91,520.45,21.1894989917488,0.0,416.3600150955218,0.0
2023-01-06 14:00:00+00:00,661.6693254207684,8.000015204264372,1308.0546369887672,16.929383072458467,4.767666251719286e-06,499.9999661922447,4.3221912845889995e-07,0.00016434084058255933,1.0460820939925309e-05,-3.595482582636145e-06,5.967859962244749e-05,100.56375504916981,-5.8660560580528985e-09,-148.3016301395183,145.53,497.2284883283433,0.1704,7.03,342.53,-25.27059777577392,0.0,374.5878434625041,0.0
2023-01-06 15:00:00+00:00,140.83603188080633,8.00000535125691,1200.9506684332532,16.00000002380466,499.9969190534486,8.001947968203608e-06,2.123237095500363e-06,4.2699481568627956e-06,174.99968867033613,-2.957605051067164e-06,319.8511297359517,0.00020976785686011872,-5.92524403904335e-09,1604.497250205386,52.445,981.9456555878654,0.1401,6.72,140.19,224.7900647537746,0.0,404.79999043901637,0.0
2023-01-06 16:00:00+00:00,620.8330658367545,8.000005136441661,1514.7968350591818,16.00000003460656,1.4441032746683289e-05,4.115711738561049e-05,9.639355499239343e-07,7.68795671968835e-06,7.048176589602831e-05,-3.3027795701108103e-06,8.249256035420715e-05,428.59982178036535,-6.313650352608295e-09,1317.7789386996449,0.0,1317.7789049607643,0.15593,6.04,0.0,205.48126991143565,0.0,428.59998808580355,0.0
2023-01-06 17:00:00+00:00,620.8330368281487,8.000004693916749,1078.623111596081,16.000000024780267,7.65807730152831e-06,499.99967963659935,6.408563902512313e-07,9.071811279847534e-06,4.38780677539482e-05,-3.441429751778033e-06,5.7775718340592814e-05,438.049888913757,-6.428674213835661e-09,817.7792649879253,0.0,1317.7789049607643,0.1635,5.77,0.0,133.7069098255258,0.0,438.04998765452825,0.0
2023-01-06 18:00:00+00:00,100.00004455844521,8.000004162051585,635.1801649000618,16.00000002371077,2.1645530814270743e-05,2.5133564426885487e-05,1.266586727106222e-06,6.0546268876068595e-06,61.5702616041038,-3.1032551673264885e-06,0.00022830480280328465,232.0042981842441,-6.537698123302368e-09,1379.3491551855388,0.0,1317.7789049607643,0.14674,5.5,0.0,202.40569503192597,0.0,447.4999866598208,0.0
2023-01-06 19:00:00+00:00,100.00003915735851,8.000003823438552,400.0001941961201,16.00000001581423,2.4274128199667223e-05,2.3131434972423473e-05,1.6277160988395918e-06,4.813712845486193e-06,132.02853806216615,-2.950505804546705e-06,2.0001927158298467,0.00029612020200035246,-6.475970095854503e-09,1449.807438029121,0.0,1317.7789049607643,0.13939,5.14,0.0,202.08865878687914,0.0,460.0999870705519,0.0
2023-01-06 20:00:00+00:00,100.00003836527682,8.000003566330534,400.00008982076736,16.00000002625353,2.8560087524193846e-05,2.0976876688095336e-05,2.1150168814065803e-06,4.0168278191376814e-06,128.02865047699842,-2.7758766098333933e-06,2.000583765871437,0.00029612003834176106,-6.1316690686226045e-09,1445.807558343286,0.0,1317.7789049607643,0.13184,5.54,0.0,190.61526849197884,0.0,446.099989087323,0.0
2023-01-06 21:00:00+00:00,100.00004393204763,8.000003366543716,400.00037701749665,16.000000044090566,1.9304887213079188e-05,3.443573424702617e-05,2.1662655485933414e-06,3.912765397975581e-06,121.92848288036356,-2.7287331449993356e-06,1.9999963893139243,0.00029612026426811957,-5.83204098830013e-09,1439.707368235048,0.0,1317.7789049607643,0.12994,6.15,0.0,187.07557542846214,0.0,424.7499898497128,0.0
2023-01-06 22:00:00+00:00,100.00002659418286,8.000003174000716,400.0000754014588,16.000000040430816,1.997085590334421e-05,3.563152624780355e-05,2.74493252668635e-06,3.172033560470772e-06,115.12854872823594,-2.496015108709832e-06,2.000224599356836,0.0002961201595158779,-5.204469915561544e-09,235.12853014444946,0.0,120.0,0.12131,6.83,0.0,28.523441991823162,0.0,400.949991818997,0.0
2023-01-06 23:00:00+00:00,100.00000865003135,8.000003037191206,400.0000035036488,16.000000039515882,7.136825988156707e-05,1.616881984216565e-05,3.0134913058014094e-06,1.5070375670883484e-06,108.60225079007695,-1.6304645120277324e-06,4.0081719879885345,0.00029533746693288646,-3.5180061312289537e-09,228.6023058655062,0.0,120.0,0.09728,7.54,0.0,22.238432314596444,0.0,376.10000055551416,0.0
2023-01-07 00:00:00+00:00,100.00006032104017,8.000003005528866,402.0078801366522,16.00000013130558,2.7381400108097266e-05,2.8138788160236397e-05,2.862157550361103e-06,1.8029742657397544e-06,101.75783955006808,-1.669637739326299e-06,0.0027699820919181314,0.00033104403469956436,-3.1120319301417157e-09,221.75783818222558,0.0,120.0,0.09816,8.11,0.0,21.76774939596726,0.0,356.14999909632166,0.0
2023-01-07 01:00:00+00:00,100.0000572959466,8.000002953157244,400.0002796740262,16.000000120763723,2.3422251352048916e-05,3.4577887217448785e-05,4.246081986011208e-06,1.7116860627950418e-06,99.22866468511,-1.523720467462619e-06,2.000621113315971,0.0002961199421253224,-2.588689972774262e-09,219.2286545401496,0.0,120.0,0.0949599999999999,8.42,0.0,20.817953035132586,0.0,345.30000109420814,0.0
2023-01-07 02:00:00+00:00,100.00004376267539,8.000002933252688,400.0006032690299,16.000000134947577,6.527816240582247e-05,1.866548176998974e-05,1.0933800888919858e-06,1.5478083594815323e-06,174.99997101298715,-6.831967594070753e-07,244.80012428557757,0.000225410835622828,-3.0796232491461763e-09,295.0000164880428,0.0,120.0,0.08386,7.78,0.0,24.738701382687267,0.0,367.7000000778141,0.0
2023-01-07 03:00:00+00:00,100.00008698650112,8.000002861697942,642.8004991274267,16.000000142426078,0.00355203918044452,1.3087480282362431e-05,3.7317811845396234e-06,1.2356831223583918e-06,174.9999844282204,9.689630488634755e-08,217.50017992279456,0.00023167338313846375,-3.7115991951256182e-09,295.00352597291493,0.0,120.0,0.0766599999999999,7.0,0.0,22.614970301083627,0.0,394.9999982102655,0.0
2023-01-07 04:00:00+00:00,100.00348331132238,8.00000286032655,857.086444881201,16.000000140746643,499.999958880005,7.420712379798419e-06,7.083150609569698e-05,1.1705589296689924e-06,174.9999894883383,1.075706016294039e-06,198.60020428873315,0.00023620958699560078,-4.097756492535761e-09,795.0000116842842,0.0,120.0,0.06988,6.46,0.0,55.55460081649778,0.0,413.8999970143781,0.0
2023-01-07 05:00:00+00:00,580.0034361062185,8.000004171438494,1051.4009807359412,16.00000013907676,333.3297376677207,1.2321028727682308e-05,1.4084034603398664e-05,1.543742759588762e-06,174.99998547972092,1.5147598623065006e-07,187.05019323778137,0.00023906723949454988,-4.324144614960975e-09,628.3297235181807,0.0,120.0,0.0764899999999999,6.13,0.0,48.06094055190558,0.0,425.44999623906244,0.0
2023-01-07 06:00:00+00:00,899.9999714328253,8.000004353470807,1233.1939300028032,16.000000137415345,3.107463530108566e-05,2.8397347573233882e-05,6.058443020758952e-06,2.5426749091393612e-06,174.99990594583832,-1.3429693708888558e-06,176.19991716735802,0.00024181336943091136,-4.525003137233472e-09,1491.802402742837,0.0,1316.8024919469126,0.09253,5.82,0.0,138.03647632579472,0.0,436.29999590677835,0.0
2023-01-07 07:00:00+00:00,899.9999716839047,8.000004319046509,1403.2276357067778,16.00000014297023,1.1246310306743644e-05,267.99998906287476,3.1002561556911624e-06,4.8196367660467776e-06,7.310704371186704e-05,-2.1893208302515734e-06,8.399828384869633e-05,441.89982081592166,-4.8254230769252064e-09,1048.8025833286904,0.0,1316.8024919469126,0.10994,5.66,0.0,115.30535601115622,0.0,441.8999938986089,0.0
2023-01-07 08:00:00+00:00,620.8333272065347,8.000004090300424,954.311760710606,16.000000122796365,8.757868553632126e-06,499.9999009506692,2.5205293015383955e-06,5.8083515796635325e-06,5.977833248341551e-05,-2.2980944248669727e-06,7.28295868919854e-05,452.3998553958805,-4.996026960204668e-09,816.8026539465278,0.0,1316.8024919469126,0.11287,5.36,0.0,92.19251555094459,0.0,452.3999935811899,0.0
2023-01-07 09:00:00+00:00,100.00010545714133,8.000003790919711,497.14041934075937,16.000000121271515,2.171849391761815e-05,4.272339196900602e-05,3.85912315257357e-06,4.315969083224109e-06,38.17524245515321,-1.7784502165309595e-06,0.0002645830618726276,94.65490734754948,-4.934923578575211e-09,589.068010097422,114.155,665.047790882463,0.10069,5.54,272.29,59.31325793670942,0.0,446.0999926180365,0.0
2023-01-07 10:00:00+00:00,100.00008180336219,8.000003607196096,400.00007447956796,16.000000097941253,0.00012291081230173648,1.4724059169172337e-05,-1.3370451589002626e-06,3.2589452766518238e-06,126.76220095062583,-1.18717264654717e-06,111.57396428916103,0.00025952405379939036,-3.79231967474151e-09,1137.473892231988,41.43,1052.1415888777724,0.08832,6.27,110.57,100.46169416192917,0.0,420.54999966804394,0.0
2023-01-07 11:00:00+00:00,100.00018446018036,8.000003385564835,509.5737788722774,16.000000162776253,7.460822033141833e-05,1.6676978508806874e-05,2.764631766604848e-06,3.4985502687331107e-06,174.99959493936782,-1.1384901241317178e-06,572.2287530386329,0.00016971617886071052,-3.044795953235778e-09,349.8301493875837,184.53,359.3604983893826,0.0879,7.39,426.35,30.750070131168606,0.0,381.3500002872134,0.0
2023-01-07 12:00:00+00:00,100.00023871221927,8.000003229546536,1079.25449330037,16.000000159788488,499.999971667416,6.017093929640126e-06,8.979726896525847e-06,2.4152242741695327e-06,174.99998134682323,2.1474217895474352e-07,448.16212178115427,0.00018738119219990158,-2.205474862877206e-09,1345.7631947299778,95.175,765.9382409535876,0.07429,8.33,230.14,99.97674773649004,0.0,348.45000221717095,0.0
2023-01-07 13:00:00+00:00,580.0002052451324,8.000003259740774,1522.02015523383,16.000000159927694,4.1443566850776214e-05,2.281528310243398e-05,7.38292401433792e-06,4.308920953858132e-06,86.55214469648011,-1.2770416489420642e-06,0.002840874883932861,0.0003360470203454128,-1.4219696959886138e-09,1341.5908991995489,5.155,1260.1937340778236,0.09,9.09,23.65,120.74318092795939,0.0,321.85000336179024,0.0
2023-01-07 14:00:00+00:00,580.0002212650367,8.000003145161077,1514.4125592855246,16.000000155082613,8.300202375416856e-05,1.668214248978164e-05,4.494052519817789e-06,3.9215618610206205e-06,174.99990816110707,-1.0349611908444026e-06,330.0698841182283,0.0002077986617309213,-1.4128964990369187e-09,1361.4769847449695,14.475,1200.9520107264516,0.0869,9.11,48.4,118.31234997433786,0.0,321.1500039647899,0.0
2023-01-07 15:00:00+00:00,580.0002835697477,8.000002997486622,1836.9101728086637,16.00000016374894,2.303348648438032e-05,4.084494866247472e-05,3.288875587334419e-06,5.2311153948129995e-06,0.003213843494379447,-1.4951611041981367e-06,0.00020841765097704627,312.618959328567,-2.051416322167709e-09,1261.93593913219,4.244999999999999,1266.1777465375585,0.09431,8.87,21.15,119.01317841955685,0.0,329.55000154471765,0.0
2023-01-07 16:00:00+00:00,580.0002631350732,8.000002747727796,1515.1068710337045,16.000000141160726,1.5480769189698993e-05,0.00011051641527554665,3.5291124477136407e-06,6.438096393896577e-06,0.00017368817602845578,-1.7051862495600728e-06,0.00013985173358762112,351.94952971893724,-2.740793639983902e-09,1316.8025659852726,0.0,1316.8024919469126,0.0983199999999999,8.23,0.0,129.46802828767187,0.0,351.95000059435284,0.0
2023-01-07 17:00:00+00:00,580.0001628753456,8.000002430227955,1155.5819468113323,16.0000001396011,1.152619525989751e-05,460.80003144774196,2.548534125454431e-06,8.215243956478418e-06,0.0001511541414988443,-1.8174552709699915e-06,0.0001342731056123174,368.0496001775649,-3.3349024255014407e-09,856.0026156953425,0.0,1316.8024919469126,0.10096,7.77,0.0,86.42202408060177,0.0,368.0499988953446,0.0
2023-01-07 18:00:00+00:00,100.00014118242848,8.000001986965406,781.7545711728163,16.000000130620005,1.3420837775692073e-05,8.740607384873268e-05,2.8686687851812946e-06,8.578242699258006e-06,0.0013080300911789368,-1.5678152334142225e-06,0.00021298062674927892,377.84562826644554,-3.5160613030340716e-09,1316.8037187143789,0.0,1316.8024919469126,0.096,7.49,0.0,126.41315699658037,0.0,377.8499978437707,0.0
2023-01-07 19:00:00+00:00,100.00006301843915,8.000001528164006,400.0003830311335,16.00000011730192,1.7761601313107313e-05,7.134431251829823e-05,3.82070165532088e-06,7.953498761174512e-06,115.62846055942435,-1.2292950286055618e-06,1.999915350214122,0.0002961202667934229,-3.5063289985840425e-09,1432.4308935615338,0.0,1316.8024919469126,0.0891,6.78,0.0,127.62959261633266,0.0,402.69999707848496,0.0
2023-01-07 20:00:00+00:00,100.0000057525842,8.000001125417487,400.0000003459251,16.000000107246787,4.147838193308222e-05,3.017629769323023e-05,1.3240354646695971e-05,2.675964154719746e-06,116.92858735390499,7.492621432116694e-07,2.0003443554997347,0.00029612011489847634,-9.40839505281558e-10,1433.7311019165545,0.0,1316.8024919469126,0.06298,6.65,0.0,90.2963847987046,0.0,407.250010118227,0.0
2023-01-07 21:00:00+00:00,100.00001413818742,8.000001223056318,400.0000485795803,16.00000025275054,3.759640255120643e-05,3.5625443643466045e-05,1.9220551680477345e-05,2.905619324516768e-06,111.2285739480235,2.302118097869734e-06,2.000292366589907,0.00029611582982824134,1.866918328792693e-09,1428.0310864829453,0.0,1316.8024919469126,0.0512,7.22,0.0,73.1151916279268,0.0,387.3000168803526,0.0
2023-01-07 22:00:00+00:00,100.00001312089675,8.000001423539965,400.0000445874425,16.000000337928597,3.6453572073810054e-05,4.333744318631049e-05,249.9988260768645,1.6723948658103672e-06,103.62856762767085,4.958138101544951e-06,2.0002615711461096,0.00029611276082161736,7.1480274173405885e-09,473.62739010640746,0.0,120.0,0.03879,7.98,0.0,18.372006462227546,0.0,360.7000273176958,0.0
2023-01-07 23:00:00+00:00,100.00000297315596,12.875465978150594,400.0000098228906,16.000000410013822,0.00012813662366564608,2.912631888412699e-05,249.99999140193916,6.643325625487168e-07,174.99995026097233,4.012944910925728e-05,279.7999582315803,0.00021784518968437713,3.229133052101456e-08,545.0000801383328,0.0,120.0,0.01155,8.78,0.0,6.294750925597744,0.0,332.7001257202,0.0
2023-01-08 00:00:00+00:00,100.00009564439918,17.750953319362576,677.7997501601668,16.000001569554563,0.00010048681453631093,3.062557973654772e-05,249.9999923102487,6.104068323705944e-07,174.99996587624435,6.833312640641084e-05,307.10005867055054,0.00021227602121462168,3.715290197810108e-08,545.0000957704475,0.0,120.0,0.00907,9.56,0.0,4.943150868637959,0.0,305.4001022494058,0.0
2023-01-08 01:00:00+00:00,100.00016021009559,22.626440681524233,981.5105978038953,16.000001559919582,2.7732539495774573e-05,4.021920865946024e-05,249.9999922892879,6.136760110387954e-07,174.99996615713243,6.829157431647694e-05,331.6000693424198,0.00020750685185557462,4.2612575665982096e-08,545.0000136376494,0.0,120.0,0.0091,10.26,0.0,4.95950012410261,0.0,280.9000877526274,0.0
2023-01-08 02:00:00+00:00,100.00014493832448,27.501928043080945,1308.2029066504438,16.000001277582765,333.3332631959825,2.1771594692993786e-05,249.99999390418319,4.730888171432767e-07,174.9999670040368,454.393957618413,799.9998150247418,7.715750591780326e-05,7.369956871845223e-08,1332.727159477932,0.0,120.0,0.00346,10.79,0.0,4.611235971793644,0.0,262.350165020284,0.0
2023-01-08 03:00:00+00:00,420.00005492772317,32.37741544456733,2101.6616299844272,16.000002056864666,499.9995439091558,1.962823075211328e-05,249.99999405396463,4.525746569120341e-07,174.99995881450587,444.49528584986376,799.9998739691106,6.331700289678408e-05,9.930185260440316e-08,1489.4947625466848,0.0,120.0,0.0028,11.07,0.0,4.170585335130718,0.0,252.55037850683019,0.0
2023-01-08 04:00:00+00:00,899.9995966344391,37.25290285020573,2891.153132486613,16.00000579307049,0.0003618294192081315,3.0341392193550117e-05,249.99999347617725,5.338544734507418e-07,174.99997808023696,9.9559016140045,374.35645181501485,0.00019966056642619685,5.1885289509245175e-08,554.9562041245912,0.0,120.0,0.00508,11.2,0.0,2.8191775169529234,0.0,248.00001409794353,0.0
2023-01-08 05:00:00+00:00,899.9999123850646,42.12839023969887,3251.053618978628,16.000001521976447,7.325433156710831e-05,1.4172479850769653e-05,249.99999227418812,6.388046445635321e-07,174.99998543929217,8.936713619897579e-05,365.2001877883893,0.00020129251821474303,3.7491885500944214e-08,545.0001255236635,0.0,120.0,0.00902,11.22,0.0,4.915901132223445,0.0,247.30005146227967,0.0
2023-01-08 06:00:00+00:00,899.999967946223,47.00387759945323,3599.998337379606,16.000000847663408,6.692295154439372e-05,3.0419101541824477e-05,249.99998884845445,8.077492927189328e-07,174.99986753391048,2.129375506852211e-05,18.001950271078726,0.0002901305732160102,1.5852956154166047e-08,1740.6491468468648,0.0,1315.649233474644,0.01647,11.19,0.0,28.66849144856786,0.0,594.4978978744233,0.0
2023-01-08 07:00:00+00:00,900.0000005056925,51.87936488226142,3600.0000058332134,22.19966353361675,3.916003691625837e-05,3.6485349470801236e-05,2.4134773444484504e-05,2.53529586184622e-06,40.19725622047728,2.46256530166238e-06,18.00028995474863,0.0002887230100666353,1.1630121585437219e-08,1355.8465164318518,0.0,1315.649233474644,0.05023,11.09,0.0,68.10417052037191,0.0,122.69039975257866,0.0
2023-01-08 08:00:00+00:00,900.0000000937555,51.879365200803605,3600.0000070357855,16.000000811023515,2.499014097582688e-05,4.155981562996744e-05,4.449951051942265e-06,8.505162741396274e-06,78.59994479348876,-8.799091214040604e-07,18.00010448993275,0.00029013111294650106,2.698876864437486e-09,1394.2491567633374,0.0,1315.649233474644,0.08302,10.94,0.0,115.75056499449227,0.0,257.09999750089474,0.0
2023-01-08 09:00:00+00:00,899.9999807928161,51.879364777225526,3599.9998213594263,16.00000020894247,2.2352712923406045e-05,4.036615975306264e-05,3.096380082107108e-06,1.595107976033728e-05,0.0002729463289901528,-1.4932328836393419e-06,0.0001858567268156845,144.97522628560353,1.3110830968163896e-09,914.6701066314129,55.364999999999995,970.0348660464632,0.0938799999999999,10.84,144.53,85.86922961055694,0.0,260.6000054284834,0.0
2023-01-08 10:00:00+00:00,899.9999602033374,51.87936388045048,3437.024781823752,16.000000150956666,1.4855088841878498e-05,0.00010827256016330747,2.4447035837835297e-06,1.9442516371683955e-05,7.493526466676878e-05,-1.9685377357790294e-06,9.560513473118151e-05,186.40582739028554,9.028455251379297e-10,1054.878232558591,33.765,1088.6432700071482,0.10387,10.79,94.93,109.57020201586084,0.0,262.35000571948626,0.0
2023-01-08 11:00:00+00:00,899.9998616803059,51.87936276145931,3233.4339261294826,16.00000014191615,2.104969184658192e-05,2.4968637800897124e-05,2.744494773354131e-06,1.2676841188498115e-05,0.00010038492906223928,-1.8677929114760992e-06,0.00011193953164528083,243.71375952943808,1.061621366486483e-09,1266.8659511458077,3.54,1270.4058664799636,0.10169,10.89,18.92,128.8275985720172,0.0,258.850005961832,0.0
2023-01-08 12:00:00+00:00,899.9998558790124,51.879362054295775,2973.5531089089286,16.000000140300443,3.558523977231102e-05,1.3050862688808375e-05,4.5327749120209536e-06,3.0009587017056015e-06,0.0001700378871012595,-1.7365202458027364e-06,0.00014791131036284087,219.32555812739926,8.795613635280511e-10,1175.4701666068327,15.76,1191.2299742392725,0.099,10.83,52.03,116.37154649407644,0.0,260.9500057302098,0.0
2023-01-08 13:00:00+00:00,899.999876446194,51.8793619626182,2739.359933148295,16.00000013869258,2.2765623127497592e-05,1.887910676810043e-05,3.7636532669528385e-06,3.556903111216376e-06,8.482309050311333e-05,-1.977729081984638e-06,0.00010199710593337468,169.1718099435982,5.606150983424001e-10,982.8480720079081,44.865,1027.7129850692802,0.10429,10.7,120.41,102.50122542970473,0.0,265.5000053591894,0.0
2023-01-08 14:00:00+00:00,899.999878635456,51.879361822581245,2556.491425536062,16.000000137093124,3.376767355879168e-05,1.3530608825539556e-05,3.885384052674778e-06,3.4618666384482093e-06,9.888482063251302e-05,-1.9333203909847887e-06,0.00011063392927368826,222.22576909641583,3.3330532831451325e-10,1158.6523010496592,18.23,1176.8821834375767,0.10333,10.61,58.03,119.72354226746128,0.0,268.65000506867824,0.0
2023-01-08 15:00:00+00:00,899.9998969580384,51.87936169062104,2321.483309945895,16.000000135501168,2.4404873173216205e-05,2.2863242066167998e-05,3.265577675294588e-06,4.105928277033741e-06,6.328474070965843e-05,-2.145501287893917e-06,7.983324923848836e-05,264.23786210524634,-1.2066028690716106e-10,1277.070036525552,2.375,1279.444974685032,0.10843,10.39,15.14,138.47270406046562,0.0,276.35000451869314,0.0
2023-01-08 16:00:00+00:00,899.9998965708395,51.879361507925836,2045.638111124169,16.000000133916686,1.0671389284455533e-05,267.99988995731246,2.3238392990762982e-06,5.985959045690032e-06,3.563072052884759e-05,-2.5139834436522558e-06,4.934241865725669e-05,288.94992662280094,-7.619775801026898e-10,1047.649383643338,0.0,1315.649233474644,0.1187199999999999,10.03,0.0,124.37693482613699,0.0,288.95000368923183,0.0
2023-01-08 17:00:00+00:00,620.8333547765061,51.879361194051775,1746.4600432881657,16.000000132339654,7.733144864724415e-06,499.99992996476465,2.044577169208843e-06,6.949232016956874e-06,3.0541288573123606e-05,-2.6392941093093995e-06,4.2976589141105966e-05,299.09993683080904,-1.2331943418225885e-09,815.6493342403639,0.0,1315.649233474644,0.12276,9.74,0.0,100.12911227134707,0.0,299.10000300029117,0.0
2023-01-08 18:00:00+00:00,100.00010182036192,51.8793608169294,1438.6278492175052,16.00000013077003,1.024907666338545e-05,3.565484380503432e-05,3.207569211483643e-06,4.079611774794781e-06,6.516740710693121e-05,-2.1787096648412806e-06,8.06097644680622e-05,306.4498542969027,-1.5593943548763969e-09,1315.649270185532,0.0,1315.649233474644,0.10944,9.53,0.0,143.98465612910462,0.0,306.45000247186874,0.0
2023-01-08 19:00:00+00:00,100.00007451901322,51.879360634682065,1124.9849362842792,16.000000129207773,1.72519297113031e-05,2.9853833193612357e-05,3.871766243754255e-06,3.307547908456487e-06,0.00011655981588528859,-1.968102816027381e-06,0.00011736512392902607,307.14971136286835,-1.626728347809623e-09,1315.6493360286718,0.0,1315.649233474644,0.10441,9.51,0.0,137.36694717475362,0.0,307.15000232396176,0.0
2023-01-08 20:00:00+00:00,100.00005998312284,51.879360511716335,812.2104176051134,16.000000127652843,2.315440284029345e-05,2.4393976395395578e-05,5.354952793452753e-06,2.1247963893277385e-06,89.75596490965124,-1.6911302256661068e-06,0.00031923829690351415,0.0044440834829265405,-1.9169510914491536e-09,1405.405198683748,0.0,1315.649233474644,0.09865,9.31,0.0,138.64322285015174,0.0,314.1500018421039,0.0
2023-01-08 21:00:00+00:00,100.00005680095748,51.879360488647826,808.1452406719019,16.000000126562725,1.2119043456632151e-05,5.030234914052848e-05,5.259542672819639e-06,2.1302640501095506e-06,108.94058427753804,-1.7228024725659363e-06,61.89231836884528,0.0002749452348150515,-2.1521843422872042e-09,1424.5897809753526,0.0,1315.649233474644,0.09938,9.16,0.0,141.57573243333053,0.0,319.40000133338305,0.0
2023-01-08 22:00:00+00:00,100.00001603695884,51.87936046339054,865.9965578921529,16.000000123838117,3.872392241526846e-05,2.4757758452873894e-05,1.1853712798129687e-05,1.3226015834548228e-06,174.99998541021603,-2.5439547378771893e-07,293.8001633074793,0.00021495444625984942,-2.1777128849383464e-09,295.0000096530957,0.0,120.0,0.08134,9.18,0.0,23.9953007851828,0.0,318.7000012566927,0.0
2023-01-08 23:00:00+00:00,100.00002742259264,51.87936061519702,1155.466523455725,16.000000121917385,2.904423876547549e-05,3.1387371194073034e-05,1.8118557727525765e-05,1.1130549716689024e-06,174.99999115614207,6.645377033474119e-07,299.4001837373336,0.00021381877626182566,-2.2910848350596278e-09,295.00000648305013,0.0,120.0,0.07513,9.34,0.0,22.163350487071558,0.0,313.10000056497074,0.0
2023-01-09 00:00:00+00:00,100.00002260988352,51.879360901754254,1449.0891607570036,16.000000110268203,4.286972713738611e-05,2.713401998386394e-05,7.305727863550521e-05,8.078488092781191e-07,174.9999941397086,2.749651816970258e-06,305.70019430072375,0.00021255490045457315,-2.1172273356123163e-09,295.00008487449736,0.0,120.0,0.0643799999999999,9.52,0.0,18.99210546422011,0.0,306.8000010308062,0.0
2023-01-09 01:00:00+00:00,100.00003550021741,51.87936227803789,1747.543696699042,16.000000108752005,2.8465158970443406e-05,3.901616947624415e-05,249.99534970012698,6.784887581538439e-07,174.99999492878106,3.965595962284721e-06,312.3501965817262,0.00021123634266165557,-1.920396304738183e-09,544.9953373650047,0.0,120.0,0.06028,9.71,0.0,32.85231893636249,0.0,300.15000130623224,0.0
2023-01-09 02:00:00+00:00,100.00002218492682,56.75475909616285,2051.15596356093,16.00000010724342,499.9999228254592,1.1211435865611183e-05,249.9999879393476,2.6522936228606485e-07,174.99999713796274,2.586306807704712e-05,321.80022342026746,0.00020938948987648897,-1.6009320599410653e-09,1044.9999222891724,0.0,120.0,0.0394099999999999,9.98,0.0,41.183446937416186,0.0,290.70000174219,0.0
2023-01-09 03:00:00+00:00,579.9999364187887,61.63024639379613,2362.700197773903,16.00000010574239,333.33341099615876,1.565226595421526e-05,249.999984803301,3.3137048044750215e-07,174.9999969055428,1.722626233193792e-05,334.0502111579218,0.0002070412408759071,-1.1277945410168526e-09,878.3333939476285,0.0,120.0,0.04312,10.33,0.0,37.873735947021736,0.0,278.4500023386779,0.0
2023-01-09 04:00:00+00:00,899.9999946706574,66.50573362630152,2684.9367009017137,16.000000104248898,3.888406724923266e-05,2.889909459795508e-05,3.244014023112164e-05,9.468257263681761e-07,174.99999362449972,1.832070029014809e-06,343.85018256544384,0.00020519885878777524,-7.143324807878484e-10,295.0000369348569,0.0,120.0,0.0690699999999999,10.61,0.0,20.375652551090536,0.0,268.65000279569136,0.0
2023-01-09 05:00:00+00:00,900.0000018961384,66.50573420213229,3015.3619947637903,16.000000102762876,2.940992188187813e-05,2.541617855479492e-05,4.015723421370246e-06,2.6699186443134423e-06,127.77162124682737,-2.0322110012757344e-06,181.35091154829433,0.00024050202842529133,-6.223335023294185e-10,247.77162455416448,0.0,120.0,0.1071299999999999,10.69,0.0,26.543774138487617,0.0,265.850003174684,0.0
2023-01-09 06:00:00+00:00,900.0000036544774,66.50573412023559,3181.635855836237,16.000000107041707,1.4552172247063376e-05,3.76653760591105e-05,5.558266369513949e-07,4.635244833701298e-05,1.080031530483356e-05,-3.4912487032702686e-06,2.636233457732237e-05,266.5499616428407,-8.902517092227024e-10,1314.3194096785746,0.0,1314.3194712793338,0.16,10.67,0.0,210.29110554857195,0.0,266.5500020719873,0.0
2023-01-09 07:00:00+00:00,899.999978389796,66.50573134965025,2899.17774127655,16.00000009404832,6.150844670236315e-06,499.99989764277205,2.5033785080311454e-08,199.99996624175125,2.639197713183025e-06,-3.949891995165119e-06,0.00026255824357307705,101.35028442501182,4.416735899818089e-10,614.3196122599945,0.0,1314.3194712793338,0.18,11.39,0.0,110.57753020679901,0.0,241.350003562793,0.0
2023-01-09 08:00:00+00:00,379.1667575833859,54.504533255823944,2783.331830703399,16.000000091610328,7.683812354132914e-06,268.00003506685084,9.307315888031031e-08,199.99994894559597,3.1774121288132116e-06,-3.88835268485797e-06,0.00026414340507165113,96.10029525917953,2.525306345755209e-10,846.3194943328318,0.0,1314.3194712793338,0.1771599999999999,11.54,0.0,149.9339616160044,0.0,236.10000264916494,0.0
2023-01-09 09:00:00+00:00,100.00006176520947,42.50333620119765,2673.315140434108,16.000000077596226,2.2823004670122516e-05,1.7042645531863512e-05,6.500371840901538e-07,2.383971800625592e-05,2.0590913376797296e-05,-3.4161418839274644e-06,3.4819332417096494e-05,72.55795115002394,-9.608622324931635e-11,760.3513676006738,79.25,839.601367835224,0.15913,11.67,198.74,120.99471312629522,0.0,231.55000170471047,0.0
2023-01-09 10:00:00+00:00,100.00006592253818,42.50333478334851,2587.390648401246,16.000000060976284,1.8333038652649084e-05,3.516846615945284e-05,6.978752747863529e-07,1.4242748526002898e-05,2.663729702015565e-05,-3.4240457719078667e-06,3.996588701282406e-05,209.9879414088155,-6.267074232325229e-11,1275.8004705219462,2.355,1278.1554776889957,0.16078,11.94,15.14,205.1231996505185,0.0,222.1000012535867,0.0
2023-01-09 11:00:00+00:00,100.00004688843637,42.50333394230806,2364.465793716311,16.00000004611608,333.33308513430404,8.203520773235188e-06,1.535186479302736e-06,5.434671823961187e-06,9.271979046237027e-05,-3.012297851253614e-06,0.00010738136551201143,194.77978397818728,5.0955120578952e-10,1586.0913230266121,5.07,1257.8281602878212,0.141,12.18,23.65,223.6388765467523,0.0,213.7000019381838,0.0
2023-01-09 12:00:00+00:00,419.9998000720341,42.50333364613427,2157.8637881509076,16.000000044948745,0.0002717218214274715,9.188406942220483e-06,1.4788307276841274e-06,5.669662872431555e-06,8.882670425941568e-05,-3.0357314585086085e-06,0.0001053855865543453,169.7317958667395,1.1587664529495406e-09,1195.4359280267306,12.685,1208.1205838931753,0.14207,12.42,44.46,169.83558229475761,0.0,205.30000233800774,0.0
2023-01-09 13:00:00+00:00,420.0000513537254,42.50333333476056,1977.3427787290002,16.0000000437868,499.9998629997624,6.959479612062974e-06,1.6466129830521082e-06,5.057612670151214e-06,0.0001507051683647343,-2.9585537765117735e-06,0.0001430308597767344,181.37361714962023,1.0114256235662374e-09,1732.0311638685498,7.715,1239.7461634926522,0.13897,12.39,31.22,240.7003708428124,0.0,206.35000219821035,0.0
2023-01-09 14:00:00+00:00,899.9999125840393,42.50333306338562,1786.0825907165947,16.000000042630198,4.366420246029627e-05,3.110070313609993e-05,1.0539231518248572e-06,8.401068559334599e-06,4.791013462961932e-05,-3.233544823342617e-06,6.605300022320775e-05,155.53989770678277,8.073961065670033e-10,1136.1509426461728,21.235,1157.3858927532292,0.15123,12.34,65.7,171.82010705638072,0.0,208.10000201879237,0.0
2023-01-09 15:00:00+00:00,899.9999221051079,42.50333257982465,1621.612346109229,16.00000004147894,1.8435480996775638e-05,2.756626099091891e-05,6.561569959110988e-07,1.581074020458755e-05,2.8626004143975402e-05,-3.4393060843644413e-06,4.3103807639630145e-05,206.41593706993672,5.806042041135104e-10,1303.0212099823661,0.0,1303.0212090810312,0.16204,12.28,4.73,211.14155686554258,0.0,210.2000018197487,0.0
2023-01-09 16:00:00+00:00,899.9999110883145,42.50333164388171,1407.088390412554,16.000000040332964,7.804528035313101e-06,267.9997962093736,3.014255829925124e-07,6.931766992674761e-05,1.4119806522411432e-05,-3.66246570489123e-06,3.776551048111027e-05,217.1999447907396,-8.781367402915658e-12,1046.3196243155849,0.0,1314.3194712793338,0.17427,12.08,0.0,182.34212092947698,0.0,217.20000134107985,0.0
2023-01-09 17:00:00+00:00,620.8334641958972,42.50332749028395,1182.8530414352622,16.000000039192262,3.847264627304567e-06,499.9999606717592,9.215117664824536e-08,174.99780871853196,4.9795742689962505e-06,-3.875151505933175e-06,0.00026088711631151994,106.95178175481865,-8.730083492701909e-10,639.321706932881,0.0,1314.3194712793338,0.18218,11.73,0.0,116.47162856903228,0.0,229.45000056278465,0.0
2023-01-09 18:00:00+00:00,100.00017552285544,32.00240887710766,1069.9872553603834,16.00000003805682,1.0789200171172308e-05,0.0001502705913923926,3.114267784506007e-07,2.276631514485833e-05,2.1988317382751357e-05,-3.575106863142944e-06,3.570585598078317e-05,235.7499464745374,-1.2854222397898344e-09,1314.3193277562648,0.0,1314.3194712793338,0.17024,11.55,0.0,223.74972235722652,0.0,235.75000012485708,0.0
2023-01-09 19:00:00+00:00,100.00002934862157,32.00240751706557,828.8874083149001,16.000000036926572,1.5353336480755903e-05,3.332255200310274e-05,7.389314673343978e-07,1.1993513974758652e-05,3.4742112435974485e-05,-3.4050301396944456e-06,4.99464610825204e-05,228.39992379188737,-8.98955941665819e-10,1314.319473392618,0.0,1314.3194712793338,0.1605099999999999,11.76,0.0,210.961418674249,0.0,228.40000046729978,0.0
2023-01-09 20:00:00+00:00,100.00000937683292,32.00240681179337,596.3430974278992,16.000000035801516,3.0198867929686124e-05,1.8671559930761646e-05,1.717684386228787e-06,4.55774138964921e-06,10.311096566681886,-2.94041605298789e-06,0.00023749598737138024,193.36139916330833,-1.0075136870709177e-09,1324.6305735928506,0.0,1314.3194712793338,0.13893,11.73,0.0,184.03092558925474,0.0,229.44999993011464,0.0
2023-01-09 21:00:00+00:00,100.00001891820453,32.00240657179973,400.0002202734388,16.000000027517544,2.0535640371654283e-05,2.9325370328775103e-05,2.1777234854156707e-06,3.5028495332442303e-06,68.12860939505227,-2.7797879065353536e-06,2.000427697205717,0.00029611991730973546,-9.58881416286323e-10,1382.448067779742,0.0,1314.3194712793338,0.132,11.53,0.0,182.48314494692593,0.0,236.4500010053992,0.0
2023-01-09 22:00:00+00:00,100.00000808515853,32.0024064040776,400.00035074936,16.00000004362844,6.480901529869557e-05,1.5447269664712472e-05,4.870721724840693e-06,1.8187776969905418e-06,174.99998764797738,-1.7401035012092563e-06,354.700159561972,0.00020319555504550653,-1.9176219399912168e-09,295.00003832156347,0.0,120.0,0.10831,10.92,0.0,31.95145415060854,0.0,257.7999999519458,0.0
2023-01-09 23:00:00+00:00,100.00005421090731,32.002406389928595,752.7003053620301,16.00000005031359,4.092574565712416e-05,1.9959950807311183e-05,5.309544555726158e-06,1.7040375190656181e-06,174.99998934764233,-1.5867120115588531e-06,328.1001723311868,0.00020817545792469142,-3.0050620292159615e-09,295.0000123322322,0.0,120.0,0.10601,10.16,0.0,31.272951307339934,0.0,284.3999981830006,0.0
2023-01-10 00:00:00+00:00,100.0000727080077,32.00240639122259,1077.0367679909489,16.00000004909456,0.0003522164765322354,1.2195752394130808e-05,7.74764043814337e-06,1.3277538066093548e-06,174.99999292285602,-8.848014481217437e-07,309.5501900337991,0.00021178959963019173,-3.6195506219865494e-09,295.00033847866536,0.0,120.0,0.09672,9.63,0.0,28.532432737656514,0.0,302.9499970392708,0.0
2023-01-10 01:00:00+00:00,100.00039813191644,32.00240646264349,1381.2015623951934,16.000000047881464,333.3316685950148,1.0887970330612554e-05,8.329449336694884e-06,1.2738011216832601e-06,174.99999346017373,-7.292224473768038e-07,289.2501973701445,0.00021588576620040493,-4.181647548112477e-09,628.331657493644,0.0,120.0,0.09515,9.05,0.0,59.785757210520224,0.0,323.2499957959603,0.0
2023-01-10 02:00:00+00:00,419.99878864149485,32.00240654864829,1663.5455360675958,16.000000046674284,499.99994079746506,7.538236481211696e-06,4.032753051015773e-06,1.4095185212390958e-06,174.99999453734426,-2.2933299476979295e-07,267.2002076988756,0.00022051161325916183,-4.692256828820477e-09,794.9999301904745,0.0,120.0,0.09033,8.42,0.0,71.81234369410556,0.0,345.29999445306584,0.0
2023-01-10 03:00:00+00:00,899.9987239547316,32.00240654271527,1922.4277955745201,16.000000045472984,0.001311456490726889,1.16480635374768e-05,8.291346345306351e-06,1.2717479438808024e-06,174.99999365538721,-7.364162689730087e-07,248.6502091983111,0.00022455387045127256,-5.0642554714112635e-09,295.00129974699655,0.0,120.0,0.09561,7.89,0.0,28.20507426881034,0.0,363.849993310586,0.0
2023-01-10 04:00:00+00:00,899.9999708195633,32.00240662810019,2161.465641241088,16.00000004427753,4.7328175142353045e-05,1.7539029604294564e-05,4.9243390654496984e-06,1.803738771485351e-06,174.99998972333088,-1.689066253535435e-06,233.60019898694128,0.00022794005309707536,-5.3365188906749735e-09,295.00002094401043,0.0,120.0,0.1085999999999999,7.46,0.0,32.0370022745195,0.0,378.8999925752115,0.0
2023-01-10 05:00:00+00:00,899.9999979847889,32.002406615899254,2384.258284081771,16.000000046789868,2.3080006662407025e-05,2.4178964344947715e-05,1.8217641736612446e-06,4.159277015959067e-06,38.71285087112932,-2.922698716158883e-06,0.0002247078422223725,247.9552380595609,-5.545515131326233e-09,158.71284451196007,0.0,120.0,0.13813,7.33,0.0,21.923005212437044,0.0,383.44999141869346,0.0
2023-01-10 06:00:00+00:00,899.9999949551741,32.002406401845626,2124.381979309643,16.00000003598936,2.7799126562445433e-05,1.7233347835519718e-05,9.49471129750778e-07,8.63302786385975e-06,4.482818504420586e-05,-3.3195550042057335e-06,5.938414132541212e-05,387.29989105133615,-5.623123854204674e-09,1312.8136437890705,0.0,1312.8135993982182,0.156,7.22,0.0,204.798928431095,0.0,387.2999913226025,0.0
2023-01-10 07:00:00+00:00,900.0000036909316,32.00240590232869,1726.4602377459005,16.000000034864236,6.128594674919086e-06,268.00016362557164,-5.116035372158536e-07,199.99999074938043,2.036998937021544e-06,-4.311538724047562e-06,0.00022462018046215713,248.35021942047945,-5.659536508244327e-09,844.8134483657175,0.0,1312.8135993982182,0.22,7.19,0.0,185.85895864045784,0.0,388.3499911859382,0.0
2023-01-10 08:00:00+00:00,620.833172464412,20.001206327432104,1469.477941756872,16.000000033750087,5.20441293632654e-06,499.99985253450166,-5.594755955037413e-07,199.9999814179289,1.9766031988088028e-06,-4.3282372344175556e-06,0.00022508708669036757,246.25022669034803,-5.651441899426408e-09,612.8137677390908,0.0,1312.8135993982182,0.222,7.25,0.0,136.04465643807816,0.0,386.2499912289679,0.0
2023-01-10 09:00:00+00:00,99.99999773720913,8.000007311545007,1215.8805504448262,16.00000003263495,3.1978804934833025e-05,1.4663959131606211e-05,4.1011764026843425e-07,1.1159352316123786e-05,3.445641990193375e-05,-3.4522504205074482e-06,5.0143306471873484e-05,136.85791711066867,-5.464327755370526e-09,487.52168999413533,123.345,610.8666524243547,0.16352,7.65,294.24,79.71954674784101,0.0,372.2499919586505,0.0
2023-01-10 10:00:00+00:00,100.00001316190443,8.000006649914999,1072.94328072524,16.00000003159354,5.67285237264938e-05,1.2154009706203407e-05,5.020874436651248e-07,7.209599851535151e-06,0.0001204566549253792,-3.139174204663364e-06,0.00012440349045101878,227.69369345584502,-5.271446754721383e-09,856.1739000761696,65.22999999999999,921.4037448916872,0.1475999999999999,8.03,164.07,126.37126765124255,0.0,358.9499925895842,0.0
2023-01-10 11:00:00+00:00,100.00005496086044,8.00000622708743,839.884995269259,16.00000002956064,9.548128821013004e-05,1.0712133721742741e-05,3.7199713651464227e-07,6.223516880240595e-06,38.0221466561015,-2.9906644706479697e-06,0.00041798089703176325,0.0008965614346890145,-5.088805147271546e-09,593.0667718583608,113.43499999999999,668.479549275289,0.14125,8.31,270.09,83.77068152499345,0.0,349.14999327259693,0.0
2023-01-10 12:00:00+00:00,100.00013546442449,8.000005860893742,835.685091712375,16.000000030716883,2.804947977557487e-05,1.207078986017314e-05,-7.593501058322622e-07,6.658372713765119e-06,44.57138396445188,-2.999796752466513e-06,0.00045174903004644904,0.0005995495169892807,-5.0716714170679754e-09,687.2386816117931,99.385,742.0522920861708,0.14168,8.36,239.25,97.36797641075886,0.0,347.3999933671306,0.0
2023-01-10 13:00:00+00:00,100.00014981818563,8.000005446542616,831.5065184533262,16.000000031461127,5.093542473168384e-05,2.233444422039869e-05,1.2172431948026344e-06,9.524714437306662e-06,0.00038341887072911946,-3.082655647288971e-06,0.00022359473344504857,45.966871089413175,-5.117991800787593e-09,257.2683753913269,160.84,418.1079747616026,0.1454099999999999,8.4,375.04,37.409394465652824,0.0,345.99999307619834,0.0
2023-01-10 14:00:00+00:00,100.00017545114731,8.000004898741212,781.3823383663798,16.000000027062438,3.357213575469527e-05,3.109926790850321e-05,1.127710862934731e-06,1.1023259165247681e-05,0.0004060628928756502,-3.092698582801136e-06,0.00018639202428019741,262.70475297269445,-5.280460433356825e-09,997.7180813871552,42.705,1040.4226858396412,0.14592,8.17,114.18,145.58702243601368,0.0,354.0499924553051,0.0
2023-01-10 15:00:00+00:00,100.0001752853269,8.000004259272076,514.7708600938778,16.000000023074154,5.2668853751824775e-05,2.180418067796511e-05,1.3428466428216968e-06,9.585920893978099e-06,174.99979131595245,-2.9537435638436397e-06,288.46549695435635,0.00021604717165310343,-5.421100280016429e-09,1339.6812019042459,16.875,1181.5563909204384,0.14011,7.77,55.02,187.7027331988039,0.0,368.04999248458734,0.0
2023-01-10 16:00:00+00:00,100.0002031347383,8.00000371024743,800.6622867005931,16.000000033822626,1.3523732501799389e-05,9.674032126984027e-05,9.536819865513127e-07,1.927320245337279e-05,0.00031355097220297904,-3.133230473521899e-06,0.00016065674702493333,394.6490427158834,-5.931691926051635e-09,1312.813808279851,0.0,1312.8135993982182,0.1479,7.01,0.0,194.16516224458996,0.0,394.64998987688267,0.0
2023-01-10 17:00:00+00:00,100.00011534635351,8.00000257233829,402.0100932079537,16.000000022329008,1.4967112508145935e-05,9.244396484791204e-05,1.029564691450921e-06,1.90143470253554e-05,121.8571353045592,-3.0632217837001838e-06,0.0005995889705881496,0.000603557240798632,-6.277141468156125e-09,1434.6706361779209,0.0,1312.8135993982182,0.14474,6.1,0.0,207.65422788039228,0.0,426.49998781168074,0.0
2023-01-10 18:00:00+00:00,100.0000334189848,8.000001451441891,400.00003877364367,16.000000012637763,1.6869929026870133e-05,2.50937601508198e-05,7.910943333051466e-07,8.796115331123315e-06,128.72858342814055,-2.732755977834511e-06,2.0003523743549345,0.0002961200952868327,-6.105992523443784e-09,1441.5421638647508,0.0,1312.8135993982182,0.1301,5.47,0.0,187.54463551880409,0.0,448.5499891960846,0.0
2023-01-10 19:00:00+00:00,100.00002347478318,8.000000939050071,400.00009483403505,16.000000041527013,1.694181949798007e-05,3.201810836552967e-05,1.4395817876447793e-06,8.578523831962646e-06,131.22854298336685,-2.5388129852765797e-06,2.0002115507122213,0.00029612008073891553,-5.9705094875646855e-09,1444.042117627541,0.0,1312.8135993982182,0.12281,5.22,0.0,177.34281246583834,0.0,457.2999885026943,0.0
2023-01-10 20:00:00+00:00,100.00000638673369,8.000000452361817,400.00000979049634,16.000000040124043,2.830747972191997e-05,2.7548040082156342e-05,3.6501843913518296e-06,4.315811577392692e-06,137.52856943978261,-1.8285729447870862e-06,2.0002988879747154,0.00029612010131253207,-5.411796250466202e-09,1450.3421671032402,0.0,1312.8135993982182,0.1019,4.59,0.0,147.7898668278202,0.0,479.34999148214666,0.0
2023-01-10 21:00:00+00:00,100.00000486603913,8.00000026457294,400.0000125094173,16.00000008360209,2.9605253330164333e-05,3.3895188935476313e-05,7.974574896222706e-06,2.066033577176337e-06,143.52856206661914,-8.162369297914122e-07,2.0002708464116923,0.0002961201867359145,-4.583169324811618e-09,1456.342162267206,0.0,1312.8135993982182,0.082,3.99,0.0,119.4200573059109,0.0,500.34999314509105,0.0
2023-01-10 22:00:00+00:00,99.99999797959386,8.00000029611829,399.9999871730951,16.000000105592374,4.199033094831859e-05,3.803230873305742e-05,249.99994778059332,8.442007839433605e-07,138.0285760049838,3.894491204790845e-06,2.000300145822948,0.00029611832550325835,8.356860463897769e-10,508.02853079388973,0.0,120.0,0.04296,4.54,0.0,21.824905682905502,0.0,481.10001643643267,0.0
2023-01-10 23:00:00+00:00,99.9999986733233,12.875486775835785,399.9999912647271,16.00000029947847,0.00013081043216371714,3.120990612542373e-05,249.99999549727363,6.12280938700536e-09,174.9999233209554,0.00011662471537542154,145.7498231172575,0.00024985664526906275,4.4323173067003216e-08,545.0001350373476,0.0,120.0,0.005,4.95,0.0,2.725000675186738,0.0,466.7502738254859,0.0
2023-01-11 00:00:00+00:00,100.0000917410193,17.75097423641131,543.7495645690158,16.000003261678433,0.0026149462026951943,2.4606477450652376e-05,249.99999621851111,-5.7559524903819956e-08,174.9999677027389,599.999885618075,748.4997130441586,0.00014967576167907148,4.5168004344378595e-08,1145.0024399366098,0.0,120.0,0.0,5.2,0.0,0.0,0.0,458.00021031279164,0.0
2023-01-11 01:00:00+00:00,100.00257645762655,22.626461714873695,1289.5303801145676,16.0000032364449,499.99693350948945,2.1489963971354607e-05,249.9999962608525,-6.146775437315987e-08,174.9999691070657,599.9999000922031,755.1497326497552,0.00014903130010105446,4.581317684380081e-08,1644.9967775411149,0.0,120.0,-0.00033,5.39,0.0,-0.5428489365885679,0.0,451.3502093045287,0.0
2023-01-11 02:00:00+00:00,579.9996102413572,27.50194919439634,2038.23231183245,16.00000321519176,333.33102590263934,2.2530576170057648e-05,249.99999624837275,-6.023013468048957e-08,174.99996889479803,599.9998967138756,754.099729415637,0.00014891842381443808,4.5411793086082225e-08,1478.3308652893397,0.0,120.0,-0.00023,5.36,0.0,-0.34001609901654817,0.0,452.400208339156,0.0
2023-01-11 03:00:00+00:00,899.9973716385408,32.37743667360134,2782.140730770501,16.000003200346143,0.0025790425682479354,2.4675684361510258e-05,249.9999962187447,-5.725260947088293e-08,174.99996826048726,599.9998875976463,745.3497210806302,0.00014980700480903735,4.381694345079591e-08,1145.0024065010148,0.0,120.0,0.0,5.11,0.0,0.0,0.0,461.15020631967303,0.0
2023-01-11 04:00:00+00:00,899.9998218155685,37.252924152049864,3513.579598390274,16.00000318018305,0.00024072895468047593,4.7298962767408135e-05,249.99999586462752,-2.450697091549643e-08,174.99995532663976,401.217252795407,103.98857907667545,0.0002617690398554592,2.0938601250295895e-08,946.2173974411733,0.0,120.0,0.00259,5.17,0.0,2.4507030593726387,0.0,905.7166065859016,0.0
2023-01-11 05:00:00+00:00,900.000003645612,42.12841162162748,3600.0000177059583,23.999998698237878,3.663108893780458e-05,3.615858884990848e-05,3.222264888932913e-05,1.4363931237228965e-06,89.3809659613733,1.416997577245882e-06,18.000280510250857,0.0002901310322271909,-1.460109076216312e-09,209.38099863712674,0.0,120.0,0.05731,5.1,0.0,11.999625031893734,0.0,294.8333928938908,0.0
2023-01-11 06:00:00+00:00,900.0000011462606,42.12841216383976,3600.000007996647,16.00000063803375,3.252910883204603e-05,2.7014518501115787e-05,4.659252483401273e-06,4.331289218473973e-06,138.69998744069144,-1.3345332642898734e-06,18.000260136515543,0.0002901311860197505,-4.710885077617847e-09,1449.8320560023485,0.0,1311.1320640536364,0.09111,4.93,0.0,132.09419862237397,0.0,467.4499877478051,0.0
2023-01-11 07:00:00+00:00,900.0000042340818,42.12841199480093,3599.9999779619934,16.000000205434173,4.901390600891455e-06,499.99996679748915,1.2677335295850555e-07,199.9999913313078,4.2018305985763775e-06,-3.687098731599852e-06,0.00020395718083837268,350.55018562500345,-5.952520590947759e-09,611.1321114677352,0.0,1311.1320640536364,0.16358,4.27,0.0,99.96899079389212,0.0,490.5499866559174,0.0
2023-01-11 08:00:00+00:00,379.16671019203216,30.127212397434803,3231.4499964043607,16.000000087768527,8.643371692614413e-06,268.0000258833087,3.2073854370499924e-07,199.99998727653028,5.391991490143995e-06,-3.5349028524974807e-06,0.00020402167836145623,350.2001865602573,-5.969007958701994e-09,843.1320617149962,0.0,1311.1320640536364,0.1556,4.28,0.0,131.1913488028534,0.0,490.19998900456653,0.0
2023-01-11 09:00:00+00:00,100.00002486122241,18.12601304716236,2865.0927638837597,16.000000086407745,4.0952899475915696e-05,1.543715378441319e-05,1.1617169505601104e-06,0.0001941751194046028,2.5833302786786473e-05,-2.877684016507643e-06,7.639442607284239e-05,431.8938423549686,-5.894266132232975e-09,1145.5670492080874,20.07999999999995,1165.647193750125,0.13178,4.55,61.07,150.96282574464178,0.0,480.7499894507787,0.0
2023-01-11 10:00:00+00:00,100.00004809563738,18.126001418145773,2418.8735341037986,16.000000085053305,2.0781349608956893e-05,2.336683244758461e-05,1.2143655608899597e-06,0.0001238889019226929,3.4934667620029275e-05,-2.8249389344342685e-06,7.694174773473778e-05,184.48786132230816,-5.684574884624284e-09,343.6607259205629,148.82999999999998,492.4908190708534,0.1306,5.16,343.64,44.882090805225516,0.0,459.39999057743887,0.0
2023-01-11 11:00:00+00:00,100.00004370528254,18.125994007750748,2222.291382052719,16.000000083705213,0.00012711209694636584,1.1962828993980123e-05,1.8994598506936927e-06,1.6611237598753915e-05,0.00021348562860164968,-2.4092602445874976e-06,0.0001638185857165054,207.83739884948366,-5.440853740269012e-09,505.0396198547997,122.64499999999995,627.684308340941,0.11782,5.79,286.89,59.5037680112925,0.0,437.34999147329677,0.0
2023-01-11 12:00:00+00:00,100.0001532716154,18.125993048019986,2003.3426901115577,16.00000007750529,499.9999104806673,7.529556741116898e-06,2.4159654179453286e-06,1.0388783137106783e-05,174.9997313490652,-2.139060264864037e-06,410.687264231948,0.00019342895358154518,-5.0134183442929825e-09,1237.2556830152273,113.145,675.4010588269296,0.11054,6.42,266.86,136.76624320050323,0.0,415.2999940732123,0.0
2023-01-11 13:00:00+00:00,580.0000594897678,18.125992471746695,2404.0130474639946,16.00000009481102,0.00014944871508275624,1.1814522568436588e-05,2.035615018522081e-06,1.4396269169628715e-05,37.16401737953981,-2.327393774170741e-06,0.00025018660041495626,144.5401750178639,-4.951634231626746e-09,914.223015492808,62.035,939.0938751671237,0.11574,6.87,156.17,105.8121718131376,0.0,399.5499934329213,0.0
2023-01-11 14:00:00+00:00,580.0001906537399,18.125991647582623,2247.453057395411,16.00000007969854,5.51953038537003e-05,1.5269273057513238e-05,1.8363834338892514e-06,1.8164779897174925e-05,0.000261862123640806,-2.4363020327672285e-06,0.00015709672739569195,365.7712243572455,-4.8482017138364854e-09,1226.2287327171623,8.28999999999995,1234.5184496937063,0.11883,7.1,32.16,145.7127603087804,0.0,391.4999940813578,0.0
2023-01-11 15:00:00+00:00,580.0002277357388,18.125990593399887,1870.444724847916,16.000000078296296,3.8275219667352324e-05,1.8342431036178435e-05,1.717294154203459e-06,2.172793783089844e-05,0.00017515060356268432,-2.5014415420931863e-06,0.00013676860606062972,380.3055053972024,-4.758043853170771e-09,1297.5859763772942,0.015,1297.6008038059872,0.12081,7.29,5.68,156.7613618061409,0.0,384.8499943888382,0.0
2023-01-11 16:00:00+00:00,580.0002453732507,18.12598932308382,1480.78713259508,16.000000077167584,1.0223392263082652e-05,0.003859186050763981,1.0747694247920515e-06,0.0031973203038968587,1.7243709826074998e-05,-2.966378065354888e-06,0.00017843111981331918,392.89787676098194,-4.910360066284887e-09,1311.1250331227754,0.0,1311.1320640536364,0.13379,7.06,0.0,175.4154181814961,0.0,392.899993870345,0.0
2023-01-11 17:00:00+00:00,579.9962352022377,18.125797485639847,1080.4854986022426,16.000000076257795,9.498207423980017e-06,460.7962361875503,1.0363439426978834e-06,168.7461708529074,1.7184872329812057e-05,-2.9685162487907223e-06,0.0002186050451299419,276.17783550009227,-4.956123430485886e-09,681.5896817640862,0.0,1311.1320640536364,0.13387,7.02,0.0,91.24441069775821,0.0,394.2999937003044,0.0
2023-01-11 18:00:00+00:00,100.00016495848524,8.000014676393183,798.9054542141844,16.00000007504847,1.9040217485704028e-05,0.0001266371429455616,1.2815269133952764e-06,7.511899665250547e-05,5.761975299164009e-05,-2.7770442981844107e-06,8.406082914195597e-05,392.8998261783941,-4.964206577657788e-09,1311.13193746195,0.0,1311.1320640536364,0.1299,7.06,0.0,170.31603867630727,0.0,392.8999936207242,0.0
2023-01-11 19:00:00+00:00,100.00005132340347,8.0000101937949,402.01118482554847,16.00000007272063,7.858525222153636e-06,4.750149447284901e-05,1.99109104104669e-06,1.451234531243952e-05,113.45681889051734,-2.4138240062043553e-06,0.00026563050476091204,0.0013836078863445362,-5.032436882821361e-09,1424.588828366106,0.0,1311.1320640536364,0.11853,6.94,0.0,168.85651382623456,0.0,397.0999918631482,0.0
2023-01-11 20:00:00+00:00,100.00000938686428,8.000009361797257,400.00001092403915,16.000000044721258,4.190680233377643e-05,2.075704439180931e-05,6.5274984971508055e-06,1.1857261723151434e-05,115.12864688504783,-1.5194641720893066e-06,2.000567418615715,0.00029586687644889885,-3.867969001020144e-09,1426.2607252392147,0.0,1311.1320640536364,0.09487,6.83,0.0,135.3093550034443,0.0,400.94999934174183,0.0
2023-01-11 21:00:00+00:00,100.00002799547329,8.000008777589354,400.0002824211582,16.000000131951463,1.7789224511200153e-05,3.891438460381496e-05,4.777017478564427e-06,4.44457384606977e-06,114.92849134499745,-1.3811973103414523e-06,2.0000211880496366,0.0002961201207916772,-3.6649212018567696e-09,1426.0605332247203,0.0,1311.1320640536364,0.09203,6.85,0.0,131.240350872671,0.0,400.2499963833786,0.0
2023-01-11 22:00:00+00:00,100.00000453731153,8.00000860404941,400.00000607698126,16.000000104582206,3.1406638817805576e-05,3.6504174767131995e-05,1.3327535335140208e-05,1.760956287032275e-06,114.42856492057656,1.3993473605241798e-07,2.0002724847863615,0.00029612007878421285,-1.5322367017276063e-09,234.4285715295544,0.0,120.0,0.06923,6.9,0.0,16.22949000699105,0.0,398.5000022285151,0.0
2023-01-11 23:00:00+00:00,99.99999666250274,8.000008758294397,399.99998241130396,16.000000128883258,5.8998277135865905e-05,3.778904497127948e-05,249.99999140634526,2.621117875156739e-07,159.97575126543236,1.355285939375018e-05,155.11529410034464,0.0002473281459311047,1.6441778655750976e-08,529.9757771717574,0.0,120.0,0.02174,6.72,0.0,11.521673395714005,0.0,404.8000962576237,0.0
2023-01-12 00:00:00+00:00,100.00001393726028,12.875496123727967,553.1150292714461,16.000001225553667,0.0002588937662549137,2.6505799070986924e-05,249.99999545965932,2.5839725330560884e-08,174.99998445527305,599.9983991622066,787.6984424526148,0.00014559633549607792,1.362443081795619e-08,1144.9986114392666,0.0,120.0,0.00592,6.32,0.0,6.778391779720458,0.0,418.80006392584863,0.0
2023-01-12 01:00:00+00:00,100.00023486506852,17.750983582386805,1338.0477509813684,16.000001129814606,0.0001406440508872782,3.0282119533608285e-05,249.99999550168312,2.468640717972966e-08,174.99998521325656,599.9997152115734,772.9997512848657,0.00014703264370983938,1.2069592858956717e-08,1144.999806263758,0.0,120.0,0.00566,5.9,0.0,6.480698903452871,0.0,433.5000620709139,0.0
2023-01-12 02:00:00+00:00,100.00033833948287,22.626471041934398,2104.3571164786836,16.000001096623365,499.99988907565324,1.6335420190558812e-05,249.99999629386522,-3.863363882771788e-08,174.99999030179083,599.9999651387664,763.2000294475363,0.00014800478215120998,9.228951831884773e-09,1644.9998245132892,0.0,120.0,0.0001,5.62,0.0,0.16449998245132894,0.0,443.3000500738489,0.0
2023-01-12 03:00:00+00:00,580.0002148360472,27.501958520730668,2857.035212339044,16.000000962881135,333.33312646501184,2.1918405271869028e-05,249.9999959427632,-7.095885135573452e-09,174.99998854243012,599.9999393578472,757.2499816155918,0.00014860094738984494,9.593700326278756e-09,1478.333028396743,0.0,120.0,0.00273,5.45,0.0,4.035849167523108,0.0,449.25006684316253,0.0
2023-01-12 04:00:00+00:00,899.9999934107864,32.37744599078731,3599.999869291993,16.000001193918976,5.284287418015243e-05,3.774416829740311e-05,249.99998962054497,3.649355029775338e-07,174.9999543778006,1.2472133143258034e-05,18.000440167446786,0.00029013108315286947,2.6351141422471927e-09,544.999971204249,0.0,120.0,0.02555,5.32,0.0,13.924749264268563,0.0,594.4997028888052,0.0
2023-01-12 05:00:00+00:00,900.0000048231036,37.25293331522425,3600.000019981897,18.519994999500035,2.9405083980935305e-05,3.232917436109633e-05,5.851251306072048e-06,3.373534324507583e-06,120.5000154230397,-1.0411992471470051e-06,18.000236106725442,0.00028853117261632647,-4.2108182416879065e-09,240.50001393546702,0.0,120.0,0.08572,5.25,0.0,20.615661194548235,0.0,403.7501077357729,0.0
2023-01-12 06:00:00+00:00,899.9999993757609,37.252933226902755,3599.99996745754,16.000000225885664,2.26615045729063e-05,3.1063558880018e-05,2.1095102243938933e-06,1.1825880151669337e-05,6.806787517063595e-05,-2.3691828921147466e-06,8.068221067348685e-05,458.3498264668135,-5.275708942407802e-09,1309.2754111010684,0.0,1309.2753635208005,0.11535,5.19,0.0,151.0249186705082,0.0,458.349989954791,0.0
2023-01-12 07:00:00+00:00,899.9999887729315,37.25293255841855,3123.65022183565,16.000000108659552,9.508847908434552e-06,267.99999192284184,8.938707648907794e-07,87.49984098625818,7.31538799002295e-06,-3.200973277508364e-06,0.0001989825530961708,378.20028120262725,-5.051753200644921e-09,953.7755451288339,0.0,1309.2753635208005,0.1386,5.73,0.0,132.19329055485636,0.0,439.4499933453493,0.0
2023-01-12 08:00:00+00:00,620.8333396484652,32.002417065124206,2729.8318885063977,16.000000107201036,2.706941654644263e-06,499.9999881841386,2.98570119133864e-07,199.9999895582241,4.214577380181761e-06,-3.595194923905883e-06,0.00021703215874857066,283.7002072943314,-4.850446283571175e-09,609.2753894033319,0.0,1309.2753635208005,0.1566,6.18,0.0,95.41252598056177,0.0,423.6999941447073,0.0
2023-01-12 09:00:00+00:00,100.00002122198475,20.001217577504114,2432.482738801693,16.000000105749347,0.00024794454123471866,1.1499764015949525e-05,2.4921453075869896e-06,9.203987600673236e-06,0.00017352191711300042,-2.1596907457017287e-06,0.00013682083891668146,370.3275205539751,-4.506555948848277e-09,1208.8114051047075,10.46,1219.2710040095462,0.11,6.84,37.84,132.96925456151783,0.0,400.59999536454353,0.0
2023-01-12 10:00:00+00:00,100.00024726982349,20.001217073811322,2049.9929413745485,16.000000104304455,6.666459342960737e-05,1.4914993060589593e-05,2.3453358903645513e-06,1.0117764444122496e-05,0.00013212097844688875,-2.232276442651899e-06,0.00012364772612484643,342.8036529835763,-4.081267056120016e-09,1198.3852561272026,11.895,1210.280082261329,0.11192,7.54,41.62,134.12327786575653,0.0,376.09999663175614,0.0
2023-01-12 11:00:00+00:00,100.00029573138208,20.001216512423365,1696.9394473318255,16.000000102273482,333.3319308101999,1.0113974822416378e-05,2.7643064798917366e-06,7.755516746032712e-06,90.36211587567576,-2.016228094204258e-06,0.0003322444278098086,0.00292093431505921,-3.59842332557126e-09,1609.0035668868845,13.719999999999999,1199.0295373224224,0.1067,8.19,46.35,171.6806805868306,0.0,353.3499976875483,0.0
2023-01-12 12:00:00+00:00,419.9989387737835,20.00121610095519,1688.4521614052792,16.000000097414624,499.9998920748324,7.446045974051972e-06,3.081733155316421e-06,7.017806043234395e-06,174.9997522582297,-1.8484313110728998e-06,337.2393410575255,0.00020643820333116243,-2.305070571445015e-09,1857.7545452342442,14.015,1196.7699141317323,0.10287,9.34,47.3,191.1072100682467,0.0,313.100001366999,0.0
2023-01-12 13:00:00+00:00,899.9988274093247,20.001215739944524,2017.2490352175748,16.00000011582372,8.552723106097921e-05,1.377038660389378e-05,2.4072412319653696e-06,1.0037821725961329e-05,0.0003147700404302732,-2.1574142651468923e-06,0.00017895276337529222,241.54707384617384,-1.4046622292306658e-09,1177.574829996514,14.7,1192.274453257624,0.1102399999999999,10.26,49.19,129.81584925881558,0.0,280.90000147918704,0.0
2023-01-12 14:00:00+00:00,899.9988951713137,20.001215184560884,1765.6158951480766,16.000000098592242,0.00020708132047957532,1.1818933381416339e-05,2.5719975193142112e-06,8.989228119157619e-06,37.185246900425234,-2.088088306655482e-06,0.00025326524912367337,133.40988626745195,-1.6077731085234877e-09,1277.337988418962,6.115,1246.2675547614683,0.1086599999999999,10.15,26.49,138.79554582160426,0.0,284.75000137894347,0.0
2023-01-12 15:00:00+00:00,899.9990816579925,20.001214695312225,1623.3781826701334,16.000000095176894,0.000923029744662168,1.1068218638811155e-05,2.5644224738893004e-06,9.102454881829622e-06,81.41361559190888,-2.0608870481619528e-06,0.000475211983030514,0.0008175057787573118,-2.0007533114976463e-09,1354.8332476585954,2.105,1275.52372870408,0.1079099999999999,9.82,14.19,146.20005575483887,0.0,296.30000119691704,0.0
2023-01-12 16:00:00+00:00,899.9999562371529,20.001214199121552,1615.260949462987,16.000000101242392,1.0830026925620799e-05,0.0005119309575782728,1.2675122920411877e-06,4.779625178094193e-05,2.8836779369317956e-05,-2.8176858983726306e-06,5.146487671704941e-05,316.5999191377868,-2.8357357470269903e-09,1309.2748419102238,0.0,1309.2753635208005,0.13,9.24,0.0,170.2057294483291,0.0,316.5999992695051,0.0
2023-01-12 17:00:00+00:00,899.9994333725646,20.0012113557786,1290.5847770427617,16.000000093360647,3.9003448936020675e-06,499.9999821823913,6.58136889090031e-07,199.9999837834852,6.90214801835822e-06,-3.308070663726258e-06,0.00023844273753464618,189.55022732408577,-3.282548446266489e-09,609.2754057074832,0.0,1309.2753635208005,0.1445,8.87,0.0,88.04029612473131,0.0,329.549998412316,0.0
2023-01-12 18:00:00+00:00,379.1661223435714,8.00001222168975,1094.5818642761997,16.000000090237197,1.1258052131676603e-05,0.00026264364532296104,1.269410200056697e-06,4.841151261399714e-05,4.12391198007491e-05,-2.778468813100129e-06,6.728527997965623e-05,337.24988795400554,-3.974818650737379e-09,1309.275103453756,0.0,1309.2753635208005,0.13,8.65,0.0,170.20576344898828,0.0,337.2499961430196,0.0
2023-01-12 19:00:00+00:00,379.1658595641709,8.00000934146447,751.8591342860932,16.0000000692408,9.9240281452071e-06,267.99923518578623,1.1629372564040465e-06,0.00015990031706841906,1.9204672496375557e-05,-2.885912268699789e-06,6.641774774180688e-05,348.099886690223,-3.6177302566230686e-09,1041.2759958404226,0.0,1309.2753635208005,0.1311399999999999,8.34,0.0,136.55293409451292,0.0,348.0999965619978,0.0
2023-01-12 20:00:00+00:00,99.9999991060439,7.999999769165492,400.00001834218745,16.00000006352616,3.926425671474367e-05,2.4685850387979884e-05,8.794217058973628e-06,1.725780939807551e-06,103.72858043553205,-1.0573296059282951e-06,2.000324750536811,0.0002961200937261174,-2.275234212834768e-09,1413.0039645458453,0.0,1309.2753635208005,0.086,7.97,0.0,121.51834095094269,0.0,361.0500030552094,0.0
2023-01-12 21:00:00+00:00,100.00001108530286,7.999999837112663,400.0000468809196,16.000000143869205,2.814668973354894e-05,3.675379451996486e-05,1.9482592685283173e-05,2.9212834563640514e-06,109.42856183420672,-2.635961961635551e-07,2.0002606463726273,0.00029611759559805887,-1.6287911273591721e-09,1418.7039330456155,0.0,1309.2753635208005,0.0741,7.4,0.0,105.12596143868011,0.0,381.0000036748847,0.0
2023-01-12 22:00:00+00:00,99.99999982092238,8.000000041766677,400.00001117529206,16.00000016967786,5.618509099349682e-05,3.08676332440395e-05,249.99997049972765,7.232546549225553e-07,174.99997850979216,6.063361760542187e-06,211.20014470005876,0.0002331666197790824,8.564031745247354e-10,544.9999796670847,0.0,120.0,0.0404099999999999,6.82,0.0,22.023449178346837,0.0,401.30001975984004,0.0
2023-01-12 23:00:00+00:00,100.00002160482511,12.875486971809092,609.1999226528546,16.000000389058613,3.740853091470387e-05,4.384926355067847e-05,249.9999845517737,5.557522022363737e-07,174.99998715405587,1.1221426015218619e-05,197.90018875703245,0.0002363808982950071,3.710536188405648e-10,544.9999759307707,0.0,120.0,0.03292,6.44,0.0,17.94139920764097,0.0,414.6000141612998,0.0
2023-01-13 00:00:00+00:00,100.00001184069858,17.750974185944962,804.0538754157245,16.000000386099693,6.581004191918077e-05,3.644835986881596e-05,249.9999931699574,2.60705771643707e-07,174.9999934853258,0.00015430403471270333,186.3503560884277,0.0002392425399071109,-2.674423848554616e-11,545.0001700602942,0.0,120.0,0.0172,6.11,0.0,9.37400292503706,0.0,426.150013296241,0.0
2023-01-13 01:00:00+00:00,100.00003705129728,22.626461585856777,986.3837228845337,16.000000383156145,7.551860948269162e-05,3.589485163676394e-05,249.9999947652006,1.5495977098632253e-07,174.99999481162158,599.9999443808379,778.2500604305083,0.00014651669036075597,-1.3803601959251648e-10,1144.9999734264582,0.0,120.0,0.01043,6.05,0.0,11.942349722837958,0.0,428.2500129723589,0.0
2023-01-13 02:00:00+00:00,100.00007215869194,27.50194902322434,1759.701718183929,16.000000380229316,499.99956927336143,1.9562700370008235e-05,249.99999603607688,4.471488923317844e-08,174.99999588740525,599.9999821981161,780.0001014893351,0.00014634544702875078,-1.3937324843189004e-10,1644.9995237875446,0.0,120.0,0.00265,6.1,0.0,4.359248738036993,0.0,426.5000128694657,0.0
2023-01-13 03:00:00+00:00,579.999638283306,32.37743649199182,2530.9031647368975,16.000000377317054,333.3337261633374,2.1793611976271026e-05,249.99999593426858,5.647910513261682e-08,174.99999584005315,599.9999809868807,783.5000997930747,0.00014600404843705255,-9.014565225266138e-11,1478.3336770744488,0.0,120.0,0.00335,6.2,0.0,4.952417818199404,0.0,423.00001286770697,0.0
2023-01-13 04:00:00+00:00,899.9999926984309,37.252923958067925,3301.748602702239,16.000000374420857,5.0218844998088935e-05,3.960269592216622e-05,249.9999898234044,4.2454344002039385e-07,174.99999142180158,2.4236283645471222e-05,181.45022253749826,0.00024047697072513856,-3.673503537984639e-10,545.0000156730952,0.0,120.0,0.0257,5.97,0.0,14.006500402798546,0.0,431.0500122068793,0.0
2023-01-13 05:00:00+00:00,899.9999996557139,42.12841128288419,3466.6898417492553,16.000000371538242,3.839704662300654e-05,3.486021973334348e-05,5.020409436343456e-05,1.2248682857578206e-06,168.7981810393318,1.6589505208196837e-06,150.64385748905772,0.00024852914184983677,-6.591692137476397e-10,288.79823521433525,0.0,120.0,0.0555,5.71,0.0,16.028302054395606,0.0,440.15002717751423,0.0
2023-01-13 06:00:00+00:00,900.0000002041497,42.12841218846249,3600.0000015004243,16.000000649691906,2.4546600820927185e-05,3.939113751274955e-05,5.323361355812849e-06,3.5632961454171685e-06,0.0004277632740323028,-1.2202097098154642e-06,0.00016244891486551016,448.1986510096422,-4.180760781253172e-09,1307.2444614387423,0.0,1307.2440479801494,0.08865,5.48,0.0,115.8872215065445,0.0,448.1999870184862,0.0
2023-01-13 07:00:00+00:00,899.9999827364517,42.12841207845927,3133.8015129321952,16.00000016746367,7.512553797213797e-06,499.9999481219343,2.3559657020034774e-06,8.928037678069865e-06,3.0782717521201e-05,-2.339535675843912e-06,4.2835512678865993e-05,455.1999276705689,-4.317312419010722e-09,807.2441292418787,0.0,1307.2440479801494,0.11243,5.28,0.0,90.75845745066442,0.0,455.19999650805363,0.0
2023-01-13 08:00:00+00:00,379.1667106548217,42.12841158866936,2662.9326205324783,16.00000016572892,1.1443499207688832e-05,267.9999819725736,2.8064766634037856e-06,7.016074106402986e-06,4.0273188368676945e-05,-2.133295271724062e-06,5.3486640539207046e-05,464.9999055592784,-4.48910229513459e-09,1039.2441113813709,0.0,1307.2440479801494,0.10707,5.0,0.0,111.27186700560338,0.0,464.9999958280867,0.0
2023-01-13 09:00:00+00:00,100.00007375248339,42.12841122239458,2184.6181053571777,16.000000164002348,1.2238149646537282e-05,3.8299673080331725e-05,3.916746840375575e-06,4.78443451446892e-06,8.520323626779116e-05,-1.6838243872072676e-06,9.314428624456021e-05,431.6237894395311,-4.393794268262384e-09,1225.1025862144693,8.01,1233.1125296242687,0.0970999999999999,5.24,31.22,118.95746112142484,0.0,456.59999618868983,0.0
2023-01-13 10:00:00+00:00,100.00004560561426,42.128411011684,1742.0713185351472,16.000000162283897,2.56372474360566e-05,2.7894580593998867e-05,5.2239256669616244e-06,3.6621354374870373e-06,0.003869644677963076,-1.2272387239234322e-06,0.00022701649224514536,219.24067440229598,-3.905877992186878e-09,589.1731584927236,108.14,697.3092907708274,0.08903,6.15,256.87,52.45408630060718,0.0,424.74999249070515,0.0
2023-01-13 11:00:00+00:00,100.00004116051701,42.12841089381064,1514.1205145566678,16.00000006387223,0.0002190230561756957,1.4685769592845076e-05,8.692213051290742e-06,2.574791035923428e-06,174.99996801684327,-1.9347445060899966e-07,612.499869784073,9.839872436814465e-06,6.948961927349661e-09,293.0339878741073,239.415,357.44880959602983,0.0767699999999999,7.03,548.98,22.496219249095187,0.0,439.18402972556504,0.0
2023-01-13 12:00:00+00:00,100.0002361249743,42.12841090882283,2119.049771928085,16.810161506815092,499.9999285873109,9.028330513691918e-06,1.2202826384263006e-05,2.1761779378184963e-06,174.9999826867337,6.487422269532573e-07,365.158502213256,0.00020141264131755593,-2.4739461874419745e-09,1625.5939256887889,49.51,1000.1040127676846,0.07024,7.78,129.35,114.18171734038053,0.0,350.8216407685326,0.0
2023-01-13 13:00:00+00:00,580.0001581642817,42.12841101621801,2473.6128238690594,16.000000171242053,333.3330821921912,1.2512330944280396e-05,9.813606251605662e-06,2.429851800462271e-06,174.99997728490217,1.3237120623172396e-07,410.232113598828,0.00019350470818473703,-2.2886440078360636e-09,1269.4938341049906,79.99499999999999,841.1557796241021,0.07423,8.02,196.29,94.23452730561345,0.0,359.30000223498166,0.0
2023-01-13 14:00:00+00:00,899.9999040351072,42.12841106179678,2871.476679843834,16.000000169346873,6.050509970136446e-05,9.89899562026797e-07,7.284298159928112e-06,2.8958533156688645e-06,174.99995509894904,-5.519893342526345e-07,518.854019104991,0.00017690838282356878,-2.318348966222217e-09,553.84757916744,140.945,519.7925607168354,0.0805999999999999,8.03,331.63,44.64011488089561,0.0,358.9500021303413,0.0
2023-01-13 15:00:00+00:00,899.9999610888575,42.12841103008623,3375.973138641223,16.000000167531635,5.6956023210986005e-05,1.2879152837144296e-05,5.487299052875074e-06,3.531991607876435e-06,166.72040787104442,-1.1464895242707603e-06,240.90365331978128,0.00022628460999775903,-2.6702139684635965e-09,1380.8288158304433,9.34,1223.4483630737104,0.08758,7.69,35.29,120.93298769043024,0.0,370.8500018508537,0.0
2023-01-13 16:00:00+00:00,900.0000023508555,42.12841092515857,3599.996699983188,16.00000017514612,1.0512588408916733e-05,0.0002559946290232663,7.6767508490627e-07,168.749700749478,4.294902264703939e-06,-3.3715863894193267e-06,0.00022227524134437897,259.02541952889936,-3.1254182368742013e-09,1138.4941034396218,0.0,1307.2440479801494,0.14183,7.51,0.0,161.47261869084156,0.0,377.14999947258,0.0
2023-01-13 17:00:00+00:00,899.9997457818685,32.002416295696605,3322.9715192296144,16.000000150956737,4.318372351616363e-06,499.9999767731033,3.6230640380248954e-07,199.9999783579806,3.0430378718945877e-06,-3.6396242309316306e-06,0.00022986137702587147,225.250238619911,-2.8386260419742207e-09,607.2440969331576,0.0,1307.2440479801494,0.155,7.85,0.0,94.12283502463943,0.0,365.25000065652495,0.0
2023-01-13 18:00:00+00:00,379.1664407888567,20.001217481401312,3081.1066528749325,16.000000150956733,9.211870620486822e-06,267.99973111174785,6.879651273061433e-07,199.99989550452207,4.02344157841579e-06,-3.42422273368701e-06,0.000233405042204328,210.20029737633627,-2.4397413600414194e-09,839.2444318629339,0.0,1307.2440479801494,0.1442,8.28,0.0,121.01904707463505,0.0,350.20000151652454,0.0
2023-01-13 19:00:00+00:00,100.00006305751509,8.000023645161683,2855.5010556392635,16.000000150956726,0.00011488096258401705,1.1824573280308037e-05,1.7564258828541937e-06,1.486698730228747e-05,2.4554249513678215e-05,-2.635577249293271e-06,3.6923038423977784e-05,336.89994546201905,-2.0483385505644614e-09,1307.2441598446496,0.0,1307.2440479801494,0.1217699999999999,8.66,0.0,159.18312134428285,0.0,336.90000227652354,0.0
2023-01-13 20:00:00+00:00,100.00016102597533,8.000022787306964,2504.3236418220868,16.000000150956712,3.3326641699940105e-05,2.111794143296549e-05,1.5478664082847032e-06,1.856136392140724e-05,2.1326495099809907e-05,-2.7456000134462953e-06,3.35784609904862e-05,315.89995213744066,-1.3404756576595702e-09,1307.2440617562468,0.0,1307.2440479801494,0.1254,9.26,0.0,163.92840534423337,0.0,315.90000347652324,0.0
2023-01-13 21:00:00+00:00,100.0001710216957,8.000021703700163,2175.902105053997,16.0000001509567,7.303245852369402e-05,1.3697022616792238e-05,2.0005325805454526e-06,9.219857185685311e-06,2.6945123827386374e-05,-2.5772687503931374e-06,3.887155523565689e-05,293.84994539774124,-4.475952489946898e-10,1307.2441244641154,0.0,1307.2440479801494,0.12,9.89,0.0,156.86929493569386,0.0,293.8500047365234,0.0
2023-01-13 22:00:00+00:00,100.00022686512399,8.000021189467693,1871.172688002541,16.000000150956705,499.9999875972924,2.875059100127371e-06,5.039924946495357e-06,7.775908524608223e-06,0.00012264719756323227,-1.6738914504588294e-06,0.00012281938052451986,278.09969540472383,3.1187117066729045e-10,620.0001029595559,0.0,120.0,0.09729,10.34,0.0,60.31981001693519,0.0,278.10000563651823,0.0
2023-01-13 23:00:00+00:00,580.0002119636714,8.000020821154887,1583.717251977185,16.00000015095662,9.437643463824734e-06,460.80019110019504,1.162095690029458e-06,2.5776602995620458e-05,1.5342262520805448e-05,-3.0079525853332593e-06,2.7161418514058197e-05,273.89996427427417,5.35233015914623e-10,-340.80019394274893,0.0,120.0,0.135,10.46,0.0,-46.00802618227111,0.0,273.9000058765235,0.0
2023-01-14 00:00:00+00:00,100.00002196110592,8.000019297067166,1301.8987286044435,16.000000150956687,2.1927587057032745e-05,3.4000429836337706e-05,2.131803107718605e-06,8.724799430036902e-06,3.002490997256216e-05,-2.486463173464617e-06,4.297301073398513e-05,276.6999399565848,3.852645592701649e-10,120.00000887260771,0.0,120.0,0.1172,10.38,0.0,14.064001039869623,0.0,276.70000571652,0.0
2023-01-14 01:00:00+00:00,100.00000759447506,8.000018815101164,1018.6893379778471,16.000000150956662,2.4135896848254544e-05,3.151967154590915e-05,3.3723851506168465e-06,7.612278034331415e-06,0.00010609882786260333,-1.7401685513377584e-06,0.00011300565567253647,284.39974278924996,-4.6151489040911904e-11,120.00009273499171,0.0,120.0,0.09867,10.16,0.0,11.840409150161632,0.0,284.40000473531956,0.0
2023-01-14 02:00:00+00:00,99.99999793194485,8.00001842408689,729.1962615043635,16.000000142104266,4.9923917525583305e-05,2.7805454874175773e-05,4.3931559266385566e-05,1.4080747644116466e-06,174.99999200177928,3.4217518017033033e-06,324.6001790427043,0.00020884824508404356,1.2243555287766092e-10,295.00006006547824,0.0,120.0,0.05745,10.06,0.0,16.947753450761724,0.0,287.900006184955,0.0
2023-01-14 03:00:00+00:00,100.00001689489017,8.000019196345036,1050.150250391301,16.00000016119416,499.9982076303767,1.5207754288218459e-05,249.9999709379429,8.723157468161697e-07,174.99999544219753,1.350848098048446e-05,310.9502046975763,0.0002115127642947562,-5.496510061681894e-10,1044.9981714389282,0.0,120.0,0.04085,9.67,0.0,42.68817530328022,0.0,301.5500048468965,0.0
2023-01-14 04:00:00+00:00,579.9982803786411,12.875506125988942,1355.8494923241565,16.000000159420292,333.334994203947,1.5905281978408696e-05,249.9999703724361,8.794079658533796e-07,174.99999547943156,1.3457743417540723e-05,303.9502066972247,0.0002129047827268632,-8.857980750448069e-10,878.3349567288682,0.0,120.0,0.04102,9.47,0.0,36.02929992501817,0.0,308.55000432431996,0.0
2023-01-14 05:00:00+00:00,899.9998582464282,17.750993044178788,1653.0202386549777,16.000000157655432,0.0001215308994443145,1.7295341313949027e-05,249.9999461353322,9.975302216994434e-07,174.99999497481355,9.539632946896221e-06,299.75020234050044,0.00021374852295137026,-1.0958858736134583e-09,545.0000538878065,0.0,120.0,0.0451,9.35,0.0,24.579502430340074,0.0,312.7500039623777,0.0
2023-01-14 06:00:00+00:00,899.9999569001111,22.626479482609795,1944.5051260536802,16.000000155899595,5.949522574525086e-05,1.9331729817786468e-05,6.691092765467204e-05,1.3663689682839263e-06,174.99999320028942,4.408876263777554e-06,297.30019206495933,0.00021424375563140256,-1.2335501867545399e-09,1480.0388226715372,0.0,1305.0387193543168,0.0549,9.28,0.0,81.25413136466739,0.0,315.20000370105504,0.0
2023-01-14 07:00:00+00:00,899.9999938783092,22.626480705513035,2232.0825782446154,16.00000015415262,3.183596007191795e-05,3.192029870188338e-05,8.941998512437531e-06,2.4690497010154213e-06,174.99997976749586,-6.991872567157564e-08,310.9501375532106,0.0002115132494688192,-7.408706301370434e-10,1480.0387054405041,0.0,1305.0387193543168,0.07715,9.67,0.0,114.18498612473489,0.0,301.55000480538973,0.0
2023-01-14 08:00:00+00:00,899.9999911905197,22.626480731741648,2531.8720913933535,16.00000016038528,1.450516616188459e-05,0.00014873818540785537,3.6468869865366477e-06,4.947963143532396e-06,0.00014008586439873903,-1.7892400955267175e-06,0.0001322131965741434,261.45764288812114,-1.3194612447421773e-09,1155.2205669638724,16.52499999999995,1171.7455642013433,0.1001,9.53,56.24,115.63757875308363,0.0,306.4500026676765,0.0
2023-01-14 09:00:00+00:00,899.9998501798694,22.626480505955577,2257.7552202614625,16.000000138204527,2.4865052602779642e-05,4.069501693152107e-05,4.0950529476042204e-06,4.403028505367837e-06,0.0005063100210661531,-1.6163444249518218e-06,0.00019819080470291227,227.93042762925793,-1.348696776050618e-09,1038.3189413738332,35.14,1073.4584528180965,0.09673,9.54,97.71,100.43659119909088,0.0,306.10000300546596,0.0
2023-01-14 10:00:00+00:00,899.9998316596773,22.626480321608966,2018.5362147217022,16.00000013660734,2.26806366890745e-05,4.270416154436638e-05,3.760503701103437e-06,4.803273965174077e-06,0.00021355495884258912,-1.739022857393044e-06,0.00017564939455103274,102.63142990149858,-1.0876469227982118e-09,623.8872600775678,101.17,725.057069327927,0.0992,9.76,244.71,61.88961619969473,0.0,298.40000333511915,0.0
2023-01-14 11:00:00+00:00,899.999808949587,22.626480106720862,1905.8122793959897,16.000000135017707,1.4819263358960741e-05,0.0001149387332964253,3.097228645595681e-06,5.9638310763896445e-06,8.825004607238816e-05,-2.001467597657509e-06,0.00010533302762076692,166.49179784190807,-6.20328200937705e-10,891.2683860361408,58.235,949.5034027736348,0.10497,10.1,150.01,93.5564424822137,0.0,286.50000357727055,0.0
2023-01-14 12:00:00+00:00,899.9997034482326,22.62647980925721,1729.7915254901293,16.00000012756048,8.591851073643078e-05,1.1465770475935622e-05,4.531662745001125e-06,3.985153416433643e-06,68.74452478169019,-1.4712433784890944e-06,0.002178770594481149,0.000346210027402244,2.591281346758252e-10,1263.43069466496,11.709999999999999,1206.3960963552636,0.09386,10.46,41.62,118.58560500125313,0.0,273.900005508425,0.0
2023-01-14 13:00:00+00:00,899.999773986492,22.62647965850035,1721.1444004232458,16.000000141113212,0.00013202486719392055,1.1794315246662907e-05,4.533285092342504e-06,3.983747852244095e-06,78.00735736300041,-1.470757366705555e-06,11.402039076101868,0.0002925579237294027,1.5027056568107174e-10,1337.2059044530554,3.25,1262.4484277807228,0.0938499999999999,10.4,17.97,125.49677413291913,0.0,276.00000558489694,0.0
2023-01-14 14:00:00+00:00,899.9998884446195,22.626479507859475,1723.9404249393076,16.000000149667805,4.814505250762677e-05,2.2832018510957637e-05,3.6602255504180894e-06,4.9636618218876405e-06,0.0003143069983803424,-1.7650517753373346e-06,0.00017683413204210973,262.78507879519015,-2.5641451118899533e-10,1264.2682106914262,2.66,1266.927874139882,0.1,10.41,16.08,126.42682106914263,0.0,275.65000376271445,0.0
2023-01-14 15:00:00+00:00,899.9999108805173,22.626479281391518,1452.5358208535529,16.00000012837251,0.00010401044753748079,1.4240037213767797e-05,3.659353619606474e-06,4.972361969297455e-06,0.00038738262733961165,-1.7623017548646627e-06,0.00018749540080224334,240.73683441728616,6.640684503354463e-11,1213.2871915955004,9.06,1222.3467175177727,0.1,10.61,34.89,121.32871915955005,0.0,268.6500044970557,0.0
2023-01-14 16:00:00+00:00,899.9999958971748,22.626479054384493,1204.5364948273996,16.00000012716232,1.4036995360685503e-05,6.31880302996121e-05,1.1396690586535734e-06,5.142142011480306e-05,1.6954110406580028e-05,-2.9786482170372377e-06,3.679418861697842e-05,258.14994940037843,6.107396498089008e-10,1305.0386338969931,0.0,1305.0387193543168,0.13426,10.91,0.0,175.21448698701028,0.0,258.15000499170856,0.0
2023-01-14 17:00:00+00:00,899.9999435518255,22.626475991016495,940.3638997470729,16.000000125716845,8.518424719666655e-06,499.99956297244114,7.191719526520892e-07,199.9993842837047,5.033040090250761e-06,-3.374916428795158e-06,0.000262453102948553,101.70068500336407,1.6329575530784264e-09,605.0397829938913,0.0,1305.0387193543168,0.1442,11.38,0.0,87.24673670771912,0.0,241.70000582332744,0.0
2023-01-14 18:00:00+00:00,379.1670736332203,10.625312831702134,833.9616576980764,16.000000124183444,6.508373131833734e-05,1.346481033293915e-05,1.4851094777617456e-06,2.095809455824355e-05,2.7017579015198305e-05,-2.7596405470299977e-06,4.24405591162208e-05,228.39994241698963,2.613091344904882e-09,1305.0387757581912,0.0,1305.0387193543168,0.127,11.76,0.0,165.73992452129028,0.0,228.4000064765791,0.0
2023-01-14 19:00:00+00:00,379.16712208775823,10.62531160305323,601.3919494331556,16.000000122647748,9.247557705100088e-06,268.0004458429774,7.699566885886408e-07,43.75074486346484,5.2938304242219144e-06,-3.352910437567093e-06,0.0002367532445973798,196.37470645532187,2.671961957108997e-09,993.2875406063088,0.0,1305.0387193543168,0.14351,11.8,0.0,142.54669495241137,0.0,227.0000063155278,0.0
2023-01-14 20:00:00+00:00,99.99999987897883,8.000004395538744,402.01051998391256,16.000000118678944,4.303683244026736e-05,2.0395130133210282e-05,3.624523711751689e-06,5.597596251478423e-06,64.85706979531713,-1.7223597300501095e-06,0.0004948458869139556,0.0007544794784496691,2.7819212881004997e-09,1369.895808095904,0.0,1305.0387193543168,0.09937,11.8,0.0,136.12654645048997,0.0,227.00000613038276,0.0
2023-01-14 21:00:00+00:00,100.00001994941074,8.000004130334661,400.00020775040144,16.000000112227703,2.4937933767001626e-05,3.636548631009085e-05,4.364404007958343e-06,4.724153593797346e-06,65.0285145460816,-1.4499207242871214e-06,2.0000926486595643,0.00029612003299349593,3.726801708745762e-09,1370.0672206631757,0.0,1305.0387193543168,0.09342,11.84,0.0,127.99167975435388,0.0,225.60000625414497,0.0
2023-01-14 22:00:00+00:00,100.00000600911224,8.000003931971488,400.000003240276,16.000000098355635,6.781601560298755e-05,2.0872677399850713e-05,5.315473248296694e-06,2.224598818166607e-06,64.72859609966704,1.5149617849003358e-07,2.000366405759149,0.00029610916449971,8.69280642236433e-09,184.72864628537585,0.0,120.0,0.0691,11.87,0.0,12.76474945831947,0.0,224.55001775944044,0.0
2023-01-14 23:00:00+00:00,100.00004937011492,8.000003902144304,400.0000735206693,16.000000226177747,26.82507885901059,1.4565486899459023e-05,5.2386642222336695e-05,1.727433505060911e-06,65.4295319124198,1.0832929825475128e-06,2.0036372413911883,0.00029610947414718036,1.1165552519815234e-08,212.25464794844518,0.0,120.0,0.06001,11.8,0.0,12.737401423386196,0.0,227.0000228432158,0.0
