operating_step,timestamp_utc,start_soc_battery_kwh,start_soc_hydrogen_kg,start_soc_thermal_kwh,start_indoor_temperature_c,battery_charge_kw,battery_discharge_kw,electrolyser_kw,fuel_cell_kw,heat_pump_kw,electric_boiler_kw,thermal_charge_kw,thermal_discharge_kw,ventilation_fraction,pv_kw,electric_load_kw,price_eur_per_kwh,outdoor_temperature_c,irradiance_w_per_m2,reached_soc_battery_kwh,reached_soc_hydrogen_kg,reached_soc_thermal_kwh,reached_indoor_temperature_c,grid_kw,generated_heat_kw,heat_to_air_kw,thermal_charge_margin_kw,hydrogen_production_kg_per_h,hydrogen_consumption_kg_per_h
0,2023-01-01T23:00:00Z,500.0,0.0,1600.0,19.0,6.823908561992641e-06,295.20410024072527,0.0,0.0,174.9999973824408,1.7544954344718489e-06,116.20010563906891,0.00011870735459829912,7.683808437341636e-10,0.0,120.0,0.1099,2.32,0.0,192.49573546686338,0.0,1708.1999869317142,16.000000063429653,-0.20409427988050766,612.4999925754933,496.30000564377895,-496.29988693642434,0.0,0.0
1,2023-01-02T00:00:00Z,192.49573546686338,0.0,1708.1999869317142,16.000000063429653,7.018888974709051e-06,88.79590757101109,0.0,0.0,174.99999740982557,1.7732080219574445e-06,53.350116645806224,0.00012829160306908365,7.690094270370091e-10,0.0,120.0,0.0949,2.31,0.0,100.00000515186024,0.0,1753.0089753512586,16.00000006361013,206.20409863091146,612.4999926898655,559.1500043356624,-559.1498760440593,0.0,0.0
2,2023-01-02T01:00:00Z,100.00000515186024,0.0,1753.0089753512586,16.00000006361013,9.888565045576008e-05,8.764562531900487e-06,0.0,0.0,174.9999985877223,4.605542519647295e-06,55.10012431565327,0.00012904519523766872,7.756464162992612e-10,0.0,120.0,0.05293,2.36,0.0,100.00009095233203,0.0,1799.3439257449604,16.0000000636771,295.00009331435274,612.4999996165152,557.4000043460571,-557.3998753008619,0.0,0.0
3,2023-01-02T02:00:00Z,100.00009095233203,0.0,1799.3439257449604,16.0000000636771,499.9999763063864,5.816074159158651e-06,0.0,0.0,174.99999869484066,6.888714221466016e-06,58.25012903884866,0.0001312271884475916,7.984352122664763e-10,0.0,120.0,0.04416,2.45,0.0,580.0000621480524,0.0,1848.5972039278959,16.000000064530553,794.9999760738671,612.5000022517694,554.2500044401093,-554.2498732129208,0.0,0.0
4,2023-01-02T03:00:00Z,580.0000621480524,0.0,1848.5972039278959,16.000000064530553,333.33327000138536,8.116992552502687e-06,0.0,0.0,174.9999985957028,5.45509097997107e-06,60.700129663900604,0.00013370346651841653,8.213634546791688e-10,0.0,120.0,0.05008,2.52,0.0,899.9999928941817,0.0,1900.0542138686906,16.000000065463702,628.3332659351865,612.5000004854999,551.8000045250658,-551.7998708215993,0.0,0.0
5,2023-01-02T04:00:00Z,899.9999928941817,0.0,1900.0542138686906,16.000000065463702,1.7682841697524597e-05,1.4319413087916192e-05,0.0,0.0,174.9999980425737,2.648513049240282e-06,65.25012671796465,0.000135542925824827,8.468873262491613e-10,0.0,120.0,0.07709,2.65,0.0,899.9999949536544,0.0,1955.803933974386,16.00000006624421,295.0000040545154,612.4999957710359,547.250004595997,-547.2498690530712,0.0,0.0
6,2023-01-02T05:00:00Z,899.9999949536544,0.0,1955.803933974386,16.00000006624421,1.527788034905095e-05,1.3340150614268564e-05,0.0,0.0,174.99999683371374,1.7017568064413298e-06,74.00012171118865,0.00013573641022295417,8.75024383117828e-10,0.0,1319.9112251734641,0.1050799999999999,2.9,0.0,899.9999957244293,0.0,2020.0249002792925,16.000000066545958,1494.9112256466644,612.4999906027373,538.5000046279589,-538.4998688915487,0.0,0.0
7,2023-01-02T06:00:00Z,899.9999957244293,0.0,2020.0249002792925,16.000000066545958,1.0818389508358486e-05,1.5423323060517995e-05,0.0,0.0,174.99998711283507,1.1484136350345756e-06,83.45008692111733,0.00013560887530788312,9.041734567772788e-10,0.0,1319.9112251734641,0.14064,3.17,0.0,899.9999900441217,0.0,2093.374727090138,16.000000067806724,1494.9112088297793,612.4999560318523,529.0500047196103,-529.049869110735,0.0,0.0
8,2023-01-02T07:00:00Z,899.9999900441217,0.0,2093.374727090138,16.000000067806724,6.9228820709247954e-06,4.771860635747668e-05,0.0,0.0,6.117887422986632e-05,9.661323871378921e-07,5.689549082737852e-05,550.3998462596804,8.310859409132672e-10,0.0,1319.9112251734641,0.16244,2.56,0.0,899.9999469832068,0.0,1532.5080640904976,16.000000064932564,1319.9112465227463,0.00021508253086779863,550.4000044467205,-0.0001581870400404201,0.0,0.0
9,2023-01-02T08:00:00Z,899.9999469832068,0.0,1532.5080640904976,16.000000064932564,3.932506999842838e-06,499.99998693697705,0.0,0.0,1.8002850299551315e-05,8.615031805443327e-07,2.63111346677742e-05,540.5999668892554,8.507426247910338e-10,0.0,1319.9112251734641,0.18,2.84,0.0,379.1666310323957,0.0,984.2455831919243,16.000000063664338,819.9112610333476,6.386286419716849e-05,540.6000044409849,-3.755172952939429e-05,0.0,0.0
10,2023-01-02T09:00:00Z,379.1666310323957,0.0,984.2455831919243,16.000000063664338,8.136516927500306e-05,6.447644441439701e-06,0.0,0.0,174.99998390695154,1.109043595823776e-06,118.18407125223098,0.00013111966663466155,9.004907802542988e-10,11.299999999999999,1225.1662348337675,0.14561,3.26,39.48,379.1667024266619,0.0,1097.5082954085292,16.000000065760165,1388.8662947672874,612.4999447722836,525.9000046397192,-494.3158735200526,0.0,0.0
11,2023-01-02T10:00:00Z,379.1667024266619,0.0,1097.5082954085292,16.000000065760165,499.9996294198475,5.667417596081334e-06,0.0,0.0,174.99998792056576,1.1445799252219348e-06,153.64808129489603,0.00012706994980769213,9.631759113030383e-10,17.885,1185.977134219602,0.14335,3.9,55.81,859.1663407661555,0.0,1245.6687081564328,16.000000065718552,1843.0917470371776,612.4999588551143,503.5000046301681,-458.85187756021827,0.0,0.0
12,2023-01-02T11:00:00Z,859.1663407661555,0.0,1245.6687081564328,16.000000065718552,0.00024659638271438153,6.200912725911878e-06,0.0,0.0,174.99998771950868,1.145717725950456e-06,180.7100779570455,0.0001244810958152885,1.0441304526105261e-09,18.605,1181.4414697884465,0.14438,4.63,57.7,859.1665710393987,0.0,1420.1503180916004,16.000000065755973,1337.836699049143,612.4999581525409,477.9500046765912,-431.78988019549536,0.0,0.0
13,2023-01-02T12:00:00Z,859.1665710393987,0.0,1420.1503180916004,16.000000065755973,42.53468870487629,6.056574539580424e-06,0.0,0.0,174.99998902013883,1.162905473763436e-06,194.66408145337525,0.00012343248909783282,1.1107591548680846e-09,15.83,1197.328294409743,0.14376,5.18,51.08,899.9998658871482,0.0,1607.7135245220286,16.00000006567957,1399.032967241089,612.4999627217622,458.70000470087604,-417.83588126838697,0.0,0.0
14,2023-01-02T13:00:00Z,899.9998658871482,0.0,1607.7135245220286,16.00000006567957,4.5847859970386484e-05,7.054522200914305e-06,0.0,0.0,174.99998523633906,1.1237935656833392e-06,227.19406480461885,0.00012009540022600417,1.2002313606084908e-09,20.465,1170.0903095983056,0.1482,5.85,62.43,899.9999025526332,0.0,1826.868901608637,16.000000065594836,1324.6253347517759,612.4999494397424,435.2500047305238,-385.30588463512356,0.0,0.0
15,2023-01-02T14:00:00Z,899.9999025526332,0.0,1826.868901608637,16.000000065594836,1.7136600774013372e-05,9.569108398643803e-06,0.0,0.0,174.9999633041178,1.060454544754261e-06,221.46198906580614,0.00012127427561417041,1.2614642495856198e-09,10.11999999999995,1231.381774980166,0.15534,6.27,36.89,899.9999090359487,0.0,2039.1964248921245,16.000000066886237,1396.2617469122306,612.4998726142624,420.5500048227318,-391.0378835484562,0.0,0.0
16,2023-01-02T15:00:00Z,899.9999090359487,0.0,2039.1964248921245,16.000000066886237,9.586201357042057e-06,1.6962707568895115e-05,0.0,0.0,10.436853066040438,9.979790009082142e-07,0.00010591777028322319,373.0131237597294,1.2491931303749852e-09,0.615,1299.488736121012,0.164,6.39,8.51,899.9999005692149,0.0,1655.9874249257045,16.000000063646816,1309.310582808525,36.52898671914074,416.35000456109987,-36.528880801370455,0.0,0.0
17,2023-01-02T16:00:00Z,899.9999005692149,0.0,1655.9874249257045,16.000000063646816,4.059857305403793e-06,499.99998589130405,0.0,0.0,2.0147935144836315e-05,8.659158118303007e-07,2.9511729887945977e-05,416.6999627458045,1.2412294146467927e-09,0.0,1319.9112251734641,0.18568,6.38,0.0,379.16658582990283,0.0,1231.0075545670015,16.000000063527537,819.9112643558683,7.137502966063911e-05,416.70000460910427,-4.1863299772693135e-05,0.0,0.0
18,2023-01-02T17:00:00Z,379.16658582990283,0.0,1231.0075545670015,16.000000063527537,5.884437218832391e-06,267.99985646883505,0.0,0.0,4.373870092301372e-05,9.250181745040496e-07,5.1038693974361695e-05,414.24990159007643,1.2384014088675207e-09,0.0,1319.9112251734641,0.17474,6.45,0.0,100.00007432392607,0.0,810.6026662427842,16.000000062879057,1051.9114192527854,0.00015400122122330703,414.2500045526037,-0.00010296252724894533,0.0,0.0
19,2023-01-02T18:00:00Z,100.00007432392607,0.0,810.6026662427842,16.000000062879057,6.773879188743997e-06,5.7637370153355006e-05,0.0,0.0,0.0001138019348411727,9.545933701265753e-07,7.744129314793642e-05,406.549682521577,1.2635101031018745e-09,0.0,1319.9112251734641,0.1699,6.67,0.0,100.00002078792285,0.0,400.00004783128634,16.000000058824604,1319.9112890665012,0.0003992518193805297,406.55000433210324,-0.0003218105262325933,0.0,0.0
20,2023-01-02T19:00:00Z,100.00002078792285,0.0,400.00004783128634,16.000000058824604,7.110573099644614e-06,1.1076395698573075e-05,0.0,0.0,115.62857869874509,1.0597722902871078e-06,2.0001707991409665,0.00014938480277350811,1.3967082648661194e-09,0.0,1319.9112251734641,0.153,6.78,0.0,100.00001607616083,0.0,400.0000690064681,16.000000066813612,1435.539800966159,404.7000264947824,402.7000050804442,-402.6998556956414,0.0,0.0
21,2023-01-02T20:00:00Z,100.00001607616083,0.0,400.0000690064681,16.000000066813612,1.7517689398155318e-05,1.0082181481466408e-05,0.0,0.0,174.9999663332636,1.1549198814715703e-06,219.24999888017243,0.00012089503894487636,1.511606968915684e-09,0.0,1319.9112251734641,0.14167,7.05,0.0,100.00002239087028,0.0,617.2499466465692,16.000000071835828,1494.9112000971554,612.4998833097933,393.2500053246598,-393.24988442962086,0.0,0.0
22,2023-01-02T21:00:00Z,100.00002239087028,0.0,617.2499466465692,16.000000071835828,1.7895265105920947e-05,1.0289998246553594e-05,0.0,0.0,174.9999874434986,1.2328183467714718e-06,231.850071146421,0.00011904578905405114,1.5705071309999888e-09,0.0,120.0,0.13491,7.41,0.0,100.00002885157662,0.0,846.0136490139683,16.00000007111436,294.9999962815838,612.4999572727353,380.65000517210336,-380.6498861263143,0.0,0.0
23,2023-01-02T22:00:00Z,100.00002885157662,0.0,846.0136490139683,16.00000007111436,5.218293019812436e-05,7.541088780836389e-06,0.0,0.0,174.9999936105749,1.3747794135346007e-06,244.45009080327486,0.00011692781923768939,1.6296406697656515e-09,0.0,120.0,0.12422,7.77,0.0,100.0000710918888,0.0,1086.2335546443542,16.00000007024028,295.00003962719575,612.4999789980438,368.05000512258823,-368.049888194769,0.0,0.0
24,2023-01-02T23:00:00Z,100.0000710918888,0.0,1086.2335546443542,16.00000007024028,1.3933859320114778e-05,1.2628162894614323e-05,0.0,0.0,174.99999200782213,1.2819534006966366e-06,256.00008284067894,0.00011460580307560804,1.6807620297740964e-09,0.0,120.0,0.13001,8.1,0.0,100.00007131405741,0.0,1336.8023551060082,16.000000069302157,294.999994595472,612.4999732965114,356.5000050616355,-356.4998904558324,0.0,0.0
25,2023-01-03T00:00:00Z,100.00007131405741,0.0,1336.8023551060082,16.000000069302157,5.264374694855585e-05,7.462181826229475e-06,0.0,0.0,174.99999502264342,1.4130545628627393e-06,264.4000911065682,0.00011207489865547778,1.7029363384444099e-09,0.0,120.0,0.12,8.34,0.0,100.00011407894841,0.0,1594.5183223621477,16.00000006772662,295.00004161726315,612.499983978176,348.1000049465065,-348.09989287160784,0.0,0.0
26,2023-01-03T01:00:00Z,100.00011407894841,0.0,1594.5183223621477,16.00000006772662,5.1437670554642177e-05,7.398887914438145e-06,0.0,0.0,174.99999542767924,1.4140992850100979e-06,271.40009022210234,0.00010967471905311654,1.7153561026148099e-09,0.0,120.0,0.11876,8.54,0.0,100.00015575193723,0.0,1857.9457112977204,16.000000066288578,295.00004088056113,612.4999853968355,341.10000484945226,-341.0998951747332,0.0,0.0
27,2023-01-03T02:00:00Z,100.00015575193723,0.0,1857.9457112977204,16.000000066288578,333.3330603091795,6.120151202170987e-06,0.0,0.0,174.99999611125776,1.4449175823926882e-06,274.2000899132466,0.0001067820535077394,1.6796201272427647e-09,0.0,120.0,0.115,8.62,0.0,419.99988727359204,0.0,2122.855965872425,16.00000006430872,628.3330517452036,612.4999878198705,338.30000468867746,-338.2998979066239,0.0,0.0
28,2023-01-03T03:00:00Z,419.99988727359204,0.0,2122.855965872425,16.00000006430872,499.999900073691,5.484018619978985e-06,0.0,0.0,174.99999646926506,1.4179042654597993e-06,270.700087990479,0.00010341206884148636,1.5785641474157788e-09,0.0,120.0,0.11363,8.52,0.0,899.9997856318159,0.0,2382.941670621473,16.000000061718964,794.9998924768416,612.4999890461529,341.8000044677427,-341.7999010556739,0.0,0.0
29,2023-01-03T04:00:00Z,899.9997856318159,0.0,2382.941670621473,16.000000061718964,0.00021917763669417045,6.015834945842583e-06,0.0,0.0,174.9999964342097,1.3225726636490662e-06,265.45008479851117,0.00010022912243291421,1.4702972926213295e-09,0.0,120.0,0.11627,8.37,0.0,899.9999897758524,0.0,2636.476946837754,16.000000059137257,295.00021091858406,612.4999888290808,347.0500042596921,-347.0499040305697,0.0,0.0
30,2023-01-03T05:00:00Z,899.9999897758524,0.0,2636.476946837754,16.000000059137257,1.1750573064632209e-05,1.012574928985264e-05,0.0,0.0,174.9999916177849,9.892825114683078e-07,265.1000642015431,9.668739776948465e-05,1.3985471691738814e-09,0.0,1319.644926963756,0.13892,8.36,0.0,899.999990508747,0.0,2888.3945296177108,16.00000005771709,1494.6449211956472,612.4999716416369,347.40000412749157,-347.3999074400938,0.0,0.0
31,2023-01-03T06:00:00Z,899.999990508747,0.0,2888.3945296177108,16.00000005771709,6.429218701485872e-06,2.3074934957899204e-05,0.0,0.0,0.00020747098723289422,7.940527435386182e-07,7.706916299983434e-05,343.5493539344684,1.3364366393503258e-09,0.0,1319.644926963756,0.1599199999999999,8.47,0.0,899.9999726444065,0.0,2530.4032801043168,16.00000005354577,1319.64511858308,0.000726934567531233,343.5500037998729,-0.0006498654045313986,0.0,0.0
32,2023-01-03T07:00:00Z,899.9999726444065,0.0,2530.4032801043168,16.00000005354577,4.960443885710143e-06,0.00013787776698659038,0.0,0.0,3.21388324205342e-05,7.203389098195182e-07,3.977464851541339e-05,313.449930346346,1.4862037198981037e-09,0.0,1319.644926963756,0.16917,9.33,0.0,899.9998337837587,0.0,2204.301373132098,16.000000052006346,1319.6448269056043,0.00011319904899259102,313.45000377074643,-7.342440047717762e-05,0.0,0.0
33,2023-01-03T08:00:00Z,899.9998337837587,0.0,2204.301373132098,16.000000052006346,4.483428915664648e-06,499.99966283646256,0.0,0.0,2.8985841413224202e-05,7.04980920485867e-07,3.712832365708873e-05,307.14993873004767,1.51345476230462e-09,0.0,1319.644926963756,0.17118,9.51,0.0,379.1668559665352,0.0,1886.1299646647135,16.000000051386888,819.6452983015448,0.00010214837605756571,307.15000375010004,-6.5020052400477e-05,0.0,0.0
34,2023-01-03T09:00:00Z,379.1668559665352,0.0,1886.1299646647135,16.000000051386888,5.16796825529127e-06,5.331998666212949e-05,0.0,0.0,4.130951821979375e-05,7.108372039941202e-07,4.670333164381632e-05,274.82390511620787,1.5471010099575006e-09,7.83,1244.739097724139,0.16857,9.72,31.22,379.16680538613195,0.0,1601.8754564285136,16.000000050638572,1236.909091592476,0.00014528704260123232,299.8000036999188,-9.8583710957416e-05,0.0,0.0
35,2023-01-03T10:00:00Z,379.16680538613195,0.0,1601.8754564285136,16.000000050638572,4.893422070025161e-06,8.906823927244541e-05,0.0,0.0,4.083293717689622e-05,6.952649576861821e-07,4.6297498091497735e-05,265.37390632930203,1.5933810039903727e-09,7.82,1244.739097724139,0.16949,9.99,31.22,379.16671730440123,0.0,1328.492219114567,16.00000004970369,1236.919055077524,0.00014360359242724608,290.3500036353964,-9.730609433574835e-05,0.0,0.0
36,2023-01-03T11:00:00Z,379.16671730440123,0.0,1328.492219114567,16.00000004970369,6.146346961158232e-06,1.8373419807282634e-05,0.0,0.0,0.00020077017505390994,7.091743400351907e-07,8.479963435180123e-05,149.07738492847275,1.5825563521337497e-09,68.9,904.3518461474429,0.1645,10.07,173.09,379.1667040659153,0.0,1172.7724578901557,16.000000048091618,835.4520353997194,0.0007033976952853196,287.5500035265337,-0.0006185980609335184,0.0,0.0
37,2023-01-03T12:00:00Z,379.1667040659153,0.0,1172.7724578901557,16.000000048091618,7.536874100473231e-06,1.1511877370338711e-05,0.0,0.0,82.1519245621648,7.14934774530219e-07,0.0018558760090357216,0.00012275516281006778,1.4277258119632842e-09,5.14499999999995,1262.9017219183704,0.16091,9.53,23.65,379.16669930977554,0.0,1166.9103287215512,16.000000048518462,1339.9086432204667,287.5317366753622,306.450003554516,-287.5298807993532,0.0,0.0
38,2023-01-03T13:00:00Z,379.16669930977554,0.0,1166.9103287215512,16.000000048518462,6.47390187934854e-06,1.4502824028395472e-05,0.0,0.0,78.86459711723191,6.916194109707914e-07,0.0002784952605405478,0.0001912975626471871,1.3055647981717862e-09,15.905,1194.8098758639076,0.16306,9.21,52.03,379.166690417613,0.0,1161.0758642756414,16.00000004719692,1257.7694656438366,276.02609059501486,317.650003397317,-276.0258120997543,0.0,0.0
39,2023-01-03T14:00:00Z,379.166690417613,0.0,1161.0758642756414,16.00000004719692,5.201735194699321e-06,2.754350488479659e-05,0.0,0.0,0.00032650792460458725,6.600412968276576e-07,7.690062722289862e-05,273.2189366745427,1.1642503646081621e-09,25.275,1141.2577263242454,0.16679,8.78,74.35,379.16666672012786,0.0,882.0516251803476,16.000000044904787,1115.9830311504413,0.0011434311769999148,332.70000320509246,-0.0010665305497770162,0.0,0.0
40,2023-01-03T15:00:00Z,379.16666672012786,0.0,882.0516251803476,16.000000044904787,5.177217830374877e-06,2.5717159094864095e-05,0.0,0.0,75.28894209771299,6.493182091473424e-07,0.00012631711130058748,0.000831487321865272,1.036073303616525e-09,39.934999999999995,1051.2603639034244,0.16657,8.2,111.86,379.1666449015496,0.0,877.6406618842353,16.000000044315335,1086.6142861105145,263.5112979848205,353.00000315503104,-263.51117166770916,0.0,0.0
41,2023-01-03T16:00:00Z,379.1666449015496,0.0,877.6406618842353,16.000000044315335,4.12196619996361e-06,267.9998537106331,0.0,0.0,8.53444490064301e-05,6.191145070088863e-07,5.661830944467961e-05,367.69976034179723,9.44525676664308e-10,0.0,1319.644926963756,0.17082,7.78,0.0,100.00013457672765,0.0,505.55275485132637,16.0000000432075,1051.6451633386525,0.00029931849488444416,367.70000304198265,-0.00024270018543976455,0.0,0.0
42,2023-01-03T17:00:00Z,100.00013457672765,0.0,505.55275485132637,16.0000000432075,4.3737900010670875e-06,0.00010489368122196233,0.0,0.0,78.02145137927772,6.220978190790515e-07,9.493883231983068e-05,103.0250173976859,8.953672588704627e-10,0.0,1319.644926963756,0.16895,7.54,0.0,100.00002951131476,0.0,400.0000686182161,16.00000004096831,1397.6662784452403,273.07508044334884,376.1000029022024,-273.0749855045165,0.0,0.0
43,2023-01-03T18:00:00Z,100.00002951131476,0.0,400.0000686182161,16.00000004096831,5.329092079359442e-06,2.0450060810361123e-05,0.0,0.0,110.62856098640842,6.449345416921405e-07,2.0000665844510386,0.0001055705381586593,8.94084184396671e-10,0.0,1319.644926963756,0.16099,7.28,0.0,100.00001332509649,0.0,400.0000292890379,16.00000004246971,1430.2734734741302,387.19996409091465,385.2000030770018,-385.1998975064636,0.0,0.0
44,2023-01-03T19:00:00Z,100.00001332509649,0.0,400.0000292890379,16.00000004246971,6.541524956413933e-06,1.2542704207434303e-05,0.0,0.0,113.82856881874422,6.858053200617537e-07,2.000092590735239,0.00010421015870739227,9.103272207463479e-10,0.0,1319.644926963756,0.14962,6.96,0.0,100.00000653964356,0.0,400.0000175231692,16.000000043036827,1433.4734904671266,398.39999154455205,396.40000316397555,-396.39989895381683,0.0,0.0
45,2023-01-03T20:00:00Z,100.00000653964356,0.0,400.0000175231692,16.000000043036827,9.074253763171117e-06,8.910071602053794e-06,0.0,0.0,119.52857314315992,7.77232609412713e-07,2.0001060109775257,0.00010303462142921825,9.60901955272602e-10,0.0,1319.644926963756,0.13063,6.39,0.0,100.0000059696026,0.0,400.0000204119095,16.000000050935718,1439.1735010483308,418.35000677051994,416.35000379416385,-416.34990075954244,0.0,0.0
46,2023-01-03T21:00:00Z,100.0000059696026,0.0,400.0000204119095,16.000000050935718,9.40384697253578e-06,9.718794791121193e-06,0.0,0.0,123.22857086703664,8.845029700499783e-07,2.0000977353412894,0.00010298107204699329,1.050904828794812e-09,0.0,120.0,0.11442,6.02,0.0,100.00000487355112,0.0,400.0000150641191,16.000000055872928,243.2285714365918,431.29999891028615,429.30000415601694,-429.29990117494486,0.0,0.0
47,2023-01-03T22:00:00Z,100.00000487355112,0.0,400.0000150641191,16.000000055872928,1.2300360563592166e-05,8.921546656733216e-06,0.0,0.0,148.22093196453025,1.0748966852477235e-06,74.42335148892522,9.421419852074039e-05,1.2267007641595054e-09,0.0,120.0,0.09248,5.59,0.0,100.0000073886195,0.0,472.42327226352523,16.00000007657263,268.2209364182408,518.7732629400035,444.3500056652768,-444.3499114510783,0.0,0.0
48,2023-01-03T23:00:00Z,100.0000073886195,0.0,472.42327226352523,16.00000007657263,1.1607276033746178e-05,1.0501453806884015e-05,0.0,0.0,174.99999249778224,1.301668378045069e-06,172.35005498952785,8.518709322337555e-05,1.2366137523763126e-09,0.0,120.0,0.0800699999999999,5.71,0.0,100.0000075925901,0.0,642.4111257046422,16.00000007663463,294.99999490527284,612.4999750308896,440.150005228455,-440.1499200413617,0.0,0.0
49,2023-01-04T00:00:00Z,100.0000075925901,0.0,642.4111257046422,16.00000007663463,9.896534531078022e-06,1.3301876764401708e-05,0.0,0.0,174.9999961065261,1.5312096480703549e-06,169.90006563530474,8.2736556479427e-05,1.1782218556991332e-09,0.0,120.0,0.06844,5.64,0.0,100.00000323714161,0.0,809.0990529748673,16.000000074243637,294.99999423239353,612.4999878887389,442.6000049899907,-442.5999222534342,0.0,0.0
50,2023-01-04T01:00:00Z,100.00000323714161,0.0,809.0990529748673,16.000000074243637,1.3106338267881777e-05,1.2467763427529577e-05,0.0,0.0,174.9999983027383,3.191185010682946e-06,171.65007264933914,8.027719158353614e-05,1.143643956942238e-09,0.0,120.0,0.03792,5.69,0.0,100.00000283197278,0.0,976.7035500821404,16.000000072273284,295.00000213249814,612.4999972188573,440.85000484670974,-440.8499245695182,0.0,0.0
51,2023-01-04T02:00:00Z,100.00000283197278,0.0,976.7035500821404,16.000000072273284,416.66665593916736,7.070333924192592e-06,0.0,0.0,174.99999902257963,599.99998915185,769.500029951196,4.88933321776341e-05,1.1349524287576725e-09,0.0,120.0,0.0,5.8,0.0,499.9999851686423,0.0,1741.3200133895934,16.00000007113827,1311.6666370432633,1206.49998583936,437.0000047814963,-436.9999558881641,0.0,0.0
52,2023-01-04T03:00:00Z,499.9999851686423,0.0,1741.3200133895934,16.00000007113827,416.66666313205246,7.070333916458442e-06,0.0,0.0,174.99999902727748,599.9999893012923,774.4000299598963,4.8740524320506125e-05,1.1491023329878117e-09,0.0,120.0,0.0,5.94,0.0,899.9999744104814,0.0,2507.0133945420175,16.000000070825646,1311.6666443902884,1206.4999860037506,432.1000047843786,-432.09995604385426,0.0,0.0
53,2023-01-04T04:00:00Z,899.9999744104814,0.0,2507.0133945420175,16.000000070825646,3.491858503448707e-05,9.441781729021649e-06,0.0,0.0,174.9999989573364,599.9999643585681,776.5000051115974,4.8826242142254344e-05,1.1559250606689836e-09,0.0,120.0,0.00633,6.0,0.0,899.9999980971337,0.0,3270.9782838546625,16.000000070638606,894.9999887927079,1206.4999610656598,430.0000047803046,-429.99995595406244,0.0,0.0
54,2023-01-04T05:00:00Z,899.9999980971337,0.0,3270.9782838546625,16.000000070638606,1.1620562195314628e-05,1.1627508218851332e-05,0.0,0.0,174.9999976711891,1.9719817037954797e-06,180.05006804186021,7.901637467732303e-05,1.1461360078063598e-09,0.0,1319.2011841728,0.0549,5.93,0.0,899.9999971408856,0.0,3434.673381460875,16.000000070553874,1494.2011838090245,612.4999938014238,432.4500047759383,-432.4499257595636,0.0,0.0
55,2023-01-04T06:00:00Z,899.9999971408856,0.0,3434.673381460875,16.000000070553874,1.1146661278422536e-05,9.24673356277034e-06,0.0,0.0,174.99999110889925,1.1337785482006574e-06,182.50004401876586,7.927354965609994e-05,1.158886592919392e-09,0.0,1319.2011841728,0.08532,6.0,0.0,899.9999982096664,0.0,3599.9999792987874,16.000000078993512,1494.2011783154055,612.4999700035881,430.00000525837197,-429.9999259848223,0.0,0.0
56,2023-01-04T07:00:00Z,899.9999982096664,0.0,3599.9999792987874,16.000000078993512,3.41247906061307e-06,499.99997534642034,0.0,0.0,7.960560431338869e-06,6.182064877564916e-07,1.2572339336949484e-05,421.59998774603986,1.011951309942553e-09,0.0,1319.2011841728,0.15,6.24,0.0,379.1666938331251,0.0,3160.400004228593,16.000000059427858,819.2012208176257,2.847398593256497e-05,421.60000364768644,-1.5901646595615486e-05,0.0,0.0
57,2023-01-04T08:00:00Z,379.1666938331251,0.0,3160.400004228593,16.000000059427858,4.599870835748146e-06,267.9999302153265,0.0,0.0,1.0304569344604948e-05,7.35415323916163e-07,1.601506102917498e-05,405.8499839903568,1.2281072929366836e-09,0.0,1319.2011841728,0.146,6.69,0.0,100.00010427470266,0.0,2738.748036232154,16.0000000666393,1051.201269597329,3.6794053876794316e-05,405.85000476934965,-2.0778992847619335e-05,0.0,0.0
58,2023-01-04T09:00:00Z,100.00010427470266,0.0,2738.748036232154,16.0000000666393,1.1935219267107892e-05,7.996616222646362e-06,0.0,0.0,2.0942740637502317e-05,8.302876769897361e-07,2.9257984992251704e-05,237.68395969564847,1.2613929395274898e-09,81.10499999999999,841.2715442325721,0.13119,6.94,199.27,100.0001074027046,0.0,2487.37036561333,16.00000006558654,760.1665699442035,7.412157703147796e-05,397.1000045592405,-4.486359203922625e-05,0.0,0.0
59,2023-01-04T10:00:00Z,100.0001074027046,0.0,2487.37036561333,16.00000006558654,1.1516098872249839e-05,8.251173155207821e-06,0.0,0.0,2.3338359158889725e-05,8.357328211244488e-07,3.29513112989133e-05,89.05995376384823,1.3089923044105659e-09,160.045,429.273985398165,0.13053,7.26,371.05,100.00010986318749,0.0,2385.8735929727263,16.000000043028727,269.22901283718267,8.251163254902725e-05,385.90000332416946,-4.9560321250113947e-05,0.0,0.0
60,2023-01-04T11:00:00Z,100.00010986318749,0.0,2385.8735929727263,16.000000043028727,1.4016952461661933e-05,7.3468728898067075e-06,0.0,0.0,1.7900027609961126e-05,8.49005743558607e-07,5.929897104501789e-05,4.133962613799892e-06,3.4416732002898246e-09,247.28,359.84023683456,0.12787,7.6,566.01,100.00011566646926,0.0,2373.944280172871,17.411486611375217,112.56026225367292,6.349061232098695e-05,452.8080083256039,-4.191641275969068e-06,0.0,0.0
61,2023-01-04T12:00:00Z,100.00011566646926,0.0,2373.944280172871,17.411486611375217,42.53472182136217,4.762319726319389e-06,0.0,0.0,78.00474102014782,9.269110038393413e-07,0.00011973992497847344,0.0015600146919033905,1.3981971517993192e-09,28.055,1125.602144999943,0.1190799999999999,7.8,80.72,140.8334436542272,0.0,2362.07311849724,16.00000006340656,1218.0866040060441,273.0165944881593,337.5940347629262,-273.0164747482343,0.0,0.0
62,2023-01-04T13:00:00Z,140.8334436542272,0.0,2362.07311849724,16.00000006340656,499.9999561978756,4.12047274478707e-06,0.0,0.0,166.60543700025949,9.461631743763539e-07,256.4291096811127,8.406325578803814e-05,1.4979822452586726e-09,9.67,1232.9786190307755,0.11655,8.13,35.95,620.8333973120286,0.0,2606.691778522611,16.000000067753415,1889.914009054601,583.1190304376098,355.45000481975285,-326.6899207564971,0.0,0.0
63,2023-01-04T14:00:00Z,620.8333973120286,0.0,2606.691778522611,16.000000067753415,1.2363521508858518e-05,7.954798949388153e-06,0.0,0.0,3.774204229577786e-05,8.56547041315494e-07,4.178557340123643e-05,343.7019132742298,1.41771005975237e-09,4.225,1269.290430887528,0.12799,7.99,20.81,620.8334008947604,0.0,2249.9564481413418,16.000000064014518,1265.06547389484,0.00013294512960612483,360.350004433786,-9.11595562048884e-05,0.0,0.0
64,2023-01-04T15:00:00Z,620.8334008947604,0.0,2249.9564481413418,16.000000064014518,9.011801876910567e-06,1.0466993207290706e-05,0.0,0.0,2.8746599318782992e-05,8.334368525758934e-07,3.531131734329939e-05,360.5879383533845,1.3991767064853875e-09,0.0,1314.668203696627,0.13125,7.94,1.89,620.8333986429724,0.0,1878.1187628585678,16.00000006373308,1314.6682318214719,0.0001014382000997906,362.1000044802673,-6.61268827564912e-05,0.0,0.0
65,2023-01-04T16:00:00Z,620.8333986429724,0.0,1878.1187628585678,16.00000006373308,3.3333795443943765e-06,499.99998681677505,0.0,0.0,1.0866877374599685e-05,7.157458933947274e-07,1.683685948598781e-05,361.39998254816976,1.395110137341849e-09,0.0,1319.2011841728,0.1502,7.96,0.0,100.00008224220937,0.0,1507.3282033329647,16.000000063374415,819.2012122720276,3.8742659245559675e-05,361.40000445396953,-2.1905799759571866e-05,0.0,0.0
66,2023-01-04T17:00:00Z,100.00008224220937,0.0,1507.3282033329647,16.000000063374415,7.002103664144351e-06,3.602118779893551e-05,0.0,0.0,2.3866209891333553e-05,9.909598922039375e-07,3.297354940862372e-05,358.24995416935906,1.7585943009630154e-09,0.0,1319.2011841728,0.1375,8.05,0.0,100.00005144215827,0.0,1141.54164112049,16.00000007581009,1319.2011800108858,8.451278491294933e-05,358.2500057085946,-5.1539235504325604e-05,0.0,0.0
67,2023-01-04T18:00:00Z,100.00005144215827,0.0,1141.54164112049,16.00000007581009,9.965484266716314e-06,1.4838040406322345e-05,0.0,0.0,5.352702866946424e-05,1.0587703411281726e-06,5.474955098585734e-05,355.4498717339997,1.7689856368741789e-09,0.0,1319.2011841728,0.12949,8.13,0.0,100.00004555273107,0.0,780.3841159304388,16.00000007472642,1319.2012338860427,0.00018839278298084174,355.4500053772317,-0.0001336432319949844,0.0,0.0
68,2023-01-04T19:00:00Z,100.00004555273107,0.0,780.3841159304388,16.00000007472642,1.4621078140680795e-05,1.0210776041211593e-05,0.0,0.0,104.057146694875,1.1250573862069433e-06,0.000273951774155263,0.0002649258832436462,1.7206606349717484e-09,0.0,1319.2011841728,0.1224,7.88,0.0,100.00004895274104,0.0,776.4822043766776,16.000000076700164,1423.2583364030345,364.20001454586935,364.20000551997845,-364.1997405940952,0.0,0.0
69,2023-01-04T20:00:00Z,100.00004895274104,0.0,776.4822043766776,16.000000076700164,7.0587712510343795e-06,4.1877352832107646e-05,0.0,0.0,7.013985440586413e-05,1.0613773365604227e-06,6.125370978250738e-05,372.59981968729437,1.6319032145275643e-09,0.0,1319.2011841728,0.1293899999999999,7.64,0.0,100.00001210691892,0.0,400.0000349212096,16.000000068833728,1319.20122055545,0.0002465402539837193,372.60000497383857,-0.00018528654420121193,0.0,0.0
70,2023-01-04T21:00:00Z,100.00001210691892,0.0,400.0000349212096,16.000000068833728,1.5086570273581857e-05,1.0916300117461846e-05,0.0,0.0,107.92859985743887,1.2529808811294452e-06,2.0002286484978824,0.00013425458517735042,1.8337023149741467e-09,0.0,120.0,0.1089599999999999,7.55,0.0,100.00001521888042,0.0,400.00012914051626,16.00000008386842,227.92860528068994,377.75010074148713,375.7500063475744,-375.7498720929892,0.0,0.0
71,2023-01-04T22:00:00Z,100.00001521888042,0.0,400.00012914051626,16.00000008386842,9.321610213769508e-06,2.20139038906665e-05,0.0,0.0,111.12854130206718,1.2846785376514115e-06,2.000024357278625,0.00013425462174460854,1.803053003715201e-09,0.0,120.0,0.106,7.23,0.0,100.00000123647634,0.0,400.00001859747056,16.00000007721398,231.12852989445202,388.94989582906686,386.95000572641,-386.94987147178824,0.0,0.0
72,2023-01-04T23:00:00Z,100.00000123647634,0.0,400.00001859747056,16.00000007721398,0.0001576956800369426,1.1028282510361894e-05,0.0,0.0,174.9999982950106,155.77748735718697,366.81979047691243,9.220965240551995e-05,2.151150587264488e-09,0.0,120.0,0.0054,6.86,0.0,100.00014113653489,0.0,764.8197167717433,16.000000106123228,450.7776323195951,766.7197065161523,399.9000082488923,-399.8999160392399,0.0,0.0
73,2023-01-05T00:00:00Z,100.00014113653489,0.0,764.8197167717433,16.000000106123228,333.33306225973513,9.838077673185275e-06,0.0,0.0,174.9999981869459,592.27263855487,799.9999308697239,3.39734218853113e-05,2.3079553735408233e-09,0.0,120.0,0.00363,6.89,0.0,419.999870657883,0.0,1560.9955150841865,16.000000124175568,1220.6056891634732,1198.849905823632,398.85000892733,-398.84997495390814,0.0,0.0
74,2023-01-05T01:00:00Z,419.999870657883,0.0,1560.9955150841865,16.000000124175568,0.00010814969882362527,1.144741352458008e-05,0.0,0.0,174.99999833059928,599.9998340014093,795.3998898308093,6.738421339261596e-05,2.046408509057399e-09,0.0,120.0,0.0049,6.54,0.0,419.99996255720475,0.0,2348.5903599553617,16.000000109022377,894.9999290342939,1206.4998298184928,411.1000073718968,-411.09993998768346,0.0,0.0
75,2023-01-05T02:00:00Z,419.99996255720475,0.0,2348.5903599553617,16.000000109022377,499.99996188774855,7.69440910441972e-06,0.0,0.0,174.999998424532,599.9999769203356,782.1000325616798,6.866889478619124e-05,1.9699081323723664e-09,0.0,120.0,0.0,6.16,0.0,899.9999179544338,0.0,3118.9473720483697,16.000000109947397,1394.999929538207,1206.4999716369944,424.4000077442094,-424.3999390753146,0.0,0.0
76,2023-01-05T03:00:00Z,899.9999179544338,0.0,3118.9473720483697,16.000000109947397,8.061794145471805e-05,1.29037049128053e-05,0.0,0.0,174.99999824650286,0.0001608940950058107,187.40025817141262,0.00011300399191612084,2.0123730142447473e-09,0.0,120.0,0.00687,6.14,0.0,899.9999819062983,0.0,3290.7527803555486,16.00000011288354,295.0002268548344,612.500153147914,425.1000079804934,-425.09989497650145,0.0,0.0
77,2023-01-05T04:00:00Z,899.9999819062983,0.0,3290.7527803555486,16.00000011288354,3.2747317943406124e-05,1.5328687703406387e-05,0.0,0.0,174.99999800837725,1.4350290984904347e-05,175.50011611430898,0.00011678418807161369,1.9470555732748254e-09,0.0,120.0,0.01632,5.8,0.0,899.9999973763406,0.0,3449.799015783892,16.00000011258032,295.0000297772985,612.5000072361084,437.00000790598756,-436.99989112179946,0.0,0.0
78,2023-01-05T05:00:00Z,899.9999973763406,0.0,3449.799015783892,16.00000011258032,1.7119045622026007e-05,1.5715123564984716e-05,0.0,0.0,174.9999921264702,2.218561105160949e-06,167.4500848927119,0.00011997703165503205,1.9437094432971155e-09,0.0,1318.580128111227,0.0678,5.57,0.0,899.9999974407041,0.0,3599.9999856206528,16.000000143537665,1493.5801238601805,612.4999746390212,445.0500097233409,-445.04988974630925,0.0,0.0
79,2023-01-05T06:00:00Z,899.9999974407041,0.0,3599.9999856206528,16.000000143537665,1.3350325350349137e-05,1.3264546583787188e-05,0.0,0.0,134.50000018699905,1.2606968981555655e-06,18.00013952742424,0.000143166187235859,1.4123606608325899e-09,0.0,1318.580128111227,0.1199,5.35,0.0,899.9999964397805,0.0,3599.999982053787,16.000000098926378,1453.0801296447019,470.7500019025866,452.7500055413496,-452.74986237516237,0.0,0.0
80,2023-01-05T07:00:00Z,899.9999964397805,0.0,3599.999982053787,16.000000098926378,4.1780005619227775e-06,499.9999817778122,0.0,0.0,1.4400070896187883e-05,8.290565883273849e-07,2.20725977064079e-05,437.3499748299327,1.169316801196305e-09,0.0,1318.580128111227,0.179,5.79,0.0,379.1666860987733,0.0,3144.650029386183,16.000000065401263,818.5801657405428,5.12210141591017e-05,437.35000397834915,-2.91484164526938e-05,0.0,0.0
81,2023-01-05T08:00:00Z,379.1666860987733,0.0,3144.650029386183,16.000000065401263,5.5036363682218844e-06,267.9935953108634,0.0,0.0,2.028929354558087e-05,8.571540638396697e-07,2.907045470746648e-05,440.1499617369216,1.1280228448572745e-09,0.0,1318.580128111227,0.17104,5.71,0.0,100.00669626678149,0.0,2688.776846572785,16.000000063915802,1050.5865594504476,7.186110993273431e-05,440.15000452757687,-4.279065522526783e-05,0.0,0.0
82,2023-01-05T09:00:00Z,100.00669626678149,0.0,2688.776846572785,16.000000063915802,5.996066233115453e-06,9.255303558706982e-05,0.0,0.0,2.3089374432586352e-05,8.655032987864542e-07,3.2256368264924026e-05,413.00795512209436,1.1422842765931327e-09,6.25,1255.0793529238942,0.16947,5.88,26.49,100.00660561359301,0.0,2262.325039474195,16.000000063671298,1248.8292903218028,8.166965877985083e-05,434.2000045353849,-4.94132905149268e-05,0.0,0.0
83,2023-01-05T10:00:00Z,100.00660561359301,0.0,2262.325039474195,16.000000063671298,1.79187060844423e-05,8.346021524497873e-06,0.0,0.0,36.559676411283256,9.714984883246863e-07,0.0001094137640529055,250.7092455104063,1.244148568910179e-09,10.825,1225.594281772358,0.154,6.58,38.79,100.00661412177844,0.0,2000.3042781801817,16.000000062335996,1251.3289687278245,127.9588684012749,409.7000044979171,-127.95875898751085,0.0,0.0
84,2023-01-05T11:00:00Z,100.00661412177844,0.0,2000.3042781801817,16.000000062335996,333.3265438046905,5.506415678326559e-06,0.0,0.0,174.9999734627869,1.0422608798130693e-06,244.4040138053082,0.00011039623577638593,1.3629401568541671e-09,6.88999999999995,1250.5487200396337,0.146,7.12,28.38,420.0000904384317,0.0,2234.706660198353,16.000000064846652,1751.9852328429565,612.4999081515924,390.80000474252,-368.09589434628424,0.0,0.0
85,2023-01-05T12:00:00Z,420.0000904384317,0.0,2234.706660198353,16.000000064846652,499.99983975303695,5.238796230534247e-06,0.0,0.0,174.9999801834864,1.051692638171087e-06,266.15003497239644,0.00010795202064067942,1.441321624757831e-09,9.325,1234.6795191434412,0.1451,7.59,35.0,899.9999311442677,0.0,2489.6830539177367,16.000000064292614,1900.3543348928608,612.499931683378,374.3500046630022,-346.34989671098157,0.0,0.0
86,2023-01-05T13:00:00Z,899.9999311442677,0.0,2489.6830539177367,16.000000064292614,4.746092326371033e-05,6.366056714800482e-06,0.0,0.0,174.9999243860441,9.941177436784567e-07,273.9098384641235,0.00010684482915322462,1.4677774969655577e-09,9.674999999999999,1232.4022169000298,0.15103,7.79,35.95,899.9999700754449,0.0,2751.1443702674424,16.00000006529031,1397.727183375058,612.499736335331,367.35000471603666,-338.58989787120754,0.0,0.0
87,2023-01-05T14:00:00Z,899.9999700754449,0.0,2751.1443702674424,16.00000006529031,2.1165824239946493e-05,7.711012286654492e-06,0.0,0.0,0.00016944679471622495,9.364513996063257e-07,8.470228309379369e-05,331.93949518632564,1.47037078424372e-09,9.665,1232.4022169000298,0.1594799999999999,7.98,35.95,899.9999823623318,0.0,2405.4492379320627,16.000000062268377,1222.7374007380877,0.0005939908683923976,360.70000447491094,-0.0005092885852986038,0.0,0.0
88,2023-01-05T15:00:00Z,899.9999823623318,0.0,2405.4492379320627,16.000000062268377,1.1342450165154427e-05,1.0521780085515479e-05,0.0,0.0,2.6619793094470482e-05,8.579297572660323e-07,3.634040563569469e-05,358.79194682884616,1.4380787217141355e-09,0.61,1298.1802943307741,0.17273,7.84,8.51,899.9999822908964,0.0,2034.6300812539619,16.000000061923227,1297.570322629167,9.401862629034006e-05,365.6000045070668,-5.7678220654645365e-05,0.0,0.0
89,2023-01-05T16:00:00Z,899.9999822908964,0.0,2034.6300812539619,16.000000061923227,2.463801774075731e-06,499.9999949095243,0.0,0.0,6.426984514042302e-06,6.297772953924828e-07,1.0760846825488584e-05,379.94999204311,1.3335634735112163e-09,0.0,1318.580128111227,0.2221,7.43,0.0,379.1666566253915,0.0,1644.5069495654288,16.000000060976618,818.5801427222664,2.3117925321586615e-05,379.9500044001885,-1.2357078496098031e-05,0.0,0.0
90,2023-01-05T17:00:00Z,379.1666566253915,0.0,1644.5069495654288,16.000000060976618,4.9978634990090335e-06,267.9999754138196,0.0,0.0,1.1310512067780871e-05,7.206166823831558e-07,1.7889726877667605e-05,395.3499818343003,1.2184725325806734e-09,0.0,1318.580128111227,0.1946699999999999,6.99,0.0,100.00002036727841,0.0,1240.9344508730283,16.000000059452564,1050.5801697263996,4.030020275279237e-05,395.3500042447762,-2.2410475875124764e-05,0.0,0.0
91,2023-01-05T18:00:00Z,100.00002036727841,0.0,1240.9344508730283,16.000000059452564,8.176342864764725e-06,1.4501800015542244e-05,0.0,0.0,2.2053371645414188e-05,7.92315327299223e-07,3.0917703601400865e-05,408.6499571169393,1.1384541540065889e-09,0.0,1318.580128111227,0.17798,6.61,0.0,100.00001311052587,0.0,826.0798524194274,16.000000058585197,1318.5801446314567,7.797119293297589e-05,408.6500041704286,-4.705348933157502e-05,0.0,0.0
92,2023-01-05T19:00:00Z,100.00001311052587,0.0,826.0798524194274,16.000000058585197,1.0707585341005506e-05,1.0675146601986095e-05,0.0,0.0,0.0001746854065859688,8.627855809431433e-07,7.685871203411754e-05,421.94946848902595,1.0648400697552885e-09,0.0,1318.580128111227,0.16399,6.23,0.0,100.00001226986342,0.0,400.0000615270164,16.00000005414726,1318.5803036918578,0.0006122530807760245,421.9500038833947,-0.000535394368741907,0.0,0.0
93,2023-01-05T20:00:00Z,100.00001226986342,0.0,400.0000615270164,16.00000005414726,1.1964051199877104e-05,1.0180827756755245e-05,0.0,0.0,122.42857122853208,9.247816656563907e-07,2.0001317784886066,0.00013589531599901385,1.112467480669682e-09,0.0,1318.580128111227,0.152,6.1,0.0,100.00001315032365,0.0,400.00005710255385,16.00000005834518,1441.0087020477642,428.50000021539614,426.50000433222357,-426.49986843690755,0.0,0.0
94,2023-01-05T21:00:00Z,100.00001315032365,0.0,400.00005710255385,16.00000005834518,9.74879667196473e-06,1.3482468712896795e-05,0.0,0.0,127.12856324715503,9.642364168682295e-07,2.0001030153344583,0.00013502465516437596,1.0984763016171645e-09,0.0,120.0,0.14464,5.63,0.0,100.00000846493022,0.0,400.00002480772037,16.000000058499854,247.1285604777194,444.94997231963663,442.95000432895733,-442.9498693043022,0.0,0.0
95,2023-01-05T22:00:00Z,100.00000846493022,0.0,400.00002480772037,16.000000058499854,1.2163823323073684e-05,1.1665308164038095e-05,0.0,0.0,174.9944825855685,1.0877887789798474e-06,161.13079676970347,0.00011209882014891425,1.2137813941697012e-09,0.0,120.0,0.127,5.39,0.0,100.00000799083794,0.0,559.130709354565,16.00000007340812,294.9944841718725,612.4806901264006,451.3500054555173,-451.3498933566972,0.0,0.0
96,2023-01-05T23:00:00Z,100.00000799083794,0.0,559.130709354565,16.00000007340812,1.936497769067684e-05,9.375702310911391e-06,0.0,0.0,174.99999350235362,1.3633258501779687e-06,159.4000856262828,0.0001120960074396998,1.1969011871380264e-09,0.0,120.0,0.10721,5.34,0.0,100.00001681485996,0.0,715.7350293380675,16.000000072630403,295.00000485495485,612.4999786079303,453.10000507765494,-453.0998929816475,0.0,0.0
97,2023-01-06T00:00:00Z,100.00001681485996,0.0,715.7350293380675,16.000000072630403,1.587906000905282e-05,1.1014255802271331e-05,0.0,0.0,174.999995157656,1.4740074459321477e-06,166.0500904381501,0.00011096700942934646,1.2110299725114543e-09,0.0,120.0,0.1011,5.53,0.0,100.00002058557445,0.0,878.206333662518,16.000000071949124,295.0000014964677,612.4999845110634,446.45000503992276,-446.4498940729133,0.0,0.0
98,2023-01-06T01:00:00Z,100.00002058557445,0.0,878.206333662518,16.000000071949124,1.301202244494599e-05,1.3696129943763031e-05,0.0,0.0,174.99999593293526,1.567874695710918e-06,165.0000932946036,0.00011098245750954541,1.198114498646503e-09,0.0,120.0,0.09673,5.5,0.0,100.00001881031397,0.0,1038.8152843063515,16.000000071430858,294.99999681670243,612.4999873174694,447.50000500532326,-447.49989402286576,0.0,0.0
99,2023-01-06T02:00:00Z,100.00001881031397,0.0,1038.8152843063515,16.000000071430858,8.093664715152232e-05,7.45465711431774e-06,0.0,0.0,174.9999972925237,1.9933010958570503e-06,162.20009877180385,0.00011124229227080461,1.1790808517743302e-09,0.0,120.0,0.08142,5.42,0.0,100.00008874422741,0.0,1195.8211954143314,16.000000070941443,295.00007276781486,612.499992497201,450.30000496768946,-450.29989372539717,0.0,0.0
100,2023-01-06T03:00:00Z,100.00008874422741,0.0,1195.8211954143314,16.000000070941443,499.99996545913143,5.444592539747399e-06,0.0,0.0,174.99999766859048,2.2737657102807013e-06,164.6501001914734,0.00011104685053321072,1.1824532257736376e-09,0.0,120.0,0.07445,5.49,0.0,580.000049913543,0.0,1354.4920785818827,16.000000070547497,794.9999599568952,612.4999940910948,447.8500049464719,-447.8498938996214,0.0,0.0
101,2023-01-06T04:00:00Z,580.000049913543,0.0,1354.4920785818827,16.000000070547497,333.3332746621471,6.626920454199701e-06,0.0,0.0,174.99999752990877,2.1255885839297294e-06,169.20009913661946,0.00011060355863806503,1.1940896432859843e-09,0.0,120.0,0.0783199999999999,5.62,0.0,899.9999866861621,0.0,1516.9196067220341,16.00000007015096,628.333267690724,612.4999934590134,443.3000049259526,-443.2998943223939,0.0,0.0
102,2023-01-06T05:00:00Z,899.9999866861621,0.0,1516.9196067220341,16.00000007015096,1.4650970373190567e-05,1.208597890161137e-05,0.0,0.0,174.99999628602092,1.5810710700962757e-06,167.8000941545094,0.00011046182674894026,1.177377859277314e-09,0.0,1317.781942559518,0.09689,5.58,0.0,899.9999881615322,0.0,1677.1349923811067,16.000000069518933,1492.7819429916015,612.4999885663336,444.700004873651,-444.69989441182423,0.0,0.0
103,2023-01-06T06:00:00Z,899.9999881615322,0.0,1677.1349923811067,16.000000069518933,1.546767002102137e-05,1.0598471480177144e-05,0.0,0.0,174.99999498640457,1.3744321459639666e-06,166.0500889439536,0.00010993097037822302,1.1540564278297629e-09,0.0,1317.781942559518,0.1070199999999999,5.53,0.0,899.999991970421,0.0,1834.7992964321843,16.000000068629927,1492.7819437895532,612.4999838131039,446.45000480012067,-446.4498948691503,0.0,0.0
104,2023-01-06T07:00:00Z,899.999991970421,0.0,1834.7992964321843,16.000000068629927,1.457620910531601e-05,9.871431234039953e-06,0.0,0.0,174.99998820410534,1.135929983711181e-06,172.35006371976263,0.00010870132730943193,1.1646912569265177e-09,0.0,1317.781942559518,0.12294,5.71,0.0,899.9999956808409,0.0,1997.9752549684588,16.000000069015396,1492.7819366043313,612.4999598389393,440.15000482050397,-440.1498961191767,0.0,0.0
105,2023-01-06T08:00:00Z,899.9999956808409,0.0,1997.9752549684588,16.000000069015396,5.1156012167575074e-06,267.99986060613116,0.0,0.0,1.2835740737558886e-05,7.903805114226479e-07,1.9699116214868572e-05,444.6999785009519,1.1044288448571984e-09,0.0,1317.781942559518,0.1664,5.58,0.0,620.8334791270981,0.0,1543.2854198917807,16.00000006529426,1049.7821006951094,4.570756928776452e-05,444.70000450940495,-2.600845307289595e-05,0.0,0.0
106,2023-01-06T09:00:00Z,620.8334791270981,0.0,1543.2854198917807,16.00000006529426,2.9837036013115025e-06,499.9999920527883,0.0,0.0,8.33641606942354e-06,6.957068519707291e-07,1.351013005193385e-05,422.3519880702647,1.0564795390637863e-09,9.075,1236.1890366323635,0.1824,5.44,34.06,100.00015693646583,0.0,1113.217018232187,16.000000063677962,727.1140565954017,2.986620602643341e-05,449.60000442634066,-1.635607597449956e-05,0.0,0.0
107,2023-01-06T10:00:00Z,100.00015693646583,0.0,1113.217018232187,16.000000063677962,5.410082103713183e-06,7.042117727839992e-05,0.0,0.0,1.4425328278901128e-05,7.642019855566886e-07,2.167561183261686e-05,398.4739730433287,1.0451643806492144e-09,16.56,1190.8889235647625,0.1636699999999999,5.69,52.97,100.00008877475165,0.0,709.1769817733093,16.000000031959782,1174.3288737431978,5.124520894185507e-05,440.85000261292583,-2.956959710923821e-05,0.0,0.0
108,2023-01-06T11:00:00Z,100.00008877475165,0.0,709.1769817733093,16.000000031959782,0.0001819094294750721,5.0350905606561904e-06,0.0,0.0,8.723245859338388e-05,8.820857459140066e-07,0.00030341773258803976,2.5326433125144307e-06,2.2943623704168167e-08,253.255,359.5563885119036,0.1402,6.15,582.42,100.00025816291794,0.0,705.631397749532,16.73765893821654,106.30165350078693,0.00030618686996529843,465.9360053017806,-2.769137377258671e-06,0.0,0.0
109,2023-01-06T12:00:00Z,100.00025816291794,0.0,705.631397749532,16.73765893821654,499.99997083599237,3.9572199515203646e-06,0.0,0.0,174.99996242679808,9.07827835404774e-07,612.4998663772271,2.6878891122081787e-06,7.82289719044943e-09,264.965,359.5563885119036,0.135,6.48,610.12,580.0002260433665,0.0,1314.6031044501224,17.616666558062988,769.5913187253019,612.4998693925429,488.0960057032049,-3.0153157695167465e-06,0.0,0.0
110,2023-01-06T13:00:00Z,580.0002260433665,0.0,1314.6031044501224,17.616666558062988,6.1116731577704216e-06,2.1297361211391706e-05,0.0,0.0,1.2812352327979624e-05,7.301641871040921e-07,4.185270693432196e-05,3.7372172370183376e-06,3.024965571916005e-09,225.445,359.5563885119036,0.158,6.91,520.45,580.0002097258215,0.0,1308.0301270433615,16.929383068930036,134.11138686873207,4.556609569316173e-05,416.360007450606,-3.713388758839773e-06,0.0,0.0
111,2023-01-06T14:00:00Z,580.0002097258215,0.0,1308.0301270433615,16.929383068930036,4.45261317444435e-06,351.19832272821395,0.0,0.0,1.559528381007481e-05,6.867270089391223e-07,2.3828955291843456e-05,100.56382623569449,1.0808004119742144e-09,145.53,497.2294449896945,0.1704,7.03,342.53,214.1686278251073,0.0,1200.9261740014056,16.000000053740514,0.5011429961044769,5.526335307411156e-05,374.58785767009226,-3.143439778226811e-05,0.0,0.0
112,2023-01-06T15:00:00Z,214.1686278251073,0.0,1200.9261740014056,16.000000053740514,0.00011262341543919098,4.628634698192394e-06,0.0,0.0,174.99981482164688,7.908197352505822e-07,319.8514280462729,7.926258423874481e-05,1.0158826291293992e-09,52.445,981.9478415046802,0.1401,6.72,140.19,214.16873112209166,0.0,1514.7728919150873,16.000000055685422,1104.5027651119276,612.4993526586757,404.800003874987,-292.6479246124028,0.0,0.0
113,2023-01-06T16:00:00Z,214.16873112209166,0.0,1514.7728919150873,16.000000055685422,6.371610722612059e-06,1.4307553552583934e-05,0.0,0.0,2.543594727128115e-05,6.841922072061235e-07,3.1739465042181815e-05,428.59994553605105,8.788615547963416e-10,0.0,1317.781942559518,0.15593,6.04,0.0,214.16872233513635,0.0,1078.5991136589257,16.00000005210458,1317.7819607437145,8.970316573461809e-05,428.6000034997517,-5.796370069243628e-05,0.0,0.0
114,2023-01-06T17:00:00Z,214.16872233513635,0.0,1078.5991136589257,16.00000005210458,4.2136869259661e-06,109.60195899821696,0.0,0.0,1.6019677770460876e-05,6.288970140608266e-07,2.261108683199757e-05,438.0499692989572,8.186634884167895e-10,0.0,1317.781942559518,0.1635,5.77,0.0,100.00001909046648,0.0,635.1561714027607,16.000000049967948,1208.1800044235627,5.6691480240533284e-05,438.0500033793506,-3.4080393408535714e-05,0.0,0.0
115,2023-01-06T18:00:00Z,100.00001909046648,0.0,635.1561714027607,16.000000049967948,7.794922201009276e-06,9.5222092269573e-06,0.0,0.0,61.57705392063596,6.948161106988979e-07,8.045991571425038e-05,231.9803941965433,7.597568863337738e-10,0.0,1317.781942559518,0.14674,5.5,0.0,100.00001665462385,0.0,400.00007680911926,16.000000046428017,1379.3589954476831,215.5196894100938,447.5000031467214,-215.51960895017808,0.0,0.0
116,2023-01-06T19:00:00Z,100.00001665462385,0.0,400.00007680911926,16.000000046428017,8.59243555588321e-06,8.774406683405953e-06,0.0,0.0,132.02856227419232,7.139576890853923e-07,2.0000667052902164,0.00010140390849651865,7.484000129833132e-10,0.0,1317.781942559518,0.13939,5.14,0.0,100.00001576335502,0.0,400.0000417264554,16.00000004848063,1449.8105053656968,462.09996866649124,460.1000033651095,-460.099901961201,0.0,0.0
117,2023-01-06T20:00:00Z,100.00001576335502,0.0,400.0000417264554,16.00000004848063,9.594558627115533e-06,7.760695155440325e-06,0.0,0.0,128.02859723556207,7.361904347055579e-07,2.000186715000938,9.923204991696088e-05,8.132589361479615e-10,0.0,1317.781942559518,0.13184,5.54,0.0,100.00001689007385,0.0,400.0001290007741,16.00000005156454,1445.810542365134,448.1000910532958,446.10000357034477,-446.09990433829483,0.0,0.0
118,2023-01-06T21:00:00Z,100.00001689007385,0.0,400.0001290007741,16.00000005156454,6.726594314293598e-06,1.1535194086337638e-05,0.0,0.0,121.9285455460361,7.202303365144236e-07,2.00000301995183,9.625826576530581e-05,8.587705764971427e-10,0.0,120.0,0.12994,6.15,0.0,100.00001133177723,0.0,400.00003511745626,16.00000004916331,241.92854145766665,426.74991012415444,424.7500033624684,-424.74990710420263,0.0,0.0
119,2023-01-06T22:00:00Z,100.00001133177723,0.0,400.00003511745626,16.00000004916331,6.705225241836194e-06,1.1460261645911894e-05,0.0,0.0,115.12856570404841,7.390737807478762e-07,2.0000701613716787,9.28577807498017e-05,9.667803780813888e-10,0.0,120.0,0.12131,6.83,0.0,100.00000583102093,0.0,400.0000122454599,16.000000047344873,235.1285616880858,402.94998069585245,400.9500033922615,-400.94991053448075,0.0,0.0
120,2023-01-06T23:00:00Z,100.00000583102093,0.0,400.0000122454599,16.000000047344873,2.0649838943430806e-05,5.528744138099318e-06,0.0,0.0,108.60256714952246,8.866845717684742e-07,4.0090713489621415,9.025777485313528e-05,1.2878712743628507e-09,0.0,120.0,0.09728,7.54,0.0,100.00001989575784,0.0,402.0089932754199,16.00000006478625,228.60258315730184,380.10898590114635,376.10000480995905,-376.0999145521842,0.0,0.0
121,2023-01-07T00:00:00Z,100.00001989575784,0.0,402.0089932754199,16.00000006478625,9.357066658423583e-06,8.533487597228235e-06,0.0,0.0,101.75746963276075,8.792772320293344e-07,0.0012381739438173634,9.791122983392651e-05,1.3871905356460002e-09,0.0,120.0,0.09816,8.11,0.0,100.00001998949226,0.0,400.0000885717568,16.000000062384956,221.75747133561703,356.1511445851471,356.1500043224331,-356.1499064112033,0.0,0.0
122,2023-01-07T01:00:00Z,100.00001998949226,0.0,400.0000885717568,16.000000062384956,8.370925808688685e-06,9.953968488467679e-06,0.0,0.0,99.22858144030475,9.067321506090233e-07,2.000121833601199,9.048642812784307e-05,1.4996130955491609e-09,0.0,120.0,0.0949599999999999,8.42,0.0,100.00001765686386,0.0,400.0001194760711,16.000000064796986,219.22858076399422,347.30003593873147,345.3000045915584,-345.29991410513026,0.0,0.0
123,2023-01-07T02:00:00Z,100.00001765686386,0.0,400.0001194760711,16.000000064796986,2.019302385225214e-05,6.004639416418772e-06,0.0,0.0,174.9999900052836,1.0539917769446459e-06,244.80003078606973,6.940878371448527e-05,1.3913416085385586e-09,0.0,120.0,0.08386,7.78,0.0,100.00003078733403,0.0,642.8000802559768,16.000000067114566,295.0000052476598,612.4999660619445,367.7000046846585,-367.6999352758748,0.0,0.0
124,2023-01-07T03:00:00Z,100.00003078733403,0.0,642.8000802559768,16.000000067114566,0.001059804533798383,4.664729806877626e-06,0.0,0.0,174.99999465108218,1.1842238192523133e-06,217.5000491677546,7.127642205684287e-05,1.2414858801508702e-09,0.0,120.0,0.0766599999999999,7.0,0.0,100.00104334059291,0.0,857.0860577460294,16.00000006668744,295.00105097511,612.4999824511691,395.00000455983655,-394.9999332834145,0.0,0.0
125,2023-01-07T04:00:00Z,100.00104334059291,0.0,857.0860577460294,16.00000006668744,499.9999863709197,3.2837672650142847e-06,0.0,0.0,174.99999629371612,1.3357964702654308e-06,198.60005647348294,7.262922268818568e-05,1.1499234914192396e-09,0.0,120.0,0.06988,6.46,0.0,580.0010268360849,0.0,1051.4006113015596,16.000000066294668,794.999980716665,612.4999883504449,413.9000045061847,-413.899931876962,0.0,0.0
126,2023-01-07T05:00:00Z,580.0010268360849,0.0,1051.4006113015596,16.000000066294668,333.33225512337316,4.483626207723549e-06,0.0,0.0,174.99999505958814,1.1943391485941653e-06,187.05005290990255,7.34814386642299e-05,1.0962530666003467e-09,0.0,1316.806863713619,0.0764899999999999,6.13,0.0,899.9999870840791,0.0,1233.1935876735158,16.000000065903745,1825.139110607293,612.4999838909542,425.45000446249037,-425.4499309810517,0.0,0.0
127,2023-01-07T06:00:00Z,899.9999870840791,0.0,1233.1935876735158,16.000000065903745,9.534614454063021e-06,8.777885648073988e-06,0.0,0.0,174.9999676791246,9.388495510623935e-07,176.19995761071704,7.430038232932235e-05,1.0486359577641926e-09,0.0,1316.806863713619,0.09253,5.82,0.0,899.999987093678,0.0,1403.227503045483,16.00000006687823,1491.806833088322,612.4998878063972,436.30000449606246,-436.29993019568013,0.0,0.0
128,2023-01-07T07:00:00Z,899.999987093678,0.0,1403.227503045483,16.00000006687823,4.261800992314201e-06,267.99998907071654,0.0,0.0,2.1820237932220934e-05,7.781393103196537e-07,2.6854739847638683e-05,441.8999538742767,9.862818661677592e-10,0.0,1316.806863713619,0.10994,5.66,0.0,620.8333359030105,0.0,954.3114385107187,16.000000062944352,1048.8069015030806,7.714119067998973e-05,441.9000041607276,-5.0286450832351044e-05,0.0,0.0
129,2023-01-07T08:00:00Z,620.8333359030105,0.0,954.3114385107187,16.000000062944352,3.6444527819071656e-06,499.9999690920643,0.0,0.0,1.8197768287029077e-05,7.565326137845068e-07,2.373208874197571e-05,452.3999634883506,9.455012301850837e-10,0.0,1316.806863713619,0.11287,5.36,0.0,100.00003826411819,0.0,497.1399415619033,16.00000006262804,816.8069172203084,6.444115629224845e-05,452.4000041974181,-4.0709067550272734e-05,0.0,0.0
130,2023-01-07T09:00:00Z,100.00003826411819,0.0,497.1399415619033,16.00000006262804,6.76004074176999e-06,1.3263152416189123e-05,0.0,0.0,38.17536969209241,8.58557818618925e-07,8.10909180392916e-05,94.65429025898263,9.600782562728383e-10,114.155,665.0497818724563,0.10069,5.54,272.29,100.00003093797352,0.0,400.00003268602916,16.000000057969448,589.0701459199948,133.61379477229568,446.10000394036024,-133.61371368137765,0.0,0.0
131,2023-01-07T10:00:00Z,100.00003093797352,0.0,400.00003268602916,16.000000057969448,2.490908744019834e-05,5.512744324453466e-06,0.0,0.0,95.4555993242599,9.686516585102434e-07,2.0006840466118176,9.048636245007134e-05,1.1928677721360777e-09,41.43,1052.1449938719893,0.08832,6.27,110.57,100.00004910825547,0.0,400.0006260828483,16.000000070208984,1106.170613561244,334.09459859387476,420.55000503362544,-332.09391454726295,0.0,0.0
132,2023-01-07T11:00:00Z,100.00004910825547,0.0,400.0006260828483,16.000000070208984,1.8133094343302438e-05,6.090339975447462e-06,0.0,0.0,174.99981356837657,9.74731815906411e-07,572.2293963777115,5.279927213665208e-05,1.3795782436716992e-09,184.53,359.36137274272374,0.0879,7.39,426.35,100.0000601719219,0.0,970.2299665308734,16.00000007097761,349.83119932858654,612.4993484543024,381.3500048758631,-40.269952076590926,0.0,0.0
133,2023-01-07T12:00:00Z,100.0000601719219,0.0,970.2299665308734,16.00000007097761,499.9999874728177,3.1605633643271436e-06,0.0,0.0,174.99999384934046,1.2057646527316154e-06,448.16203289730396,5.80674634866746e-05,1.5700048667920643e-09,95.175,765.9406004835142,0.07429,8.33,230.14,580.0000448535734,0.0,1413.5407915280596,16.000000069973808,1345.7655798508736,612.4999796663986,348.45000483655815,-164.33794676909469,0.0,0.0
134,2023-01-07T13:00:00Z,580.0000448535734,0.0,1413.5407915280596,16.000000069973808,1.0540636504379889e-05,8.170188733725691e-06,0.0,0.0,86.55160152904718,9.523057896257825e-07,0.0007056344188779612,0.00010414868925756008,1.7520450701778952e-09,5.155,1260.1978990599646,0.09,9.09,23.65,580.0000464619711,0.0,1406.473689056149,16.000000068868886,1341.5945039117655,302.93060629444784,321.85000480871827,-302.929900660029,0.0,0.0
135,2023-01-07T14:00:00Z,580.0000464619711,0.0,1406.473689056149,16.000000068868886,1.6635678667643082e-05,6.341138431748358e-06,0.0,0.0,174.99997190505016,9.959039101521742e-07,330.06996189158366,6.415641407554824e-05,1.7555261677788945e-09,14.475,1200.9559593061404,0.0869,9.11,48.4,580.0000558268702,0.0,1729.5112183460378,16.000000070461567,1361.480942501635,612.4999026536204,321.1500049184508,-282.4299407620368,0.0,0.0
136,2023-01-07T15:00:00Z,580.0000558268702,0.0,1729.5112183460378,16.000000070461567,6.9584849903566275e-06,1.3547069745951025e-05,0.0,0.0,0.0020511262538551785,9.123302253831584e-07,6.457057951283121e-05,312.62288926557125,1.6215756440251172e-09,4.244999999999999,1266.1819333785327,0.09431,8.87,21.15,580.0000483954848,0.0,1408.2408375593159,16.000000066191095,1261.9389788285323,0.0071798450954162546,329.5500045400872,-0.007115274515903424,0.0,0.0
137,2023-01-07T16:00:00Z,580.0000483954848,0.0,1408.2408375593159,16.000000066191095,5.272136085574504e-06,3.432478463765074e-05,0.0,0.0,5.888363607082111e-05,8.728936930505465e-07,4.520957959872193e-05,351.9498428173391,1.4589558891923872e-09,0.0,1316.806863713619,0.0983199999999999,8.23,0.0,580.0000177017514,0.0,1049.2498357637596,16.000000065846223,1316.8068944175002,0.00020695689100399392,351.9500045646505,-0.000161747311405272,0.0,0.0
138,2023-01-07T17:00:00Z,580.0000177017514,0.0,1049.2498357637596,16.000000065846223,4.330117043058035e-06,460.79997713249634,0.0,0.0,3.885502388169327e-05,8.490842169085819e-07,3.799909688872691e-05,368.0499056805684,1.3554871633017708e-09,0.0,1316.806863713619,0.10096,7.77,0.0,100.00004567898009,0.0,675.9537189034693,16.00000006546829,856.0069306153476,0.00013683317696066595,368.05000451464844,-9.883408007193904e-05,0.0,0.0
139,2023-01-07T18:00:00Z,100.00004567898009,0.0,675.9537189034693,16.00000006546829,5.410284876683037e-06,3.1247891089312975e-05,0.0,0.0,30.078894886023242,8.97648902514984e-07,6.760625674790724e-05,272.57393893971727,1.2950116584740542e-09,0.0,1316.806863713619,0.096,7.49,0.0,100.00001832296701,0.0,400.00007897549136,16.00000006238258,1346.885733659685,105.27613298975376,377.8500043232143,-105.27606538349701,0.0,0.0
140,2023-01-07T19:00:00Z,100.00001832296701,0.0,400.00007897549136,16.00000006238258,6.265253313010673e-06,1.923653865650399e-05,0.0,0.0,115.62855308859982,9.61007090650882e-07,2.0000228814387113,9.048644291565912e-05,1.262260858771899e-09,0.0,1316.806863713619,0.0891,6.78,0.0,100.00000429954909,0.0,400.0000109756097,16.00000005979454,1432.4354047919403,404.69993676149636,402.70000436650054,-402.69991388005764,0.0,0.0
141,2023-01-07T20:00:00Z,100.00000429954909,0.0,400.0000109756097,16.00000005979454,1.2348317402905214e-05,8.964576669900604e-06,0.0,0.0,116.9285770401392,1.2908467256760517e-06,2.000104709696016,9.048643372242466e-05,1.6839693136972016e-09,0.0,1316.806863713619,0.06298,6.65,0.0,100.0000068158331,0.0,400.0000251439939,16.00000008582436,1433.7354454283457,409.2500209184255,407.2500066951632,-407.2499162087295,0.0,0.0
142,2023-01-07T21:00:00Z,100.0000068158331,0.0,400.0000251439939,16.00000008582436,1.1447117718727938e-05,1.0716620328714432e-05,0.0,0.0,111.22858502033033,1.513590044814745e-06,2.000131702097073,9.048642957441798e-05,2.1279303132016353e-09,0.0,120.0,0.0512,7.22,0.0,100.00000664191994,0.0,400.0000662339414,16.000000105766652,231.22858726441774,389.3000490696103,387.3000078539428,-387.2999173675132,0.0,0.0
143,2023-01-07T22:00:00Z,100.00000664191994,0.0,400.0000662339414,16.000000105766652,1.102165507922907e-05,1.2854813662951258e-05,0.0,0.0,174.99998874318695,1.941263779766411e-06,251.80002312193315,6.894551905105435e-05,2.511435626642135e-09,0.0,120.0,0.03879,7.98,0.0,100.00000383227793,0.0,649.8000200791859,16.000000116806934,294.99998885129213,612.4999625230054,360.7000083465913,-360.69993940107224,0.0,0.0
144,2023-01-07T23:00:00Z,100.00000383227793,0.0,649.8000200791859,16.000000116806934,3.766426440228414e-05,8.1967355966094e-06,0.0,0.0,174.99999749403904,5.487303402230936e-06,279.8000557229187,6.715252056098028e-05,2.8017105498167704e-09,0.0,120.0,0.01155,8.78,0.0,100.00003145170551,0.0,926.351008549188,16.00000011604137,295.0000324488712,612.499996661567,332.70000809116885,-332.6999409386483,0.0,0.0
145,2023-01-08T00:00:00Z,100.00003145170551,0.0,926.351008549188,16.00000011604137,3.3811157797838624e-05,8.602188051211789e-06,0.0,0.0,174.999997682861,6.56350561363732e-06,307.1000557974022,6.54916710452512e-05,3.1538085677857636e-09,0.0,120.0,0.00907,9.56,0.0,100.00005494980445,0.0,1228.8192438121735,16.000000115299866,295.00002945533635,612.499998387884,305.40000808215285,-305.3999425904818,0.0,0.0
146,2023-01-08T01:00:00Z,100.00005494980445,0.0,1228.8192438121735,16.000000115299866,2.108744459416899e-05,1.0358327546801393e-05,0.0,0.0,174.99999770373526,6.601220607123717e-06,331.6000544930785,6.406939443920095e-05,3.5493545901019545e-09,0.0,120.0,0.0091,10.26,0.0,100.00006440382673,0.0,1554.2751380167965,16.000000114663028,295.00001503407293,612.4999984982818,280.90000807459774,-280.8999440052033,0.0,0.0
147,2023-01-08T02:00:00Z,100.00006440382673,0.0,1554.2751380167965,16.000000114663028,333.3332873752103,6.602411872146032e-06,0.0,0.0,174.99999801747427,1.1626617458311277e-05,350.1500595479169,6.303283451304716e-05,3.914424468746838e-09,0.0,120.0,0.00346,10.79,0.0,420.00001340651625,0.0,1896.653758841795,16.00000011402528,628.3332904168902,612.5000045715112,262.35000805642886,-262.34994502359433,0.0,0.0
148,2023-01-08T03:00:00Z,420.00001340651625,0.0,1896.653758841795,16.00000011402528,499.9998622992646,6.141756810325693e-06,0.0,0.0,174.999998063262,1.2925267909477634e-05,359.95006048999704,6.249860215730546e-05,4.12841630500373e-09,0.0,120.0,0.0028,11.07,0.0,899.9998748161469,0.0,2247.120488038981,16.00000011339007,794.9998671460377,612.5000060174323,252.55000802603737,-252.54994552743523,0.0,0.0
149,2023-01-08T04:00:00Z,899.9998748161469,0.0,2247.120488038981,16.00000011339007,9.87651965292516e-05,7.453598269018027e-06,0.0,0.0,174.99999797770892,9.812157246336092e-06,364.50005687976744,6.225362244030386e-05,4.2239822622013736e-09,0.0,120.0,0.00508,11.2,0.0,899.9999618665707,0.0,2600.3848802249313,16.00000011314284,295.00009910146446,612.5000026360168,248.0000080098718,-247.99994575624936,0.0,0.0
150,2023-01-08T05:00:00Z,899.9999618665707,0.0,2600.3848802249313,16.00000011314284,3.439504968880927e-05,8.60041788225196e-06,0.0,0.0,174.99999779589427,6.865821900669356e-06,365.2000533613365,6.221610322595284e-05,4.219710402125413e-09,0.0,1315.6551801150476,0.00902,11.22,0.0,899.9999859270498,0.0,2952.5829469690398,16.000000112131218,1490.6552105713954,612.4999990827937,247.30000793756045,-247.29994572145722,0.0,0.0
151,2023-01-08T06:00:00Z,899.9999859270498,0.0,2952.5829469690398,16.000000112131218,2.2137476232837943e-05,9.423885335816795e-06,0.0,0.0,174.99999731992085,4.328413390672888e-06,364.15004927640746,6.227239946991421e-05,4.169104322062084e-09,0.0,1315.6551801150476,0.01647,11.19,0.0,899.9999973624797,0.0,3301.9700192382024,16.00000011151462,1490.6551944769726,612.4999949048523,248.35000790084433,-248.34994562844486,0.0,0.0
152,2023-01-08T07:00:00Z,899.9999973624797,0.0,3301.9700192382024,16.00000011151462,1.2654375675299237e-05,1.2095283415285811e-05,0.0,0.0,161.82566594919155,1.7204004765087988e-06,314.5398931344349,7.223100036757906e-05,4.5307176086283395e-09,0.0,1315.6551801150476,0.05023,11.09,0.0,899.9999969114268,0.0,3599.999990045446,16.00000017007741,1477.4808483437319,566.389832525367,251.8500116219324,-251.84993939093204,0.0,0.0
153,2023-01-08T08:00:00Z,899.9999969114268,0.0,3599.999990045446,16.00000017007741,9.470109578439361e-06,1.5918458918558553e-05,0.0,0.0,78.5999819372158,1.2934525736440076e-06,18.000042019308413,0.0001091581974445668,3.330106089633656e-09,0.0,1315.6551801150476,0.08302,10.94,0.0,899.999989421004,0.0,3599.999922956329,16.000000096230583,1394.2551568973665,275.09993806077335,257.1000051996624,-257.09989604146494,0.0,0.0
154,2023-01-08T09:00:00Z,899.999989421004,0.0,3599.999922956329,16.000000096230583,8.754078334393452e-06,1.6142374549518634e-05,0.0,0.0,0.00013816665203275833,1.1580761672973143e-06,7.663924082977916e-05,144.97559762230037,2.9881837207951137e-09,55.364999999999995,970.0390937509918,0.0938799999999999,10.84,144.53,899.9999810099457,0.0,3437.024402358488,16.000000082994063,914.6742256874238,0.0004847297775202785,260.60000571283706,-0.00040809053669049934,0.0,0.0
155,2023-01-08T10:00:00Z,899.9999810099457,0.0,3437.024402358488,16.000000082994063,6.451525827984219e-06,3.791839365022839e-05,0.0,0.0,2.5915705935166922e-05,1.0441719837054433e-06,3.4783880747286404e-05,186.40594899979197,2.9413099642684603e-09,33.765,1088.6480876184046,0.10387,10.79,94.93,899.9999477050837,0.0,3233.433366130784,16.00000008272496,1054.8830831114146,9.173870103695262e-05,262.35000595461224,-5.6954820289666213e-05,0.0,0.0
156,2023-01-08T11:00:00Z,899.9999477050837,0.0,3233.433366130784,16.00000008272496,8.625134960557979e-06,1.5116486355023514e-05,0.0,0.0,3.332553211427547e-05,1.0680276571768675e-06,4.043346549210775e-05,243.7139286593442,2.987734076685377e-09,3.54,1270.411588099494,0.10169,10.89,18.92,899.9999402388734,0.0,2973.5523110742515,16.000000082254825,1266.8716160017025,0.00011769670978056925,258.8500059225885,-7.72632442884615e-05,0.0,0.0
157,2023-01-08T12:00:00Z,899.9999402388734,0.0,2973.5523110742515,16.000000082254825,1.3363218370966562e-05,9.243138693481216e-06,0.0,0.0,5.207237729193218e-05,1.1005142514167248e-06,5.238645703616976e-05,219.32587494077458,2.938511309132367e-09,15.76,1191.2353020722758,0.099,10.83,52.03,899.9999434392935,0.0,2739.3587269645627,16.000000081893173,1175.475359365247,0.00018334282963066519,260.9500058971472,-0.00013095637259449543,0.0,0.0
158,2023-01-08T13:00:00Z,899.9999434392935,0.0,2739.3587269645627,16.000000081893173,9.548671832793381e-06,1.3024650245648678e-05,0.0,0.0,2.9676867426802186e-05,1.063475277046555e-06,3.865866996895333e-05,169.1719397218436,2.8965191797289936e-09,44.865,1027.7174996397418,0.10429,10.7,120.41,899.9999390386744,0.0,2556.4900322665662,16.000000082761446,982.8525269041062,0.00010492187651808375,265.50000598505017,-6.626320654913042e-05,0.0,0.0
159,2023-01-08T14:00:00Z,899.9999390386744,0.0,2556.4900322665662,16.000000082761446,1.2634346309585151e-05,9.917580683455393e-06,0.0,0.0,3.492082433308039e-05,1.090573360568399e-06,4.244859009984793e-05,222.2259251674966,2.869341781999642e-09,18.23,1176.8874399108952,0.10333,10.61,58.03,899.9999408368336,0.0,2321.481699386327,16.00000008332846,1158.6574786390586,0.00012330255279274408,268.65000602145926,-8.085396269289615e-05,0.0,0.0
160,2023-01-08T15:00:00Z,899.9999408368336,0.0,2321.481699386327,16.00000008332846,9.401519070501408e-06,1.3847201292999768e-05,0.0,0.0,2.3882179693138698e-05,1.0593800385173798e-06,3.255343194823809e-05,264.2379540153955,2.7858673765743836e-09,2.375,1279.4507412611642,0.10843,10.39,15.14,899.9999354381239,0.0,2045.6363694274316,16.00000008433394,1277.0757617570418,8.463641516411765e-05,276.3500060983787,-5.208298321587956e-05,0.0,0.0
161,2023-01-08T16:00:00Z,899.9999354381239,0.0,2045.6363694274316,16.00000008433394,5.466479776808462e-06,267.99993201705433,0.0,0.0,1.4405382114735188e-05,9.85767692402756e-07,2.1892285977996414e-05,288.94997667066235,2.6448575021365314e-09,0.0,1315.6551801150476,0.1187199999999999,10.03,0.0,620.8333448348462,0.0,1746.458232801918,16.000000085470823,1047.655268955623,5.1394747417051884e-05,288.95000617312377,-2.950246143905547e-05,0.0,0.0
162,2023-01-08T17:00:00Z,620.8333448348462,0.0,1746.458232801918,16.000000085470823,4.590485911788437e-06,499.999969757568,0.0,0.0,1.2891065646917434e-05,9.741949809149497e-07,1.9978822776860773e-05,299.09998014101393,2.549742558985171e-09,0.0,1315.6551801150476,0.12276,9.74,0.0,100.00004741091266,0.0,1438.6259814757173,16.000000086574417,815.6552288132262,4.608318279531682e-05,299.10000624537395,-2.6104360018456046e-05,0.0,0.0
163,2023-01-08T18:00:00Z,100.00004741091266,0.0,1438.6259814757173,16.000000086574417,8.843733584668453e-06,1.830643126782579e-05,0.0,0.0,2.7026835647448426e-05,1.126151670604341e-06,3.5794948647632314e-05,306.449946425915,2.502267864661782e-09,0.0,1315.6551801150476,0.10944,9.53,0.0,100.00003683169766,0.0,1124.9829409373724,16.00000008785935,1315.6551988053372,9.570881491996778e-05,306.4500063397813,-5.991386627233547e-05,0.0,0.0
164,2023-01-08T19:00:00Z,100.00003683169766,0.0,1124.9829409373724,16.00000008785935,1.0493306144355148e-05,1.4993459956424851e-05,0.0,0.0,7.984795801754359e-05,1.215396685383951e-06,6.43514765350988e-05,307.14978985243516,2.4802622759330326e-09,0.0,1315.6551801150476,0.10441,9.51,0.0,100.0000312870841,0.0,812.2083007317269,16.00000008566705,1315.6552566782484,0.0002806710957799327,307.1500061720544,-0.00021631961924483388,0.0,0.0
165,2023-01-08T20:00:00Z,100.0000312870841,0.0,812.2083007317269,16.00000008566705,1.2831356935608475e-05,1.2751827953961891e-05,0.0,0.0,149.18122066307583,1.3133390271261412e-06,207.98436979916653,0.00010278618047635695,2.495085767073639e-09,0.0,1315.6551801150476,0.09865,9.31,0.0,100.00003032203264,0.0,1016.1315262410543,16.000000090524605,1464.8364021709917,522.134273620971,314.150006607985,-314.1499038218045,0.0,0.0
166,2023-01-08T21:00:00Z,100.00003032203264,0.0,1016.1315262410543,16.000000090524605,8.78082800878081e-06,2.6260074727508238e-05,0.0,0.0,164.76487929922726,1.324294185502832e-06,257.2771716080247,9.930411462654066e-05,2.455026644230242e-09,0.0,120.0,0.09938,9.16,0.0,100.00001139738302,0.0,1268.327940913759,16.000000091018915,284.7648631442747,576.6770788583467,319.40000655443663,-319.39990725032203,0.0,0.0
167,2023-01-08T22:00:00Z,100.00001139738302,0.0,1268.327940913759,16.000000091018915,1.7507830340753136e-05,1.1645285325622671e-05,0.0,0.0,174.99999376656416,1.7414692910994513e-06,293.80007052395996,9.70144023637346e-05,2.4246857048330568e-09,0.0,120.0,0.08134,9.18,0.0,100.0000160743946,0.0,1555.7862747187478,16.000000089309154,295.0000013705785,612.4999799070292,318.7000063974716,-318.69990938306927,0.0,0.0
168,2023-01-08T23:00:00Z,100.0000160743946,0.0,1555.7862747187478,16.000000089309154,1.4581035401498524e-05,1.4690302994546384e-05,0.0,0.0,174.9999952608724,1.9490701653041397e-06,299.4000762431892,9.736879821857002e-05,2.4989975359478117e-09,0.0,120.0,0.07513,9.34,0.0,100.00001476978963,0.0,1847.4073222195452,16.00000008955554,294.999997100675,612.4999853426328,313.1000064682419,-313.09990909944366,0.0,0.0
169,2023-01-09T00:00:00Z,100.00001476978963,0.0,1847.4073222195452,16.00000008955554,1.9453836456147e-05,1.2742961877584744e-05,0.0,0.0,174.99999660989906,2.4078531661488758e-06,305.7000817894423,9.778007703456536e-05,2.5890655048005425e-09,0.0,120.0,0.0643799999999999,9.52,0.0,100.000020171554,0.0,2143.870269617813,16.00000008989912,295.00000572862683,612.4999905184213,306.80000650905606,-306.799908728979,0.0,0.0
170,2023-01-09T01:00:00Z,100.000020171554,0.0,2143.870269617813,16.00000008989912,1.4828072890299876e-05,1.7526429616231578e-05,0.0,0.0,174.999996947775,2.6619124242859656e-06,312.3500836020612,9.820119436203558e-05,2.69008648885968e-09,0.0,120.0,0.06028,9.71,0.0,100.00001614980646,0.0,2445.5009036705906,16.00000009027597,294.9999969113307,612.4999919525059,300.150006551639,-300.14990835044466,0.0,0.0
171,2023-01-09T02:00:00Z,100.00001614980646,0.0,2445.5009036705906,16.00000009027597,499.9999628351293,6.4840566568864e-06,0.0,0.0,174.99999793898564,4.861768487702626e-06,321.800089444638,9.84487643054189e-05,2.8401051668173e-09,0.0,120.0,0.0394099999999999,9.98,0.0,579.9999737173049,0.0,2755.0733901481117,16.00000009071623,794.9999591518267,612.4999975996005,290.7000066037269,-290.69990815496254,0.0,0.0
172,2023-01-09T03:00:00Z,579.9999737173049,0.0,2755.0733901481117,16.00000009071623,333.3333622278016,8.197016626424609e-06,0.0,0.0,174.99999780148133,4.365367187080398e-06,334.05008886349117,9.893817072245292e-05,3.0662449686119826e-09,0.0,120.0,0.04312,10.33,0.0,899.9999929174354,0.0,3075.3480131226916,16.000000091600786,628.3333561976335,612.4999966268981,278.45000670157765,-278.44990776340694,0.0,0.0
173,2023-01-09T04:00:00Z,899.9999929174354,0.0,3075.3480131226916,16.000000091600786,1.8712661077564008e-05,1.387313119731206e-05,0.0,0.0,174.9999962244702,2.3604417503288465e-06,343.8500820109786,9.967802109162914e-05,3.2769624383241477e-09,0.0,120.0,0.0690699999999999,10.61,0.0,899.9999964304117,0.0,3403.8212553900357,16.00000009251301,295.0000034244418,612.4999891224832,268.65000678952566,-268.64990711150455,0.0,0.0
174,2023-01-09T05:00:00Z,899.9999964304117,0.0,3403.8212553900357,16.00000009251301,1.4746195716183932e-05,1.2870033009734803e-05,0.0,0.0,136.87080783513943,1.375162871938126e-06,213.19793523665146,0.00011390850904318835,3.3546446538025457e-09,0.0,1314.32723256551,0.1071299999999999,10.69,0.0,899.9999971804751,0.0,3599.9999704412285,16.00000010425633,1451.198043651975,479.04782878439926,265.85000745625683,-265.8498935477478,0.0,0.0
175,2023-01-09T06:00:00Z,899.9999971804751,0.0,3599.9999704412285,16.00000010425633,8.303100643492211e-06,1.9628142296251234e-05,0.0,0.0,1.2586089488338658e-05,9.229876301101265e-07,2.007633215902015e-05,266.5499803882765,2.8813386228302435e-09,0.0,1314.32723256551,0.16,10.67,0.0,899.9999847054702,0.0,3315.450010277078,16.000000078403254,1314.3272347495456,4.4965070962994325e-05,266.55000527701526,-2.4888738803974175e-05,0.0,0.0
176,2023-01-09T07:00:00Z,899.9999847054702,0.0,3315.450010277078,16.000000078403254,4.847699969418217e-06,499.99994881663116,0.0,0.0,7.97622572162854e-06,8.075063738688978e-07,1.3328229534412614e-05,241.3499904154363,3.3482253266704543e-09,0.0,1314.32723256551,0.18,11.39,0.0,379.16670934193803,0.0,3057.522783138486,16.000000077906247,814.3272973803112,2.87162213358301e-05,241.3500058034281,-1.5387991801417487e-05,0.0,0.0
177,2023-01-09T08:00:00Z,379.16670934193803,0.0,3057.522783138486,16.000000077906247,5.546392815967794e-06,268.0000068903288,0.0,0.0,8.670550761229151e-06,8.343483256644051e-07,1.4410772907446694e-05,236.09998910609193,3.4948438522199318e-09,0.0,1314.32723256551,0.1771599999999999,11.54,0.0,100.00004082238263,0.0,2806.1351945274746,16.000000078338463,1046.3272407264735,3.117293250670979e-05,236.10000586825151,-1.6762159599263093e-05,0.0,0.0
178,2023-01-09T09:00:00Z,100.00004082238263,0.0,2806.1351945274746,16.000000078338463,1.3693631105945684e-05,1.0281844888244064e-05,0.0,0.0,1.4396293997296721e-05,9.565879384907043e-07,2.31640118515015e-05,72.55797775257096,3.6387461774796667e-09,79.25,839.6060441653711,0.15913,11.67,198.74,100.00004325801339,0.0,2719.5465639662784,16.000000078868787,760.3560629300392,5.133405104964432e-05,231.55000592261015,-2.8170039198142822e-05,0.0,0.0
179,2023-01-09T10:00:00Z,100.00004325801339,0.0,2719.5465639662784,16.000000078868787,9.381345263042429e-06,1.6346610842918333e-05,0.0,0.0,1.3896517256524146e-05,9.474901688108602e-07,2.2101753045951816e-05,209.9879784196124,3.882104019760959e-09,2.355,1278.1630039634265,0.16078,11.94,15.14,100.00003523638522,0.0,2495.9608748285877,16.00000007852865,1275.8080118421683,4.957582566495727e-05,222.10000589368502,-2.7474072619005452e-05,0.0,0.0
180,2023-01-09T11:00:00Z,100.00003523638522,0.0,2495.9608748285877,16.00000007852865,333.3331897464182,5.78356300670339e-06,0.0,0.0,4.11562118916357e-05,1.0907849639210725e-06,5.21504207416961e-05,194.77991286026204,4.103326751089661e-09,5.07,1257.8355544651613,0.141,12.18,23.65,419.99989136840185,0.0,2288.7012097446036,16.00000007768714,1586.0987806750134,0.0001451266187350068,213.70000583646004,-9.297619799331071e-05,0.0,0.0
181,2023-01-09T12:00:00Z,419.99989136840185,0.0,2288.7012097446036,16.00000007768714,0.00013926850968913813,6.2211034186777745e-06,0.0,0.0,4.0124785359264455e-05,1.0827264917589003e-06,5.169433165324628e-05,169.73191600875487,4.372537790170548e-09,12.685,1208.1276550457849,0.14207,12.42,44.46,420.00001858585506,0.0,2107.525839381457,16.000000077208647,1195.442829300703,0.00014150864798426693,205.30000582307122,-8.981431633102064e-05,0.0,0.0
182,2023-01-09T13:00:00Z,420.00001858585506,0.0,2107.525839381457,16.000000077208647,499.9999267261767,5.2770111081488335e-06,0.0,0.0,6.41840096910928e-05,1.1098580682463507e-06,6.834955674516223e-05,181.37384839402606,4.3109391589111706e-09,7.715,1239.7534401641194,0.13897,12.39,31.22,899.999942746098,0.0,1915.6144301400805,16.000000076715427,1732.0384269071528,0.0002257427934063887,206.35000578726272,-0.00015739323666122648,0.0,0.0
183,2023-01-09T14:00:00Z,899.999942746098,0.0,1915.6144301400805,16.000000076715427,1.9184171824073878e-05,8.663215242691739e-06,0.0,0.0,2.3503207273114903e-05,1.0144391373074092e-06,3.4748157914404284e-05,155.53995725574578,4.234762578637534e-09,21.235,1157.392634206402,0.15123,12.34,65.7,899.9999521387205,0.0,1750.4964354817923,16.000000076504474,1136.157669245005,8.326552020183649e-05,208.10000577310805,-4.851736228743221e-05,0.0,0.0
184,2023-01-09T15:00:00Z,899.9999521387205,0.0,1750.4964354817923,16.000000076504474,9.439999255734974e-06,1.5685442190852754e-05,0.0,0.0,1.5146327006900437e-05,9.384724993844511e-07,2.381691112305481e-05,206.4159755884432,4.133844786973161e-09,0.0,1303.0288969454405,0.16204,12.28,4.73,899.9999448621174,0.0,1535.3280015328514,16.000000075779585,1303.0289067847973,5.3941232298542135e-05,210.20000571276435,-3.0124321175487323e-05,0.0,0.0
185,2023-01-09T16:00:00Z,899.9999448621174,0.0,1535.3280015328514,16.000000075779585,5.621649184654281e-06,267.9998900042277,0.0,0.0,1.0727565204203433e-05,8.587146328764165e-07,1.7510233272834643e-05,217.19998474147536,3.863233343364439e-09,0.0,1314.32723256551,0.17427,12.08,0.0,620.8333981711635,0.0,1310.451394293945,16.000000074826524,1046.3273597692114,3.8396605701259666e-05,217.2000056278478,-2.0886372428425023e-05,0.0,0.0
186,2023-01-09T17:00:00Z,620.8333981711635,0.0,1310.451394293945,16.000000074826524,4.174335691961521e-06,499.9999815696357,0.0,0.0,9.024858844202985e-06,8.093277647172956e-07,1.4937479436021761e-05,229.44998808074857,3.478439715279528e-09,0.0,1314.32723256551,0.18218,11.73,0.0,100.00008804348852,0.0,1074.449164179206,16.000000073787604,814.3272650043967,3.238824044178057e-05,229.45000553150956,-1.7450761005758807e-05,0.0,0.0
187,2023-01-09T18:00:00Z,100.00008804348852,0.0,1074.449164179206,16.000000073787604,6.230620212914175e-06,6.478604814022996e-05,0.0,0.0,1.2249984673843018e-05,8.636168252356658e-07,1.9635948454808924e-05,235.74998135807778,3.2706620113301466e-09,0.0,1314.32723256551,0.17024,11.55,0.0,100.0000265394171,0.0,833.3269566361807,16.000000073046127,1314.3271871236834,4.372992701543387e-05,235.75000545205634,-2.4093978560624948e-05,0.0,0.0
188,2023-01-09T19:00:00Z,100.0000265394171,0.0,833.3269566361807,16.000000073046127,7.702202803490488e-06,2.270684299373928e-05,0.0,0.0,1.7477378324382915e-05,9.10712470084893e-07,2.6677388928907294e-05,228.39996992714705,3.382789776663175e-09,0.0,1314.32723256551,0.1605099999999999,11.76,0.0,100.00001028057035,0.0,600.7603786032417,16.000000071200766,1314.3272359489606,6.207242948072424e-05,228.4000053221876,-3.5395040551816946e-05,0.0,0.0
189,2023-01-09T20:00:00Z,100.00001028057035,0.0,600.7603786032417,16.000000071200766,1.429440870184609e-05,1.0243434447559592e-05,0.0,0.0,9.055298272255005,1.05737576843084e-06,0.0001136074798739892,197.75657370930767,3.298620864716181e-09,0.0,1314.32723256551,0.13893,11.73,0.0,100.00001333295849,0.0,400.0001166083978,16.00000006748387,1323.382535946115,31.69354499969453,229.45000510152232,-31.693431392214656,0.0,0.0
190,2023-01-09T21:00:00Z,100.00001333295849,0.0,400.0001166083978,16.00000006748387,1.0669095447238943e-05,1.4381772658333729e-05,0.0,0.0,68.1285805510359,1.096433332853709e-06,2.000167295230552,0.0001397973057125067,3.249503743351616e-09,0.0,120.0,0.132,11.53,0.0,100.00000859427693,0.0,400.0001435232806,16.000000071946758,188.128577934792,238.45003301409463,236.4500055161698,-236.4498657188641,0.0,0.0
191,2023-01-09T22:00:00Z,100.00000859427693,0.0,400.0001435232806,16.000000071946758,3.025551774489218e-05,8.084462764170585e-06,0.0,0.0,174.99999348614145,1.3913872904551997e-06,354.70006862271373,9.552916275550542e-05,2.8332118295694017e-09,0.0,120.0,0.10831,10.92,0.0,100.00002921825859,0.0,752.7001158992152,16.00000007353609,295.00001704858374,612.4999785789685,257.8000054854175,-257.79990995625474,0.0,0.0
192,2023-01-09T23:00:00Z,100.00002921825859,0.0,752.7001158992152,16.00000007353609,1.9806010969985784e-05,9.404948499225247e-06,0.0,0.0,174.9999944408152,1.4035343856238996e-06,328.1000724875534,9.578020446625691e-05,2.36377689624192e-09,0.0,120.0,0.10601,10.16,0.0,100.00003843520776,0.0,1077.036592027068,16.000000071572185,295.000006245412,612.4999819323522,284.4000052250032,-284.39990944479877,0.0,0.0
193,2023-01-10T00:00:00Z,100.00003843520776,0.0,1077.036592027068,16.000000071572185,0.0001566469152360235,6.6632206825825734e-06,0.0,0.0,174.99999610832165,1.5860169687637796e-06,309.55007972175565,9.694006882408904e-05,2.1233212208495332e-09,0.0,120.0,0.09672,9.63,0.0,100.0001818753915,0.0,1381.2013918486198,16.000000070810238,295.00014767803316,612.4999879492825,302.9500051675957,-302.94990822752686,0.0,0.0
194,2023-01-10T01:00:00Z,100.0001818753915,0.0,1381.2013918486198,16.000000070810238,333.3325917633667,6.196291604194934e-06,0.0,0.0,174.9999963623642,1.627099555874293e-06,289.25008251528476,9.875044060245063e-05,1.9142621567095376e-09,0.0,120.0,0.09515,9.05,0.0,419.9994635137531,0.0,1663.5453686542207,16.000000070363846,628.3325835565388,612.4999888791033,323.2500051142591,-323.2499063638185,0.0,0.0
195,2023-01-10T02:00:00Z,419.9994635137531,0.0,1663.5453686542207,16.000000070363846,499.99997217093306,4.965467879641122e-06,0.0,0.0,174.99999685217037,1.7537952302459565e-06,267.2000864655488,0.00010079491375723041,1.7243507212542263e-09,0.0,120.0,0.09033,8.42,0.0,899.9994316254864,0.0,1922.4276274815845,16.000000069851037,794.9999658114308,612.4999907188536,345.30000504821857,-345.2999042533048,0.0,0.0
196,2023-01-10T03:00:00Z,899.9994316254864,0.0,1922.4276274815845,16.000000069851037,0.0005807140190615548,6.468466717067648e-06,0.0,0.0,174.9999964732912,1.6269064439479982e-06,248.6500868656154,0.0001025814584386812,1.5859955089363044e-09,0.0,120.0,0.09561,7.89,0.0,899.9999823729586,0.0,2161.4654736283333,16.000000069237217,295.00057234574996,612.4999892671565,363.8500049829995,-363.84990240154104,0.0,0.0
197,2023-01-10T04:00:00Z,899.9999823729586,0.0,2161.4654736283333,16.000000069237217,2.238391467050368e-05,8.682929859165384e-06,0.0,0.0,174.99999477024303,1.370903704075478e-06,233.60008212420564,0.00010407803873715696,1.4847371536651938e-09,0.0,120.0,0.1085999999999999,7.46,0.0,899.9999948167981,0.0,2384.2581243063582,16.000000070090557,295.0000098421316,612.4999830530453,378.9000050068784,-378.89990092883966,0.0,0.0
198,2023-01-10T05:00:00Z,899.9999948167981,0.0,2384.2581243063582,16.000000070090557,1.1335659211932556e-05,1.1542551527719024e-05,0.0,0.0,109.5567738044027,1.0016388451729242e-06,0.00014839037917781003,0.0014438195614695035,1.417016356884569e-09,0.0,1312.8234140260506,0.13813,7.33,0.0,899.9999936755397,0.0,2372.3355382556447,16.000000066973033,1422.3801886251997,383.4487093070319,383.45000473621417,-383.4485609166527,0.0,0.0
199,2023-01-10T06:00:00Z,899.9999936755397,0.0,2372.3355382556447,16.000000066973033,1.3437138148997181e-05,8.830731759605935e-06,0.0,0.0,2.127257472013017e-05,8.738348536591476e-07,3.001970078663556e-05,387.2999594387645,1.3847158859323996e-09,0.0,1312.8234140260506,0.156,7.22,0.0,899.9999973765134,0.0,1973.1739311453027,16.000000066302366,1312.8234407788666,7.531910802557814e-05,387.30000473817176,-4.5299407238942575e-05,0.0,0.0
200,2023-01-10T07:00:00Z,899.9999973765134,0.0,1973.1739311453027,16.000000066302366,4.465049998553315e-06,268.0000694592436,0.0,0.0,4.744456052659446e-06,5.835735750189422e-07,8.076270141798234e-06,388.3499956061437,1.3710899202718005e-09,0.0,1312.8234140260506,0.22,7.19,0.0,620.833262642916,0.0,1574.9580739597027,16.000000065886205,1044.8233543598867,1.7183334023576815e-05,388.35000471320757,-9.107063881778581e-06,0.0,0.0
201,2023-01-10T08:00:00Z,620.833262642916,0.0,1574.9580739597027,16.000000065886205,4.10957087902149e-06,499.99993274308184,0.0,0.0,4.676521542401091e-06,5.774389544148064e-07,7.966608681479403e-06,386.24999571035494,1.3741310206184373e-09,0.0,1312.8234140260506,0.222,7.25,0.0,100.00000331406045,0.0,1180.8332958461579,16.000000065393483,812.8234906465,1.6939489963274476e-05,386.2500046832362,-8.972881281795073e-06,0.0,0.0
202,2023-01-10T09:00:00Z,100.00000331406045,0.0,1180.8332958461579,16.000000065393483,1.1325250084262475e-05,6.028858059811251e-06,0.0,0.0,1.2925353114957048e-05,5.984169905982643e-07,1.9850342953041072e-05,136.85797720074953,1.0429665611782364e-09,123.345,610.8706913400001,0.16352,7.65,294.24,100.00000790624006,0.0,1038.0711720165207,16.00000005018839,487.5257101601622,4.583116872304195e-05,372.25000318157527,-2.5980825770000876e-05,0.0,0.0
203,2023-01-10T10:00:00Z,100.00000790624006,0.0,1038.0711720165207,16.00000005018839,1.968443507435811e-05,5.156997452869404e-06,0.0,0.0,4.8717533793660947e-05,6.770256364329633e-07,4.828350479744934e-05,227.69388054059885,1.097911326821678e-09,65.22999999999999,921.4103389475423,0.1475999999999999,8.03,164.07,100.00002143142538,0.0,805.1869838993439,16.000000048971437,856.1804028695393,0.00017118162365788194,358.9500034387177,-0.0001228981188604326,0.0,0.0
204,2023-01-10T11:00:00Z,100.00002143142538,0.0,805.1869838993439,16.000000048971437,3.0154928726241653e-05,4.80083011296815e-06,0.0,0.0,38.02231439823971,7.127542604831758e-07,0.00026527857625034505,0.0001677257320092145,1.1580035873785147e-09,113.43499999999999,668.4840622374585,0.14125,8.31,270.09,100.00004537929226,0.0,801.1611465326913,16.00000004989582,593.0714027025512,133.0781010994657,349.15000354662146,-133.07783582088945,0.0,0.0
205,2023-01-10T12:00:00Z,100.00004537929226,0.0,801.1611465326913,16.00000004989582,1.7040708209590987e-05,5.557122633861334e-06,0.0,0.0,44.57149747515944,7.105287699487758e-07,0.00037923199781526016,0.00014091781794014886,1.1635610100316506e-09,99.385,742.0574104145854,0.14168,8.36,239.25,100.00005594970273,0.0,797.1555791142077,16.00000005039779,687.2439200838592,156.00024186648153,347.40000355230165,-155.99986263448372,0.0,0.0
206,2023-01-10T13:00:00Z,100.00005594970273,0.0,797.1555791142077,16.00000005039779,8.835552171701763e-06,8.126367379415727e-06,0.0,0.0,0.0006248558191553321,6.913716872944485e-07,9.275671626764176e-05,45.965908476202095,1.1426533167880013e-09,160.84,418.1104276333905,0.1454099999999999,8.4,375.04,100.0000559668668,0.0,747.2039854991509,16.00000004858087,257.27105388976616,0.002187679825014084,346.0000033993109,-0.0020949231087464422,0.0,0.0
207,2023-01-10T14:00:00Z,100.0000559668668,0.0,747.2039854991509,16.00000004858087,7.358797668386723e-06,1.0108395533553566e-05,0.0,0.0,9.136545181902154,6.891789963035919e-07,7.963603431798584e-05,230.72817417712437,1.0950556694092775e-09,42.705,1040.4302591990618,0.14592,8.17,114.18,100.00005250173389,0.0,512.7398710305652,16.00000004759306,1006.8618023205449,31.977908818944748,354.0500033600348,-31.97782918291043,0.0,0.0
208,2023-01-10T15:00:00Z,100.00005250173389,0.0,512.7398710305652,16.00000004759306,1.0361698938675253e-05,7.314069412796437e-06,0.0,0.0,174.9999674597539,7.253161919495433e-07,288.4659586919281,7.540128917048358e-05,1.049834855470785e-09,16.875,1181.565125546624,0.14011,7.77,55.02,100.00005483014256,0.0,798.6420549660512,16.00000005015027,1339.6900967793235,612.4998868272016,368.0500035365627,-324.0339281352735,0.0,0.0
209,2023-01-10T16:00:00Z,100.00005483014256,0.0,798.6420549660512,16.00000005015027,5.180446996383971e-06,2.4984294685396006e-05,0.0,0.0,0.0007586119416086954,6.793107549815283e-07,6.689658271948736e-05,394.6474142999904,9.099328590249075e-10,0.0,1312.8234140260506,0.1479,7.01,0.0,100.0000337780647,0.0,400.0014972878132,16.000000047041052,1312.8241535134553,0.0026558143132778653,394.65000321772095,-0.0025889177305583777,0.0,0.0
210,2023-01-10T17:00:00Z,100.0000337780647,0.0,400.0014972878132,16.000000047041052,5.25241103856408e-06,2.4906043684321987e-05,0.0,0.0,122.42815286951861,6.950163002641462e-07,1.998634949129964,0.00010241068126077695,8.212008493994804e-10,0.0,1312.8234140260506,0.14474,6.1,0.0,100.0000128765838,0.0,400.0000223398228,16.000000045617494,1435.2515479369529,428.49853573138125,426.5000031929326,-426.4999007822513,0.0,0.0
211,2023-01-10T18:00:00Z,100.0000128765838,0.0,400.0000223398228,16.000000045617494,8.394518935334255e-06,9.778698513634262e-06,0.0,0.0,128.72857845213986,7.747764271605951e-07,2.0001239725040407,0.00010241048833551023,8.521786733221217e-10,0.0,1312.8234140260506,0.1301,5.47,0.0,100.00001074917769,0.0,400.00004379013933,16.00000005271365,1441.5519918687874,450.5500253495182,448.55000378750253,-448.5499013770142,0.0,0.0
212,2023-01-10T19:00:00Z,100.00001074917769,0.0,400.00004379013933,16.00000005271365,7.528401741477965e-06,1.2097006322657266e-05,0.0,0.0,131.22856429442166,8.20386344383363e-07,2.0000745429047644,0.00010241049529184416,8.797171897322779e-10,0.0,1312.8234140260506,0.12281,5.22,0.0,100.0000053753951,0.0,400.00001570359814,16.000000052151275,1444.051974572254,459.2999758426583,457.3000037102488,-457.2999012997535,0.0,0.0
213,2023-01-10T20:00:00Z,100.0000053753951,0.0,400.00001570359814,16.000000052151275,1.0074407579525548e-05,9.883296704598445e-06,0.0,0.0,137.52857276553343,9.802822427923916e-07,2.000103395288554,0.00010241049258335349,9.932113537276172e-10,0.0,1312.8234140260506,0.1019,4.59,0.0,100.00000475172564,0.0,400.0000166098761,16.000000062418398,1450.351987962977,481.3500056498464,479.35000466505045,-479.3499022545579,0.0,0.0
214,2023-01-10T21:00:00Z,100.00000475172564,0.0,400.0000166098761,16.000000062418398,1.023552136379703e-05,1.162326850025107e-05,0.0,0.0,143.52857286741332,1.1904938844409407e-06,2.000102919547352,0.00010241049356736073,1.1507688743982933e-09,0.0,120.0,0.082,3.99,0.0,100.0000024702548,0.0,400.00001703588055,16.000000075971073,263.5285726701601,502.35000621453554,500.35000570548175,-500.34990329498817,0.0,0.0
215,2023-01-10T22:00:00Z,100.0000024702548,0.0,400.00001703588055,16.000000075971073,1.3794824155172087e-05,1.2436658768186896e-05,0.0,0.0,174.99999477540157,2.230273876282081e-06,131.4000641345618,8.815028994907312e-05,1.5454606615282373e-09,0.0,120.0,0.04296,4.54,0.0,100.00000275843311,0.0,529.399992934973,16.00000010707116,294.99999836384086,612.4999839218767,481.10000793760486,-481.0999197873149,0.0,0.0
216,2023-01-10T23:00:00Z,100.00000275843311,0.0,529.399992934973,16.00000010707116,4.419295496898236e-05,9.709782116037656e-06,0.0,0.0,174.99999826822267,1.9911655290143118e-05,145.75009324455445,8.680972929600086e-05,1.602583937321013e-09,0.0,120.0,0.005,4.95,0.0,100.00003506931351,0.0,672.5029994051234,16.000000105768923,295.00005266305084,612.500013651318,466.7500072164928,-466.7499204067635,0.0,0.0
217,2023-01-11T00:00:00Z,100.00003506931351,0.0,672.5029994051234,16.000000105768923,0.0008827677524023499,8.153461503606723e-06,0.0,0.0,174.99999842090716,281.869175606656,433.5505376307939,6.650940925534161e-05,1.6358029020590353e-09,0.0,120.0,0.0,5.2,0.0,100.00087403316675,0.0,1102.6909555294826,16.000000105180266,576.870048641854,891.5504783237645,458.0000072023799,-457.99994069297065,0.0,0.0
218,2023-01-11T01:00:00Z,100.00087403316675,0.0,1102.6909555294826,16.000000105180266,499.9989673700681,7.420249666978712e-06,0.0,0.0,174.99999844076254,599.9997769800271,755.1498193013663,5.271409421397824e-05,1.6597399822497687e-09,0.0,120.0,-0.00033,5.39,0.0,579.9998749790053,0.0,1852.3272673391073,16.000000104505865,1394.998735370608,1206.4997737528956,451.3500071656236,-451.34995445152936,0.0,0.0
219,2023-01-11T02:00:00Z,579.9998749790053,0.0,1852.3272673391073,16.000000104505865,333.33254333520324,7.667958985122889e-06,0.0,0.0,174.99999844943193,599.9997885408551,754.0998308597132,5.274984569104252e-05,1.6447799064902073e-09,0.0,120.0,-0.00023,5.36,0.0,899.9991085933432,0.0,2597.1654091122796,16.00000010380366,1228.3323226575312,1206.4997852284582,452.40000711859074,-452.39995436874506,0.0,0.0
220,2023-01-11T03:00:00Z,899.9991085933432,0.0,2597.1654091122796,16.00000010380366,0.0008653483171392056,8.155060051737103e-06,0.0,0.0,174.99999845502145,599.999732600591,745.3497758362058,5.3049667120214004e-05,1.5918551030802328e-09,0.0,120.0,0.0,5.11,0.0,899.9999308328734,0.0,3329.5293048532567,16.000000103453203,895.0005882488695,1206.49972986716,461.15000708062144,-461.1499540309543,0.0,0.0
221,2023-01-11T04:00:00Z,899.9999308328734,0.0,3329.5293048532567,16.000000103453203,7.98426949901902e-05,8.917664228548313e-06,0.0,0.0,174.99999840090175,4.941210599732802e-05,153.45012239153618,8.610703887077846e-05,1.5926742412905257e-09,0.0,120.0,0.00259,5.17,0.0,899.9999981926269,0.0,3466.331694613488,16.00000010284513,295.0001187380385,612.500043321141,459.0500070366437,-459.0499209296048,0.0,0.0
222,2023-01-11T05:00:00Z,899.9999981926269,0.0,3466.331694613488,16.00000010284513,1.2215444860064294e-05,1.2145030378250149e-05,0.0,0.0,174.999987947444,1.666006192410331e-06,151.00003754852648,8.632939473419937e-05,1.569733098891159e-09,0.0,1311.1441695007693,0.05731,5.1,0.0,899.9999972683806,0.0,3599.999987359552,16.00000012477953,1486.1441591846342,612.4999594654001,461.50000824626835,-461.49992191687363,0.0,0.0
223,2023-01-11T06:00:00Z,899.9999972683806,0.0,3599.999987359552,16.00000012477953,1.139147448982283e-05,9.567795358889979e-06,0.0,0.0,138.69999944831955,1.0853211779542248e-06,18.000094656727125,0.0001003988446110415,1.1504657519103587e-09,0.0,1311.1441695007693,0.09111,4.93,0.0,899.9999982377427,0.0,3599.9999816806367,16.00000008844441,1449.8441718580893,485.44999914358635,467.45000488570383,-467.4499044868592,0.0,0.0
224,2023-01-11T07:00:00Z,899.9999982377427,0.0,3599.9999816806367,16.00000008844441,3.0161005760874792e-06,499.9999872341426,0.0,0.0,5.745447732414716e-06,5.83340077899538e-07,9.393836562181801e-06,490.54999235104117,8.54570187233948e-10,0.0,1311.1441695007693,0.16358,4.27,0.0,379.16668109763395,0.0,3091.4499988150287,16.000000062356097,811.1441916115151,2.0686573740572048e-05,490.5500036437783,-1.1292737178390247e-05,0.0,0.0
225,2023-01-11T08:00:00Z,379.16668109763395,0.0,3091.4499988150287,16.000000062356097,3.928360355737378e-06,268.0000055548568,0.0,0.0,6.627185531401492e-06,5.868309773753876e-07,1.0622863448272489e-05,490.1999907486396,8.035041444169565e-10,0.0,1311.1441695007693,0.1556,4.28,0.0,100.00001241588404,0.0,2585.7927686951775,16.00000005941898,1043.1441750882896,2.3776112027506857e-05,490.2000039018882,-1.3153248579234368e-05,0.0,0.0
226,2023-01-11T09:00:00Z,100.00001241588404,0.0,2585.7927686951775,16.00000005941898,1.3266452278146434e-05,6.169681146341632e-06,0.0,0.0,1.5790621754697935e-05,7.173541126418727e-07,2.2023582902659032e-05,431.893970024409,8.289635425876001e-10,20.07999999999995,1165.6578206379454,0.13178,4.55,61.07,100.00001872492703,0.0,2140.9698568508757,16.00000005942242,1145.5778442426924,5.5977356712958226e-05,480.7500039781828,-3.3953773810299195e-05,0.0,0.0
227,2023-01-11T10:00:00Z,100.00001872492703,0.0,2140.9698568508757,16.00000005942242,8.696480951169257e-06,8.50484743238879e-06,0.0,0.0,1.800684422337943e-05,7.255072769446961e-07,2.56542306946394e-05,184.48796588838385,8.840524793875637e-10,148.82999999999998,492.4946046862807,0.1306,5.16,343.64,100.00001821433267,0.0,1945.777067332468,16.000000059063307,343.6646236102658,6.374220698600325e-05,459.40000397636015,-3.808797629136385e-05,0.0,0.0
228,2023-01-11T11:00:00Z,100.00001821433267,0.0,1945.777067332468,16.000000059063307,2.7401436995310205e-05,5.180579655888043e-06,0.0,0.0,0.000188923872655515,8.157176069458902e-07,6.922004676503931e-05,207.83741110400572,9.480824920034708e-10,122.64499999999995,627.6894679246179,0.11782,5.79,286.89,100.00003912327504,0.0,1728.2108401118467,16.000000057664028,505.0446798850656,0.0006620411147251789,437.3500039250737,-0.0005928210679601396,0.0,0.0
229,2023-01-11T12:00:00Z,100.00003912327504,0.0,1728.2108401118467,16.000000057664028,499.999921827584,3.946416946150751e-06,0.0,0.0,174.9999706627204,8.791656833230135e-07,410.6879592476444,6.525336153766272e-05,1.0525775519522188e-09,113.145,675.4067033548187,0.11054,6.42,266.86,579.9999599669046,0.0,2130.25767990557,16.000000060541037,1237.261592777872,612.4998981898954,415.3000041956125,-201.81193894225095,0.0,0.0
230,2023-01-11T13:00:00Z,579.9999599669046,0.0,2130.25767990557,16.000000060541037,2.5056066189661813e-05,5.338794494690886e-06,0.0,0.0,78.46119066885998,8.314100285191779e-07,0.0003095052481395804,0.00014543283043983815,1.0990433876338705e-09,62.035,939.102199598899,0.11574,6.87,156.17,579.9999784594838,0.0,2119.60655557846,16.000000059930265,955.5284108164408,274.6141681641059,399.55000409168815,-274.61385865885774,0.0,0.0
231,2023-01-11T14:00:00Z,579.9999784594838,0.0,2119.60655557846,16.000000059930265,1.3977108576651601e-05,6.461399404803455e-06,0.0,0.0,70.02047412102718,8.103282984841834e-07,8.586886021911847e-05,120.70042957798918,1.104165534319399e-09,8.28999999999995,1234.5297765184798,0.11883,7.1,32.16,579.9999851468837,0.0,1988.3081790914387,16.000000057637283,1296.2602589655446,245.07166022582012,391.5000039349491,-245.0715743569599,0.0,0.0
232,2023-01-11T15:00:00Z,579.9999851468837,0.0,1988.3081790914387,16.000000057637283,1.0876055581560171e-05,7.460006890317299e-06,0.0,0.0,0.0001653660747826545,7.957534625535697e-07,5.926506914004462e-05,380.30548365865076,1.1268705026146685e-09,0.015,1297.6127717352406,0.12081,7.29,5.68,579.9999878170565,0.0,1598.0612138024,16.00000005732073,1297.5979413131174,0.0005795690576672187,384.8500039626393,-0.0005203039885271741,0.0,0.0
233,2023-01-11T16:00:00Z,579.9999878170565,0.0,1598.0612138024,16.00000005732073,4.380736266190846e-06,0.0012555292860539297,0.0,0.0,1.8968224419759762e-05,7.08739032696009e-07,2.541083039185159e-05,392.89996224699075,1.0848212024852755e-09,0.0,1311.1441695007693,0.13379,7.06,0.0,579.998684179557,0.0,1197.1709708972278,16.000000056975267,1311.142938029183,6.709043711152822e-05,392.9000039265975,-4.167960671967663e-05,0.0,0.0
234,2023-01-11T17:00:00Z,579.998684179557,0.0,1197.1709708972278,16.000000056975267,4.1844010820195525e-06,460.79868564357207,0.0,0.0,1.9824808176014323e-05,7.087849534470266e-07,2.621160801018353e-05,394.2999600239721,1.072310701732231e-09,0.0,1311.1441695007693,0.13387,7.02,0.0,100.00005731786115,0.0,796.8851822303775,16.000000056632913,850.3455085751914,7.008852571996268e-05,394.3000039008898,-4.3876917709779146e-05,0.0,0.0
235,2023-01-11T18:00:00Z,100.00005731786115,0.0,796.8851822303775,16.000000056632913,4.8915707602993056e-06,4.537285726735843e-05,0.0,0.0,2.985183129829633e-05,7.342352231061733e-07,3.4136235471326045e-05,392.8999327567453,1.0716650999677738e-09,0.0,1311.1441695007693,0.1299,7.06,0.0,100.0000147503761,0.0,400.00085769871583,16.000000055388547,1311.1441596055492,0.00010520830241491227,392.9000038288122,-7.107206694358623e-05,0.0,0.0
236,2023-01-11T19:00:00Z,100.0000147503761,0.0,400.00085769871583,16.000000055388547,6.6020243416115355e-06,1.4752830470706582e-05,0.0,0.0,114.02833221225993,8.123364216168908e-07,1.9992584876553536,9.861243721432748e-05,1.0830281986086377e-09,0.0,1311.1441695007693,0.11853,6.94,0.0,100.00000572078771,0.0,400.0000132854404,16.00000005128452,1425.1724943745594,399.0991635471228,397.1000036719047,-397.09990505946746,0.0,0.0
237,2023-01-11T20:00:00Z,100.00000572078771,0.0,400.0000132854404,16.00000005128452,1.404806029906538e-05,7.471704446985522e-06,0.0,0.0,115.12859743847383,1.0022805631864997e-06,2.000185339608681,9.861232098669581e-05,1.3270032174916736e-09,0.0,1311.1441695007693,0.09487,6.83,0.0,100.00001142390013,0.0,400.00009994630085,16.000000070465646,1426.2727745178797,402.95009202691614,400.95000529962846,-400.9499066873075,0.0,0.0
238,2023-01-11T21:00:00Z,100.00001142390013,0.0,400.00009994630085,16.000000070465646,7.935005813282779e-06,1.3929821893028214e-05,0.0,0.0,114.92855442403554,1.0302427948470468e-06,2.000035146165908,9.861233981652671e-05,1.36881053612062e-09,0.0,120.0,0.09203,6.85,0.0,100.00000453127457,0.0,400.0000359803954,16.000000070448053,234.92854945946223,402.2499415040648,400.2500049702387,-400.2499063578989,0.0,0.0
239,2023-01-11T22:00:00Z,100.00000453127457,0.0,400.0000359803954,16.000000070448053,1.0340030323776379e-05,1.1996659831049845e-05,0.0,0.0,174.99999295515022,1.4068830222429206e-06,214.00004885778645,7.794952567578468e-05,1.5104647325121115e-09,0.0,120.0,0.06923,6.9,0.0,100.00000196118303,0.0,612.0000067087542,16.000000081424496,294.9999927054037,612.4999767358399,398.5000058275792,-398.4999278780535,0.0,0.0
240,2023-01-11T23:00:00Z,100.00000196118303,0.0,612.0000067087542,16.000000081424496,1.849843779092918e-05,1.1352622174191623e-05,0.0,0.0,174.99999844652646,6.049700127018742e-06,207.70007346604683,7.843810480182875e-05,1.467547331173907e-09,0.0,120.0,0.02174,6.72,0.0,100.0000078940352,0.0,816.6400017031524,16.000000080537543,295.00001164204224,612.5000005520458,404.80000552410377,-404.79992708599895,0.0,0.0
241,2023-01-12T00:00:00Z,100.0000078940352,0.0,816.6400017031524,16.000000080537543,8.388438739932799e-05,8.286348795992499e-06,0.0,0.0,174.9999987801702,46.95223894883827,240.18278279047993,7.598239964012892e-05,1.388209642268513e-09,0.0,120.0,0.00592,6.32,0.0,100.00007979143379,0.0,1052.739508502717,16.000000080098335,341.952313327047,658.9827122899455,418.8000054818653,-418.79992949946563,0.0,0.0
242,2023-01-12T01:00:00Z,100.00007979143379,0.0,1052.739508502717,16.000000080098335,4.6892084356067796e-05,9.091828390554476e-06,0.0,0.0,174.99999879322576,599.9997633023854,772.9998062152524,5.017729446885587e-05,1.3121054997794945e-09,0.0,120.0,0.00566,5.9,0.0,100.00011533718019,0.0,1820.4755669981612,16.00000007927085,894.9997998958672,1206.4997614456515,433.5000054076936,-433.4999552303991,0.0,0.0
243,2023-01-12T02:00:00Z,100.00011533718019,0.0,1820.4755669981612,16.00000007927085,499.99996245593866,5.909587934889407e-06,0.0,0.0,174.99999888354932,599.9999840574086,763.2000253802977,5.049313717169049e-05,1.2616351959081279e-09,0.0,120.0,0.0001,5.62,0.0,580.0000731390605,0.0,2574.573164050331,16.000000079780623,1394.9999394873087,1206.4999803092571,443.3000054220966,-443.29995492895944,0.0,0.0
244,2023-01-12T03:00:00Z,580.0000731390605,0.0,2574.573164050331,16.000000079780623,333.33325942191794,7.239028941754768e-06,0.0,0.0,174.9999988540727,599.9999731189527,757.2500147546034,5.0686837377009207e-05,1.230367510009434e-09,0.0,120.0,0.00273,5.45,0.0,899.9999946434466,0.0,3318.9502622978453,16.000000078363087,1228.3332241559142,1206.4999693770176,449.25000530925155,-449.2499546224142,0.0,0.0
245,2023-01-12T04:00:00Z,899.9999946434466,0.0,3318.9502622978453,16.000000078363087,1.6781981422416968e-05,1.1712139058501768e-05,0.0,0.0,174.99999842012045,5.064875720864553e-06,158.700076650773,8.24573788914142e-05,1.2049242872103738e-09,0.0,120.0,0.02555,5.32,0.0,899.9999985540039,0.0,3461.05550517975,16.000000077912247,295.00000855483853,612.4999994846486,453.8000052912545,-453.7999228338756,0.0,0.0
246,2023-01-12T05:00:00Z,899.9999985540039,0.0,3461.05550517975,16.000000077912247,9.842709301713698e-06,1.080613724741761e-05,0.0,0.0,174.99992961034786,1.1037915830185775e-06,156.24983156731008,8.26691766682625e-05,1.1881119800916198e-09,0.0,1309.2899959051374,0.08572,5.25,0.0,899.9999967466118,0.0,3599.9999765519847,16.00000008775347,1484.289925655849,612.4997547289712,456.2500058308378,-456.2499231616611,0.0,0.0
247,2023-01-12T06:00:00Z,899.9999967466118,0.0,3599.9999765519847,16.00000008775347,7.911217833924917e-06,1.0892331373772272e-05,0.0,0.0,2.5066415923904476e-05,8.233450998044406e-07,3.0110502778630105e-05,458.34994547059347,9.790556932063952e-10,0.0,1309.2899959051374,0.11535,5.19,0.0,899.9999929952024,0.0,3123.6500613091343,16.000000064820362,1309.2900188137849,8.854756738247206e-05,458.35000390765805,-5.843706460384196e-05,0.0,0.0
248,2023-01-12T07:00:00Z,899.9999929952024,0.0,3123.6500613091343,16.000000064820362,4.1872940259753495e-06,267.99999250824715,0.0,0.0,8.341769072757813e-06,6.708996376875621e-07,1.3087341595529195e-05,439.44998765345804,1.0372977764574668e-09,0.0,1309.2899959051374,0.1386,5.73,0.0,620.8333381522473,0.0,2668.5818364364723,16.000000065307102,1041.290016596853,2.9860382395963034e-05,439.4500044264988,-1.677304080043384e-05,0.0,0.0
249,2023-01-12T08:00:00Z,620.8333381522473,0.0,2668.5818364364723,16.000000065307102,2.2657437329599844e-06,499.99999462122247,0.0,0.0,5.520405447225836e-06,5.822802079144101e-07,9.073993935660353e-06,423.69999353235073,1.0896459581853145e-09,0.0,1309.2899959051374,0.1566,6.18,0.0,100.00001259692112,0.0,2231.5389427959335,16.00000006406089,809.2900096523442,1.989787647112569e-05,423.70000435623325,-1.0823882535465338e-05,0.0,0.0
250,2023-01-12T09:00:00Z,100.00001259692112,0.0,2231.5389427959335,16.00000006406089,7.412516484191858e-05,4.372205735212154e-06,0.0,0.0,7.929636067409863e-05,8.017277851788347e-07,4.932994735829704e-05,370.32777497016264,1.083864874732543e-09,10.46,1219.2845290150365,0.11,6.84,37.84,100.00007920269839,0.0,1850.0535224417383,16.000000059465368,1208.824678866084,0.00027833097286667223,400.60000397118813,-0.0002290010255083752,0.0,0.0
251,2023-01-12T10:00:00Z,100.00007920269839,0.0,1850.0535224417383,16.000000059465368,2.1466397153945257e-05,5.180402580245682e-06,0.0,0.0,5.5244712554765316e-05,7.870611646699157e-07,4.4939656462211486e-05,342.80385484205704,1.1871057455089808e-09,11.895,1210.2934966459939,0.11192,7.54,41.62,100.00009441418696,0.0,1497.999444927129,16.000000058537864,1198.3985689637623,0.00019413568449470182,376.10000403808505,-0.00014919602803249032,0.0,0.0
252,2023-01-12T11:00:00Z,100.00009441418696,0.0,1497.999444927129,16.000000058537864,333.3328884367622,4.021723941152664e-06,0.0,0.0,90.36287598515067,8.288966936218434e-07,0.00022116402726439632,0.00015856314451806965,1.323002386046788e-09,13.719999999999999,1199.0428132847312,0.1067,8.19,46.35,419.9996631241828,0.0,1490.509510303376,16.00000005947632,1609.0185745138167,316.27006676863505,353.3500041677523,-316.2698456046078,0.0,0.0
253,2023-01-12T12:00:00Z,419.9996631241828,0.0,1490.509510303376,16.00000005947632,499.9999759826699,3.3692368741441358e-06,0.0,0.0,174.99996952863881,8.677334027022922e-07,337.2399547036587,6.483782305211502e-05,1.6058697350249535e-09,14.015,1196.7831622925114,0.10287,9.34,47.3,899.9996365579242,0.0,1820.2968526176949,16.000000061675124,1857.7681053023166,612.4998942092919,313.10000434345625,-275.2599395056332,0.0,0.0
254,2023-01-12T13:00:00Z,899.9996365579242,0.0,1820.2968526176949,16.000000061675124,2.793044300825244e-05,4.912312412907285e-06,0.0,0.0,0.001095779344684566,8.030342606263557e-07,6.949933635663907e-05,241.54423751244863,1.8369002240987468e-09,14.7,1192.2876461079898,0.1102399999999999,10.26,49.19,899.9996582541575,0.0,1569.6512003414941,16.000000057527632,1177.5887657084993,0.003836022710314001,280.9000040358226,-0.003766523373957362,0.0,0.0
255,2023-01-12T14:00:00Z,899.9996582541575,0.0,1569.6512003414941,16.000000057527632,6.336101459684555e-05,4.448438032957238e-06,0.0,0.0,75.30230720526956,8.145421908424652e-07,0.00022735219490949292,0.0001555258508469735,1.8192299510343707e-09,6.115,1246.2814119220832,0.1086599999999999,10.15,26.49,899.9997144469418,0.0,1561.8030161661306,16.00000005854011,1315.4687788544713,263.5580760248402,284.7500041984962,-263.5578486726453,0.0,0.0
256,2023-01-12T15:00:00Z,899.9997144469418,0.0,1561.8030161661306,16.00000005854011,0.00023349866608280264,4.215081709701074e-06,0.0,0.0,139.3216736167613,8.199886361481826e-07,202.67792771981954,7.356608093798412e-05,1.7197714433817478e-09,2.105,1275.5379458213497,0.1079099999999999,9.82,14.19,899.999934214951,0.0,1756.6718552390385,16.0000000610865,1412.754849541684,487.62585847045335,296.3000043167147,-284.9479307506338,0.0,0.0
257,2023-01-12T16:00:00Z,899.999934214951,0.0,1756.6718552390385,16.0000000610865,4.248081186489057e-06,0.00013777301994533293,0.0,0.0,1.367378605763795e-05,6.677226671614718e-07,1.982343697976341e-05,316.59997524229044,1.4971851666371424e-09,0.0,1309.2899959051374,0.13,9.24,0.0,899.9997947795466,0.0,1431.28854054399,16.00000005707328,1309.2898767217073,4.851929664222268e-05,316.6000039381501,-2.8695859662459273e-05,0.0,0.0
258,2023-01-12T17:00:00Z,899.9997947795466,0.0,1431.28854054399,16.00000005707328,2.4283040243750017e-06,499.99999320455544,0.0,0.0,7.99468644937306e-06,5.907691826384283e-07,1.2622253980485096e-05,329.5499880312413,1.3978798633948383e-09,0.0,1309.2899959051374,0.1445,8.87,0.0,379.1664708559732,0.0,1094.5821224322826,16.000000056792263,809.2900137143415,2.8566264063617757e-05,329.5500039752514,-1.594401008313266e-05,0.0,0.0
259,2023-01-12T18:00:00Z,379.1664708559732,0.0,1094.5821224322826,16.000000056792263,4.615844438737896e-06,8.607842087091983e-05,0.0,0.0,1.5058709257989168e-05,7.188963279405287e-07,2.1588168424846082e-05,337.24997248349985,1.4476145583232668e-09,0.0,1309.2899959051374,0.13,8.65,0.0,379.1663856221621,0.0,751.8592609247897,16.000000060317014,1309.2899302201665,5.341718976762321e-05,337.2500043125212,-3.182902134277713e-05,0.0,0.0
260,2023-01-12T19:00:00Z,379.1663856221621,0.0,751.8592609247897,16.000000060317014,4.260902876303741e-06,267.99973143735303,0.0,0.0,1.4629349401860211e-05,7.122478014271842e-07,2.1061471171726e-05,348.09997289959205,1.3717464261841548e-09,0.0,1309.2899959051374,0.1311399999999999,8.34,0.0,100.00000279871944,0.0,400.00001278204496,16.000000051959248,1041.2902840702845,5.190784822992365e-05,348.1000037459691,-3.084637705819765e-05,0.0,0.0
261,2023-01-12T20:00:00Z,100.00000279871944,0.0,400.00001278204496,16.000000051959248,1.2750186474435995e-05,8.343717194583342e-06,0.0,0.0,103.72857673077421,1.0833984689891014e-06,2.000111724119575,9.774169339474878e-05,1.6776495904487061e-09,0.0,1309.2899959051374,0.086,7.97,0.0,100.00000634752638,0.0,400.0000267005609,16.00000007228705,1413.0185781257794,363.0500196302742,361.050005647848,-361.04990790615466,0.0,0.0
262,2023-01-12T21:00:00Z,100.00000634752638,0.0,400.0000267005609,16.00000007228705,9.687346045581298e-06,1.2147557393362827e-05,0.0,0.0,109.42861686744365,1.2315021793965708e-06,2.0002515512483727,9.774167737391003e-05,1.7660404161681262e-09,0.0,120.0,0.0741,7.4,0.0,100.00000299367296,0.0,400.0001803766291,16.000000088013007,229.4286156387345,383.0001602552399,381.00000644566893,-380.99990870399154,0.0,0.0
263,2023-01-12T22:00:00Z,100.00000299367296,0.0,400.0001803766291,16.000000088013007,1.7441564787594783e-05,9.76714580522059e-06,0.0,0.0,174.99999700338253,2.4491966813343065e-06,211.20006316137955,7.747547243801479e-05,1.665658421646274e-09,0.0,120.0,0.0404099999999999,6.82,0.0,100.00000956346494,0.0,609.200165160653,16.00000009001955,295.00000712699824,612.4999919365436,401.30000625063644,-401.299928775164,0.0,0.0
264,2023-01-12T23:00:00Z,100.00000956346494,0.0,609.200165160653,16.00000009001955,1.2612311631728513e-05,1.3922091462960891e-05,0.0,0.0,174.9999977399513,3.180202193247918e-06,197.90006782305795,7.851073230932919e-05,1.5376564388103541e-09,0.0,120.0,0.03292,6.44,0.0,100.0000071691055,0.0,804.0541536471753,16.00000008706828,294.9999996103737,612.4999952382298,414.6000059259041,-414.5999274151718,0.0,0.0
265,2023-01-13T00:00:00Z,100.0000071691055,0.0,804.0541536471753,16.00000008706828,2.0701789366105186e-05,1.090654244821141e-05,0.0,0.0,174.99999837548089,7.060489335752703e-06,186.3500748053574,7.943242414060416e-05,1.4691985903495332e-09,0.0,120.0,0.0172,6.11,0.0,100.00001568184157,0.0,986.3838782518727,16.000000086668333,295.00001523121716,612.5000013040676,426.15000593113433,-426.1499264987102,0.0,0.0
266,2023-01-13T01:00:00Z,100.00001568184157,0.0,986.3838782518727,16.000000086668333,2.5299610879243653e-05,1.0490724394046927e-05,0.0,0.0,174.99999862908572,1.6845652342116637e-05,184.25008586835537,7.960232778327111e-05,1.3972089401740136e-09,0.0,120.0,0.01043,6.05,0.0,100.00002904163011,0.0,1165.701965126641,16.000000083070674,295.00003028362454,612.5000118789959,428.2500056129683,-428.24992601064054,0.0,0.0
267,2023-01-13T02:00:00Z,100.00002904163011,0.0,1165.701965126641,16.000000083070674,499.9998597849534,6.62882825784155e-06,0.0,0.0,174.99999881095735,599.9999637583123,780.0000039734522,4.951218103306435e-05,1.3675861829772509e-09,0.0,120.0,0.00265,6.1,0.0,579.9998875301559,0.0,1939.873409762279,16.00000008096646,1394.9998157253947,1206.4999599590801,426.50000549780896,-426.49995598562793,0.0,0.0
268,2023-01-13T03:00:00Z,579.9998875301559,0.0,1939.873409762279,16.00000008096646,333.3334524378501,7.190711683952087e-06,0.0,0.0,174.99999880094208,599.9999542630452,783.4999946746785,4.970977610424407e-05,1.385867951442609e-09,0.0,120.0,0.00335,6.2,0.0,899.9999943801673,0.0,2713.67398767837,16.00000008112196,1228.3333983111256,1206.499950523712,423.0000055588095,-422.9999558490334,0.0,0.0
269,2023-01-13T04:00:00Z,899.9999943801673,0.0,2713.67398767837,16.00000008112196,1.6027203477021918e-05,1.2438012410874488e-05,0.0,0.0,174.99999830318959,4.860526319860745e-06,181.4500748965698,8.164937753333037e-05,1.3663659587959399e-09,0.0,120.0,0.0257,5.97,0.0,899.9999968100198,0.0,2881.5556109871704,16.000000081940353,295.000006752907,612.4999988730846,431.0500056258923,-431.0499239765148,0.0,0.0
270,2023-01-13T05:00:00Z,899.9999968100198,0.0,2881.5556109871704,16.000000081940353,1.262880432601637e-05,1.1527407861564602e-05,0.0,0.0,174.9999964900528,1.8843809431222787e-06,172.35006683690744,8.296103994661949e-05,1.3278736713335573e-09,0.0,1307.2614419189529,0.0555,5.71,0.0,899.9999969259553,0.0,3039.497816808102,16.000000083806224,1482.261441394783,612.499989580722,440.15000570485444,-440.1499227438145,0.0,0.0
271,2023-01-13T06:00:00Z,899.9999969259553,0.0,3039.497816808102,16.000000083806224,8.418354590161813e-06,1.3635172510739493e-05,0.0,0.0,0.0003189670094821,1.083280434196981e-06,6.058478965309526e-05,448.1989483364112,1.2313477064135277e-09,0.0,1307.2614419189529,0.08865,5.48,0.0,899.9999908042711,0.0,2576.1014399724395,16.000000078157786,1307.2617567524248,0.0011174569808172052,448.20000520860236,-0.0010568721911641099,0.0,0.0
272,2023-01-13T07:00:00Z,899.9999908042711,0.0,2576.1014399724395,16.000000078157786,3.6423669071898734e-06,499.9999816219827,0.0,0.0,1.115009496945938e-05,8.312299333013681e-07,1.672801407753646e-05,455.1999820599762,1.1755510154909092e-09,0.0,1307.2614419189529,0.11243,5.28,0.0,379.1666801113779,0.0,2108.020967440615,16.000000076802113,807.261475920662,3.9848250027076187e-05,455.20000518021214,-2.3120235949539728e-05,0.0,0.0
273,2023-01-13T08:00:00Z,379.1666801113779,0.0,2108.020967440615,16.000000076802113,4.664750738314298e-06,267.9999884128322,0.0,0.0,1.4391192494183133e-05,8.659862260139958e-07,2.0399707913502485e-05,464.99997426024214,1.1187071835356808e-09,0.0,1307.2614419189529,0.10707,5.0,0.0,100.00002999283839,0.0,1632.4809087428775,16.000000075688163,1039.2614734280503,5.122650009339482e-05,465.0000050870343,-3.082679217989234e-05,0.0,0.0
274,2023-01-13T09:00:00Z,100.00002999283839,0.0,1632.4809087428775,16.000000075688163,7.3652423672138075e-06,1.4775705447472753e-05,0.0,0.0,3.220432326513628e-05,9.60347092860215e-07,3.5017287198606836e-05,431.6239264063765,1.1423465459969585e-09,8.01,1233.1288374855335,0.0970999999999999,5.24,31.22,100.00002167211123,0.0,1192.6946128100737,16.000000074748737,1225.1188632397407,0.0001136658750499086,456.60000505496436,-7.864858785130176e-05,0.0,0.0
275,2023-01-13T10:00:00Z,100.00002167211123,0.0,1192.6946128100737,16.000000074748737,1.0387243187749785e-05,9.70157114478915e-06,0.0,0.0,62.64396369169508,1.050620698756232e-06,0.00015075693014579864,0.00028063640584436263,1.2797309495180085e-09,108.14,697.3177487475101,0.08903,6.15,256.87,100.00002153806142,0.0,1186.7310098665478,16.000000051523315,651.8217141754978,219.25387396104725,424.750003840523,-219.2537232041171,0.0,0.0
276,2023-01-13T11:00:00Z,100.00002153806142,0.0,1186.7310098665478,16.000000051523315,6.976729319305532e-05,5.466804243440454e-06,0.0,0.0,174.99999074004563,1.2526297732012537e-06,612.4999639352645,4.299175769372133e-06,3.920382586136005e-09,239.415,357.45228838379063,0.0767699999999999,7.03,548.98,100.00008282007512,0.0,1793.2973144533037,16.81016124058237,293.0373446769551,612.4999688302632,439.18400919417456,-4.894998710369691e-06,0.0,0.0
277,2023-01-13T12:00:00Z,100.00008282007512,0.0,1793.2973144533037,16.81016124058237,499.99997531441613,4.023991547545143e-06,0.0,0.0,174.99999443966044,1.4135812580489368e-06,365.1584019443427,6.77718235438567e-05,1.6164558781592992e-09,49.51,1000.11690689452,0.07024,7.78,129.35,580.0000549302567,0.0,2149.4891620535564,16.00000007678359,1625.6068740381863,612.499981938257,350.8216477657378,-247.34157999391425,0.0,0.0
278,2023-01-13T13:00:00Z,580.0000549302567,0.0,2149.4891620535564,16.00000007678359,333.3332447822114,4.994605765379212e-06,0.0,0.0,174.99999302245124,1.3396370980016667e-06,410.2320373934543,6.590585651896009e-05,1.6826866852485836e-09,79.99499999999999,841.1663450504103,0.07423,8.02,196.29,899.9999647184653,0.0,2548.9736877308865,16.000000077575745,1269.5045792001044,612.4999769048201,359.30000541722234,-202.2679395113658,0.0,0.0
279,2023-01-13T14:00:00Z,899.9999647184653,0.0,2548.9736877308865,16.000000077575745,2.712961491392188e-05,6.426979745279399e-06,0.0,0.0,174.9999881112586,1.2251607486867555e-06,518.8540151604386,6.0976500317748345e-05,1.691639395825038e-09,140.945,519.7984179517881,0.0805999999999999,8.03,331.63,899.9999840681251,0.0,3055.0827734761706,16.000000077696672,553.8534279908426,612.4999596023143,358.950005418376,-93.64594444187571,0.0,0.0
280,2023-01-13T15:00:00Z,899.9999840681251,0.0,3055.0827734761706,16.000000077696672,2.1414169975633136e-05,6.709459674486175e-06,0.0,0.0,174.99995050441527,1.1187111259461108e-06,269.8818982022325,7.584090230518404e-05,1.6181730136268865e-09,9.34,1223.4645293483134,0.08758,7.69,35.29,899.9999976367078,0.0,3309.68918197012,16.000000079538943,1389.1244956761502,612.4998278729774,370.8500055116473,-342.61792967074496,0.0,0.0
281,2023-01-13T16:00:00Z,899.9999976367078,0.0,3309.68918197012,16.000000079538943,4.606394964588498e-06,8.710248934646382e-05,0.0,0.0,5.89695505384468e-06,6.710756081338369e-07,9.7249357448318e-06,377.1499935439937,1.5249834322740424e-09,0.0,1307.2614419189529,0.14183,7.51,0.0,899.9999113270871,0.0,2915.9907522412113,16.00000007505203,1307.2613659908893,2.1303707540508878e-05,377.1500051227655,-1.1578771795677078e-05,0.0,0.0
282,2023-01-13T17:00:00Z,899.9999113270871,0.0,2915.9907522412113,16.00000007505203,2.8139604189135435e-06,499.9999906890044,0.0,0.0,4.68088195527203e-06,6.037989634930545e-07,7.865107582213418e-06,365.24999606597726,1.5840243284725938e-09,0.0,1307.2614419189529,0.155,7.85,0.0,379.16659039410956,0.0,2536.160810279135,16.00000007456731,807.26145932859,1.698084781731023e-05,365.2500051817175,-9.115740235096811e-06,0.0,0.0
283,2023-01-13T18:00:00Z,379.16659039410956,0.0,2536.160810279135,16.00000007456731,4.208145541134187e-06,267.99991538850986,0.0,0.0,5.719213288386751e-06,6.530125493901414e-07,9.464908328244884e-06,350.19999394500473,1.6677995298759803e-09,0.0,1307.2614419189529,0.1442,8.28,0.0,100.00001590423147,0.0,2173.2800217476433,16.000000073830954,1039.2615371108145,2.066372893324987e-05,350.20000514382536,-1.1198820605004985e-05,0.0,0.0
284,2023-01-13T19:00:00Z,100.00001590423147,0.0,2173.2800217476433,16.000000073830954,1.5387340758720483e-05,6.220469990167969e-06,0.0,0.0,1.0421239919181868e-05,7.825290244151289e-07,1.6092186093729115e-05,336.8999839324919,1.742413770003373e-09,0.0,1307.2614419189529,0.1217699999999999,8.66,0.0,100.00002419642237,0.0,1825.513653798599,16.00000007288891,1307.2614622895926,3.7249043451307516e-05,336.9000050893493,-2.11568573575784e-05,0.0,0.0
285,2023-01-13T20:00:00Z,100.00002419642237,0.0,1825.513653798599,16.00000007288891,7.123365803165868e-06,1.2569342164441638e-05,0.0,0.0,9.492166699609554e-06,7.666571396362005e-07,1.4913263997285181e-05,315.8999860985139,1.9292680889328856e-09,0.0,1307.2614419189529,0.1254,9.26,0.0,100.0000179417888,0.0,1500.4861143443563,16.000000073158617,1307.2614467318006,3.398157401687327e-05,315.9000051668239,-1.906831001958809e-05,0.0,0.0
286,2023-01-13T21:00:00Z,100.0000179417888,0.0,1500.4861143443563,16.000000073158617,7.03064726823652e-06,1.3239015614634997e-05,0.0,0.0,1.1682944531368139e-05,7.945156355633557e-07,1.7814492845692438e-05,293.8499812156767,2.1156022291985313e-09,0.0,120.0,0.12,9.89,0.0,100.00001090056891,0.0,1199.1337203714506,16.000000071945053,120.00000626909183,4.167687633899621e-05,293.8500050780602,-2.386238349330377e-05,0.0,0.0
287,2023-01-13T22:00:00Z,100.00001090056891,0.0,1199.1337203714506,16.000000071945053,130.61465013283504,4.586034880920345e-06,0.0,0.0,13.082102360227756,9.829051703670504e-07,7.679590375384693e-05,232.3127225784337,2.2620024763815395e-09,0.0,120.0,0.09729,10.34,0.0,225.39007025097087,0.0,960.8254059870635,16.00000007082994,263.6967488899331,45.78735923387327,278.1000050164032,-45.787282437969516,0.0,0.0
288,2023-01-13T23:00:00Z,225.39007025097087,0.0,960.8254059870635,16.00000007082994,4.532699856105979e-06,120.37425623371901,0.0,0.0,1.3055048270683447e-05,7.867945528884582e-07,1.950172403635221e-05,273.8999779502699,2.272484443999884e-09,0.0,120.0,0.135,10.46,0.0,100.00022435890541,0.0,682.1213205085824,16.00000006945407,-0.37423785917631847,4.6471595554751636e-05,273.9000049201414,-2.6969871518399425e-05,0.0,0.0
289,2023-01-14T00:00:00Z,100.00022435890541,0.0,682.1213205085824,16.00000006945407,4.53935400162714e-06,0.00021158181425776128,0.0,0.0,1.3574321470013313e-05,7.628400732605233e-07,1.9984465023884133e-05,276.69997638651296,2.142706323377376e-09,0.0,120.0,0.1172,10.38,0.0,100.00000831896207,0.0,402.0107575039915,16.00000006637509,119.99980729470128,4.826533681757451e-05,276.70000466738475,-2.8280871793690376e-05,0.0,0.0
290,2023-01-14T01:00:00Z,100.00000831896207,0.0,402.0107575039915,16.00000006637509,7.237736883409081e-06,1.2440614371428778e-05,0.0,0.0,81.25695374562704,8.906131376269189e-07,0.00010465569847691585,0.0007699758829993611,1.986251178961573e-09,0.0,120.0,0.09867,10.16,0.0,100.00000230821618,0.0,400.00003839628704,16.000000060438076,201.25694943336268,284.3993389914017,284.4000043115862,-284.3992343357032,0.0,0.0
291,2023-01-14T02:00:00Z,100.00000230821618,0.0,400.00003839628704,16.000000060438076,1.523052398506757e-05,8.328623902235155e-06,0.0,0.0,174.99999701912117,1.6776387606098165e-06,324.60005137374793,6.545240961107048e-05,2.1569756978078667e-09,0.0,120.0,0.05745,10.06,0.0,100.00000825386931,0.0,722.6000241256439,16.000000071697094,295.00000559866,612.4999912277865,287.9000053064482,-287.89993985403856,0.0,0.0
292,2023-01-14T03:00:00Z,100.00000825386931,0.0,722.6000241256439,16.000000071697094,499.99945593900765,5.237081553458282e-06,0.0,0.0,174.99999810852992,2.5858135851119205e-06,310.9500571916638,6.625906729757119e-05,1.997211175721857e-09,0.0,120.0,0.04085,9.67,0.0,579.9994805000234,0.0,1029.937014937612,16.000000071148065,794.9994513962696,612.4999959398101,301.5500050072136,-301.5499387481463,0.0,0.0
293,2023-01-14T04:00:00Z,579.9994805000234,0.0,1029.937014937612,16.000000071148065,333.33383178688837,5.398608912568522e-06,0.0,0.0,174.9999981249997,2.5853172203805705e-06,303.9500577065378,6.668047599412293e-05,1.91732494332094e-09,0.0,120.0,0.04102,9.47,0.0,899.9999533918852,0.0,1328.7373208889858,16.000000070730618,628.3338270985964,612.499995996963,308.55000497090117,-308.5499382904252,0.0,0.0
294,2023-01-14T05:00:00Z,899.9999533918852,0.0,1328.7373208889858,16.000000070730618,4.203685701719767e-05,6.460972310056074e-06,0.0,0.0,174.99999797452756,2.300908547300579e-06,299.75005718876247,6.693589627374535e-05,1.8674118969395306e-09,0.0,1305.0591078239768,0.0451,9.35,0.0,899.9999870170884,0.0,1621.843624537407,16.000000070312417,1480.0591436752975,612.499995188746,312.75000493587976,-312.7499379999835,0.0,0.0
295,2023-01-14T06:00:00Z,899.9999870170884,0.0,1621.843624537407,16.000000070312417,1.7315641941245802e-05,7.913914179607482e-06,0.0,0.0,174.9999974356984,1.8015834135069684e-06,297.3000549904835,6.708579451408905e-05,1.8347197147751133e-09,0.0,1305.0591078239768,0.0549,9.28,0.0,899.999995396444,0.0,1911.0343943194089,16.000000069900924,1480.0591164629864,612.4999928085119,315.20000490382296,-315.19993781802845,0.0,0.0
296,2023-01-14T07:00:00Z,899.999995396444,0.0,1911.0343943194089,16.000000069900924,9.81439670106982e-06,1.0084237645173609e-05,0.0,0.0,174.99999331891897,1.1803401896872128e-06,310.9500390658438,6.625906838189177e-05,1.9519292300685344e-09,0.0,1305.0591078239768,0.07715,9.67,0.0,899.9999943138505,0.0,2212.4291951545874,16.000000070980978,1480.059102053395,612.4999777847531,301.5500049779777,-301.54993871890935,0.0,0.0
297,2023-01-14T08:00:00Z,899.9999943138505,0.0,2212.4291951545874,16.000000070980978,5.2087494917088106e-06,4.013509728007131e-05,0.0,0.0,4.2792836808187664e-05,8.717726937883931e-07,4.2179024141483616e-05,261.4578961555325,1.830817856428145e-09,16.52499999999995,1171.7636593759357,0.1001,9.53,56.24,899.999957506857,0.0,1939.909195202306,16.000000066701805,1155.2386681141977,0.0001506379837955073,306.4500046144922,-0.0001084589596540237,0.0,0.0
298,2023-01-14T09:00:00Z,899.999957506857,0.0,1939.909195202306,16.000000066701805,7.656442751005125e-06,1.1540398276807997e-05,0.0,0.0,0.00016712800447341936,9.053085753976521e-07,6.295174743084947e-05,227.9314817787096,1.8237699996149729e-09,35.14,1073.474856973015,0.09673,9.54,97.71,899.9999528357938,0.0,1702.2782303993322,16.000000066350033,1038.3350211223724,0.0005858442711466114,306.10000467123336,-0.000522892523715762,0.0,0.0
299,2023-01-14T10:00:00Z,899.9999528357938,0.0,1702.2782303993322,16.000000066350033,7.280963678285466e-06,1.2231263067863124e-05,0.0,0.0,6.966841717005331e-05,8.818335272215558e-07,5.6790731429961395e-05,102.63181673329844,1.8863043488068943e-09,101.17,725.0674792727659,0.0992,9.76,244.71,899.9999470846199,0.0,1591.1350793047686,16.00000006596824,623.8975448727173,0.00024471247528713594,298.4000046550423,-0.00018792174385717455,0.0,0.0
300,2023-01-14T11:00:00Z,899.9999470846199,0.0,1591.1350793047686,16.00000006596824,5.4463619674613186e-06,2.618823409838416e-05,0.0,0.0,2.8350820060113123e-05,8.304973438126758e-07,3.494837709548232e-05,166.49193947098152,1.9982786965530307e-09,58.235,949.5176742946271,0.10497,10.1,150.01,899.9999250337167,0.0,1416.6874993856402,16.00000006428125,891.2826827340724,0.00010005006258077049,286.500004572667,-6.510168548528816e-05,0.0,0.0
301,2023-01-14T12:00:00Z,899.9999250337167,0.0,1416.6874993856402,16.00000006428125,2.1452284185609395e-05,5.681062190870135e-06,0.0,0.0,110.35341567994881,9.327244765056983e-07,145.63302880497844,7.787755964325302e-05,2.2027336609703623e-09,11.709999999999999,1206.4147876887089,0.09386,10.46,41.62,899.9999397101365,0.0,1555.237012816131,16.00000006760053,1305.0582200726042,386.23695580321805,273.90000487579925,-240.60392699823961,0.0,0.0
302,2023-01-14T13:00:00Z,899.9999397101365,0.0,1555.237012816131,16.00000006760053,3.279002306126596e-05,5.150747017924875e-06,0.0,0.0,174.99984993191484,9.350340293572044e-07,350.87553480112837,6.39535059782729e-05,2.1641441678254022e-09,3.25,1262.468083488783,0.0938499999999999,10.4,17.97,899.999965823197,0.0,1898.3362985996728,16.000000068494316,1434.217961995008,612.4994756873856,276.00000483976316,-261.62394088625723,0.0,0.0
303,2023-01-14T14:00:00Z,899.999965823197,0.0,1898.3362985996728,16.000000068494316,1.4339199327929709e-05,6.403972779432139e-06,0.0,0.0,0.00013853769335160065,8.773769063709206e-07,5.9539041106263555e-05,262.78557830338997,2.0880475845569306e-09,2.66,1266.9476069163575,0.1,10.41,16.08,899.9999729180234,0.0,1626.0590983423256,16.000000064610262,1264.2877542666542,0.0004857505298679095,275.65000451487873,-0.0004262114887616459,0.0,0.0
304,2023-01-14T15:00:00Z,899.9999729180234,0.0,1626.0590983423256,16.000000064610262,2.9281356776599607e-05,5.102886717280505e-06,0.0,0.0,0.00023672207763072005,8.78275348877811e-07,6.471960327260544e-05,240.73723989152452,2.1628445280962915e-09,9.06,1222.3656832800195,0.1,10.61,34.89,899.999995712619,0.0,1377.1916276786926,16.000000064176465,1213.3059450588428,0.0008293967643029092,268.6500045686856,-0.0007646771610303037,0.0,0.0
305,2023-01-14T16:00:00Z,899.999995712619,0.0,1377.1916276786926,16.000000064176465,5.037953606302174e-06,2.0039779694721973e-05,0.0,0.0,7.40360500139305e-06,6.340035592387034e-07,1.1900815532950476e-05,258.14998991490125,2.2924592177574662e-09,0.0,1305.0591078239768,0.13426,10.91,0.0,899.999979674284,0.0,1112.1556915262133,16.00000006371916,1305.0591008597592,2.654028102852199e-05,258.1500045543668,-1.4639465495571514e-05,0.0,0.0
306,2023-01-14T17:00:00Z,899.999979674284,0.0,1112.1556915262133,16.00000006371916,3.640504247013609e-06,499.9998662973038,0.0,0.0,5.872171087775822e-06,5.839047039162302e-07,9.667490463035134e-06,241.69999309095877,2.537297487999264e-09,0.0,1305.0591078239768,0.1442,11.38,0.0,379.16678910947655,0.0,864.894929645114,16.000000063351983,805.0592516232531,2.1130664464092444e-05,241.70000455413276,-1.146317400105731e-05,0.0,0.0
307,2023-01-14T18:00:00Z,379.16678910947655,0.0,864.894929645114,16.000000063351983,1.7130142808431273e-05,6.4697676344972376e-06,0.0,0.0,1.1453391571203144e-05,8.248261820850319e-07,1.789392723522189e-05,228.39998266563782,3.31717558425883e-09,0.0,1305.0591078239768,0.127,11.76,0.0,379.16679881507235,0.0,632.1704902251778,16.00000007490198,1305.0591307625698,4.090344841947519e-05,228.400005675159,-2.30095211842533e-05,0.0,0.0
308,2023-01-14T19:00:00Z,379.16679881507235,0.0,632.1704902251778,16.00000007490198,5.076015157414344e-06,268.0001278316666,0.0,0.0,8.069520886385277e-06,8.211538304837427e-07,1.3304209471160696e-05,226.99999037463732,3.7495764448948624e-09,0.0,1305.0591078239768,0.14351,11.8,0.0,100.00000386339423,0.0,402.009660703624,16.00000008126878,1037.0589939590002,2.9056265394527377e-05,227.00000612669325,-1.575205592336668e-05,0.0,0.0
309,2023-01-14T20:00:00Z,100.00000386339423,0.0,402.009660703624,16.00000008126878,1.7355086526109424e-05,9.036213878466576e-06,0.0,0.0,64.85727568118178,1.2253944935972025e-06,0.0006131178351155371,0.0001531434261930209,3.859790282202029e-09,0.0,1305.0591078239768,0.09937,11.8,0.0,100.0000111115545,0.0,400.0000723745148,16.000000081917793,1369.9163930494258,227.00046609727676,227.00000612286783,-226.99985297944164,0.0,0.0
310,2023-01-14T21:00:00Z,100.0000111115545,0.0,400.0000723745148,16.000000081917793,1.0601724445964749e-05,1.503662501903696e-05,0.0,0.0,65.02855688513148,1.2945013340354458e-06,2.0000664747198997,0.0001221741614625078,4.107810376215436e-09,0.0,120.0,0.09342,11.84,0.0,100.00000562605891,0.0,400.00001631320066,16.00000007823069,185.02855374473225,227.59995037951649,225.60000607895807,-225.5998839047966,0.0,0.0
311,2023-01-14T22:00:00Z,100.00000562605891,0.0,400.00001631320066,16.00000007823069,1.6916117287632072e-05,1.1426680427215559e-05,0.0,0.0,64.72858144336868,1.6678311428254976e-06,2.000150021482309,0.00012217414809050797,5.273918429925042e-09,0.0,120.0,0.0691,11.87,0.0,100.0000099627394,0.0,400.00004407896887,16.00000010977597,184.7285886006367,226.55003670294323,224.550008855609,-224.54988668146092,0.0,0.0
312,2023-01-14T23:00:00Z,100.0000099627394,0.0,400.00004407896887,16.00000010977597,1.259230270746977e-05,1.6934378568903006e-05,0.0,0.0,65.42856560182277,1.8622030779851808e-06,2.000094943543695,0.00012217415742111774,5.762724593736205e-09,0.0,120.0,0.06001,11.8,0.0,100.00000441137233,0.0,400.0000166279603,16.000000109735254,185.42856312194996,228.99998144996076,227.00000868057447,-226.99988650641706,0.0,0.0
313,2023-01-15T00:00:00Z,100.00000441137233,0.0,400.0000166279603,16.000000109735254,2.8139428113506884e-05,1.1734618533816101e-05,0.0,0.0,174.99998135896286,3.1516252879564746e-06,383.0500055558673,8.275349142219477e-05,7.996512258997966e-09,0.0,120.0,0.0294,11.73,0.0,100.00001920166234,0.0,781.0499393471964,16.00000018861909,295.0000009153977,612.499937876479,229.45001507410308,-229.44993232061165,0.0,0.0
314,2023-01-15T01:00:00Z,100.00001920166234,0.0,781.0499393471964,16.00000018861909,1.3617916735269682e-05,2.3303754122402484e-05,0.0,0.0,174.99998535460534,3.2962396507233665e-06,375.3500219737864,8.329693983055073e-05,7.552119619602374e-09,0.0,120.0,0.02793,11.51,0.0,100.00000800011853,0.0,1152.494628327307,16.000000187617495,294.9999789650076,612.4999520043959,237.15001332754937,-237.14993003060954,0.0,0.0
315,2023-01-15T02:00:00Z,100.00000800011853,0.0,1152.494628327307,16.000000187617495,5.7085162695160044e-05,1.1216989599536636e-05,0.0,0.0,174.99999590750457,8.300561472140532e-06,360.6500650155523,8.43544543590486e-05,6.848041454815815e-09,0.0,120.0,0.00694,11.09,0.0,100.00005111751055,0.0,1507.3821358467685,16.00000018656677,295.0000500762392,612.4999938938219,251.85001323272394,-251.84992887826957,0.0,0.0
316,2023-01-15T03:00:00Z,100.00005111751055,0.0,1507.3821358467685,16.00000018656677,0.0002872572808487662,9.817549019785746e-06,0.0,0.0,174.9999964342765,1.1626797832710115e-05,342.80007157186753,8.56751576360093e-05,6.1470851598841964e-09,0.0,120.0,0.00293,10.58,0.0,100.0003166578866,0.0,1842.6452110642444,16.000000185501282,295.00028550080617,612.4999990304976,269.70001313378776,-269.6999274586301,0.0,0.0
317,2023-01-15T04:00:00Z,100.0003166578866,0.0,1842.6452110642444,16.000000185501282,6.383775934786754e-05,1.121792949041099e-05,0.0,0.0,174.9999963472577,1.0567537316706903e-05,331.95007112388356,8.649829242085219e-05,5.769889339443994e-09,0.0,120.0,0.00405,10.27,0.0,100.00036625679235,0.0,2165.381969634514,16.000000184549062,295.0000595346249,612.4999976772639,280.55001305167275,-280.5499265533803,0.0,0.0
318,2023-01-15T05:00:00Z,100.00036625679235,0.0,2165.381969634514,16.000000184549062,499.99946582527934,8.677452789549488e-06,0.0,0.0,174.99999663406362,1.3656556031262164e-05,324.9500758029822,8.703777316772873e-05,5.536959757139979e-09,0.0,1302.6836453262993,0.00158,10.07,0.0,579.9998444100472,0.0,2479.5050485515508,16.00000018361687,1977.6831127647454,612.5000017392132,287.5500129740041,-287.549925936231,0.0,0.0
319,2023-01-15T06:00:00Z,579.9998444100472,0.0,2479.5050485515508,16.00000018361687,333.33348291132046,9.048252476995777e-06,0.0,0.0,174.99999664286975,1.3444511326545582e-05,323.90007578438866,8.71192749443382e-05,5.47824038180842e-09,0.0,1302.6836453262993,0.00181,10.04,0.0,899.9999785796518,0.0,2791.0075119739067,16.000000182512576,1811.0171292767484,612.5000015601104,288.60001289499667,-288.5999257757217,0.0,0.0
320,2023-01-15T07:00:00Z,899.9999785796518,0.0,2791.0075119739067,16.000000182512576,3.093747868421242e-05,1.3190567286664583e-05,0.0,0.0,174.99999550126705,6.545441408625958e-06,350.50006297411943,8.510041677121569e-05,6.2817085813081825e-09,0.0,1302.6836453262993,0.0112,10.8,0.0,899.9999945394571,0.0,3127.5524522877395,16.000000181434398,1477.6836651199192,612.4999907344217,262.000012860719,-261.9999277603022,0.0,0.0
321,2023-01-15T08:00:00Z,899.9999945394571,0.0,3127.5524522877395,16.000000181434398,1.2523818438876264e-05,2.3419105495358865e-05,0.0,0.0,174.99989164294007,2.6110646993534463e-06,348.1616958232183,8.527414154227285e-05,6.113537095422503e-09,0.0,1298.2131011469658,0.0373999999999999,10.69,1.89,899.9999821674213,0.0,3460.076300575378,16.000000180420432,1473.2129845056836,612.4996233352442,265.8500127861675,-264.33792751202594,0.0,0.0
322,2023-01-15T09:00:00Z,899.9999821674213,0.0,3460.076300575378,16.000000180420432,2.631690708789032e-05,1.1212597943918502e-05,0.0,0.0,112.74630975862776,2.528636380625637e-06,157.22417085430368,0.00010232369837820018,6.045280378085807e-09,9.9,1215.425245974125,0.03886,10.66,36.89,899.9999957518626,0.0,3599.9999876031065,16.000000276364318,1318.271573365698,394.6120866585472,266.90001812794185,-237.3879158042435,0.0,0.0
323,2023-01-15T10:00:00Z,899.9999957518626,0.0,3599.9999876031065,16.000000276364318,8.517139378975851e-06,4.211057966609899e-05,0.0,0.0,32.16472382634001,1.6199858572730396e-06,0.0001100849743898747,119.84557984891133,4.1141300284774195e-09,8.125,1226.6134332589118,0.0749,10.91,32.16,899.9999600631292,0.0,3462.154517901154,16.000000113360926,1250.6531251117972,112.57653499597603,258.150004759913,-112.57642491100164,0.0,0.0
324,2023-01-15T11:00:00Z,899.9999600631292,0.0,3462.154517901154,16.000000113360926,7.680583240803763e-06,0.00011027244652192708,0.0,0.0,6.571109070267925e-05,1.573281396376611e-06,6.338148406759458e-05,222.85184012638908,4.443884567011038e-09,8.815,1222.1192354066718,0.08,11.14,34.06,899.9998525693574,0.0,3221.9919685667433,16.00000011343584,1213.3042000991804,0.00023154636604179023,250.10000829127105,-0.00016816488197419566,0.0,0.0
325,2023-01-15T12:00:00Z,899.9998525693574,0.0,3221.9919685667433,16.00000011343584,0.0001434706263492655,7.704637327359134e-06,0.0,0.0,174.99998167811196,1.9895642998244127e-06,394.1180177905409,8.937378321945267e-05,4.588877293276659e-09,12.78,1197.519415583885,0.06501,11.03,44.46,899.9999822754947,0.0,3599.999937140667,16.000000129460393,1359.7395350175502,612.4999378430606,253.95000942630293,-218.38192005251972,0.0,0.0
326,2023-01-15T13:00:00Z,899.9999822754947,0.0,3599.999937140667,16.000000129460393,1.514996602651138e-05,1.4127499140678041e-05,0.0,0.0,75.2697084787771,1.6692463024449963e-06,18.000107033274578,0.0001339673760333934,3.755568647846959e-09,12.09,1201.9899597632182,0.08015,10.3,42.57,899.9999821033172,0.0,3599.9999105208626,16.000000119608092,1265.1696709337086,263.4439813282737,279.50000826237516,-245.44387429499912,0.0,0.0
327,2023-01-15T14:00:00Z,899.9999821033172,0.0,3599.9999105208626,16.000000119608092,1.8116676316302584e-05,1.201061117300566e-05,0.0,0.0,76.7565822952557,1.608919229843914e-06,18.000168241346845,0.00013675955800784365,3.429076437397002e-09,14.715,1186.3312282990978,0.08602,10.0,49.19,899.999986984273,0.0,3599.999942450047,16.000000116800823,1248.3728183093378,268.64803962622494,290.0000081444361,-250.6478713848781,0.0,0.0
328,2023-01-15T15:00:00Z,899.999986984273,0.0,3599.999942450047,16.000000116800823,2.155466762455123e-05,1.0463878015043483e-05,0.0,0.0,90.52458697448944,1.5094279698653191e-06,18.000186317212812,0.00013946411903388502,2.8958944929875733e-09,2.68,1264.6485392926056,0.095,9.38,16.08,899.9999967768811,0.0,3599.9999895908904,16.000000137035325,1352.4931388673126,316.8360559050467,311.7000090519529,-298.8358695878339,0.0,0.0
329,2023-01-15T16:00:00Z,899.9999967768811,0.0,3599.9999895908904,16.000000137035325,1.2166928561687353e-05,1.2385202771763697e-05,0.0,0.0,104.73432956206109,1.0801950657246151e-06,17.07029261870952,0.00014201584167963617,1.7550449878715862e-09,0.0,1302.6836453262993,0.13964,8.3,0.0,899.9999955558797,0.0,3599.0701402458035,16.0000000731798,1407.4179757502811,366.57015453660694,349.5000039337391,-349.4998619178974,0.0,0.0
330,2023-01-15T17:00:00Z,899.9999955558797,0.0,3599.0701402458035,16.0000000731798,8.9180170091486e-06,1.476154740270384e-05,0.0,0.0,1.3144573139688317e-05,8.509729156979426e-07,2.0596674480967386e-05,370.4999787432762,1.5770562167004994e-09,0.0,1302.6836453262993,0.1746,7.7,0.0,899.9999887405642,0.0,3210.5748313979725,16.000000069881853,1302.683653478315,4.6848469175450074e-05,370.50000499507087,-2.6251794694482688e-05,0.0,0.0
331,2023-01-15T18:00:00Z,899.9999887405642,0.0,3210.5748313979725,16.000000069881853,5.178149402933011e-06,268.0000551903834,0.0,0.0,7.754483044145192e-06,7.370976452390671e-07,1.285132414526586e-05,375.74999000204656,1.5352771477160634e-09,0.0,1302.6836453262993,0.1977,7.55,0.0,620.8332695549382,0.0,2818.7719800902605,16.000000069535403,1034.683603805646,2.787041732329485e-05,375.7500050211397,-1.5019093178028991e-05,0.0,0.0
332,2023-01-15T19:00:00Z,620.8332695549382,0.0,2818.7719800902605,16.000000069535403,4.647770476487973e-06,499.9999336307828,0.0,0.0,7.45393630265447e-06,7.157260601076321e-07,1.2356695426359028e-05,399.89999041435516,1.369369672475537e-09,0.0,1302.6836453262993,0.1999,6.86,0.0,100.00000981806579,0.0,2404.7781421321497,16.0000000680678,802.6837245129495,2.67973458587972e-05,399.9000048550056,-1.4440650432438172e-05,0.0,0.0
333,2023-01-15T20:00:00Z,100.00000981806579,0.0,2404.7781421321497,16.0000000680678,1.2160754701466676e-05,9.782037711898873e-06,0.0,0.0,1.751451198319978e-05,8.575604609636698e-07,2.596205295520327e-05,403.04996854920444,1.3197568246623408e-09,0.0,1302.6836453262993,0.16834,6.77,0.0,100.00001130276769,0.0,1989.704308834337,16.00000006660423,1302.6836660770887,6.214977679755326e-05,403.05000473692826,-3.618772384234999e-05,0.0,0.0
334,2023-01-15T21:00:00Z,100.00001130276769,0.0,1989.704308834337,16.00000006660423,9.176299675945637e-06,1.4231437058501659e-05,0.0,0.0,2.865819228795896e-05,8.975608002192737e-07,3.7619273279551014e-05,403.39994102732123,1.2929685404853427e-09,0.0,120.0,0.16,6.76,0.0,100.00000528760178,0.0,1576.3558838821177,16.000000064450536,120.0000245006157,0.00010119225820007344,403.40000460030615,-6.357298492052243e-05,0.0,0.0
335,2023-01-15T22:00:00Z,100.00000528760178,0.0,1576.3558838821177,16.000000064450536,1.1016818836515748e-05,1.3332929873665447e-05,0.0,0.0,174.9999881959787,1.1139050541169123e-06,208.75006508496784,0.00011004811585018261,1.2994972533184394e-09,0.0,120.0,0.133,6.75,0.0,100.00000197527925,0.0,1777.2240594995592,16.000000066098313,294.9999869937727,612.4999597886914,403.7500047518394,-403.74989470372356,0.0,0.0
